{
    "domain": "100.20.58.101",
    "owner": {},
    "source": [
        "DuckDuckGo-US"
    ],
    "prevalence": 0.000286,
    "sites": 21,
    "subdomains": [],
    "cnames": [],
    "fingerprinting": 0,
    "resources": [
        {
            "rule": "100\\.20\\.58\\.101\\/is",
            "cookies": 0,
            "fingerprinting": 0,
            "subdomains": [],
            "apis": {},
            "sites": 21,
            "prevalence": 0.000286,
            "cnames": [],
            "responseHashes": [
                "176c9979cc70dd45f724e58356d942122cb6f755260b8a139ae8b1fd5a86f16e",
                "37b826986a9219968bda9baba8d9ea3538ca9870cbb721a85b5c724beb6ae79b",
                "097922450641f785dd7ad8a150f9cac69a45a26dfa37db24d396b2b9d4f44106",
                "1401a50df2636da8523ac50c33ac14aafc1cd29c7f8c1adf7251e4d8aed9618a",
                "5eaab20d614ab516d7395ef3f8fc02de896a5ce9cd5a3fc8f0c0d47d0fd7dce5",
                "952d6521df28cf6e5da910672309faf3da2977f2f38b3ccc3ed80395aa804578",
                "6f2a82de74a5b5aa00fa603c4ecd8f50f857ada79f1ebc5f7ec73a2f27b299e3",
                "a0ec9fdf62aa2e5110075d4f179da4402ee24736b95fde91734ae15372a3a6b3",
                "5915dadb1956fb504c7dc2d5094ab967eb59fed9e07bab247b25a1a2d4c3f03e",
                "c4a9d2a3a6ba120fb434f64f27b82381e0a6d23116774e9f83b2fff3f99a16f2",
                "b19126800f87c0d60271223848bca767d78404ab9b48fc7db4857cb05f9762cc",
                "efc90933ffaa027f5b7eea659d2e290c50843845c48b8707021f7278ab7c0794",
                "c50d8fda3f87543a1deaed2cddd2dc1a9fd927b80afc17c03d10ce6aa7d9131e",
                "506af269e5d63a9b72bd646878b4359ebc9fbb29b528fef9669b8b95096fcd6a",
                "d21aba133d5c41ffac45b39f8fa821bce68a644167153d62741bcb342eb61c9c",
                "53804725f1580a5136a2bbe893936959140ef1f19226db73cadb6c67b72d3b29",
                "e90203df3cbd69692155a89285f7dcadc85e37bb65e74fb300eda7c1b7a8491e",
                "29b6c39f0d339a1eff245d3c5cb25b3fc9b17200a9b74744b1fd23a0d544d239"
            ],
            "type": "Fetch",
            "firstPartyCookies": {},
            "firstPartyCookiesSent": {},
            "exampleSites": [
                "www.soccer.com",
                "www.myka.com",
                "www.rarebeauty.com",
                "www.fashionphile.com",
                "www.okta.com",
                "www.americantrucks.com",
                "m.tirerack.com",
                "manage.kmail-lists.com",
                "realtruck.com",
                "www.denniskirk.com",
                "www.shoplc.com",
                "www.genealogybank.com",
                "www.orvis.com",
                "us.princesspolly.com",
                "www.jrcigars.com",
                "koa.com",
                "www.britbox.com",
                "www.ariat.com",
                "www.petsmart.com",
                "www.wgu.edu"
            ]
        }
    ],
    "categories": [],
    "performance": {},
    "cookies": 0,
    "types": {
        "Fetch": 21
    },
    "nameservers": []
}