{
    "domain": "1337x2.xyz",
    "owner": {},
    "source": [
        "DuckDuckGo-US"
    ],
    "prevalence": 0.0000643,
    "sites": 9,
    "subdomains": [],
    "cnames": [],
    "fingerprinting": 0,
    "resources": [
        {
            "rule": "1337x2\\.xyz\\/submit\\.php",
            "cookies": 0,
            "fingerprinting": 0,
            "subdomains": [],
            "apis": {},
            "sites": 6,
            "prevalence": 0.0000429,
            "cnames": [],
            "responseHashes": [
                "e9b281d1d3a53a42aaa13f8b0e5b332da80515dd3f010481193953038d8fa7ef"
            ],
            "type": "Document",
            "firstPartyCookies": {},
            "firstPartyCookiesSent": {},
            "exampleSites": [
                "avsubindo.com",
                "filmy4wap.quest",
                "filmy4wap.ink",
                "filmy4wap.vip",
                "filmy4wap.wapexa.com",
                "vuxinh.xyz"
            ]
        },
        {
            "rule": "1337x2\\.xyz\\/",
            "cookies": 0.0000429,
            "fingerprinting": 0,
            "subdomains": [],
            "apis": {},
            "sites": 6,
            "prevalence": 0.0000429,
            "cnames": [],
            "responseHashes": [
                "b7c919c1260cdedc67c073975a464d9cc8d0c33f1ed5b81eb5ae2d9bc4311df3",
                "bbd3adec4037a0e7d1231f2f905109d4b5ef35b2155e527e20e807392d4027f5",
                "009d1aca991442ceb3a02c8d6dc8f80fc797793a89e82f3d4dcdbe61aebc4dc1",
                "5183e8686cc20c1163b6f88b76a0a186066d6c4a2a69e56d89b9f3a4924df29f"
            ],
            "type": "Document",
            "firstPartyCookies": {},
            "firstPartyCookiesSent": {},
            "exampleSites": [
                "avsubindo.com",
                "filmy4wap.quest",
                "filmy4wap.ink",
                "filmy4wap.vip",
                "filmy4wap.wapexa.com",
                "vuxinh.xyz"
            ]
        },
        {
            "rule": "1337x2\\.xyz\\/sub\\/42\\/0\\/",
            "cookies": 0.0000286,
            "fingerprinting": 0,
            "subdomains": [],
            "apis": {},
            "sites": 4,
            "prevalence": 0.0000286,
            "cnames": [],
            "responseHashes": [
                "5f54567b9e0d0796d8262098b43ea5484db5a242d025c6397d3f1f9ce0389acd",
                "ce775b6f4a62ca0f8d3e3ce39670c686595b6a3aa3c736e3ca277e255824072c",
                "40bfb92f27aa0a73c28fbe737c60291e1c8c379dbb27b67c7a78fc722f3e1da2"
            ],
            "type": "Document",
            "firstPartyCookies": {},
            "firstPartyCookiesSent": {},
            "exampleSites": [
                "avsubindo.com",
                "filmy4wap.vip",
                "filmy4wap.wapexa.com",
                "vuxinh.xyz"
            ]
        },
        {
            "rule": "1337x2\\.xyz\\/user\\/B4ND1T69\\/",
            "cookies": 0.0000143,
            "fingerprinting": 0,
            "subdomains": [],
            "apis": {},
            "sites": 2,
            "prevalence": 0.0000143,
            "cnames": [],
            "responseHashes": [
                "30c0ae8c466abc5597bc160489c25f9663bc2d873d5a3352928bf1c4c889aeef"
            ],
            "type": "Document",
            "firstPartyCookies": {},
            "firstPartyCookiesSent": {},
            "exampleSites": [
                "filmy4wap.quest",
                "filmy4wap.vip"
            ]
        },
        {
            "rule": "1337x2\\.xyz\\/user\\/TheMorozko\\/",
            "cookies": 0.0000286,
            "fingerprinting": 0,
            "subdomains": [],
            "apis": {},
            "sites": 4,
            "prevalence": 0.0000286,
            "cnames": [],
            "responseHashes": [
                "de5e088452350eb10eae5d9383c5b324d31d534542cb88db7ad3356395cff9b6",
                "3970cf6a7b58c15c1c6245109fad9322274c8150f841b57e8c8b22b8fed3f224",
                "4cf2ca8e8c1790ec8dea8ce89a4bbeed50e9beef7ef901b800fa427bb6879eb1"
            ],
            "type": "Document",
            "firstPartyCookies": {},
            "firstPartyCookiesSent": {},
            "exampleSites": [
                "filmy4wap.vip",
                "filmy4wap.ink",
                "filmy4wap.quest",
                "vuxinh.xyz"
            ]
        }
    ],
    "categories": [],
    "performance": {},
    "cookies": 0.0000643,
    "types": {
        "Document": 22
    },
    "nameservers": [
        "sean.ns.cloudflare.com",
        "tani.ns.cloudflare.com"
    ]
}