{
    "domain": "1ts19.top",
    "owner": {},
    "source": [
        "DuckDuckGo-US"
    ],
    "prevalence": 0.000429,
    "sites": 63,
    "subdomains": [],
    "cnames": [],
    "fingerprinting": 0,
    "resources": [
        {
            "rule": "1ts19\\.top\\/show\\.php",
            "cookies": 0,
            "fingerprinting": 0,
            "subdomains": [],
            "apis": {},
            "sites": 26,
            "prevalence": 0.000177,
            "cnames": [],
            "responseHashes": [
                "76f7f996a8739866abbc20496a28430f9317805829e87846126c57404835d623"
            ],
            "type": "Script",
            "firstPartyCookies": {},
            "firstPartyCookiesSent": {},
            "exampleSites": [
                "attractivemoms.com",
                "www.sexhubhd.com",
                "wargers.org",
                "www.21pron.com",
                "bhabhiporn.pro",
                "hdpussy.xxx",
                "verysexyladies.com",
                "www.xxxvideos247.com",
                "oldslutsporn.com",
                "indian-xnxx.pro",
                "hothdsex.xxx",
                "wporncomics.com",
                "bhabhixxx.pro",
                "xxxporn.se",
                "xxx-porn-hub.com",
                "charmingtits.com",
                "hindixnxx.pro",
                "violetmovies.com",
                "japaninporn.com",
                "x-n-x-x.pro"
            ]
        },
        {
            "rule": "1ts19\\.top\\/show_new_auction\\.php",
            "cookies": 0,
            "fingerprinting": 0,
            "subdomains": [],
            "apis": {},
            "sites": 39,
            "prevalence": 0.000265,
            "cnames": [],
            "responseHashes": [
                "e7dfd678c803d93eda938c985dc952f35aa553f1b7fe6d9eb9acaf1cd28b16eb",
                "fb4a804981f99ff0fcf1e99276ed58b8369c9f7a9486e1d921ba222d3f22d1bb",
                "4edf44f2796319597d6031ed8a4363b24a0389794ae6d4a48dcde280b4db503b",
                "d93fabcb2c1f1b861d0466b5c86999d1284819fbf849b25ecfd81c49f8016f76",
                "c6d812d0093a81ef152a48154c7482bc21df4b870571bfeaccb8049c2a5bc99c",
                "f700ec30127efd3ff486cbb4355d43d5719a7e581aaa32353add5d0636366a60",
                "5584a8892666d4836151e5f8c83e5d6e87b10afce4b905b8caed52c84e32120e",
                "da5e792cbb3b06fb8ffc3715f95eb9befad0be15aedb2b9a1d20e51d9371bde6",
                "1c0cbdba34fd40629316d312f30bec4e6994c1ff4ac2737ed83eda5f69548508",
                "68d9b173e14f773e0ca6181b3fe0a6aec0e8710a12735404fd06698e58d8ce6c",
                "7262b49c105855be2b4f5e0d699c327a30356f89d97cb82e544383996eb2ce1b",
                "611d2fbab686bb809c07b8ad876fcaf1c117cc615d66d370dac7162d4ae2e1f4",
                "eac5abbf6d8d8dde84ad61200c2dc3131481216d6ad9163142a1b14dfdb98180",
                "e8ccddaf9010b511792d85022ef8b27daa0b09b449fc08c1bcdb0effcda51a7a",
                "8dc95fd7b2bab793a4b621839dcdebf0877e9499c7853b695364034670d1ff2a",
                "4ceec82a0ae747767e03c187f5230b81d8b5919c804035eb92050b1de45e4305",
                "10a61b4d59ef44eb94aaf9a65689e2615603adca651b2910c2f9a3f91a1b433a",
                "457594ca18906e1f41c1cc6b861926c32576d4850264ce84099e5a4515b5385f",
                "02d235104d9547e3d739645ff889c481d4f5735054399073888bc202856ad216",
                "54b4d6ec4ca83c901aa0bdf696b6588494d6c16d9749d43f71bdd6e64e23b887",
                "348813efdb3aaf6c9c56d517ce6a392b4343b596ad575a838cf7f3306436e66f",
                "6e34af1ded0ad7d685e481847bd52b053e7fbd21d262afd3bd9f28f67a1d9b9d"
            ],
            "type": "XHR",
            "firstPartyCookies": {},
            "firstPartyCookiesSent": {},
            "exampleSites": [
                "www.21pron.com",
                "www.madsextube.com",
                "hdpussy.xxx",
                "xxx-porn-hub.com",
                "bigxxxsex.com",
                "violetmovies.com",
                "www.xxxvideos247.com",
                "bdsmtubeporn.org",
                "www.lusthero.com",
                "www.tubemalore.com",
                "verysexyladies.com",
                "attractivemoms.com",
                "charmingtits.com",
                "www.newsextv.com",
                "urpussy.com",
                "www.3movs.xxx",
                "amateurpornpics.pro",
                "www.sexhubhd.com",
                "www.tubeum.com",
                "bhabhixxx.pro"
            ]
        },
        {
            "rule": "1ts19\\.top\\/content\\.php",
            "cookies": 0,
            "fingerprinting": 0,
            "subdomains": [],
            "apis": {},
            "sites": 16,
            "prevalence": 0.000109,
            "cnames": [],
            "responseHashes": [
                "9513de7f515baebed305b5853487711d1958b854510439cfe19c265aaaad95b2",
                "59b7d084d13b1b81d59a9690139efa9ac32d1544caef25c5138b13b50973b227",
                "6be28102afd73eace5bccdf74a97d73d5107b53b6580e6a6a4d29327d968ef13",
                "8397c3b2572d54fbec55ea9ba09a84c6a79e461f25b80ffe61aee41b1bd82b47",
                "854240507938d24761ae7d25f084cf0cadfa0398b099dfc4f5e0a88914c78226",
                "de7c46a96d23cdc94554b1e0579aaa550c131717fa60d96b79e0b6cc643a4c9e",
                "8b622f534eee23e97cff85463398384a56ae7f13a7a8876b2842b20c23834692",
                "4a4d4de249a3a727ddefa9a2dedf89bc26c026c9d31b09b7436ef0a0636936d4",
                "ac21c5eb2d60cf5b48e42985431042e40ced252cfe3112068c8da802d591754f",
                "8e119c5540cb13be17981f27677f4c1ecab44eb4fb3b372ac9e7d873ff4a9a43",
                "c78f1fd5414f91d379633de8b2dbb8309a85b477164cc62d3c9b5944ec970063",
                "b9bd51675068ac2c300cb575de10fefed53c0dff3e6cffd24a14acc17b460a0d",
                "ae14c98132139dc88eb181c7679c25a5f4f141c5f10e77b646bd6da7afd8490f",
                "6e5e60e2eca11c230e816efa8776f6ca19deed0c7d81d5f0d921635a54792609",
                "fb2ead85f33ff6ca4a855274fa797953af13ad7265503a7f9417f407c934eee3"
            ],
            "type": "Document",
            "firstPartyCookies": {},
            "firstPartyCookiesSent": {
                "_ym_d": 0.000013612757876682026
            },
            "exampleSites": [
                "amateurpornpics.pro",
                "bdsmtubeporn.org",
                "bhabhiporn.pro",
                "bhabhixxx.pro",
                "hindixnxx.pro",
                "indian-xnxx.pro",
                "japaninporn.com",
                "oldslutsporn.com",
                "red-movies.com",
                "tastyspics.com",
                "urpussy.com",
                "violetmovies.com",
                "wargers.org",
                "www.3movs.xxx",
                "x-n-x-x.pro",
                "xxx-porn-hub.com"
            ]
        },
        {
            "rule": "1ts19\\.top\\/content\\.php",
            "cookies": 0,
            "fingerprinting": 0,
            "subdomains": [],
            "apis": {},
            "sites": 15,
            "prevalence": 0.000102,
            "cnames": [],
            "responseHashes": [
                "b814b3066bc3c08ef455e4da6647af2f1e4a769b89a68d0233ff554af7a9e25b",
                "3cd55a2f1cee4e69f5d7fbc66e50aab9187e681d58e9a760e9e69f29ed9b1939",
                "61b0ffb4e7259167cabcbccef419bde1ac2ee37b96fcd7ba4efad19515151df3",
                "e099003a2b1f00eb285f70abce5cd2fab8d0b758c0047122a5005925bc685677"
            ],
            "type": "Stylesheet",
            "firstPartyCookies": {},
            "firstPartyCookiesSent": {
                "_ym_d": 0.000013612757876682026
            },