{
    "domain": "2trk.info",
    "owner": {},
    "source": [
        "DuckDuckGo-US"
    ],
    "prevalence": 0.000504,
    "sites": 37,
    "subdomains": [
        "clk",
        "ck"
    ],
    "cnames": [],
    "fingerprinting": 1,
    "resources": [
        {
            "rule": "2trk\\.info\\/audit\\.aspx",
            "cookies": 0.0000136,
            "fingerprinting": 1,
            "subdomains": [
                "clk"
            ],
            "apis": {
                "window.localStorage": 8,
                "window.innerWidth": 1,
                "window.innerHeight": 1
            },
            "sites": 34,
            "prevalence": 0.000463,
            "cnames": [],
            "responseHashes": [
                "7c9241394991a780c59d13e6f62e6242c8a7bda2c572619884eba5ad3c4b56ed",
                "9bb63ae1a1055450acca041ba932b3b7698471a4c5171a1dbbfeb6f67a6ba0f2",
                "16d3646add6f022de06e99fe70b87cd40b546463f0591a629666baf5fbdb5701",
                "5c29d3ecba679467c4e21b2ed87dd012e6e0ff7ded51b17f49fb2a876a68f4a5",
                "c68ba9e93f90d08b1886cfaf694929681c43e21745c68f4b2552baa521b6b629",
                "262ae2da3a794aba08f9b57588637a5cc7e9be1eb3a77be020860e9b3f42a7ae",
                "1a3b56c10598a58c5d9a32f0c61ac08e97689854608a4e2a658d1881d606209d",
                "ea78d3e8bd6fcd92f9c5252424711c21d150b72a94e2c4d63b8c8da3e0132494",
                "48fbd63d1fac7b26160bbb60a2402baf86fb055db1f1fb8b32158c92c78c0ffc",
                "5299cbb939589ea1a6a8604ed892c3f5c765f21fbe185117e6c9fce3b25f7848",
                "187532419c598a8e0b6324ea09bc2bc32e3dd1a83f514830a69c63118a4c6d31",
                "c0eae35bd6b34374e8aa2b2edd51260787040461ddd10862ed297070762b612c",
                "07167147bedca2ac7c2b4a86f4194d2af6e103cdb5266e0f04997156fb1cc044",
                "a630a18f4977c79b4943f7da43dd8762b9c67100e3fc164c8b4a8a96552b590a",
                "43fe523ab5d4c880aa3151532e005927adfa588cda4a689c79128ec65e801390",
                "ca076c90037df5a179302a7fcbb9415ad3a07d104908df31b5515f17f69ccae8",
                "1777e36a25f4c61c2dd25607239af21b7f3ac1790ba3f39f7664fa3545a196eb",
                "78b0e99f6294c76c3d9c7e4750d7ba469e28d06c6f8bba1f523e3c3c7728b52b",
                "ad318d1fe050db55a6c7cd7ec67bbbf2c783f16682504ad2845c2c0abab23335",
                "e1a1ebe0d9a9fe385816c506306bc28007e1861c91b401313b8aa7da43933f9f",
                "0249b2f0f6a7d1a5c74b4ce82ba9a599ba9db41fe5bc8bcd87707775c2fe5bba",
                "6b1a4ae454270f35d47a246425313dc6d57f7e5899001b5e0ae2f6259c9ca75a",
                "f66263dc835723b7167261f5f784a9b9380d0a4ff99aed59d8ea023f656d292c",
                "36bab0c3d5aa9917ddce8104706d820d50c6f23513c3894b26ddd99f22d3861a",
                "ac202dba4f5155e28e7ae4364a272749940c97de989af10edf90d936c684fdf6",
                "e2b8f29ccd9a2dc8e27321019b3c5ac34ad5275510a84373a7fb87b8eb1fcab8",
                "206e656ed030d1225d258cd3c69cdef11a99c11f01244795d553a22402682c24",
                "d9a53250c57e78213db8c07b7fa3872e5d829fb61914982996b619ed1de8ce87",
                "7942629fc3d798eec2c6cb80a13742a7beec657e50730d72dec3eb21eba6886e",
                "7bf44cebdf58f785a9e507a8fdaefb301fabb808cae9e70dc262898a75f050b8",
                "8ebc5d38277c54120a238d80ee419e191a3d93ee10f7f2948b9798732fa7d757",
                "c7f00803d65ac2967dd61a8bc43e24f1e7c45902c6eb496812b1b5b3ed139d86",
                "4a74e986d5928dd95bb887e3efd6eefb97bdac1ea65a3f387ef5c11d7a3daee5"
            ],
            "type": "Script",
            "firstPartyCookies": {},
            "firstPartyCookiesSent": {
                "_schn": 0.00006806054666231079,
                "_quinn-landing-page": 0.000027224218664924318,
                "IR_gbd": 0.000013612109332462159
            },
            "exampleSites": [
                "xyxxcrew.com",
                "www.polishop.com.br",
                "vevor.com",
                "wildcraft.com",
                "www.teknosa.com",
                "www.lance24h.com.br",
                "www.muscleblaze.com",
                "www.korkmazstore.com.tr",
                "www.addax.com.tr",
                "www.lightinthebox.com",
                "www.kipling.com.br",
                "www.aosom.pt",
                "m.banggood.com",
                "www.healthkart.com",
                "oswaalbooks.com",
                "www.bellelily.com",
                "m.vevor.fr",
                "www.pepperfry.com",
                "www.justherbs.in",
                "planoscelular.claro.com.br"
            ]
        },
        {
            "rule": "2trk\\.info\\/rtb\\/google\\/cookiematch\\.aspx",
            "cookies": 0.0000408,
            "fingerprinting": 0,
            "subdomains": [
                "ck"
            ],
            "apis": {},
            "sites": 3,
            "prevalence": 0.0000408,
            "cnames": [],
            "responseHashes": [
                "ca38769a7216f6949639e4121b0ac6a0f7b367f157434e1983044da07a1def80"
            ],
            "type": "Document",
            "firstPartyCookies": {},
            "firstPartyCookiesSent": {
                "G_ENABLED_IDPS": 0.000013612109332462159
            },
            "exampleSites": [
                "cec.com.br",
                "m.maxisport.com",
                "www.maxisport.com"
            ]
        }
    ],
    "categories": [],
    "performance": {},
    "cookies": 0.0000544,
    "topInitiators": [
        {
            "domain": "preciso.net",
            "prevalence": 0.8461538461538461
        },
        {
            "domain": "mainadv.com",
            "prevalence": 0.07692307692307693
        },
        {
            "domain": "first party",
            "prevalence": 0.05128205128205128
        },
        {
            "domain": "storage.googleapis.com",
            "prevalence": 0.02564102564102564
        }
    ],
    "types": {
        "Script": 34,
        "Document": 3
    },
    "nameservers": [
        "walk.ns.cloudflare.com",
        "coleman.ns.cloudflare.com"
    ]
}