{
    "domain": "34.215.155.61",
    "owner": {},
    "source": [
        "DuckDuckGo-US"
    ],
    "prevalence": 0.000218,
    "sites": 16,
    "subdomains": [],
    "cnames": [],
    "fingerprinting": 0,
    "resources": [
        {
            "rule": "34\\.215\\.155\\.61\\/is",
            "cookies": 0,
            "fingerprinting": 0,
            "subdomains": [],
            "apis": {},
            "sites": 16,
            "prevalence": 0.000218,
            "cnames": [],
            "responseHashes": [
                "22f58bc18185137dcc346edd3c9334ee8029b0a7e78a815a0ef98f22dab1987f",
                "df110e9e4dee1fd5ab6205444a8f74c24c55f26ba83f82826642651a82f67612",
                "6504f5139bdd770697d4e02afa0398f6c665cd2811c6aadf1085db535d710969",
                "ad43d8c101c17d8bf839995778260e16fec53a28e66933f3129b482915fd6146",
                "e50cdf053d19f290567830982bb69bc4de4d0e8e9d7863283440726f56b9fde4",
                "7a06807250c1991859f335c9d498a53127805156572aeb29f3f9d86d02f4e3e9",
                "e449a7b21db4b2d0df91aa2a2ea338e0b8738fdf85dbc97133882a0e1e8cf663",
                "f61d18b8bed3e691e6d028f567a709516d545a028f64a85990450af70be3d3a6",
                "b432064e658e67681bbfb24c3dc490668424f787992b8464b383f864ed463c55",
                "e2b0fc88b84bb9f39c71fc3e5abcb64dfb97bf378805e2263549230108fc6cea",
                "e3d1cbf3e342af19c6026bf6ae1d1b25c1306aaf62fb2193957bbc10eea3175b"
            ],
            "type": "Fetch",
            "firstPartyCookies": {},
            "firstPartyCookiesSent": {},
            "exampleSites": [
                "campingworld.com",
                "tableclothsfactory.com",
                "www.alohas.io",
                "www.buckedup.com",
                "www.campingworld.com",
                "www.dickies.com",
                "www.gitionline.com",
                "www.goldstar.com",
                "www.jtv.com",
                "www.mzwallace.com",
                "www.nobullproject.com",
                "www.paycor.com",
                "www.rimowa.com",
                "www.rocketlawyer.com",
                "www.tnuck.com",
                "www.womanwithin.com"
            ]
        }
    ],
    "categories": [],
    "performance": {},
    "cookies": 0,
    "types": {
        "Fetch": 16
    },
    "nameservers": []
}