{
    "domain": "35.85.84.151",
    "owner": {},
    "source": [
        "DuckDuckGo-US"
    ],
    "prevalence": 0.000422,
    "sites": 31,
    "subdomains": [],
    "cnames": [],
    "fingerprinting": 0,
    "resources": [
        {
            "rule": "35\\.85\\.84\\.151\\/is",
            "cookies": 0,
            "fingerprinting": 0,
            "subdomains": [],
            "apis": {},
            "sites": 31,
            "prevalence": 0.000422,
            "cnames": [],
            "responseHashes": [
                "e9ea1b503fec894cfc8161ba7364282c221b678f8a8eb2b1c943784f85c97793",
                "d4e9e3f09c9bbaf5a61535c8c4c6c0f4c2fb58d8cac1298bac4f43e06c5728a7",
                "6832008ab5ae382400ee76fb5ded18825191ee879e8b149923712a5cbe5ccc86",
                "eb7f66d016e592f923fd8f53b69bf5e94e1f1dae291a7aa1bd22cda25b2ce851",
                "31ff8d5e7418bef6d80f920a1606da62c719b34dc55934b63eae96f7ce1b19f7",
                "6f0d5c58c576b67222d1cb469639de8358c69f2cbb0e64894b313027d6aa9879",
                "e622b2f618107d0aa5d0fbb1e0d3d03f7d42cca0da9204d03b6c8857b04f1745",
                "8b70649736a6c69c1f349578cf4c04535179abec04b5496be0bd5b4fd9eab07f",
                "3a71f02b6ae001dc3696eb8f265481438e019ed305b3c119017dd59545e2b9e9",
                "a0a7365ec123e065066e130e2474405fc4de1ed1fca0689328430e2f454856ae",
                "ee8eed3149ad438445dfbeb07eedf767704369b89f404e88858965799638c2fa",
                "d57d78fd51dcc060016a9401068cb4c30fd0e91016a53e6108fe9da445117211",
                "8027afcf8275ab2afecf1d6b6ce55d44454771b347adf20a52766ee7a416a41f",
                "462722f5c6866c705b0944b0bd54c15dcc87a2b254a3ca297674f7b512e5f6b0",
                "7c46687eafe6be9adac6e83cdc9675c987913e3b7c4725510c663c3ba4bac037",
                "054f6315c182213e74079b81c6edace8ba36375148765e4d525c802d8db2c788",
                "aa1c9b796322bcd538ee8469f0fd17bd8417c1c2a96f33ccfa1cc91503f8bd0b",
                "0fee593353fb762806cd788c913bd12cf3cbfd6fb4cb16ab7a5c5abb38251f37",
                "19f296c97da631560b1c7d3cc2ce81623d663ff8ec2cbe6c9c168d3afc1d34f8",
                "d36a9b5c30c135d636fd5c26df934b80c5a70d0a90a9e76a69f226a2bcd727a9",
                "b3cd891dce72dc89db7a5226fb275d3dd588b41773294ca419749f8fd6ea183f",
                "ac86a5664e28045155de4151aab667e025153a1454a17cb6f34d30bc5a2011cc",
                "abd3cf0804fc77e3dcd598eb9ee8a2eec7f3e940e690953008c073d05d53efb1",
                "eacba43a0eacdbd9bc0072299f04536ef33422cae7d6d91f699bf0ec1f8ad8d1",
                "1fb74e370ce6b81cb6ebd1bd161985019eeafd9c4e11c1cf0d9de85010be251d",
                "9c58cf68d9ba2c435aefa2adf5bba42b3dfcb1c090143b212f67b7fce2bb503e",
                "ace32562775202ebc223e29115cc005d323946b18702b9cd64ffe707b5e028b4",
                "69059df82dadd84c413d8333594762c116b9182f85bce2c410591a10bd41043a",
                "85d1d8e2c439d7adabcb469ddca3b21036f100af0a48c88b89b38f7b3954f556"
            ],
            "type": "Fetch",
            "firstPartyCookies": {},
            "firstPartyCookiesSent": {},
            "exampleSites": [
                "yelp.com",
                "www.build.com",
                "www.ebth.com",
                "www.yeti.com",
                "uspoloassn.com",
                "www.mintmobile.com",
                "www.orientaltrading.com",
                "food52.com",
                "www.fender.com",
                "casetext.com",
                "www.tcl.com",
                "www.goaheadtours.com",
                "www.landsend.com",
                "www.swatch.com",
                "simplisafe.com",
                "shopkarls.com",
                "www.theadventurechallenge.com",
                "www.claires.com",
                "www.pluralsight.com",
                "www.buckle.com"
            ]
        }
    ],
    "categories": [],
    "performance": {},
    "cookies": 0,
    "types": {
        "Fetch": 31
    },
    "nameservers": []
}