{
    "domain": "44.238.122.172",
    "owner": {},
    "source": [
        "DuckDuckGo-US"
    ],
    "prevalence": 0.000449,
    "sites": 33,
    "subdomains": [],
    "cnames": [],
    "fingerprinting": 0,
    "resources": [
        {
            "rule": "44\\.238\\.122\\.172\\/is",
            "cookies": 0,
            "fingerprinting": 0,
            "subdomains": [],
            "apis": {},
            "sites": 33,
            "prevalence": 0.000449,
            "cnames": [],
            "responseHashes": [
                "c49ee12f31b9b4aaf842de2413a9041c9634e6c15fce3cc182a1441dd3fe0568",
                "6a247b44151f507a95e6565eb421a8600fe60d8a09f2a8caa0ddb3744a9d7b06",
                "4d1e261028612321b0df776e96d8219e5f0ab7704f56355dafa3770e1ede891b",
                "f48e92c3d311122bacc2f4bbf694d970d7bc45d9b15d3ba7a4e099b073c97083",
                "24dab0d36c86ee52849c3ec12c9ed7d29b5031f632e6b58170aea5251a4ce41e",
                "2477cd12d91c6a7392d985e87c98e9905b8479ae10a284e6e50faa87abe3245b",
                "61f468675a34b918925a371e54cba618392b34cf0a1f796d276ce5f71fcde0e7",
                "c42e0f13d82ac74b3bb875ea7fb7d622847ef1de03856bcc2f9fc89af1fdf5a6",
                "5351b54e6021a68cd0402bf0cd2c2ed25633fa776b7cbe1af14eb4db8a2950ba",
                "1b61154eafaebe9a78ba052e39cd5d3d30da2bccb84888388c60e990ae2a8f4c",
                "c6099b6138d9c13bed8c1043511b3cf472878d95867be3fcfb3d9f1844f060d6",
                "36a273ff5c15a3e338a6fcc7491cb1628a1601d1e3f294b5001e978fb9be0ff6",
                "4c59f366c3176885a603cd1b0fc4d4b62fa9bf06a3f82c4ffab4cc76d9707b97",
                "e8bb307e1774cb835a7b098997f80e4df35aa8f49d8c257ab21d07c337423251",
                "f44dc9cf5ed8f13ce59061af8a6283c0540dffbef6f30518ef4ef9c9ab4825e8",
                "056e12997b9f36e9ead4d37cd8c6e801f4182db09d0e336948d436d04352e558",
                "5893340b54c2832c03f5a467ee931eaacfeb04fd8e7fdcb478ad324fff235da7",
                "c4922799a046cc75abc1f14114f1d90105775e418a65b26e1b5a4d711d066721",
                "897065dc294a8e8086ff8f771b0f6d3e7b7912f0e375b89fbd5cf7533458501c",
                "16b5cb03a9967ca6a13fe8a161754940e8c847f56c15bbc0bdf939da04c891d4",
                "8535396026d2fd100fc62e577ba1c300d1dd0b3a87ce17a92702ee1bd52eabf8",
                "5c5cc109abcc2a60655bcac38142b024a754aa429f7cdf22708aa694e6ffb846",
                "0664d108f8502572a27cc6c4619895e512528ef318608f296302c09c725636c9",
                "3e1a9e071698c93536ea4d1e8cf77c0b4e1cbf3591437df8e0f6376e7a8d1db3",
                "e4d356b9bf4582bb8df6a4aac90b72fe6cd085bae332a53870724ab0e988a2c8",
                "970064f3899d9019d647f3b216acb783f8319584275fdad9599f5a5c46aaaa4c",
                "df6687987450ea37ce608f0047877b1b243588d3949c325f96024fce28b49ba6",
                "e26e4816abf0ac545fa9c020acb0ef4369342b4cdf13e981ba819ac19c71f00d",
                "7e1c34714c87335e29d9f08fd4ca9262b056a4c6c160c729c1d1122db3541c54",
                "e6ddee3bcc31c93ef7cceef565a8c14b992eb9d1661a8e789b02b143bee169be",
                "2187eb5ea9646320121ca945a8ebd246822b5de1ff60d6798b29d108d4a97ae9"
            ],
            "type": "Fetch",
            "firstPartyCookies": {},
            "firstPartyCookiesSent": {},
            "exampleSites": [
                "yelp.com",
                "www.tripadvisor.com",
                "www.vagaro.com",
                "www.johnnywas.com",
                "www.onepeloton.com",
                "www.etoro.com",
                "www.stevemadden.com",
                "www.fun.com",
                "www.avon.com",
                "www.celsius.com",
                "www.halloweencostumes.com",
                "stores.advanceautoparts.com",
                "www.extraspace.com",
                "chicsoul.com",
                "www.powerschool.com",
                "www.land.com",
                "www.americanmuscle.com",
                "www.pof.com",
                "www.shopjustice.com",
                "www.proflowers.com"
            ]
        }
    ],
    "categories": [],
    "performance": {},
    "cookies": 0,
    "types": {
        "Fetch": 33
    },
    "nameservers": []
}