{
    "domain": "4dsply.com",
    "owner": {
        "name": "AdSupply, Inc.",
        "displayName": "AdSupply"
    },
    "source": [
        "DuckDuckGo-US"
    ],
    "prevalence": 0.000228,
    "sites": 33,
    "subdomains": [
        "cdn.engine",
        "engine"
    ],
    "cnames": [],
    "fingerprinting": 2,
    "resources": [
        {
            "rule": "4dsply\\.com\\/Scripts\\/infinity\\.js\\.aspx",
            "cookies": 0.0000623,
            "fingerprinting": 2,
            "subdomains": [
                "cdn.engine"
            ],
            "apis": {
                "Navigator.prototype.userAgent": 19,
                "Navigator.prototype.platform": 19,
                "Date.prototype.getTimezoneOffset": 19,
                "Navigator.prototype.mimeTypes": 19,
                "window.sessionStorage": 19,
                "Document.cookie getter": 15,
                "window.localStorage": 18,
                "Screen.prototype.width": 18,
                "Screen.prototype.height": 18,
                "Document.cookie setter": 9,
                "Date.prototype.getTime": 3
            },
            "sites": 19,
            "prevalence": 0.000131,
            "cnames": [],
            "responseHashes": [
                "bb9a69f22744aa349dbf8d574b571fec161ba5619f11bf6dd5fbfcb71b7da63d",
                "1e3e87c3de5e41df91e193a9f0b7a33793cb9fd2ec118880d93746e8d112d686",
                "bf5ad7f93c669b3de94c48cd16e87826b9dd9d17a219f02fbf88979915ee3435",
                "2522321fa21515c0b7238f8ec7c5b67d98b9cb96e30cec0370a75880760f45cb",
                "da483f45c5cbe035d0faa064e4a9890c3012cb2c97a863209df0926819aa2e33",
                "2ac184e158b22f679dcdcb4a82b7baf80291e32a4f7d48391a3f1762ee148f78",
                "5fc1572eed5040b74eed49af62ad355b70d2254f92e31f1b9e1d2092849bba97",
                "a62d33c23d9ff4b0713857aedbed369aef4e72157a0522c7225bdad3851fd4c6",
                "b87f05ad547c215de0d3cac268019081f76e760edb4d8624ebfa935bd6be97c9",
                "aa837097810a378117d11c8243c122347f3135785d88270cbe00dd45a5627e24",
                "62157716ea2e1c56a314d1e8c421289acfa991c8e09a38b596a76646eeb6ccbe",
                "b170d8d06cacaefee0eb036b213aa5a1b0dd1a788b44a1b300a4f3f42c67d8ed",
                "f8e70bc1481829501e5aede3f5da4530da2b28b91315dfd228d68c9644eecc23",
                "3bd753de9627d774ed87f6526e6e897ad0ee38236929804e3d5dc93eb903fce3",
                "72745643fd02d6fd4070a1b2d84735b29827c69339a4934368f0b77c3500d0e8",
                "8392b6b2a05eb0187bd56de641f2982ad5e9c49d0397a372fd386b66eed835cb",
                "59d4ca65dae9d40061ff906cdb7f4b8f266b2a6a5291d6f5417a59b542e1668e"
            ],
            "type": "Script",
            "firstPartyCookies": {
                "g36FastPopSessionRequestNumber": {
                    "ttl": null,
                    "length": 1,
                    "prevalence": 0.00006226133156234434,
                    "uniqueness": 0.1111111111111111
                }
            },
            "firstPartyCookiesSent": {},
            "exampleSites": [
                "americasfreedomfighters.com",
                "clashdaily.com",
                "conservativefiringline.com",
                "dnd.arkalseif.info",
                "fmovies.kim",
                "newshourfirst.com",
                "steadfastclash.com",
                "thebluestateconservative.com",
                "thepeoplescube.com",
                "therightscoop.com",
                "welovetrump.com",
                "www.animelyrics.com",
                "www.commdiginews.com",
                "www.mynet.com",
                "www.newser.com",
                "www.powerlineblog.com",
                "www.returnofkings.com",
                "www.roguereview.net",
                "www.theburningplatform.com"
            ]
        },
        {
            "rule": "4dsply\\.com\\/Tag\\.engine",
            "cookies": 0.000111,
            "fingerprinting": 0,
            "subdomains": [
                "engine"
            ],
            "apis": {},
            "sites": 16,
            "prevalence": 0.000111,
            "cnames": [],
            "responseHashes": [
                "a147687bf13009f94e6b9bf248cd1e31c89b874264a0d049e7c33ea2e0b2f4b0",
                "8cb5d813f009c2bb20626e271a1320ac6ca7bed9bac2736955ab6a6fffc8bba7",
                "c8efd992422852a52aa8e1ee253c3804363b34125a3eb5c67bbc69c42f51cd65",
                "dc2d2881072760b7bd30a2abf2b57e784d8bf9bf0f74a82a94e8acbf3508c197",
                "995bf6b5d1e61fbf53de5ccc0e993704606e9ae76c2ca7c989bfcce8f5a13166",
                "bade4bfc68b2f4a9e5166fc6d9f6c3d4953a4477cd56679c25a6dcfda6c7514b",
                "dd111c1a85a9575bd35b21a3135af5b4e2da860b2a7dc6cc51b8c195e131f192",
                "f6f223071f72f9d26a70fac19487cd7456ff0fc560db6ef4cee37a014f4a72c7",
                "7c365c4fe684ed446bd446243a613722a7798f57b66f28fb6ed7fce0b8fd3b77",
                "267f60880a0e69f7e91e4ced17685a15d8548ab6b1c14e32140e618af464e421",
                "e344acb5eedfd56635b3497d408f47d96d4cc8702ff8e75fba9a6c4bc853cd13",
                "98857a8d27ed91f1f3642ee0380e5430dcd5f6ad3ddb8bb61c363a0ab4fbd118",
                "9561ffd54151b6abf038ccfb7de8bec80a10c22c400ebf2132e524b1fa98e965",
                "d60d6430e88defea9783f0be4d8824fc48b36d4f195602281ca872df8a301bb2",
                "cdf827ebb586a5a2b17c598029c31c0e6a5316338a5c571ad06b61ef4210a715"
            ],
            "type": "Script",
            "firstPartyCookies": {},
            "firstPartyCookiesSent": {},
            "exampleSites": [
                "americasfreedomfighters.com",
                "clashdaily.com",
                "dnd.arkalseif.info",
                "newshourfirst.com",
                "steadfastclash.com",
                "thebluestateconservative.com",
                "thepeoplescube.com",
                "therightscoop.com",
                "www.animelyrics.com",
                "www.commdiginews.com",
                "www.mynet.com",
                "www.newser.com",
                "www.powerlineblog.com",
                "www.returnofkings.com",
                "www.roguereview.net",
                "www.theburningplatform.com"
            ]
        },
        {
            "rule": "4dsply\\.com\\/Scripts\\/MediaScripts\\/b\\.js",
            "cookies": 0,
            "fingerprinting": 1,
            "subdomains": [
                "cdn.engine"
            ],
            "apis": {
                "Navigator.prototype.userAgent": 9,
                "Date.prototype.getTime": 9
            },
            "sites": 9,
            "prevalence": 0.0000623,
            "cnames": [],
            "responseHashes": [
                "549ab2f9c2dfdee4dbc7632d379c03972b3a1ef2e130fb17f29052e080a117fe"
            ],
            "type": "Script",
            "firstPartyCookies": {},
            "firstPartyCookiesSent": {},
            "exampleSites": [
                "americasfreedomfighters.com",
                "clashdaily.com",
                "newshourfirst.com",
                "steadfastclash.com",
                "thebluestateconservative.com",
                "thepeoplescube.com",
                "www.mynet.com",
                "www.powerlineblog.com",
                "www.theburningplatform.com"
            ]
        },
        {
            "rule": "4dsply\\.com\\/Scripts\\/MediaScripts\\/push\\.js",
            "cookies": 0,
            "fingerprinting": 1,
            "subdomains": [
                "cdn.engine"
            ],
            "apis": {
                "Navigator.prototype.userAgent": 2
            },
            "sites": 2,
            "prevalence": 0.0000138,
            "cnames": [],
            "responseHashes": [
                "d194018bbd323feec0fbee49bcccd4ae6b0feb87e291ae76149934ee0210b768"
            ],
            "type": "Script",
            "firstPartyCookies": {},
            "firstPartyCookiesSent": {},