{
    "domain": "4dsply.com",
    "owner": {
        "name": "AdSupply, Inc.",
        "displayName": "AdSupply"
    },
    "source": [
        "DuckDuckGo-US"
    ],
    "prevalence": 0.000191,
    "sites": 28,
    "subdomains": [
        "cdn.engine",
        "engine"
    ],
    "cnames": [],
    "fingerprinting": 2,
    "resources": [
        {
            "rule": "4dsply\\.com\\/Scripts\\/infinity\\.js\\.aspx",
            "cookies": 0.0000408,
            "fingerprinting": 2,
            "subdomains": [
                "cdn.engine"
            ],
            "apis": {
                "Navigator.prototype.userAgent": 13,
                "Navigator.prototype.platform": 13,
                "window.sessionStorage": 13,
                "window.localStorage": 13,
                "Date.prototype.getTimezoneOffset": 13,
                "Navigator.prototype.mimeTypes": 13,
                "window.innerWidth": 13,
                "window.innerHeight": 13,
                "Screen.prototype.width": 13,
                "Screen.prototype.height": 13,
                "Date.prototype.getTime": 3,
                "Document.cookie getter": 11,
                "Document.cookie setter": 6,
                "window.screenLeft": 7,
                "window.screenTop": 7
            },
            "sites": 14,
            "prevalence": 0.0000953,
            "cnames": [],
            "responseHashes": [
                "6f7cf992df442adaad683ea96d5635b667ce858ab6f470e4eae8e415405fe407",
                "74e7e2f0f323d5563933f41491461e2e94219b83d69ccbbacb7a31522c7e6309",
                "cc6e20da54a07321fe468542bee86f7c6e43e4a5b695a1914068649f32a3066e",
                "c7558b65624612317abef4056922680a1045d3df95cd2d2bb1263dacc631a7b5",
                "af17b255721c8ed42b7bc4f51bb5b824a48120eeb04668e845ff59580a1bea93",
                "bdc38f225d0673e2abe1f71bdd5373660d79e05346298168f71770d50403f979",
                "2174906efaabfeaebd6db3cff3dad813636722ceb9fc5c0385447843c859068b",
                "5e880b2f6e3a8ea60fecc0184d165bdad31f0e803a3219877033252e2369e143",
                "db7e59a53540facd4879b0fa6b2dad02d6c220f1e0992eebb6167dca0d4f9cde",
                "613ef4c8dda2de6234187a62dd0824aaa72a16c7aa9242b1e56a5e68d7d16005",
                "c7a61b0a522bf6204cf855f82b5e912a5e9b8db900e9f09409b23a02871963f1",
                "12042ffab678719754dcf5baf968fd9ef7db5789a95ab8a6adcdbe50d2744a3b",
                "47f6baa9e746667606a50af081d31e35ecd96468874e131f4dc50cd3bbd0fbf9"
            ],
            "type": "Script",
            "firstPartyCookies": {
                "g36FastPopSessionRequestNumber": {
                    "ttl": null,
                    "length": 1,
                    "prevalence": 0.00004083827363004608,
                    "uniqueness": 0.16666666666666666
                }
            },
            "firstPartyCookiesSent": {},
            "exampleSites": [
                "arkalseif.info",
                "dnd.arkalseif.info",
                "fmovies.kim",
                "t24.com.tr",
                "therightscoop.com",
                "thewashingtonstandard.com",
                "ussanews.com",
                "welovetrump.com",
                "www.animelyrics.com",
                "www.mynet.com",
                "www.newser.com",
                "www.powerlineblog.com",
                "www.returnofkings.com",
                "www.theburningplatform.com"
            ]
        },
        {
            "rule": "4dsply\\.com\\/Tag\\.engine",
            "cookies": 0.0000681,
            "fingerprinting": 0,
            "subdomains": [
                "engine"
            ],
            "apis": {},
            "sites": 10,
            "prevalence": 0.0000681,
            "cnames": [],
            "responseHashes": [
                "289c5bbe7bb6b91d3388cf09412cc9340f3d6baa0aa268a824f8247a7bf0517d",
                "17c96a9d2917bae634735a5831845fd215288c10422b2d43f1cc1d0a1c60c09e",
                "e6b42c3fb182c355824c983fddffea3a276f7abc975fea6786f9c65bdd43d080",
                "d0877ec55e2de8f9df9d5fd2f21263c422e48fce8bd3cfa72715eea5ae2bc508",
                "efa6871ec999df59eed5f3d11dd78fc76bbf439b0b72669c0856f2397f374721",
                "2748e494733c2274927b282d3f738f764bf99070b4d214ed7e06334f8014f310",
                "f1fa3d1deb0c6b367de4325310d04a1ff79eeca9d2f06e5737e8a785512a06d4",
                "2702b1106aed9a583997519f0069cbf34239db10590282c8a2fb159a207a30b9",
                "6c55825e6fd91de10a6ad2d1538778b1aee4f82eb4e4bce6bfb12964cdc323ec"
            ],
            "type": "Script",
            "firstPartyCookies": {},
            "firstPartyCookiesSent": {},
            "exampleSites": [
                "arkalseif.info",
                "t24.com.tr",
                "therightscoop.com",
                "thewashingtonstandard.com",
                "www.animelyrics.com",
                "www.mynet.com",
                "www.newser.com",
                "www.powerlineblog.com",
                "www.returnofkings.com",
                "www.theburningplatform.com"
            ]
        },
        {
            "rule": "4dsply\\.com\\/Tag\\.vrfy",
            "cookies": 0.00000681,
            "fingerprinting": 0,
            "subdomains": [
                "engine"
            ],
            "apis": {},
            "sites": 3,
            "prevalence": 0.0000204,
            "cnames": [],
            "responseHashes": [
                "e3b0c44298fc1c149afbf4c8996fb92427ae41e4649b934ca495991b7852b855"
            ],
            "type": "Script",
            "firstPartyCookies": {},
            "firstPartyCookiesSent": {
                "token_QlJAAAAAAAAArRMIRsGBk-hpXXMDyS9EWV8qBEI": 0.000013612757876682026
            },
            "exampleSites": [
                "fmovies.kim",
                "ussanews.com",
                "welovetrump.com"
            ]
        },
        {
            "rule": "4dsply\\.com\\/banner\\.engine",
            "cookies": 0.0000136,
            "fingerprinting": 0,
            "subdomains": [
                "engine"
            ],
            "apis": {},
            "sites": 2,
            "prevalence": 0.0000136,
            "cnames": [],
            "responseHashes": [
                "b11038e31a39c1dbbab459bb22a5796646730bf1be015bb1765cdd6d8599fbaa"
            ],
            "type": "Script",
            "firstPartyCookies": {},
            "firstPartyCookiesSent": {},
            "exampleSites": [
                "iotwreport.com",
                "powforums.com"
            ]
        },
        {
            "rule": "4dsply\\.com\\/Redirect\\.eng",
            "cookies": 0.0000136,
            "fingerprinting": 0,
            "subdomains": [
                "engine"
            ],
            "apis": {},
            "sites": 2,
            "prevalence": 0.0000136,
            "cnames": [],
            "responseHashes": [
                "6f24e2b05c1544ed56e9c9b921489869d68cbd3de0247ab62102897d34f20197"
            ],
            "type": "Document",
            "firstPartyCookies": {},
            "firstPartyCookiesSent": {},
            "exampleSites": [
                "iotwreport.com",
                "powforums.com"
            ]
        },
        {
            "rule": "4dsply\\.com\\/Scripts\\/MediaScripts\\/p\\.js",
            "cookies": 0,
            "fingerprinting": 0,
            "subdomains": [
                "cdn.engine"
            ],
            "apis": {},
            "sites": 2,
            "prevalence": 0.0000136,
            "cnames": [],
            "responseHashes": [
                "05791c7d514c99f1bb09da745f26fae738e638cd2a0145e459fe21e5bf2e8190"
            ],
            "type": "Script",
            "firstPartyCookies": {},
            "firstPartyCookiesSent": {},
            "exampleSites": [
                "t24.com.tr",
                "www.mynet.com"
            ]
        },
        {
            "rule": "4dsply\\.com\\/Scripts\\/MediaScripts\\/b\\.js",