{
    "domain": "8proof.com",
    "owner": {},
    "source": [
        "DuckDuckGo-US"
    ],
    "prevalence": 0.000458,
    "sites": 64,
    "subdomains": [
        "cdn"
    ],
    "cnames": [],
    "fingerprinting": 0,
    "resources": [
        {
            "rule": "8proof\\.com\\/app\\/rtbmarkup\\/5111",
            "cookies": 0,
            "fingerprinting": 0,
            "subdomains": [],
            "apis": {},
            "sites": 50,
            "prevalence": 0.000357,
            "cnames": [],
            "responseHashes": [
                "2756355ffb05a481468d3420d87018358fcba4657c774c311d9c18e4dc9bd50a",
                "c2e2826ba2c071d53ff5ae79ccc3cc12f706926fb3f0dd335111082af7081709",
                "e3c00a801dfc1a1c34bcb74d440443104d08be938d09ba4744fc60d8e680ece7",
                "37b444437e385e401438f8144062652623b809ba17e07c4b27564387f9eb4e5d",
                "fd287e170e5f0b1b4bded791cc204cfd637ba44e45680e2269195dbca1984850",
                "aad02c7b145a93648441ae23f96e17a88bc6f70ad5ab0950d71b5484919e31cf",
                "430d20bc9a816a79defd9aff39e7d146459c7398a45a0ca4ebf0093009ea7abf",
                "9f5b2704afdf0216a5ee3ddee9ff08ac011027f98d78eb14047f3e6f02314494",
                "2954cc894a0f0b5cba4298c3310d3d368f55b6af47a3a8ebb1bf0ab59ff5349f",
                "6541068ba1b0d18144c5a41b5e34a06bc645c9ea0d39ec152148a4baf40654f6",
                "0c7bb6a6d1290e085e70e41c97f8e98187af9cb50922374026369a0a1cf46e1e",
                "b47601c58b487426374586f50fe1422bbabd75970841c048aa4ac4efb47ec0bd",
                "302f31eb57475e429c15ea5ca1b5fa956923480233f0fc3083f2d8d10a65488b",
                "32ba6aa9f7de4faa545e1d3babd88f2e51313ac0cd5f1904f3c85de56a441f83",
                "ac44369cb8ad01cad9adbae20c90a1d2fc95b8295844b9d1a997aab815f851ac",
                "e993e7c13c9b0db832b70d20af62cc87b706bdfc80342c607edaa45cd1fc6bba",
                "53a47cd1159cc2d3b231fd93b801bf2e6d423434c1bd466c2d76b21af4cc5efb",
                "9b024548686e3cd360b547c95993a5dfac682b301be0fd8cd4f2dd3f988673fd",
                "d09bd8b45c797f9bb9aa708103c7fda6f38b59603d692568e85054a649a18f52",
                "facefcca735225449f7bcdade90bc5c9bb8a407e48e64460ca9987a5e724a9aa",
                "09801247243f6e2ab6f0d4d7b8d2752f2519d05c302ecdf67ae13f2852a6abc1",
                "a8ed34b74623209d8f107f21f171cbf4ad6a589f64b7352e19612f53dc832a8a",
                "5a9ca114cdb2ef7728f11c880d1c408f1169d0b8b09f27780118d697aed62dd3",
                "0b88d53093f032ab4b55e99526009e25a5b3321b827f3b100ed90b3c215961fd",
                "e3288b114c33df7137fd2732e33f85e81962b7c441d76f0dfeaa930c16928932",
                "92ddbf0d513f769445569040a5304f14fbe7ed0e3262fc5aefb68d00c4b62813",
                "4acc3db646dc1e8e4e982de3fc635e629a436a7764397ac32b3506b3eddb20d0",
                "2354e1aa3c9232e3097807a5f3c1b1f0d3c5244e4c5f98087dfff75e4562f9f1",
                "cde66d000b0ebaade31c76fec59de0f259b52672e3a602186588b398ad407d5a",
                "afebb6a5d07b54c10ccd47712a97a4e0f77e359d03ef25b1a918d2c1fed78150",
                "b6154fce7142ec289998c74fa300af3f87dad6ef7748746a5df8659041f34c2c",
                "f0a3919d61a6fe8948b82b21883ac706d6c3c387811723f7716ad3fdd3af2316",
                "d4b67f60ac00b7fc73100712788948fb5eda40a08369217660dcdae30516dc1d",
                "550d211e0cbecbff060917b4f9bd43fc54028bb3e1651ff105e829ca1c9aff22",
                "b823b7951cc1c8d6f572e0da76373421ba78cde95cc72945ac6f03db7db59637",
                "5b81ba54c21ae6dffed63a14ee2007a4a363e5b8fb584b883b230080df1d2106",
                "8dff28e246863d026ee3d21df180f9db1edbb016cccc40c0c06bb394dd2af768",
                "3432d00b9a58685146c71624d5904fdc29ca8d573137dab4c0ca5a30d45ef741",
                "dfc4a7286f31292cd938ae6cc3ed7a0d36073d86bf90ec786ede33903f5ab8ac",
                "becef44b9b781e1067cd622ba81728fb1d7ccd769e1382bc03d5b565a44166b3",
                "c966c9a29e7e537b3da7b0b73aa56691f8462bfad096b11bcb82778b79649821",
                "7366a0664a5d592c2e442e34168e0c1428b28229ad992855129adbccddc36dbc",
                "9c1909f015938a4b56b5b1786628061cacb61319d98177f11d9ab7236817e1e2",
                "c7d2cba4cebf399eb72d850fb4f6d3f52c31782cdea582c40befca8a30f81bb3",
                "5d68ecc293a186c3cb1c696d9460688777f01d257d8ea6f58db38484fdc825b8",
                "845c7913a12281056a109ab28fcc082559bbbf21b32ecd14affde623220fe233",
                "cf7589cd12d663098fad065aa81e40d1747c15b6bcfa19413f0df57a427e7f96",
                "646fec7ceda9a8e640b43a81e87e7055414b6db519be4373735421a06acb5507"
            ],
            "type": "Document",
            "firstPartyCookies": {},
            "firstPartyCookiesSent": {},
            "exampleSites": [
                "hypestat.com",
                "en.akinator.com",
                "resizeimage.net",
                "fedora.pkgs.org",
                "www.algebra.com",
                "all-guidesbox.com",
                "www.file-extensions.org",
                "www.codecguide.com",
                "ubuntu.pkgs.org",
                "gps-coordinates.org",
                "www.lookip.net",
                "google-earth-live.gosur.com",
                "thetvdb.com",
                "www.cleancss.com",
                "www.yougetsignal.com",
                "anyconv.com",
                "oemdrivers.com",
                "jsonformatter.org",
                "tuner-online.com",
                "clonezilla.org"
            ]
        },
        {
            "rule": "8proof\\.com\\/app\\/win",
            "cookies": 0,
            "fingerprinting": 0,
            "subdomains": [],
            "apis": {},
            "sites": 50,
            "prevalence": 0.000357,
            "cnames": [],
            "responseHashes": [],
            "type": "Fetch",
            "firstPartyCookies": {},
            "firstPartyCookiesSent": {},
            "exampleSites": [
                "hypestat.com",
                "www.freemaptools.com",
                "gps-coordinates.org",
                "www.sevenforums.com",
                "www.yougetsignal.com",
                "en.akinator.com",
                "www.algebra.com",
                "clownfish-translator.com",
                "thetvdb.com",
                "www.keyword-suggest-tool.com",
                "www.lookip.net",
                "www.cleancss.com",
                "oemdrivers.com",
                "websites.milonic.com",
                "www.cgsecurity.org",
                "jsonformatter.org",
                "thetruesize.com",
                "iosninja.io",
                "www.darknet.org.uk",
                "all-guidesbox.com"
            ]
        },
        {
            "rule": "8proof\\.com\\/ads\\/web-safety-v1\\/728x90\\.png",
            "cookies": 0,
            "fingerprinting": 0,
            "subdomains": [
                "cdn"
            ],
            "apis": {},
            "sites": 16,
            "prevalence": 0.000114,
            "cnames": [],
            "responseHashes": [
                "47e656cd566e8433f6a6d37ef06209a8c192f5f981132b7e90250ef101299e40"
            ],
            "type": "Image",
            "firstPartyCookies": {},
            "firstPartyCookiesSent": {},
            "exampleSites": [
                "all-guidesbox.com",
                "clonezilla.org",
                "en.akinator.com",
                "fsymbols.com",
                "links.giveawayoftheday.com",
                "oemdrivers.com",
                "resizeimage.net",
                "thetruesize.com",
                "websites.milonic.com",
                "www.algebra.com",
                "www.dosgamers.com",
                "www.file-extensions.org",
                "www.freemaptools.com",
                "www.screensaversplanet.com",
                "www.wizcase.com",
                "www.yougetsignal.com"
            ]
        },
        {
            "rule": "8proof\\.com\\/ads\\/web-safety-v3\\/300x600\\.png",
            "cookies": 0,