{
    "domain": "a-cast.jp",
    "owner": {
        "name": "activecore, Inc.",
        "displayName": "activecore"
    },
    "source": [
        "DuckDuckGo-US"
    ],
    "prevalence": 0.000204,
    "sites": 15,
    "subdomains": [
        "tracer31",
        "tracer21",
        "tracer02",
        "tracer",
        "ppz31",
        "ppz21"
    ],
    "cnames": [],
    "fingerprinting": 1,
    "resources": [
        {
            "rule": "a-cast\\.jp\\/entry\\.js",
            "cookies": 0.000163,
            "fingerprinting": 1,
            "subdomains": [
                "tracer31",
                "tracer21",
                "tracer02",
                "tracer"
            ],
            "apis": {
                "Date.prototype.getTime": 13,
                "Navigator.prototype.userAgent": 13,
                "Navigator.prototype.cookieEnabled": 11,
                "Document.cookie getter": 12,
                "window.localStorage": 13,
                "Document.cookie setter": 10
            },
            "sites": 13,
            "prevalence": 0.000177,
            "cnames": [],
            "responseHashes": [
                "c609cd9ab3993224d133479c2456cc6adcb0967ab81e11e003bc949e716955b1",
                "56f57ae049dc62e2cfefc2780e938a9b175667a7267cf18b95eee35c2c74364c",
                "82d5a6c77966902fa94f890b6d0ba08ac95158c52f1f7196ccab77aaba8b76b5",
                "4a7754a5ad663e14db81436c48e086c3642f62c5f40c0d99b5d48e49f9548aa0",
                "80a42ae836888075ff6a39751b112d02983311ff86acde8dcb4c35fde822a3df",
                "9b81cac8d35d1e242be2fd6d06e87f5f8cc1789d3fb9a4e3c30a7aeea949cf71",
                "b97a81e0afc144f8a4c34c7037f5d296ffc1606aaf7bbd558820028585442919",
                "275d76617b400fea92091d31bed51ee9bac1e4e430da3c2984279eba7e034669",
                "68baaaf75be9f508b08a6b179b5c588bf0526cf075c1b103a7e31e618927d23c",
                "846bc5f722e053efeb468bcb8b960b46c88ac41b046c787bba84d946e86f4b0a",
                "d79d221f44a1c3f9c22a773d5ead7c251f48de9f93080fb2dc5bdc7db08df337",
                "f3f5bc51ac682426d176cf74292c637193ff473716ec6ebdfc383e85c69cec7f"
            ],
            "type": "Script",
            "firstPartyCookies": {
                "ac": {
                    "ttl": 220349793,
                    "length": 14,
                    "prevalence": 0.00013612109332462158,
                    "uniqueness": 1
                },
                "ac_adsvr": {
                    "ttl": 7776009,
                    "length": 36,
                    "prevalence": 0.000013612109332462159,
                    "uniqueness": 1
                }
            },
            "firstPartyCookiesSent": {},
            "exampleSites": [
                "his-j.com",
                "mineo.jp",
                "www.goldwin.co.jp",
                "www.haba.co.jp",
                "www.hankyu-travel.com",
                "www.his-j.com",
                "www.knt.co.jp",
                "www.plazastyle.com",
                "www.sizenshokken.co.jp",
                "www.sourcenext.com",
                "www.sportsauthority.jp",
                "www.ur-net.go.jp",
                "yado.knt.co.jp"
            ]
        },
        {
            "rule": "a-cast\\.jp\\/actag",
            "cookies": 0.000191,
            "fingerprinting": 0,
            "subdomains": [
                "tracer31",
                "tracer21",
                "tracer02",
                "tracer"
            ],
            "apis": {},
            "sites": 14,
            "prevalence": 0.000191,
            "cnames": [],
            "responseHashes": [
                "1bd2aa0bb9f0a0fd919c42a18c81645bd6d9601f60086928b05db8a5be978689"
            ],
            "type": "Image",
            "firstPartyCookies": {},
            "firstPartyCookiesSent": {
                "ac": 0.0001905695306544702
            },
            "exampleSites": [
                "his-j.com",
                "mineo.jp",
                "sm.rakuten.co.jp",
                "www.goldwin.co.jp",
                "www.haba.co.jp",
                "www.hankyu-travel.com",
                "www.his-j.com",
                "www.knt.co.jp",
                "www.plazastyle.com",
                "www.sizenshokken.co.jp",
                "www.sourcenext.com",
                "www.sportsauthority.jp",
                "www.ur-net.go.jp",
                "yado.knt.co.jp"
            ]
        },
        {
            "rule": "a-cast\\.jp\\/c35007\\/query",
            "cookies": 0.0000272,
            "fingerprinting": 1,
            "subdomains": [
                "ppz31"
            ],
            "apis": {
                "Document.cookie setter": 2,
                "Navigator.prototype.userAgent": 2,
                "window.localStorage": 2
            },
            "sites": 2,
            "prevalence": 0.0000272,
            "cnames": [],
            "responseHashes": [
                "f156d21e5ec183dd3117a4a00e3f921c02680255cf25b89efafc03e911c211bc"
            ],
            "type": "Script",
            "firstPartyCookies": {
                "ac": {
                    "ttl": 220345155,
                    "length": 14,
                    "prevalence": 0.000027224218664924318,
                    "uniqueness": 0.5
                }
            },
            "firstPartyCookiesSent": {},
            "exampleSites": [
                "kitamura.jp",
                "shop.kitamura.jp"
            ]
        },
        {
            "rule": "a-cast\\.jp\\/c21036\\/query",
            "cookies": 0.0000408,
            "fingerprinting": 1,
            "subdomains": [
                "ppz21"
            ],
            "apis": {
                "Document.cookie setter": 3,
                "Navigator.prototype.userAgent": 3,
                "window.localStorage": 3
            },
            "sites": 3,
            "prevalence": 0.0000408,
            "cnames": [],
            "responseHashes": [
                "764ab99fc4cc023e4d01ee2ef78f83d962b3b43708a6b8d5d3fe99188c8b6faf",
                "a8afc77606132fafe85c09e2bb3c5fd588dc6027e5749f46c6e174e8bc98effe"
            ],
            "type": "Script",
            "firstPartyCookies": {
                "ac": {
                    "ttl": 220350718,
                    "length": 14,
                    "prevalence": 0.000040836327997386474,
                    "uniqueness": 0.6666666666666666
                }
            },
            "firstPartyCookiesSent": {},
            "exampleSites": [
                "knt.co.jp",
                "www.knt.co.jp",
                "yado.knt.co.jp"
            ]
        }
    ],
    "categories": [],
    "performance": {},
    "cookies": 0.000204,
    "topInitiators": [
        {
            "domain": "first party",
            "prevalence": 0.88
        },
        {
            "domain": "yjtag.jp",
            "prevalence": 0.08
        },
        {
            "domain": "adobedtm.com",
            "prevalence": 0.04
        }
    ],
    "types": {
        "Script": 18,
        "Image": 14
    },
    "nameservers": [
        "02.dnsv.jp",
        "monitor21.a-cast.jp",
        "monitor01.a-cast.jp",
        "01.dnsv.jp",
        "insight02.a-cast.jp"
    ]
}