{
    "domain": "a3cloud.net",
    "owner": {},
    "source": [
        "DuckDuckGo-US"
    ],
    "prevalence": 0.000272,
    "sites": 20,
    "subdomains": [
        "t",
        "segment"
    ],
    "cnames": [],
    "fingerprinting": 1,
    "resources": [
        {
            "rule": "a3cloud\\.net\\/AM-141086\\/tag\\.js",
            "cookies": 0.0000272,
            "fingerprinting": 1,
            "subdomains": [
                "t"
            ],
            "apis": {
                "Document.cookie getter": 2,
                "Date.prototype.getTime": 2,
                "Document.cookie setter": 2
            },
            "sites": 2,
            "prevalence": 0.0000272,
            "cnames": [],
            "responseHashes": [
                "53f7cfc0adee020743823a46a44255fca4a61457c685d62eeafaa5fa33fd9bf0"
            ],
            "type": "Script",
            "firstPartyCookies": {
                "ats-cid-AM-141086-sid": {
                    "ttl": null,
                    "length": 8,
                    "prevalence": 0.000027224218664924318,
                    "uniqueness": 1
                }
            },
            "firstPartyCookiesSent": {},
            "exampleSites": [
                "foxnews.com",
                "www.fox.com"
            ]
        },
        {
            "rule": "a3cloud\\.net\\/px\\.png",
            "cookies": 0,
            "fingerprinting": 0,
            "subdomains": [
                "segment"
            ],
            "apis": {},
            "sites": 16,
            "prevalence": 0.000218,
            "cnames": [],
            "responseHashes": [
                "e558424ac245701349259101ac073e9259faa3331e7f1b8a1f1242703096cdfa"
            ],
            "type": "Image",
            "firstPartyCookies": {},
            "firstPartyCookiesSent": {
                "ats-cid-AM-141086-sid": 0.000027224218664924318,
                "ats-cid-AM-141585-sid": 0.000027224218664924318,
                "ats-cid-AM-141036-sid": 0.000013612109332462159,
                "ats-cid-AM-141529-sid": 0.000013612109332462159,
                "ats-cid-AM-141548-sid": 0.000040836327997386474,
                "ats-cid-AM-141554-sid": 0.000013612109332462159,
                "ats-cid-AM-141627-sid": 0.000013612109332462159,
                "ats-cid-AM-141124-sid": 0.000013612109332462159,
                "ats-cid-AM-141090-sid": 0.000027224218664924318,
                "ats-cid-AM-141629-sid": 0.000013612109332462159,
                "ats-cid-AM-141096-sid": 0.000013612109332462159
            },
            "exampleSites": [
                "foxnews.com",
                "shopping.copaair.com",
                "www.aarons.com",
                "www.amtrak.com",
                "www.catfootwear.com",
                "www.citizensbank.com",
                "www.copaair.com",
                "www.equifax.com",
                "www.fox.com",
                "www.journeys.com",
                "www.merrell.com",
                "www.michaelkors.ca",
                "www.michaelkors.com",
                "www.partycity.com",
                "www.saucony.com",
                "www.sonos.com"
            ]
        },
        {
            "rule": "a3cloud\\.net\\/AM-141546\\/tag\\.js",
            "cookies": 0,
            "fingerprinting": 0,
            "subdomains": [
                "t"
            ],
            "apis": {},
            "sites": 2,
            "prevalence": 0.0000272,
            "cnames": [],
            "responseHashes": [
                "44136fa355b3678a1146ad16f7e8649e94fb4fc21fe77e8310c060f61caaff8a"
            ],
            "type": "Script",
            "firstPartyCookies": {},
            "firstPartyCookiesSent": {},
            "exampleSites": [
                "subway.com",
                "www.subway.com"
            ]
        },
        {
            "rule": "a3cloud\\.net\\/AM-141585\\/tag\\.js",
            "cookies": 0.0000272,
            "fingerprinting": 1,
            "subdomains": [
                "t"
            ],
            "apis": {
                "Document.cookie getter": 2,
                "Date.prototype.getTime": 2,
                "Document.cookie setter": 2
            },
            "sites": 2,
            "prevalence": 0.0000272,
            "cnames": [],
            "responseHashes": [
                "b776d1b8ccfef4a8ee33d6c739a1c2c6dc0ece6b06ccd4c0698e88ba5440ce7d"
            ],
            "type": "Script",
            "firstPartyCookies": {
                "ats-cid-AM-141585-sid": {
                    "ttl": null,
                    "length": 8,
                    "prevalence": 0.000027224218664924318,
                    "uniqueness": 1
                }
            },
            "firstPartyCookiesSent": {},
            "exampleSites": [
                "copaair.com",
                "www.copaair.com"
            ]
        },
        {
            "rule": "a3cloud\\.net\\/AM-141548\\/tag\\.js",
            "cookies": 0.0000408,
            "fingerprinting": 1,
            "subdomains": [
                "t"
            ],
            "apis": {
                "Document.cookie getter": 3,
                "Date.prototype.getTime": 3,
                "Document.cookie setter": 3
            },
            "sites": 3,
            "prevalence": 0.0000408,
            "cnames": [],
            "responseHashes": [
                "a496e69917ea77dc238890742f454018276ce5488fdc278c3be72d8877a530d1"
            ],
            "type": "Script",
            "firstPartyCookies": {
                "ats-cid-AM-141548-sid": {
                    "ttl": null,
                    "length": 8,
                    "prevalence": 0.000040836327997386474,
                    "uniqueness": 1
                }
            },
            "firstPartyCookiesSent": {},
            "exampleSites": [
                "catfootwear.com",
                "www.merrell.com",
                "www.saucony.com"
            ]
        },
        {
            "rule": "a3cloud\\.net\\/AM-141090\\/tag\\.js",
            "cookies": 0.0000272,
            "fingerprinting": 1,
            "subdomains": [
                "t"
            ],
            "apis": {
                "Document.cookie getter": 2,
                "Date.prototype.getTime": 2,
                "Document.cookie setter": 2
            },
            "sites": 2,
            "prevalence": 0.0000272,
            "cnames": [],
            "responseHashes": [
                "ffd514fe919eb794657b6e36e5f261bb294441a9252b80ba517bb699116a728b"
            ],
            "type": "Script",
            "firstPartyCookies": {
                "ats-cid-AM-141090-sid": {
                    "ttl": null,
                    "length": 8,
                    "prevalence": 0.000027224218664924318,
                    "uniqueness": 1
                }
            },
            "firstPartyCookiesSent": {},
            "exampleSites": [
                "michaelkors.ca",
                "www.michaelkors.com"
            ]
        }
    ],
    "categories": [],
    "performance": {},
    "cookies": 0.000204,
    "topInitiators": [
        {
            "domain": "googletagmanager.com",
            "prevalence": 0.25925925925925924
        },
        {
            "domain": "first party",
            "prevalence": 0.25925925925925924
        },
        {
            "domain": "tiqcdn.com",
            "prevalence": 0.1111111111111111
        },
        {
            "domain": "adobedtm.com",
            "prevalence": 0.1111111111111111
        },
        {
            "domain": "yottaa.com",
            "prevalence": 0.1111111111111111
        },
        {
            "domain": "ensighten.com",
            "prevalence": 0.07407407407407407
        },
        {
            "domain": "go-mpulse.net",
            "prevalence": 0.07407407407407407
        }
    ],
    "types": {
        "Script": 11,
        "Image": 16
    },