{
    "domain": "a47b.com",
    "owner": {},
    "source": [
        "DuckDuckGo-US"
    ],
    "prevalence": 0.000131,
    "sites": 19,
    "subdomains": [
        "aam",
        "ajs",
        "a"
    ],
    "cnames": [],
    "fingerprinting": 2,
    "resources": [
        {
            "rule": "a47b\\.com\\/aam",
            "cookies": 0,
            "fingerprinting": 1,
            "subdomains": [
                "aam"
            ],
            "apis": {
                "Date.prototype.getTimezoneOffset": 12,
                "Date.prototype.getTime": 12
            },
            "sites": 19,
            "prevalence": 0.000131,
            "cnames": [],
            "responseHashes": [
                "0d05fad96e74f7e0f860739b0bf1ed3038a5b99c2bb60ceeee3ba688e38be15e",
                "8cecdb2c157ad8a4d1d1dcc516ddaf1e60ba209f65fb4584a0e06d84ea049b66",
                "ebff6475b0f64932e29465014d0268ff6a8efe2accbd55c9dea8ac30ba4cd19c",
                "71cb2c34bf62a151c4814b105f7cc3cc1db710a2bcdc0f0fa98e629665267743",
                "1c7e16d9c3313b90a33f3818ed76ab9ee383a3e3bb2dba3038428c9e2b6f26b1",
                "860b4c49ebb6744d43a67bc3b2e299df96ca4d0acfab4679226445057ef75fa1",
                "fcce34816732a4c9cbacf0b84aad090e320df04e66a42adfe1a2a092281cb4b2",
                "34d88d6b091bee7df0427ea9ec36302c6857d9f3847b2b5a865fb3943c4f4699",
                "cda67b67754a332a262742f22b671188481b65ac0b341edd7fa2ca728a97e9b9",
                "39318540047b204bf01810141325c439d3129fd7ad30bae8b2c14fd43695c504",
                "e3b0c44298fc1c149afbf4c8996fb92427ae41e4649b934ca495991b7852b855",
                "08fb87f16f2268a05d673b27e80a95fa0cf9bf5af0a5614f2d96eefa3ca1d438"
            ],
            "type": "Script",
            "firstPartyCookies": {},
            "firstPartyCookiesSent": {
                "_li_dcdm_c": 0.000006917925729149372
            },
            "exampleSites": [
                "fandom.com",
                "doom.fandom.com",
                "dungeons.fandom.com",
                "fable.fandom.com",
                "fantendo.fandom.com",
                "finance.yahoo.com",
                "fortnite.fandom.com",
                "freddy-fazbears-pizza.fandom.com",
                "gearsofwar.fandom.com",
                "news.ltn.com.tw",
                "shadowrun.fandom.com",
                "www.color-meanings.com",
                "www.curbly.com",
                "www.enjoysharepoint.com",
                "www.food.com",
                "www.muyfitness.com",
                "www.ps4storage.com",
                "www.starslikeyou.com.au",
                "www.themodestman.com"
            ]
        },
        {
            "rule": "a47b\\.com\\/js\\/mntr\\.min\\.2\\.9\\.3\\.js",
            "cookies": 0,
            "fingerprinting": 2,
            "subdomains": [
                "ajs"
            ],
            "apis": {
                "Navigator.prototype.userAgent": 9,
                "Screen.prototype.availHeight": 9,
                "Screen.prototype.availWidth": 9
            },
            "sites": 13,
            "prevalence": 0.0000899,
            "cnames": [],
            "responseHashes": [
                "28d47f5cd9fbc5015c3f418e64bac594231f1a5c12e561272ee13a8df6775750"
            ],
            "type": "Script",
            "firstPartyCookies": {},
            "firstPartyCookiesSent": {},
            "exampleSites": [
                "fandom.com",
                "doom.fandom.com",
                "dungeons.fandom.com",
                "fable.fandom.com",
                "fantendo.fandom.com",
                "finance.yahoo.com",
                "fortnite.fandom.com",
                "freddy-fazbears-pizza.fandom.com",
                "gearsofwar.fandom.com",
                "news.ltn.com.tw",
                "shadowrun.fandom.com",
                "www.curbly.com",
                "www.muyfitness.com"
            ]
        },
        {
            "rule": "a47b\\.com\\/track\\/mntrjsAssessed",
            "cookies": 0,
            "fingerprinting": 0,
            "subdomains": [
                "a"
            ],
            "apis": {},
            "sites": 9,
            "prevalence": 0.0000623,
            "cnames": [],
            "responseHashes": [
                "e3b0c44298fc1c149afbf4c8996fb92427ae41e4649b934ca495991b7852b855"
            ],
            "type": "Image",
            "firstPartyCookies": {},
            "firstPartyCookiesSent": {},
            "exampleSites": [
                "fandom.com",
                "doom.fandom.com",
                "fable.fandom.com",
                "fantendo.fandom.com",
                "finance.yahoo.com",
                "freddy-fazbears-pizza.fandom.com",
                "gearsofwar.fandom.com",
                "news.ltn.com.tw",
                "www.muyfitness.com"
            ]
        },
        {
            "rule": "a47b\\.com\\/track\\/aamHrtBt",
            "cookies": 0,
            "fingerprinting": 0,
            "subdomains": [
                "a"
            ],
            "apis": {},
            "sites": 9,
            "prevalence": 0.0000623,
            "cnames": [],
            "responseHashes": [
                "e3b0c44298fc1c149afbf4c8996fb92427ae41e4649b934ca495991b7852b855"
            ],
            "type": "Image",
            "firstPartyCookies": {},
            "firstPartyCookiesSent": {},
            "exampleSites": [
                "fandom.com",
                "doom.fandom.com",
                "fable.fandom.com",
                "fantendo.fandom.com",
                "finance.yahoo.com",
                "freddy-fazbears-pizza.fandom.com",
                "gearsofwar.fandom.com",
                "news.ltn.com.tw",
                "www.muyfitness.com"
            ]
        }
    ],
    "categories": [],
    "performance": {},
    "cookies": 0,
    "types": {
        "Script": 32,
        "Image": 18
    },
    "nameservers": [
        "ns-1252.awsdns-28.org",
        "ns-1556.awsdns-02.co.uk",
        "ns-292.awsdns-36.com",
        "ns-567.awsdns-06.net"
    ]
}