{
    "domain": "acrosspf.com",
    "owner": {
        "name": "Rainbow 8",
        "displayName": "Rainbow 8"
    },
    "source": [
        "DuckDuckGo-US"
    ],
    "prevalence": 0.000381,
    "sites": 28,
    "subdomains": [
        "adf",
        "ads",
        "kn",
        "aj"
    ],
    "cnames": [],
    "fingerprinting": 1,
    "resources": [
        {
            "rule": "acrosspf\\.com\\/js\\/acrossadx\\.js",
            "cookies": 0,
            "fingerprinting": 1,
            "subdomains": [
                "adf"
            ],
            "apis": {
                "Navigator.prototype.userAgent": 7
            },
            "sites": 11,
            "prevalence": 0.00015,
            "cnames": [],
            "responseHashes": [
                "4b01ac815c56726101e6035c667b44d4ba1036e0f0aed62c284e32ff24697e7b"
            ],
            "type": "Script",
            "firstPartyCookies": {},
            "firstPartyCookiesSent": {},
            "exampleSites": [
                "tf.co.kr",
                "fannstar.tf.co.kr",
                "gezip.net",
                "m.hotge.co.kr",
                "m.hani.co.kr",
                "m.khan.co.kr",
                "m.sportschosun.com",
                "mw.wisetoto.com",
                "qquing.net",
                "www.gezip.net",
                "www.khan.co.kr"
            ]
        },
        {
            "rule": "acrosspf\\.com\\/adzest\\.ad",
            "cookies": 0,
            "fingerprinting": 0,
            "subdomains": [
                "ads"
            ],
            "apis": {},
            "sites": 11,
            "prevalence": 0.00015,
            "cnames": [],
            "responseHashes": [
                "060871dcfbd9a9b02a77c363611aa97ab1f5b520ba69431ac74ec58f3b1b6111",
                "2b5313279fe1c881bb78fd4e8a0ac8cddc876181dcd519b411f74dce6b425aa6",
                "87e26c5ce5dc0b0d426e672f2aa4dc5effeed0c23f6a5ea29b0d5a57e84c59d1",
                "c0ea86c43ade2116322a3ca2b7df0e119206db3a93f4db4d0d61926e96f119e3",
                "3c55fe9882d79ff4f74b1b6449536058164b76f9ee835a28117b1bceabb9b720",
                "c47e5daefecfc5db88e4df4805bd09afcf3881653a279fab84eb9ae67146116d",
                "853f5bf575140c0bc43d828abe6526faa7e1b153ca432e725124277cc0d7e6a7",
                "423e8bfa8a14f96b82985fcbc67041ee8505002bac62a34f00129413bf55ed85",
                "c5047492b2e725b2b7122eba2fd639b9e0af174895c418902d6b17f002554bbb",
                "d1af50ceb36d4d7119c4b1de3250d6e101e49ce7b305b0bc19da96328e7ca9b2"
            ],
            "type": "Script",
            "firstPartyCookies": {},
            "firstPartyCookiesSent": {
                "siteUniqId": 0.000013612109332462159
            },
            "exampleSites": [
                "tf.co.kr",
                "fannstar.tf.co.kr",
                "gezip.net",
                "m.hotge.co.kr",
                "m.hani.co.kr",
                "m.khan.co.kr",
                "m.sportschosun.com",
                "mw.wisetoto.com",
                "qquing.net",
                "www.gezip.net",
                "www.khan.co.kr"
            ]
        },
        {
            "rule": "acrosspf\\.com\\/opf\\/zest\\.ad",
            "cookies": 0,
            "fingerprinting": 0,
            "subdomains": [
                "ads"
            ],
            "apis": {},
            "sites": 11,
            "prevalence": 0.00015,
            "cnames": [],
            "responseHashes": [
                "7029823b9b170ec702b9d8f28995944c16e580c5e3d1d63524133cbfbe20c015",
                "b9315c53d795c7936baced761516f451616c0e9f52127375564afbdf747ce6a1",
                "768b6848771975a9cb50757184ae3ef30041908f2380c3e1e60beca093982ba3",
                "a0c77d22db430b1300a37dd9e37cb3154e51d93abbfbece01415835c77e7d79c",
                "3232dfad7f08dbe5d28c5efbf64398bac8fdb8918bbd081f8e8f83708fed2789",
                "36543b5558b57fd4983bd2b3644fe500611293016ac44d29e976d34cf841f7d0",
                "4744ba40b0566ec3bc96b296926a2e63dde491cfd86167182e75acb9bd4a0cfd",
                "deffd0176969295c7fd855a9025a93c898ef758259510d0b9e863470365fe8a6",
                "3f6dddee46e6d044fad3869adf8447ba033464ecd043505636e4061c42777176",
                "b21e9f289ad6572c891d0c95c94e83ed3b0dbb1d3359e9e2aa1ee98bfadfcae8"
            ],
            "type": "Document",
            "firstPartyCookies": {},
            "firstPartyCookiesSent": {
                "siteUniqId": 0.000013612109332462159
            },
            "exampleSites": [
                "tf.co.kr",
                "fannstar.tf.co.kr",
                "gezip.net",
                "m.hotge.co.kr",
                "m.hani.co.kr",
                "m.khan.co.kr",
                "m.sportschosun.com",
                "mw.wisetoto.com",
                "qquing.net",
                "www.gezip.net",
                "www.khan.co.kr"
            ]
        },
        {
            "rule": "acrosspf\\.com\\/delivery\\.ad",
            "cookies": 0.00015,
            "fingerprinting": 1,
            "subdomains": [
                "kn"
            ],
            "apis": {
                "Navigator.prototype.userAgent": 4
            },
            "sites": 12,
            "prevalence": 0.000163,
            "cnames": [],
            "responseHashes": [
                "9aac601ef4ca401ea99705e55f9e32e874c67ac9fba6a1fc66f0e0ddb4ce71d7",
                "7350e40c7b03cc54f88db0013140b3e2a5a06dcd101978da15e924a22f429336",
                "4a1a6fd8a2066ddf717b681fad9c1abf6a0aa44fe1d70f5d9a8128a9044b5449",
                "6333bee000f8435eb09cff49fbb60af2fa99d3e20a1b5a78bfd7a540d95b9127",
                "4698ed5473c16495db07f2bdc361cbce4faaa3d19831593642c7516d68e92cdf",
                "e35a398facfb6845df0bd8ce542b21ccd7ae87b8ae3eca1c2451ce7381ae5182",
                "f27ad9eb3de38a2f01ffa75fdc8025282941426ba41f6a2b9852551d8c55e201"
            ],
            "type": "Document",
            "firstPartyCookies": {},
            "firstPartyCookiesSent": {
                "siteUniqId": 0.000013612109332462159
            },
            "exampleSites": [
                "tf.co.kr",
                "fannstar.tf.co.kr",
                "flash24.co.kr",
                "gezip.net",
                "m.hotge.co.kr",
                "m.hani.co.kr",
                "m.khan.co.kr",
                "m.sportschosun.com",
                "mw.wisetoto.com",
                "qquing.net",
                "www.gezip.net",
                "www.khan.co.kr"
            ]
        },
        {
            "rule": "acrosspf\\.com\\/req_svc\\.ad",
            "cookies": 0,
            "fingerprinting": 0,
            "subdomains": [
                "ads"
            ],
            "apis": {},
            "sites": 11,
            "prevalence": 0.00015,
            "cnames": [],
            "responseHashes": [
                "c20746d05fad0c0e1d0b5bea4444e2f38119b69ea148496da4f3b8e1077f57ab"
            ],
            "type": "Script",
            "firstPartyCookies": {},
            "firstPartyCookiesSent": {},
            "exampleSites": [
                "tf.co.kr",
                "fannstar.tf.co.kr",
                "gezip.net",
                "m.hotge.co.kr",
                "m.hani.co.kr",
                "m.khan.co.kr",
                "m.sportschosun.com",
                "mw.wisetoto.com",
                "qquing.net",
                "www.gezip.net",
                "www.khan.co.kr"
            ]
        },
        {
            "rule": "acrosspf\\.com\\/log\\/imp\\.ad",
            "cookies": 0,
            "fingerprinting": 0,
            "subdomains": [
                "kn"
            ],
            "apis": {},
            "sites": 4,
            "prevalence": 0.0000544,
            "cnames": [],
            "responseHashes": [
                "56b1472c20ecc109efbfb025f061911615c6d627c135f4c061b5a90d0a0c4851"
            ],
            "type": "Script",
            "firstPartyCookies": {},