{
    "domain": "adalyser.com",
    "owner": {
        "name": "OneSoon Ltd",
        "displayName": "OneSoon"
    },
    "source": [
        "DuckDuckGo-US"
    ],
    "prevalence": 0.00155,
    "sites": 217,
    "subdomains": [
        "c0",
        "c5",
        "c1",
        "s1-tracking",
        "tracking",
        "c3",
        "gbr-smv-tracking"
    ],
    "cnames": [],
    "fingerprinting": 1,
    "resources": [
        {
            "rule": "adalyser\\.com\\/adalyser\\.js",
            "cookies": 0.000751,
            "fingerprinting": 1,
            "subdomains": [
                "c0",
                "c5",
                "c1"
            ],
            "apis": {
                "Navigator.prototype.userAgent": 108,
                "Navigator.prototype.language": 108,
                "Date.prototype.getTime": 109,
                "window.localStorage": 107,
                "Document.cookie setter": 105,
                "Document.cookie getter": 105
            },
            "sites": 109,
            "prevalence": 0.000779,
            "cnames": [],
            "responseHashes": [
                "4a9b6603ef41adb1bea50a3b32b75d3cb2b3b836e78bcbdbcb2b71ac41b882a9",
                "c1b356f3f76ac3ce3f19997f63fa181cb9d05cd531eb1ee612ce69a2a57fa56f",
                "300c4434f462167751e0183f7222f4e876e4511f77682850101e08adf6770883",
                "250755cc5ede9311a8db013b4c58a45d08c3239af3341c8aa2287cc5e4a9b7b5",
                "8a8beec5e0c5d2e3d4071a8c532dd315c8a22e30fcdf570946a360e19809aace",
                "fd2c07b20d515291e0c7a3dd9f31f1fb211f6e027bfe25559b34e2c10642d4ac"
            ],
            "type": "Script",
            "firstPartyCookies": {
                "__adal_ses": {
                    "ttl": 1803,
                    "length": 1,
                    "prevalence": 0.0007507400151577984,
                    "uniqueness": 0.009523809523809525
                },
                "__adal_id": {
                    "ttl": 63072003,
                    "length": 108,
                    "prevalence": 0.0007507400151577984,
                    "uniqueness": 1
                },
                "__adal_ca": {
                    "ttl": 15552003,
                    "length": 90,
                    "prevalence": 0.0007507400151577984,
                    "uniqueness": 0.01904761904761905
                },
                "__adal_cw": {
                    "ttl": 604802,
                    "length": 13,
                    "prevalence": 0.0007507400151577984,
                    "uniqueness": 1
                },
                "__adal_lp": {
                    "ttl": 2592002,
                    "length": 27,
                    "prevalence": 0.00002144971471879424,
                    "uniqueness": 1
                }
            },
            "firstPartyCookiesSent": {
                "gpv_c11": 0.00002144971471879424
            },
            "exampleSites": [
                "www.villaplus.com",
                "www.curvissa.co.uk",
                "www.wiltshirefarmfoods.com",
                "www.bizcover.com.au",
                "www.projectscreen.co.uk",
                "www.simplycook.com",
                "blog.avast.com",
                "www.ccleaner.com",
                "ego.co.uk",
                "www.teletextholidays.co.uk",
                "www.trueprotein.com.au",
                "www.amnesty.org.au",
                "www.thesmithfamily.com.au",
                "www.beelivery.com",
                "www.therabody.com",
                "www.nspcc.org.uk",
                "www.kaleidoscope.co.uk",
                "www.scottishpower.co.uk",
                "www.dexcom.com",
                "www.eharmony.com.au"
            ]
        },
        {
            "rule": "adalyser\\.com\\/tracking\\/track\\/v3\\/p",
            "cookies": 0,
            "fingerprinting": 0,
            "subdomains": [
                "c0",
                "c5"
            ],
            "apis": {},
            "sites": 107,
            "prevalence": 0.000765,
            "cnames": [],
            "responseHashes": [
                "d346801abbf9bb4e9e9a055239053d4ab5596514304f601a6c70604187acb744"
            ],
            "type": "Image",
            "firstPartyCookies": {},
            "firstPartyCookiesSent": {
                "__adal_cw": 0.0007435901102515336,
                "IR_gbd": 0.00003574952453132374,
                "gpv_c11": 0.00002144971471879424
            },
            "exampleSites": [
                "www.villaplus.com",
                "defencejobs.gov.au",
                "www.simplycook.com",
                "www.defencejobs.gov.au",
                "www.scottishpower.co.uk",
                "www.masterclass.com",
                "www.explore.co.uk",
                "www.talktalk.co.uk",
                "www.freemans.com",
                "www.thehundred.com",
                "www.solidor.co.uk",
                "www.lottoland.co.uk",
                "www.boxhill.edu.au",
                "www.teletextholidays.co.uk",
                "www.trueprotein.com.au",
                "www.mindfulchef.com",
                "www.lycamobile.co.uk",
                "www.leger.co.uk",
                "www.worx-uk.com",
                "www.belong.com.au"
            ]
        },
        {
            "rule": "adalyser\\.com\\/tracking\\/track\\/v4\\/p",
            "cookies": 0,
            "fingerprinting": 0,
            "subdomains": [
                "c1"
            ],
            "apis": {},
            "sites": 2,
            "prevalence": 0.0000143,
            "cnames": [],
            "responseHashes": [
                "d346801abbf9bb4e9e9a055239053d4ab5596514304f601a6c70604187acb744"
            ],
            "type": "Image",
            "firstPartyCookies": {},
            "firstPartyCookiesSent": {
                "__adal_cw": 0.000014299809812529493
            },
            "exampleSites": [
                "32red.com",
                "www.uswitch.com"
            ]
        },
        {
            "rule": "adalyser\\.com\\/",
            "cookies": 0,
            "fingerprinting": 0,
            "subdomains": [
                "s1-tracking",
                "tracking",
                "c3",
                "c5"
            ],
            "apis": {},
            "sites": 6,
            "prevalence": 0.0000429,
            "cnames": [],
            "responseHashes": [
                "e3b0c44298fc1c149afbf4c8996fb92427ae41e4649b934ca495991b7852b855"
            ],
            "type": "XHR",
            "firstPartyCookies": {},
            "firstPartyCookiesSent": {
                "__adal_first_visit": 0.000014299809812529493,
                "__adal_session_start": 0.000014299809812529493,
                "__adal_last_visit": 0.000014299809812529493
            },
            "exampleSites": [
                "bonmarche.co.uk",
                "www.bonmarche.co.uk",
                "www.boohoo.com",
                "www.funkypigeon.com",
                "www.hoseasons.co.uk",
                "www.movehut.co.uk"
            ]
        },
        {
            "rule": "adalyser\\.com\\/adalyser-tracking-tag-v2\\.js",
            "cookies": 0.0000357,
            "fingerprinting": 1,
            "subdomains": [
                "c3",
                "c5"
            ],
            "apis": {
                "Navigator.prototype.userAgent": 5,
                "Navigator.prototype.language": 5,
                "Date.prototype.getTime": 5,
                "window.localStorage": 5,
                "Document.cookie setter": 5,
                "Document.cookie getter": 5
            },
            "sites": 5,
            "prevalence": 0.0000357,
            "cnames": [],
            "responseHashes": [
                "586020e6ec8efa17618c222147945c59873faf6ad041f97c6242e46956d406c2"
            ],
            "type": "Script",