{
    "domain": "adcalls.nl",
    "owner": {},
    "source": [
        "DuckDuckGo-US"
    ],
    "prevalence": 0.000229,
    "sites": 32,
    "subdomains": [
        "api",
        "script"
    ],
    "cnames": [],
    "fingerprinting": 1,
    "resources": [
        {
            "rule": "adcalls\\.nl\\/API\\/v3\\/createCookie\\.json",
            "cookies": 0,
            "fingerprinting": 0,
            "subdomains": [
                "api"
            ],
            "apis": {},
            "sites": 13,
            "prevalence": 0.0000929,
            "cnames": [],
            "responseHashes": [
                "c148685b98cfec233801c97000b61ea60554a73a2050ac6bd8fdbc1eece925c0",
                "fa7f366a3ee65bcc11d6030ff93fddaf9e956875fe796b0d38e62506e6850cd1",
                "d19646cbcb393f975707aecb80f39db22c5f8a95d87f92d62789658d6e7adb70",
                "d4aa4cf34193e8c792d6852ad1ec704be612247792d9c4ec01494cb779696e50",
                "5ebb1f49bf8b91275ca9ce354308ccf8a294633af8944cfe27d0cbc42d40f4f5",
                "cd3ddd12dd95782e96fcffe2f0f58c8ca835ed79e20c6b9e92963a671c759698",
                "fab76929ac4bfd8a73fc80e67a80a42fc8d1104cc7b4facd918b0574eb1d9981",
                "abc774f7423001f31c2538d8c6bb64c3688a15bdca548bffb598b19ecc31c46e",
                "7a2ee3caa1774732b597b9060e724696fef86a34dac22763a11e562e50bb6262",
                "cdff03a7a4fae3ce313164f6af558507497c966087a13293c83580cd8b11335d",
                "2da945e9d1f78c6e21a8f94646b43798d469ae12490b593ff21f0d9534e073e3",
                "d5242f00c6fe9ed8d44fa609abb625c3cf4fb078d0bb02656dfc94567f306036"
            ],
            "type": "XHR",
            "firstPartyCookies": {},
            "firstPartyCookiesSent": {
                "_ga": 0.0000929487637814417
            },
            "exampleSites": [
                "serviceright-autos.nl",
                "vandebron.nl",
                "www.anbo.nl",
                "www.das.nl",
                "www.dela.nl",
                "www.eneco.nl",
                "www.glas.nl",
                "www.laminaatenparket.nl",
                "www.schoonenberg.nl",
                "www.vanmossel.nl",
                "www.viabovag.nl",
                "www.vvvcadeaukaarten.nl",
                "www.wensink.nl"
            ]
        },
        {
            "rule": "adcalls\\.nl\\/3cb795ea-7fbe-4eea-832c-c49fdd7b77bf\\.js",
            "cookies": 0,
            "fingerprinting": 0,
            "subdomains": [
                "script"
            ],
            "apis": {},
            "sites": 2,
            "prevalence": 0.0000143,
            "cnames": [],
            "responseHashes": [
                "e3b0c44298fc1c149afbf4c8996fb92427ae41e4649b934ca495991b7852b855"
            ],
            "type": "Script",
            "firstPartyCookies": {},
            "firstPartyCookiesSent": {},
            "exampleSites": [
                "accuserviceholland.nl",
                "www.accuserviceholland.nl"
            ]
        },
        {
            "rule": "adcalls\\.nl\\/eb5b6292-9484-4452-904d-6dc0c2b5682a\\.js",
            "cookies": 0.0000143,
            "fingerprinting": 1,
            "subdomains": [
                "script"
            ],
            "apis": {
                "Date.prototype.getTime": 2,
                "Document.cookie setter": 2,
                "Document.cookie getter": 2
            },
            "sites": 2,
            "prevalence": 0.0000143,
            "cnames": [],
            "responseHashes": [
                "b4fc7dabe2282ed82305d9fd19252af13a74fbd4bb5bf64d08ff9b7e73e92073"
            ],
            "type": "Script",
            "firstPartyCookies": {
                "excludecalltracking": {
                    "ttl": null,
                    "length": 1,
                    "prevalence": 0.000014299809812529493,
                    "uniqueness": 0.5
                }
            },
            "firstPartyCookiesSent": {},
            "exampleSites": [
                "anbo.nl",
                "www.anbo.nl"
            ]
        },
        {
            "rule": "adcalls\\.nl\\/cdc88cd1-ffb8-4b28-9fe1-acee29a3cd04\\.js",
            "cookies": 0.0000143,
            "fingerprinting": 1,
            "subdomains": [
                "script"
            ],
            "apis": {
                "Date.prototype.getTime": 2,
                "Document.cookie setter": 2,
                "Document.cookie getter": 2
            },
            "sites": 2,
            "prevalence": 0.0000143,
            "cnames": [],
            "responseHashes": [
                "5613059610b81b9511693123187d25ec69cb3ea201cfbc15b46fb3068636be94"
            ],
            "type": "Script",
            "firstPartyCookies": {
                "acalltracker": {
                    "ttl": 2592002,
                    "length": 78,
                    "prevalence": 0.000014299809812529493,
                    "uniqueness": 1
                }
            },
            "firstPartyCookiesSent": {},
            "exampleSites": [
                "das.nl",
                "www.das.nl"
            ]
        },
        {
            "rule": "adcalls\\.nl\\/9c4cc8ee-da74-42ed-90c8-ce55e1681697\\.js",
            "cookies": 0.0000143,
            "fingerprinting": 1,
            "subdomains": [
                "script"
            ],
            "apis": {
                "Date.prototype.getTime": 2,
                "Document.cookie setter": 2,
                "Document.cookie getter": 2,
                "window.localStorage": 2
            },
            "sites": 2,
            "prevalence": 0.0000143,
            "cnames": [],
            "responseHashes": [
                "c88b88518c6c8bddd08097c9a0b81253ec7fd7c0436a0491bde1b6c091028178"
            ],
            "type": "Script",
            "firstPartyCookies": {
                "excludecalltracking": {
                    "ttl": null,
                    "length": 1,
                    "prevalence": 0.000014299809812529493,
                    "uniqueness": 0.5
                }
            },
            "firstPartyCookiesSent": {},
            "exampleSites": [
                "dela.nl",
                "www.dela.nl"
            ]
        },
        {
            "rule": "adcalls\\.nl\\/e907d5da-14dc-4967-b180-03e37a3022be\\.js",
            "cookies": 0.0000143,
            "fingerprinting": 1,
            "subdomains": [
                "script"
            ],
            "apis": {
                "Date.prototype.getTime": 2,
                "Document.cookie setter": 2,
                "Document.cookie getter": 2
            },
            "sites": 2,
            "prevalence": 0.0000143,
            "cnames": [],
            "responseHashes": [
                "f9d120162a64cd2e49f90b6a3ff8b2bbb4a4361990dfdd427240d4c0a4ece19b"
            ],
            "type": "Script",
            "firstPartyCookies": {
                "excludecalltracking": {
                    "ttl": null,
                    "length": 1,
                    "prevalence": 0.000014299809812529493,
                    "uniqueness": 0.5
                }
            },
            "firstPartyCookiesSent": {},
            "exampleSites": [
                "eneco.nl",
                "www.eneco.nl"
            ]
        },
        {
            "rule": "adcalls\\.nl\\/47bce23a-e9ad-4935-b098-11e39f1f564d\\.js",
            "cookies": 0.0000143,
            "fingerprinting": 1,
            "subdomains": [
                "script"
            ],
            "apis": {
                "Date.prototype.getTime": 2,
                "Document.cookie setter": 2,
                "Document.cookie getter": 2
            },
            "sites": 2,
            "prevalence": 0.0000143,
            "cnames": [],
            "responseHashes": [
                "39860ee911cd54c0a2d921c3a228f4b3d35fddae75121eef53e3c3d17ef19342"
            ],
            "type": "Script",