{
    "domain": "adensemble.com",
    "owner": {},
    "source": [
        "DuckDuckGo-US"
    ],
    "prevalence": 0.000163,
    "sites": 24,
    "subdomains": [
        "pixel"
    ],
    "cnames": [],
    "fingerprinting": 0,
    "resources": [
        {
            "rule": "adensemble\\.com\\/event\\/tag\\.js",
            "cookies": 0,
            "fingerprinting": 0,
            "subdomains": [
                "pixel"
            ],
            "apis": {},
            "sites": 14,
            "prevalence": 0.0000953,
            "cnames": [],
            "responseHashes": [
                "607614e1693b0f20145fa7bbeab5b2185cfd957e73446c6967c4852175c1c74f",
                "3fdc00d2f59f802ec80421e4227a719b690cde3ba9b07d00771ffc511920f57e",
                "3651b59cd0a878c7ea63ceab320963cb5dbcc5afce59fc2025656c9aa3bce271",
                "055b5a8db0842cedc21e8ce0c9014e24ffc84cb82b66ea6831adc5cde501088b",
                "d19f3b47a4f044c3210e92a0e6bee786e84cc43c462ab5f5e3e3bdcfb57a28f8",
                "8367b51ff0e40157e17b42d2be575ad652e92b91207a46a1850c023bbd87cdee",
                "f1525b665a66a5d30a32f3fbb8c3040efd4159c8aefef42c76e93a14d4aac0e6"
            ],
            "type": "Script",
            "firstPartyCookies": {},
            "firstPartyCookiesSent": {},
            "exampleSites": [
                "banggood.com",
                "au.banggood.com",
                "br.banggood.com",
                "nl.banggood.com",
                "uk.anker.com",
                "uk.banggood.com",
                "us.anker.com",
                "usa.banggood.com",
                "www.1001hobbies.co.uk",
                "www.anker.com",
                "www.banggood.com",
                "www.eataly.com",
                "www.greatart.co.uk",
                "www.sinful.co.uk"
            ]
        },
        {
            "rule": "adensemble\\.com\\/event\\/trk\\.js",
            "cookies": 0.0000545,
            "fingerprinting": 0,
            "subdomains": [
                "pixel"
            ],
            "apis": {},
            "sites": 14,
            "prevalence": 0.0000953,
            "cnames": [],
            "responseHashes": [
                "656442384ce64a2a180dc5e9665423b59a42d805c057710019f1486776d6ae34",
                "e3b0c44298fc1c149afbf4c8996fb92427ae41e4649b934ca495991b7852b855",
                "4a0555413db11cb3070019265bf7c13be1625e04433f34829468160cda28b1b7"
            ],
            "type": "Script",
            "firstPartyCookies": {},
            "firstPartyCookiesSent": {},
            "exampleSites": [
                "banggood.com",
                "au.banggood.com",
                "br.banggood.com",
                "nl.banggood.com",
                "uk.anker.com",
                "uk.banggood.com",
                "us.anker.com",
                "usa.banggood.com",
                "www.1001hobbies.co.uk",
                "www.anker.com",
                "www.banggood.com",
                "www.eataly.com",
                "www.greatart.co.uk",
                "www.sinful.co.uk"
            ]
        },
        {
            "rule": "adensemble\\.com\\/img\\/pix\\.jpg",
            "cookies": 0,
            "fingerprinting": 0,
            "subdomains": [
                "pixel"
            ],
            "apis": {},
            "sites": 14,
            "prevalence": 0.0000953,
            "cnames": [],
            "responseHashes": [
                "0f1235bab4f00effeb74bad4391164cb0567ba1504a4209587c026ff2a65befa"
            ],
            "type": "Image",
            "firstPartyCookies": {},
            "firstPartyCookiesSent": {},
            "exampleSites": [
                "banggood.com",
                "au.banggood.com",
                "br.banggood.com",
                "nl.banggood.com",
                "uk.anker.com",
                "uk.banggood.com",
                "us.anker.com",
                "usa.banggood.com",
                "www.1001hobbies.co.uk",
                "www.anker.com",
                "www.banggood.com",
                "www.eataly.com",
                "www.greatart.co.uk",
                "www.sinful.co.uk"
            ]
        }
    ],
    "categories": [],
    "performance": {},
    "cookies": 0.000163,
    "types": {
        "Script": 28,
        "Image": 14
    },
    "nameservers": [
        "ns1.dondominio.com",
        "ns2.dondominio.com"
    ]
}