{
    "domain": "adensemble.com",
    "owner": {},
    "source": [
        "DuckDuckGo-US"
    ],
    "prevalence": 0.000191,
    "sites": 14,
    "subdomains": [
        "pixel"
    ],
    "cnames": [],
    "fingerprinting": 0,
    "resources": [
        {
            "rule": "adensemble\\.com\\/event\\/tag\\.js",
            "cookies": 0,
            "fingerprinting": 0,
            "subdomains": [
                "pixel"
            ],
            "apis": {},
            "sites": 14,
            "prevalence": 0.000191,
            "cnames": [],
            "responseHashes": [
                "4a57ce97ced184349256c68b948f5ea3f32c6913eb15803098b29411c2b03285",
                "ac723ef3165828f78b462774b29657e43c3360a3235087f5aee1451441dd4fa0",
                "4335c72c3ae7ab09a1d396d57a9b800fb85c9eeea32e2dca713d77027cc5885a",
                "d74f17825c2404f3cbee131720fc6a13c86f1aa5605adfb9db1c9bd1c39b1f01",
                "82a4fc99c321a1586068cbec02b4a5bd22952ec7934ebb22e39e2785d49deb19",
                "08422b88c7cf281a57be285ecceb9a2013417c8b180f7503cd7484cd4f6eec72",
                "935e20255e39317f7f261315ccc2f6f5885d501051a35dc3e9893ac4de80b1bc",
                "4d63d94737920ce7b0a32431b319f48a804ba7b1c124d05f31b16cbf193f2a5b",
                "5f1e50506c191a4dd2917444c965d3201e1e3f713a5be7577134bd5efe069492",
                "9b0dfe1a5aae3111d1c789399416ebcbd9ca1973f275029543e4227e6c01e1bd",
                "5a15ee2d534d1bf95cf745317ae4c628ed7416880a56432f52e0f820c2659341",
                "4cc722ae24d0d509bd905ead35940e85125a80765ff6829d346b5270904a85f5"
            ],
            "type": "Script",
            "firstPartyCookies": {},
            "firstPartyCookiesSent": {},
            "exampleSites": [
                "agro-market.net",
                "atl.ua",
                "bi.ua",
                "bxblue.com.br",
                "emprestimosim.com.br",
                "markformelle.by",
                "planoscelular.claro.com.br",
                "telemart.ua",
                "vovk.com",
                "www.elektra.mx",
                "www.leroymerlin.com.br",
                "www.leomax.ru",
                "www.movavi.com",
                "www.primadonnacollection.com"
            ]
        },
        {
            "rule": "adensemble\\.com\\/event\\/trk\\.js",
            "cookies": 0.000136,
            "fingerprinting": 0,
            "subdomains": [
                "pixel"
            ],
            "apis": {},
            "sites": 13,
            "prevalence": 0.000177,
            "cnames": [],
            "responseHashes": [
                "656442384ce64a2a180dc5e9665423b59a42d805c057710019f1486776d6ae34",
                "e3b0c44298fc1c149afbf4c8996fb92427ae41e4649b934ca495991b7852b855",
                "fb31f42b56796f7822cd98129f41f7c84fb3cee633256e139834b346f72a475a"
            ],
            "type": "Script",
            "firstPartyCookies": {},
            "firstPartyCookiesSent": {
                "_hjTLDTest": 0.000013612109332462159
            },
            "exampleSites": [
                "agro-market.net",
                "atl.ua",
                "bi.ua",
                "bxblue.com.br",
                "emprestimosim.com.br",
                "markformelle.by",
                "planoscelular.claro.com.br",
                "telemart.ua",
                "vovk.com",
                "www.elektra.mx",
                "www.leroymerlin.com.br",
                "www.leomax.ru",
                "www.movavi.com"
            ]
        },
        {
            "rule": "adensemble\\.com\\/img\\/pix\\.jpg",
            "cookies": 0,
            "fingerprinting": 0,
            "subdomains": [
                "pixel"
            ],
            "apis": {},
            "sites": 10,
            "prevalence": 0.000136,
            "cnames": [],
            "responseHashes": [
                "0f1235bab4f00effeb74bad4391164cb0567ba1504a4209587c026ff2a65befa"
            ],
            "type": "Image",
            "firstPartyCookies": {},
            "firstPartyCookiesSent": {},
            "exampleSites": [
                "agro-market.net",
                "atl.ua",
                "bxblue.com.br",
                "emprestimosim.com.br",
                "markformelle.by",
                "planoscelular.claro.com.br",
                "telemart.ua",
                "www.leroymerlin.com.br",
                "www.leomax.ru",
                "www.movavi.com"
            ]
        }
    ],
    "categories": [],
    "performance": {},
    "cookies": 0.000136,
    "topInitiators": [
        {
            "domain": "lenmit.com",
            "prevalence": 0.5
        },
        {
            "domain": "metaffiliation.com",
            "prevalence": 0.1875
        },
        {
            "domain": "eficads.net",
            "prevalence": 0.125
        },
        {
            "domain": "googletagmanager.com",
            "prevalence": 0.125
        },
        {
            "domain": "tradedoubler.com",
            "prevalence": 0.0625
        }
    ],
    "types": {
        "Script": 27,
        "Image": 10
    },
    "nameservers": [
        "ns1.dondominio.com",
        "ns2.dondominio.com"
    ]
}