{
    "domain": "adlpo.com",
    "owner": {},
    "source": [
        "DuckDuckGo-US"
    ],
    "prevalence": 0.000231,
    "sites": 17,
    "subdomains": [
        "d",
        "t"
    ],
    "cnames": [],
    "fingerprinting": 2,
    "resources": [
        {
            "rule": "adlpo\\.com\\/386\\/595\\/js\\/smartadlpo_v3\\.js",
            "cookies": 0.0000272,
            "fingerprinting": 1,
            "subdomains": [
                "d"
            ],
            "apis": {
                "Navigator.prototype.userAgent": 2,
                "Document.cookie getter": 2,
                "Date.prototype.getTime": 2,
                "Document.cookie setter": 2,
                "Navigator.prototype.appVersion": 2,
                "Navigator.prototype.appName": 2
            },
            "sites": 2,
            "prevalence": 0.0000272,
            "cnames": [],
            "responseHashes": [
                "57e3bd3dc2c01581ea895cbd461ccb2b45bc9692638d6220a8a1f33701803de7"
            ],
            "type": "Script",
            "firstPartyCookies": {
                "adlpo": {
                    "ttl": 7776003,
                    "length": 63,
                    "prevalence": 0.000027224218664924318,
                    "uniqueness": 1
                }
            },
            "firstPartyCookiesSent": {},
            "exampleSites": [
                "belluna.jp",
                "ryuryumall.jp"
            ]
        },
        {
            "rule": "adlpo\\.com\\/script\\/c\\.js",
            "cookies": 0.0000817,
            "fingerprinting": 0,
            "subdomains": [
                "t"
            ],
            "apis": {},
            "sites": 10,
            "prevalence": 0.000136,
            "cnames": [],
            "responseHashes": [
                "faed8340e3584629d13514e1b94348117b01e75efb45507d59fdf42d140f26db",
                "3d60ec769bbb72340f45ed70175a3b1c049010130f0a072131630aa8fe85f3bc",
                "e6fcf82e001973d7891142658c75b3f6154f7ea6bdb048fbf4c35144e1995aea",
                "8ab92f82819b91aabe5e3e1e2cb0fc8da70885a1fcc6efd6bf17e30664a8df72",
                "a71e7a43a16dc1f8ac9d168ad5cc6bb403d491b672c774a669323b524659fa39",
                "fb6ed065360a432fd3f6a12614b402f6dc740604cf1fb451b7bc91414b76544d",
                "edf4f0e30bedf804de5798dba9ce8f28411063a1cdda4861e5a408acf5d5cfaf",
                "682b0fffd300dcd862bda6cb133d876f160b153febe2fe89fd9dcdc43ec8d138"
            ],
            "type": "Script",
            "firstPartyCookies": {},
            "firstPartyCookiesSent": {
                "qemhe2fulu": 0.000013612109332462159,
                "t9rdtkh7ff": 0.000013612109332462159
            },
            "exampleSites": [
                "belluna.jp",
                "ryuryumall.jp",
                "tour.club-t.com",
                "type.jp",
                "www.club-t.com",
                "www.dai-ichi-life.co.jp",
                "www.edion.com",
                "www.mbok.jp",
                "www.sonysonpo.co.jp",
                "www.suntory-kenko.com"
            ]
        }
    ],
    "categories": [],
    "performance": {},
    "cookies": 0.000204,
    "topInitiators": [
        {
            "domain": "first party",
            "prevalence": 0.7708333333333334
        },
        {
            "domain": "googletagmanager.com",
            "prevalence": 0.14583333333333334
        },
        {
            "domain": "yjtag.jp",
            "prevalence": 0.08333333333333333
        }
    ],
    "types": {
        "Script": 12
    },
    "nameservers": [
        "ns1.dnsrv.jp",
        "ns2.dnsrv.jp"
    ]
}