{
    "domain": "adoric-om.com",
    "owner": {},
    "source": [
        "DuckDuckGo-US"
    ],
    "prevalence": 0.000299,
    "sites": 22,
    "subdomains": [
        "app",
        "37670403",
        "78295912",
        "95662602",
        "21975121",
        "76435758",
        "78711431",
        "66780761",
        "13142738",
        "26248241",
        "23845620",
        "32398268",
        "90396851",
        "41375241",
        "56651064",
        "51894884",
        "76493886",
        "60421001"
    ],
    "cnames": [],
    "fingerprinting": 2,
    "resources": [
        {
            "rule": "adoric-om\\.com\\/adoric\\.js",
            "cookies": 0.0000272,
            "fingerprinting": 2,
            "subdomains": [
                "app",
                "37670403",
                "78295912",
                "95662602",
                "21975121",
                "76435758",
                "78711431",
                "66780761",
                "13142738",
                "26248241",
                "23845620",
                "32398268",
                "90396851",
                "41375241",
                "56651064",
                "51894884",
                "76493886",
                "60421001"
            ],
            "apis": {
                "Screen.prototype.width": 21,
                "window.localStorage": 21,
                "window.sessionStorage": 21,
                "Navigator.prototype.platform": 21,
                "Navigator.prototype.userAgent": 21,
                "Navigator.prototype.vendor": 21,
                "Navigator.prototype.appVersion": 21,
                "Navigator.prototype.languages": 21,
                "Date.prototype.getTimezoneOffset": 21,
                "Document.cookie setter": 2,
                "Document.cookie getter": 1,
                "Date.prototype.getTime": 1
            },
            "sites": 22,
            "prevalence": 0.000299,
            "cnames": [],
            "responseHashes": [
                "cfadb78ccc3d9608964c406beb17bd2e3865befd0203ce748827ddaa0b22b99b"
            ],
            "type": "Script",
            "firstPartyCookies": {
                "adoric_popup": {
                    "ttl": null,
                    "length": 4,
                    "prevalence": 0.000027224218664924318,
                    "uniqueness": 0.5
                },
                "entrance_email_capture": {
                    "ttl": 43222,
                    "length": 6,
                    "prevalence": 0.000013612109332462159,
                    "uniqueness": 1
                },
                "entrance_email_capture_counter": {
                    "ttl": 251729186304,
                    "length": 1,
                    "prevalence": 0.000013612109332462159,
                    "uniqueness": 1
                }
            },
            "firstPartyCookiesSent": {},
            "exampleSites": [
                "www.ar.avon.com",
                "365mashbir.co.il",
                "m.maariv.co.il",
                "sodastream.com",
                "sport1.maariv.co.il",
                "www.pampers.com.ar",
                "tmi.maariv.co.il",
                "www.rest.co.il",
                "www.groo.co.il",
                "www.yad2.co.il",
                "www.factory54.co.il",
                "www.menoramivt.co.il",
                "www.zap.co.il",
                "buyme.co.il",
                "www.pampers.com",
                "www.payngo.co.il",
                "m.jpost.com",
                "mo-online.com",
                "www.jpost.com",
                "www.ashmoret-itu.co.il"
            ]
        },
        {
            "rule": "adoric-om\\.com\\/v1\\/campaigns\\/",
            "cookies": 0,
            "fingerprinting": 0,
            "subdomains": [
                "app"
            ],
            "apis": {},
            "sites": 22,
            "prevalence": 0.000299,
            "cnames": [],
            "responseHashes": [
                "a1aaa9271acad2533e9853eb221541d2c0dc6e2074ee5d9fdc79104e0eac83b0",
                "7da51e8522a33ee54e8d5be8c52667531108344df9463a2ff5559d829303ecd0",
                "5650b97cd9633dcd4157385ca66581ce0a3443e2ab8dd4fe269cb11f4597387f",
                "0c26ddf3685534410dece3527fc78c96454d9beadcb214f175f35dda2cce1cf6",
                "9c542f8249ae8de46854971539a63b06160a7e8bff093a840634940e222df546",
                "07e7eb4f2f962e9fb51b9948044dc3a23b5b22a63e5d7a192e3d8037058ed6a1",
                "99d4e543ea3964c3f260a546ddd28224eab02a05346082604d39b0a2594b2b0d",
                "4919bcf7f4e3c00f6105d97c98aebb13a908bf5f71b14f8bb2dc36cd17b4e270",
                "0b8e5600505395cc4ed12b828f8617cb14100f483d8c338f2ffc626db33cd7bc",
                "51a3975187e2c13984c85a084521a7efb5a838013eb09b553dc906cac1982baf",
                "53c5bbf5e48de2707dc345b438cbd24659b7387fdacd5181f30e003714dd8062",
                "6d491b67bcb31096a1cd7a3b1f563af3ea9ad89c01ef17666dcafda6c803d478",
                "d98451c10d5c5614aca3395b7baac764e92ab9e0f41f8843ecbdd304723dfe2d",
                "805bea9099d1ff394e09b992b3ed973e08bc24a72540cc0f79540ef90fa6024d",
                "c9c59ce916cf767bbd5dd2f0cba47470f98f7f012564eb6febb3b1bfc232c3f8",
                "b42c0b0f1dab47fad3962a83e911018a13b55e912dca6c90c8e433db375609ae",
                "7201e1d51953d64eacffafeaeaae26cca9516f5378609f422ef31f4b469218e6",
                "09f8c3bc6d287346837d24095f6888dd583227ffddaf5036dfb62349079760a6",
                "f599522fd2eaa288a0ebc1569cc7e93770661dd4ce904579b428d9ca89b4aa51",
                "a6c2ec908cd04466b1feb9c692af8019bb8464d3c90308bacdcd711aac7296cc",
                "8c44f7dfc745d1cea63999e202c5fe58719591e1599168876c044d6fb2096566"
            ],
            "type": "XHR",
            "firstPartyCookies": {},
            "firstPartyCookiesSent": {
                "_hjTLDTest": 0.000013612109332462159,
                "dy_fs_page": 0.000013612109332462159,
                "GTMBrowserSessionEntranceLP": 0.000013612109332462159,
                "GTMLastEntranceLP": 0.000013612109332462159
            },
            "exampleSites": [
                "m.auto.co.il",
                "mo-online.com",
                "tmi.maariv.co.il",
                "sodastream.com",
                "www.everything5pounds.com",
                "m.jpost.com",
                "sport1.maariv.co.il",
                "www.ashmoret-itu.co.il",
                "www.pampers.com.ar",
                "www.jpost.com",
                "365mashbir.co.il",
                "www.payngo.co.il",
                "www.yad2.co.il",
                "m.maariv.co.il",
                "buyme.co.il",
                "www.zap.co.il",
                "www.ar.avon.com",
                "www.menoramivt.co.il",
                "www.pampers.com",
                "www.groo.co.il"
            ]
        },
        {
            "rule": "adoric-om\\.com\\/v1\\/versions\\/html\\/",
            "cookies": 0,
            "fingerprinting": 0,
            "subdomains": [
                "app"
            ],
            "apis": {},
            "sites": 4,
            "prevalence": 0.0000544,
            "cnames": [],
            "responseHashes": [
                "6717a710537e50cefb9d471042396ef02341aa6437c0fd65b0eee3b25c82c210",
                "ab8777b5c1928e702dd91c9dfadda95c5fed5399e1e338976a10cf1607356fae",
                "a8c4078ced504333d84d2933e57ed4c4a29d89f6b28b9db7d6ba930a805303a1"
            ],
            "type": "XHR",
            "firstPartyCookies": {},
            "firstPartyCookiesSent": {},
            "exampleSites": [
                "buyme.co.il",
                "sodastream.com",
                "www.pampers.com",
                "www.zap.co.il"
            ]
        },
        {
            "rule": "adoric-om\\.com\\/v1\\/statistics\\/showed",
            "cookies": 0,
            "fingerprinting": 0,
            "subdomains": [
                "app"
            ],