{
    "domain": "adpmbtj.com",
    "owner": {},
    "source": [
        "DuckDuckGo-US"
    ],
    "prevalence": 0.0000786,
    "sites": 11,
    "subdomains": [
        "www"
    ],
    "cnames": [],
    "fingerprinting": 1,
    "resources": [
        {
            "rule": "adpmbtj\\.com\\/en\\/us\\/about",
            "cookies": 0.0000786,
            "fingerprinting": 1,
            "subdomains": [
                "www"
            ],
            "apis": {
                "Date.prototype.getTime": 10
            },
            "sites": 11,
            "prevalence": 0.0000786,
            "cnames": [],
            "responseHashes": [
                "c1dcd26da75c548dd543519e3b38d4ab52ac2533f102dc93557d711d0672f095",
                "da6560e44a70855e76b335b276d33d7208821924243ca37b5c5fcf6fc772d569",
                "254acb2ab395e96126ebcd0f003370929942183c3d0bd3fa0fb7debbf4010323",
                "6b3ee915d2b4d345b276ced130d907ff7de86d24b387257842295771a5c25d2c",
                "9788fabba08743f2906b4a1408f5ef9a6cd56da89d05dbdc857f54f626d79657",
                "9f3ea0d3bbbcc88325842a3971210ca4d1d2c6cb62ff598da1750ab42d579070",
                "0ab3da6799f5709c90fb6c62468019ee116eab1b8b24d5fd6d7424e715d0e7f3",
                "07151bee20f903177d142d428f0236c9e50cc459384fbf6410f289ddaa795de4",
                "264fab96eba49757d03eecce3f3fd2dda4bded0cbd8987bf0a01f1c5e80701cd",
                "df8a34077134430af481c6bf1be90cda6a750e4dc20291a3d8f84692fc6c3f5d"
            ],
            "type": "Document",
            "firstPartyCookies": {},
            "firstPartyCookiesSent": {},
            "exampleSites": [
                "pornhub.com",
                "cz.pornhub.com",
                "es.pornhub.com",
                "es.redtube.com",
                "fr.pornhub.com",
                "it.pornhub.com",
                "nl.pornhub.com",
                "rt.pornhub.com",
                "www.newebonyfuck.com",
                "www.redtube.com.br",
                "www.tube8.com"
            ]
        },
        {
            "rule": "adpmbtj\\.com\\/js\\/interactive2\\.js",
            "cookies": 0,
            "fingerprinting": 0,
            "subdomains": [
                "www"
            ],
            "apis": {},
            "sites": 10,
            "prevalence": 0.0000715,
            "cnames": [],
            "responseHashes": [
                "94a16af23f5b8c309dc7fa05d0ea2de49f6da7de105159b46241a046e407e056"
            ],
            "type": "Script",
            "firstPartyCookies": {},
            "firstPartyCookiesSent": {},
            "exampleSites": [
                "pornhub.com",
                "cz.pornhub.com",
                "es.pornhub.com",
                "es.redtube.com",
                "fr.pornhub.com",
                "nl.pornhub.com",
                "rt.pornhub.com",
                "www.newebonyfuck.com",
                "www.redtube.com.br",
                "www.tube8.com"
            ]
        }
    ],
    "categories": [],
    "performance": {},
    "cookies": 0.0000786,
    "types": {
        "Document": 11,
        "Script": 10
    },
    "nameservers": [
        "ns-1422.awsdns-49.org",
        "ns-1722.awsdns-23.co.uk",
        "ns-380.awsdns-47.com",
        "ns-983.awsdns-58.net"
    ]
}