{
    "domain": "adpmbtj.com",
    "owner": {},
    "source": [
        "DuckDuckGo-US"
    ],
    "prevalence": 0.000129,
    "sites": 19,
    "subdomains": [
        "www"
    ],
    "cnames": [],
    "fingerprinting": 1,
    "resources": [
        {
            "rule": "adpmbtj\\.com\\/en\\/us\\/about",
            "cookies": 0.000123,
            "fingerprinting": 1,
            "subdomains": [
                "www"
            ],
            "apis": {
                "Date.prototype.getTime": 18
            },
            "sites": 18,
            "prevalence": 0.000123,
            "cnames": [],
            "responseHashes": [
                "19f0ea909fc063e6d54ff9c270f2ca5a8eda66a1cda5020e46dd3c0dfac7c94b",
                "cd059b048c34c7727e48950dee87730b7d5e2479c28ca9d91afc3cb9f085c99a",
                "3bec3b883ab4bf79d1a821077b1d0bb93c7ba82cd46cc85e8500228ee5c413f7",
                "13739237bb1c37f399bd7047b8c27ea66084f558eca5913cf913988c6ecad5c3",
                "33e8f0a5652cbff6bcecc5167ec0aeed704a8e03fea43dcda2d981d3c0183235",
                "90c4eca4dee1985f5adebaf5db585f55203086330df8183bf41e06ef7d56b1b5",
                "e29c11f92d75dcbf399c7b80f84daf51f86aae317b4c45dcf78b4ac76d7ea1ec",
                "6ee78185ab501465dfa3e8a8b9ec42eda1a0ac8426d2c8abddc6ad17896fd8a3",
                "15bfc44705835e9a0e312c9fe0372968efb6d2ba5473dcd5372d57d8d7a0a410",
                "dc998bcc65dfc10c02d655699b437c48caaf47fa881dfd56965392bd5bff731f",
                "1ff086fe442e8fa48aaea0daebd209877b8628bf3450c056df188ce28d23c0d0",
                "40e58d42e0f3b27e989b1bbde8895713b4719d4436b0de539e8dba607a8f2c77",
                "e0a939a706e61b3d8a6887d0b20866712efed88ff579f53af0116d34be0beefc",
                "e61466292f60d302550567a766f5924dde77d9aedc5cb3936af8721614ec2203",
                "a3faef5cec29e0a4127a2b2e6150a947bae782a29fab3b026b9549676e3b83e8",
                "5a89003f8ad2e73ab127fbf7ae8be55172e928b0f44809b6a0a77b4843fd995b",
                "e5d79a94ba971caea748a56321a5189a147885578d35ae9c1b1e406b8a0f0797"
            ],
            "type": "Document",
            "firstPartyCookies": {},
            "firstPartyCookiesSent": {},
            "exampleSites": [
                "pornhub.com",
                "de.pornhub.com",
                "de.redtube.com",
                "es.pornhub.com",
                "es.redtube.com",
                "fr.pornhub.com",
                "jp.pornhub.com",
                "nl.pornhub.com",
                "pl.pornhub.com",
                "pl.redtube.com",
                "pt.pornhub.com",
                "rt.pornhub.com",
                "ru.redtube.com",
                "www.newebonyfuck.com",
                "www.redtube.com.br",
                "www.redtube.com",
                "youporn.fyi",
                "youporn.com"
            ]
        },
        {
            "rule": "adpmbtj\\.com\\/js\\/interactive2\\.js",
            "cookies": 0,
            "fingerprinting": 1,
            "subdomains": [
                "www"
            ],
            "apis": {
                "window.innerWidth": 11,
                "window.innerHeight": 11
            },
            "sites": 18,
            "prevalence": 0.000123,
            "cnames": [],
            "responseHashes": [
                "94a16af23f5b8c309dc7fa05d0ea2de49f6da7de105159b46241a046e407e056"
            ],
            "type": "Script",
            "firstPartyCookies": {},
            "firstPartyCookiesSent": {},
            "exampleSites": [
                "pornhub.com",
                "de.pornhub.com",
                "de.redtube.com",
                "es.pornhub.com",
                "es.redtube.com",
                "fr.pornhub.com",
                "jp.pornhub.com",
                "nl.pornhub.com",
                "pl.pornhub.com",
                "pl.redtube.com",
                "pt.pornhub.com",
                "rt.pornhub.com",
                "ru.redtube.com",
                "www.newebonyfuck.com",
                "www.redtube.com.br",
                "www.redtube.com",
                "youporn.fyi",
                "youporn.com"
            ]
        }
    ],
    "categories": [],
    "performance": {},
    "cookies": 0.000129,
    "types": {
        "Document": 18,
        "Script": 18
    },
    "nameservers": [
        "ns-1422.awsdns-49.org",
        "ns-1722.awsdns-23.co.uk",
        "ns-380.awsdns-47.com",
        "ns-983.awsdns-58.net"
    ]
}