{
    "domain": "adpone.com",
    "owner": {},
    "source": [
        "DuckDuckGo-US"
    ],
    "prevalence": 0.000929,
    "sites": 130,
    "subdomains": [
        "rtb",
        "hb"
    ],
    "cnames": [],
    "fingerprinting": 3,
    "resources": [
        {
            "rule": "adpone\\.com\\/bid-request",
            "cookies": 0.00000715,
            "fingerprinting": 0,
            "subdomains": [
                "rtb"
            ],
            "apis": {},
            "sites": 77,
            "prevalence": 0.000551,
            "cnames": [],
            "responseHashes": [
                "6d8bbf71ecc5d5c21cc3b84d0115e7d5e18e513d789df626ed905113b9d7b8b2",
                "9f3dae201d8ee676e45f1567eaa116a6c15200201caa978e2bbc0bac37598fe7",
                "dc34935d49659bcc0057dcf647242b45378d696751d6ae3f9e7f5d6569ce4c54",
                "750fdf12832491e4a91c20216cf9405cad63e333855106a6fdb7e1bd5a9ad1fb",
                "5749f46d0be326c3c3e2e23c7034058680301eaf0b7cd677832ad443a2af12de",
                "998a795cba758a05e0db6009e8e9a427bbfcc79834c83c7c627bfe08e1fe1268",
                "62fa6bd9680f4f3105b82fd3731e1cabf2974958ac8dd6a33190930a0504557d",
                "1f8aafd1532d1d37840e46b85782bbb6e30ac2e1bcb921dd9e7abf97dbeda8c2",
                "320c6044b1c5cca43e58d6bce3c21e120646e83e2a152ba55c662d059c38ae2e",
                "4cb23869d78abc07a5fbb17e8f28522ec97ebf32fea8cbfd22abd19423694350",
                "956bf723c7147901723a8d829af7541d318410a3d493e176f017eea12cb69687",
                "7b4ed778e34bccc01254e8ead53ab2bd998f2309731017e7607d23b12d963e05",
                "4e59a938512f2f4a36c24442e44b2ffd04d12124503f0f680578245d6906d7ef",
                "de282f45b320a7fe382d899fa98b44a966da9a8f45bf034ec385999ab52818fe",
                "986c84bac6861abcc149613158715d4534e6f155a0f597abce28a0c5a1439b7b",
                "b2f5c5c9fa5a846b6f731f70058100af0894fa958084cced151b056a103f3fc9",
                "1b2791f3ed8b619fc568d8087f0cf5295adfb7bf35da1c2bb8cf8c6ac6a652ca",
                "0cc43b616648901bc81d2a2bae9c6a3a48508ca324e129b3a062c0b5c158978e",
                "7f2e97595646780e47920642ec7c714556dae2ed9683ae0de898a0093c98b0a7",
                "9bb3cab51998a58b9cce7f770d836dfcf8783e7e4c123b86a88d5672daea5260",
                "67c9b755af8fbc9debef65035ed568aaceeda0d6d8a89780898c162022bc16fd",
                "ee9a4e3b9dd6c1b877015b049171083301541aed54ef3522ae470bb8b136316a",
                "e311d7da2e79044358c01183c2fc915915cd248abe4276496fcddfae3ba75a8b",
                "a9da7e2cd5e4f0891475f8c3a4466ff97d250a5f77199237290e56a5aad0b502",
                "639c7ec3c6ba38100c57bd3f96e785b7cdcab4f09053ba634546079f515d6de7",
                "775cd89809c37782240d77170347d639db99e5ab7c052cac4098f6a6b13fe7ea",
                "b0e774ee21b3b7ea0d4ae0ca0bc6bc2c7d3c8cf1db7e32796d44e3efd95182ba",
                "e007886da5bddbc2d133cb8deac5d7ac9e95f3b8da2d70e7f3d1a565a5a25d7e",
                "b5eb9d333077e9f3fa47e5af2856622d3342bb4ddaf9a2421c0b27f21b1ebeb2",
                "4a809b3067112724c48979fbb5c3ce2c598b34e6ca1c58dfbc02b9a05d5ec81c",
                "7248e9ea0c7ec853cee3bd9f8244a7c741c5a43daa21d2096fdd09bc56c742af",
                "bf2bba4cc8da2ad2f9efd42c71622eda142cc24a73bf27c7e4623c226509c9c0",
                "d8b8d9d91ac7ff700d621118b90f4fe5151715b70f896d080d9be3b3c9ae323e",
                "d27bbcf0ffaaa69cf8870c2d1142d313372773ad3369ece5754cfebb728f0834",
                "4b35d57ea4dcf2ff8aebeb7e3940b93277ddb560c33c827d491307cfd31d30d6",
                "5898845c9801ac61b7cf5a6ad84795ecbc2e2bab19fb47eb6eb43474f1ee107b",
                "88531fb303798f542cacbab370f279cd4d55e9f582997fbcd3750d13a4b97a21",
                "00afd5b3788fac1dc88f35ba17e38c48e1fdc46560a2e91ee583d385f9412e7b",
                "d4ea1ccb6b9e1edfcd84beac199ee4d37944157122d04344e8dd961e70143726",
                "7278e9d6c37e4760460b63c240bb65626bbb9fbb85d50fddcb01bbce4dbcd45a",
                "130cea4ebdb77d7e039939bb3d82f762d6f6f8ed825fad85cd032aef64a0b731",
                "a21661cac7154063fc4ecc124761770d51b10bfeb12d610bcb550109239a66e8",
                "f394726a6ab4979595aba586a52a4f6f6c446ceb7dd564c893d4274cde19446f",
                "63de9cccb2703ce92a655384f261a79568a0b2d24dd669cd941496b43e3be714",
                "ec8078c92c15fb9115766ebd16f4c679a949582415156186385bac97362870ab",
                "923a51a82f4d5a41191333e2c2caaa344c2020568dd8daf2fe8542567160be0a",
                "af8b014c343dfb34dda57372cb9eb895818856e51ce9786d5b06971a34faa150",
                "d146498b8f2c8d05466ab3c67a61756df9a333a9a92e115575106a036d7d80c7",
                "2801a7f25c140bb57366b755f9cb6bc6ecef7ee685a95581dc9fcf35585bfe9a",
                "7e1945a55701c857443c9c720303c9e1cdc490e4abf5e776a16672b5b3dd6897",
                "49cef530b9cb5f88f4c07dff75e9cb3a84bbac5441e9e40199251188d2e9a9db",
                "4ba5884845ada5acb28deb8c747dcf04b0522fed3e054c22c440cca80a684bc9",
                "dd0b96c6eb9a18c77862c264cdd5d7fd75ce43ab0cfd4fd32f3ba0f342679673",
                "c76d7a2a3ff8a976d040956023720ed4c6200e7a9805bac2380f3061cf52bbe5",
                "4697a83bdf99fd17183a29da1d59cd81118c4c7853f6f6013992c6399dbdaac8",
                "031ce9a567d6d408d7cc13973cb90e13bd5849d30ffaf30868ace952d07487fd",
                "d785a470871b7c57a07440ebc13dd82a50280ec65a7b84a02b2b100649597aa8",
                "4582d43daa6a466ede0cbc96f9500f216d6cabdbf6ca0f3cb4d2ef83bf04cc0a",
                "16a2b4b50c1a0cc7284fa7874c3b5a5223b1ba4cf6a1d2fa8e2d904af8b21164",
                "419b8ee4fd04f4883538052431ecdc663878d6c64e3fa736b84f201e277ff131",
                "e90a35efe6f80a0c6276d35b77d8708b2d7ccfa6ae2e4d870e1ef80bdfc8b61f",
                "e8b928670b0534b0abd3af1c9ba5bfcd9cf4fc7c00d2c872ef62bac2758329db",
                "c085152bb2cb861b54f91ec53825061c52d267a591f3871d3edb6fa7746e1167",
                "de2619afaaec0d4be288533bd95def4328f93ce35a2f50434bd976069c411ed7",
                "c82469847b2d8bf97c1929e8b598f60f578cd0e179c863666e981658f2492a09",
                "d7526bb977ec562e8100bd08969ad175861ed9cd29786c62e1480c7103b3a0a2",
                "b26a0b50d02d9134471f513d0641440ea566c3cfea0ba6382e79b30d7cb46690",
                "460f34ea840561d1a8a9520bf4e1c0e1a8ee7287070603e7b996487918e48d37",
                "dd8720b582b4dd39cdc4cfec3d5c93d67b377a7a758576c289283636b331afd5",
                "99d4e8f779424406b7c285796bf43866d01db057f63c7fb0b97055ab9f66d00d",
                "88dd9b502b8b93c83a72ca49f7cfed5d142fd53a6aa4199d7a4584fa4a34688f",
                "e6294255827da2240a7ab60c30f7a52fb0fdcd277a16aaf97ad41c4c5410fdce",
                "c93051ad3e49255170ed70e220514dd8ef6a4e61cb7d40c215085d06bb532fba",
                "bc7c8cc04c18318423ea6ce145c3b38b3c306b10eead91d7766e46fa301f4a5b",
                "449c6a0d98b044fbde86064dc39245e84aeb76ce4a2443153c03ebc8129893f5"
            ],
            "type": "XHR",
            "firstPartyCookies": {},
            "firstPartyCookiesSent": {},
            "exampleSites": [
                "mapas.guiamais.com.br",
                "studwood.ru",
                "www.suamusica.com.br",
                "kneeforce.com",
                "www.em.com.br",
                "au.jooble.org",
                "www.zona-leros.net",
                "www.adn40.mx",
                "studref.com",
                "www.correiobraziliense.com.br",
                "studbooks.net",
                "www.hojeemdia.com.br",
                "www.amchords.com",
                "www.divinacocina.es",
                "www.officetooltips.com",
                "crosswordbuzz.com",
                "studme.org",
                "www.starhit.ru",
                "www.24hourze.cfd",
                "www.icarros.com.br"
            ]
        },
        {
            "rule": "adpone\\.com\\/prebid\\/analytics",
            "cookies": 0,
            "fingerprinting": 0,
            "subdomains": [
                "rtb"
            ],