{
    "domain": "adschoom.com",
    "owner": {},
    "source": [
        "DuckDuckGo-US"
    ],
    "prevalence": 0.000136,
    "sites": 20,
    "subdomains": [
        "vu"
    ],
    "cnames": [],
    "fingerprinting": 0,
    "resources": [
        {
            "rule": "adschoom\\.com\\/trafic\\/retar\\.php",
            "cookies": 0.0000885,
            "fingerprinting": 0,
            "subdomains": [
                "vu"
            ],
            "apis": {},
            "sites": 13,
            "prevalence": 0.0000885,
            "cnames": [],
            "responseHashes": [
                "c93178fe78e1bfe719d5d4fd77aef2a993c7e8690d9ccd3298cb11b5a47ded39",
                "0e3fb3bdab1c28aa80c376211330661aa340545c9aaa7fa5af67515a34cca384",
                "214a08363088acc48859f80dda2e25be4a785cbfefa9cc1a3f5feda099c27e09",
                "fceffe67744f43d5e5f17dc9774865b072f556d7f2ad403874abe7ae7ab6e584",
                "6219605690f2f1eddac8f87cb698701175e72e4ea1dcd15fa971d03e50d30879",
                "36ba147e10b224800bc56d2d78083d55792b0d9836ab00dcd9c0484c67ab3a3d",
                "a3446c04eb2488e365816a56ce79a19c2fb7a6f17fe964f2d19668f8ade7f7f2"
            ],
            "type": "Script",
            "firstPartyCookies": {},
            "firstPartyCookiesSent": {
                "lastUrl": 0.000013612757876682026
            },
            "exampleSites": [
                "banggood.com",
                "au.banggood.com",
                "br.banggood.com",
                "bxblue.com.br",
                "nl.banggood.com",
                "uk.banggood.com",
                "usa.banggood.com",
                "www.banggood.com",
                "www.eataly.com",
                "www.mercadobitcoin.com.br",
                "www.qconcursos.com",
                "www.sinful.co.uk",
                "www.stoodi.com.br"
            ]
        },
        {
            "rule": "adschoom\\.com\\/trafic\\/retar_js\\.php",
            "cookies": 0.0000885,
            "fingerprinting": 0,
            "subdomains": [
                "vu"
            ],
            "apis": {},
            "sites": 13,
            "prevalence": 0.0000885,
            "cnames": [],
            "responseHashes": [
                "45336bf2c27960347588ebaedc466e533d74cb661ed98b7d8b45c27a54e0e596"
            ],
            "type": "Script",
            "firstPartyCookies": {},
            "firstPartyCookiesSent": {},
            "exampleSites": [
                "banggood.com",
                "au.banggood.com",
                "br.banggood.com",
                "bxblue.com.br",
                "nl.banggood.com",
                "uk.banggood.com",
                "usa.banggood.com",
                "www.banggood.com",
                "www.eataly.com",
                "www.mercadobitcoin.com.br",
                "www.qconcursos.com",
                "www.sinful.co.uk",
                "www.stoodi.com.br"
            ]
        }
    ],
    "categories": [],
    "performance": {},
    "cookies": 0.000136,
    "types": {
        "Script": 26
    },
    "nameservers": [
        "dns100.ovh.net",
        "ns100.ovh.net"
    ]
}