{
    "domain": "adt356.com",
    "owner": {},
    "source": [
        "DuckDuckGo-US"
    ],
    "prevalence": 0.0000749,
    "sites": 11,
    "subdomains": [
        "cdn"
    ],
    "cnames": [],
    "fingerprinting": 0,
    "resources": [
        {
            "rule": "adt356\\.com\\/jsTag",
            "cookies": 0,
            "fingerprinting": 0,
            "subdomains": [
                "cdn"
            ],
            "apis": {},
            "sites": 7,
            "prevalence": 0.0000476,
            "cnames": [],
            "responseHashes": [
                "8eb3dda312c70419f8926efbaef0722b92b9c5e4d6ad771417d25a807c9fc8eb",
                "dc5e42297807b474bb22a378432fdddacd5f0de767fd6fe258cbe1ec6862d5be",
                "e3385b201f7b91b8682eea58606b7b57a8dba3cf473de7f0c8c8424ddb601c4e",
                "352beb696e08bac75e05210658c2f1dd8e35988b9977339b78582de17a63ca67",
                "8e30f7d0bb491bdb56925f5596645744d0e39671759e6b198d7e082e1a8606d7",
                "dba87bbd6c3e7e2ab2d9a25b7b1acb6e736258de9a4a45435b8f64851a8bb2c2"
            ],
            "type": "Script",
            "firstPartyCookies": {},
            "firstPartyCookiesSent": {},
            "exampleSites": [
                "tallink.com",
                "se.tallink.com",
                "www.elskling.se",
                "www.insplanet.com",
                "www.kitchentime.se",
                "www.moi.fi",
                "www.skatehut.co.uk"
            ]
        }
    ],
    "categories": [],
    "performance": {},
    "cookies": 0,
    "types": {
        "Script": 7
    },
    "nameservers": [
        "ns-651.awsdns-17.net",
        "ns-497.awsdns-62.com",
        "ns-1973.awsdns-54.co.uk",
        "ns-1378.awsdns-44.org"
    ]
}