{
    "domain": "adxadserv.com",
    "owner": {},
    "source": [
        "DuckDuckGo-US"
    ],
    "prevalence": 0.000286,
    "sites": 40,
    "subdomains": [
        "ads",
        "static"
    ],
    "cnames": [],
    "fingerprinting": 3,
    "resources": [
        {
            "rule": "adxadserv\\.com\\/ad",
            "cookies": 0,
            "fingerprinting": 0,
            "subdomains": [
                "ads"
            ],
            "apis": {},
            "sites": 20,
            "prevalence": 0.000143,
            "cnames": [],
            "responseHashes": [
                "1558f05c96191c4d3358d330d363fb12b91b38ea02f94b63b054dea4653313f4",
                "37eaea19695c388b0134b2465c3bd21b20bbc13e8801b63af11ec31c1ee1d2fd",
                "0d71ea9adfe61907782fae32d0f50484dfdb9d0a4c447085c70f48fcd4e15ddb",
                "b13fef650be76beb72130ce48ec90e1fa56f7c04199674a322f1758ba8b2e180",
                "c4f86c824c3b90684f9ef5142b82172808544109e5c83c819146c40eaad71e19",
                "c01f879633add9b51cabd25f0635c1e139a888b9967ec3a048ff597dde8db921",
                "171367dfe9dfcf8b53f64570401411e8c8f40a9e3fac71b47ece1ff51faeeb57",
                "7cabdeeff874744839d48c1244c2a850a614e6096ccecd35d51c8b7d054943db",
                "77553be53f9e8db937ac7761d9b03ee95ddcd454d1ccaec9f292329530fcdbdc",
                "8c246ebc640bc48e03888ee7f54b504d7e251c65784805eae7d24a6e45bbae36",
                "ecd4cce99026d9d709ac04a39b8d27e5c3a50fbc4ab9ec5b694850b437ed1608",
                "df4254fd17c4d694f8681ca5c80113f4bd22bfd8ea0003b84840f55b49da1bc4",
                "53ec4b976b22b2a63c997c3ed94dd4b2d85d93323210c5ed04ff8a091d35a11d",
                "b0e7e1af5094e90e6d9cedee0373ef1004be566a151612a00f268dc2b83e6446",
                "d64ae71fc8954d45eb4ec9e95e9bfff9fb6c52f51f8bf56ea51af4a29bbfaf75",
                "bf8186a594c99b24c687be57710e1276a886378b4f01f22cda8469fcfe2b411f",
                "e2a5b723a2aab9e774c3a6b1d2a2054b673bb5034b5d4f767b86a3ba081b7018",
                "671df8e90f66e7ce2ad8db6e319be602b564a82fc2559539c3fc041b27da3561",
                "a97296d1b44f01f8c2178c94d57c0d878367d0433eab9c39593708ea503b6b5c"
            ],
            "type": "Document",
            "firstPartyCookies": {},
            "firstPartyCookiesSent": {},
            "exampleSites": [
                "avgle.com",
                "desibahu.com",
                "fcksex.com",
                "hentaifromhell.org",
                "hindipornstories.org",
                "hitbdsm.com",
                "javsaga.ninja",
                "justswallows.com",
                "marathisexstories.net",
                "muchohentai.com",
                "supjav.com",
                "teen.elcazadorxxx.com",
                "veranimehentaionline.top",
                "verhentai.top",
                "videoslounge.com",
                "www.hdhentai.tv",
                "www.javqt.com",
                "www.jkhentai.net",
                "www.vintagepornfun.com",
                "xjavtube.com"
            ]
        },
        {
            "rule": "adxadserv\\.com\\/css\\/wm\\.css",
            "cookies": 0,
            "fingerprinting": 0,
            "subdomains": [
                "static"
            ],
            "apis": {},
            "sites": 13,
            "prevalence": 0.0000929,
            "cnames": [],
            "responseHashes": [
                "425ada380ee0eea11f25db022a49856977415561b9728b9add91e5a79edd10e3"
            ],
            "type": "Stylesheet",
            "firstPartyCookies": {},
            "firstPartyCookiesSent": {},
            "exampleSites": [
                "avgle.com",
                "fcksex.com",
                "hentaifromhell.org",
                "javsaga.ninja",
                "justswallows.com",
                "muchohentai.com",
                "supjav.com",
                "veranimehentaionline.top",
                "verhentai.top",
                "videoslounge.com",
                "www.hdhentai.tv",
                "www.vintagepornfun.com",
                "xjavtube.com"
            ]
        },
        {
            "rule": "adxadserv\\.com\\/ascripts\\/gcr\\.js",
            "cookies": 0.000143,
            "fingerprinting": 3,
            "subdomains": [],
            "apis": {
                "Document.cookie getter": 20,
                "window.localStorage": 20,
                "Date.prototype.getTime": 20,
                "Document.cookie setter": 20,
                "Navigator.prototype.userAgent": 20,
                "Navigator.prototype.language": 20,
                "Screen.prototype.colorDepth": 19,
                "window.devicePixelRatio": 20,
                "Screen.prototype.width": 20,
                "Screen.prototype.height": 20,
                "Screen.prototype.availWidth": 19,
                "Screen.prototype.availHeight": 19,
                "Date.prototype.getTimezoneOffset": 20,
                "Intl.DateTimeFormat.prototype.resolvedOptions": 20,
                "window.sessionStorage": 19,
                "window.indexedDB": 19,
                "Navigator.prototype.platform": 20,
                "Navigator.prototype.doNotTrack": 20,
                "Navigator.prototype.appName": 20,
                "CanvasRenderingContext2D.prototype.isPointInPath": 19,
                "HTMLCanvasElement.prototype.toDataURL": 19,
                "WebGLRenderingContext.prototype.getSupportedExtensions": 20,
                "WebGLRenderingContext.prototype.getContextAttributes": 20,
                "WebGLRenderingContext.prototype.getExtension": 20,
                "WebGLRenderingContext.prototype.getShaderPrecisionFormat": 20,
                "Navigator.prototype.maxTouchPoints": 20,
                "Navigator.prototype.productSub": 20,
                "Navigator.prototype.mediaDevices": 17,
                "Navigator.prototype.deviceMemory": 13,
                "Navigator.prototype.mimeTypes": 15,
                "Navigator.prototype.hardwareConcurrency": 2,
                "WebGLRenderingContext.prototype.getParameter": 2,
                "Navigator.prototype.languages": 2
            },
            "sites": 20,
            "prevalence": 0.000143,
            "cnames": [],
            "responseHashes": [
                "4c17d8e0fa184b34585cee448d6ea434eb24e5f70f9b79fb905d632f1155c4bb"
            ],
            "type": "Script",
            "firstPartyCookies": {},
            "firstPartyCookiesSent": {},
            "exampleSites": [
                "avgle.com",
                "desibahu.com",
                "fcksex.com",
                "hentaifromhell.org",
                "hindipornstories.org",
                "hitbdsm.com",
                "javsaga.ninja",
                "justswallows.com",
                "marathisexstories.net",
                "muchohentai.com",
                "supjav.com",
                "teen.elcazadorxxx.com",
                "veranimehentaionline.top",
                "verhentai.top",
                "videoslounge.com",
                "www.hdhentai.tv",
                "www.javqt.com",
                "www.jkhentai.net",
                "www.vintagepornfun.com",
                "xjavtube.com"
            ]
        },
        {
            "rule": "adxadserv\\.com\\/ascripts\\/pxl\\.js",
            "cookies": 0.000143,
            "fingerprinting": 3,
            "subdomains": [],
            "apis": {
                "Document.cookie getter": 20,
                "window.localStorage": 20,
                "Date.prototype.getTime": 20,
                "Document.cookie setter": 20,
                "Navigator.prototype.userAgent": 20,
                "Navigator.prototype.language": 20,
                "Screen.prototype.colorDepth": 19,
                "window.devicePixelRatio": 19,
                "Screen.prototype.width": 19,
                "Screen.prototype.height": 19,
                "Screen.prototype.availWidth": 19,