{
    "domain": "adxadserv.com",
    "owner": {},
    "source": [
        "DuckDuckGo-US"
    ],
    "prevalence": 0.000279,
    "sites": 41,
    "subdomains": [
        "ads",
        "static"
    ],
    "cnames": [],
    "fingerprinting": 3,
    "resources": [
        {
            "rule": "adxadserv\\.com\\/ad",
            "cookies": 0,
            "fingerprinting": 0,
            "subdomains": [
                "ads"
            ],
            "apis": {},
            "sites": 19,
            "prevalence": 0.000129,
            "cnames": [],
            "responseHashes": [
                "10ba3d8a34b2cee9f19a8ab86c8eddcbe26c97f28211a5fb4f5487b445f50374",
                "c70cc380c98ef8ce5654c47a34d1ca14848e2e2a8df4eea62646462200869fd3",
                "a32df641c4bba469816887c82fa3c2e3389dcad7268c85a6361edf52a0c6095f",
                "7b1b38b7a84e9816d4d590ebf618e678b1ae2b15870a74cc67109aac6704b567",
                "d29178a7867bdd625d4fda608a492229a371be615420b48261ba7d72fe7e66a8",
                "a99262bb429abb620e50235b80ccf3375951bf7f8d5764df5f8c9f5792f6cdcd",
                "fbb7af54c5edc1ba6017b0623e18edf7e9b9b1edc1d5860fe80aea9ab8888538",
                "ddb37cf2501e64d6d82143a760b2907714feee6df1e7abcfd8886fb0da263f66",
                "641cc7a4049407e9026ee9ccbf8108a91ceb61df058438a73948cfe822a9cc61",
                "2a9c6f7dd88018539150fcee32459ea829b5041375dfb029098c90b1c1e0e123",
                "2ad378e835f6811bc35330d08f7d596314a83d116a4745d94f7cc4691ee1e74f",
                "a9704469f4398bfe721f1a577d60a378f14c62ddf0341c0b89f1043576e54d24",
                "aac9b35f76e0665f123d481a417b5564ee0eb13c1ae4e79b6316082575207d07",
                "a9a000409de65f4297db40709053fcb78c3ea348023bc082e6bbe2115f89583a",
                "613d630a6f4e021a4fc5083f6c51b5a8bb4e2fcdbe35b411db0a8af952df7fcf",
                "f9e94059b9b112649c6ea34d2a73306fce8dfaf5d71a49fab4628c997641217b",
                "713857b4a8036cf52b3fdf48cdb8100c3cf60ebd52f507f376aa23bd23204615",
                "aa36c9eda2c54879a937c47c91e2a99a871fc4e4c8fd464732c2202484f93699"
            ],
            "type": "Document",
            "firstPartyCookies": {},
            "firstPartyCookiesSent": {},
            "exampleSites": [
                "avgle.com",
                "bdsmstreak.com",
                "desibahu.com",
                "freetamilsexstories.com",
                "hentaifromhell.org",
                "hindipornstories.org",
                "hitbdsm.com",
                "javsaga.ninja",
                "justswallows.com",
                "muchohentai.com",
                "supjav.com",
                "thefappening2.com",
                "verhentai.top",
                "videocelebs.net",
                "videoslounge.com",
                "www.jkhentai.net",
                "www.vintagepornfun.com",
                "xdeepfakes.com",
                "xjavtube.com"
            ]
        },
        {
            "rule": "adxadserv\\.com\\/css\\/wm\\.css",
            "cookies": 0,
            "fingerprinting": 0,
            "subdomains": [
                "static"
            ],
            "apis": {},
            "sites": 12,
            "prevalence": 0.0000817,
            "cnames": [],
            "responseHashes": [
                "425ada380ee0eea11f25db022a49856977415561b9728b9add91e5a79edd10e3"
            ],
            "type": "Stylesheet",
            "firstPartyCookies": {},
            "firstPartyCookiesSent": {},
            "exampleSites": [
                "avgle.com",
                "hentaifromhell.org",
                "javsaga.ninja",
                "justswallows.com",
                "muchohentai.com",
                "supjav.com",
                "verhentai.top",
                "videocelebs.net",
                "videoslounge.com",
                "www.vintagepornfun.com",
                "xdeepfakes.com",
                "xjavtube.com"
            ]
        },
        {
            "rule": "adxadserv\\.com\\/ascripts\\/gcr\\.js",
            "cookies": 0.000129,
            "fingerprinting": 3,
            "subdomains": [],
            "apis": {
                "Document.cookie getter": 19,
                "window.localStorage": 19,
                "Date.prototype.getTime": 19,
                "Document.cookie setter": 19,
                "Navigator.prototype.userAgent": 19,
                "Navigator.prototype.language": 19,
                "Screen.prototype.colorDepth": 19,
                "Navigator.prototype.deviceMemory": 18,
                "window.devicePixelRatio": 19,
                "Navigator.prototype.hardwareConcurrency": 19,
                "Screen.prototype.width": 19,
                "Screen.prototype.height": 19,
                "Screen.prototype.availWidth": 19,
                "Screen.prototype.availHeight": 19,
                "Date.prototype.getTimezoneOffset": 19,
                "Intl.DateTimeFormat.prototype.resolvedOptions": 19,
                "window.sessionStorage": 19,
                "window.indexedDB": 19,
                "Navigator.prototype.platform": 19,
                "Navigator.prototype.doNotTrack": 19,
                "Navigator.prototype.appName": 19,
                "Navigator.prototype.plugins": 19,
                "CanvasRenderingContext2D.prototype.isPointInPath": 19,
                "HTMLCanvasElement.prototype.toDataURL": 19,
                "WebGLRenderingContext.prototype.getSupportedExtensions": 19,
                "WebGLRenderingContext.prototype.getParameter": 19,
                "WebGLRenderingContext.prototype.getContextAttributes": 19,
                "WebGLRenderingContext.prototype.getExtension": 19,
                "WebGLRenderingContext.prototype.getShaderPrecisionFormat": 19,
                "Navigator.prototype.languages": 19,
                "Navigator.prototype.maxTouchPoints": 19,
                "Navigator.prototype.productSub": 19,
                "window.innerWidth": 19,
                "window.innerHeight": 19,
                "Navigator.prototype.mediaDevices": 18,
                "MediaDevices.prototype.enumerateDevices": 18
            },
            "sites": 19,
            "prevalence": 0.000129,
            "cnames": [],
            "responseHashes": [
                "4c17d8e0fa184b34585cee448d6ea434eb24e5f70f9b79fb905d632f1155c4bb"
            ],
            "type": "Script",
            "firstPartyCookies": {},
            "firstPartyCookiesSent": {},
            "exampleSites": [
                "avgle.com",
                "bdsmstreak.com",
                "desibahu.com",
                "freetamilsexstories.com",
                "hentaifromhell.org",
                "hindipornstories.org",
                "hitbdsm.com",
                "javsaga.ninja",
                "justswallows.com",
                "muchohentai.com",
                "supjav.com",
                "thefappening2.com",
                "verhentai.top",
                "videocelebs.net",
                "videoslounge.com",
                "www.jkhentai.net",
                "www.vintagepornfun.com",
                "xdeepfakes.com",
                "xjavtube.com"
            ]
        },
        {
            "rule": "adxadserv\\.com\\/ascripts\\/pxl\\.js",
            "cookies": 0.000129,
            "fingerprinting": 3,
            "subdomains": [],
            "apis": {
                "Document.cookie getter": 19,
                "window.localStorage": 19,
                "Date.prototype.getTime": 19,
                "Document.cookie setter": 19,
                "Navigator.prototype.userAgent": 19,
                "Navigator.prototype.webdriver": 19,
                "Navigator.prototype.language": 19,
                "Screen.prototype.colorDepth": 19,
                "Navigator.prototype.deviceMemory": 18,
                "window.devicePixelRatio": 19,
                "Navigator.prototype.hardwareConcurrency": 19,
                "Screen.prototype.width": 19,