{
    "domain": "affiliatly.com",
    "owner": {},
    "source": [
        "DuckDuckGo-US"
    ],
    "prevalence": 0.000286,
    "sites": 21,
    "subdomains": [
        "static"
    ],
    "cnames": [],
    "fingerprinting": 1,
    "resources": [
        {
            "rule": "affiliatly\\.com\\/shopify\\/v3\\/shopify\\.js",
            "cookies": 0,
            "fingerprinting": 1,
            "subdomains": [
                "static"
            ],
            "apis": {
                "Date.prototype.getTime": 12,
                "Document.cookie getter": 12
            },
            "sites": 12,
            "prevalence": 0.000163,
            "cnames": [],
            "responseHashes": [
                "37a766ccd995c221f5d3577d1073561ebfae2bafc866ad975cfb19081fa01fce",
                "9d0168973f8b043267aa0f55cb953927159a2ca0d3829c615d586361eb2a9ae5",
                "3fd0337d4f106f374e973610110efa322e4a1d98d4b322935fc64902e619b15d",
                "27a82a6473cc26e18b70755c2d1e4e5fdd3d8c7c22e1000d42253479092196ca",
                "c0288990ce52bca56a4683c351179b550ccf1dfff9236a6a26e12345b78b6e81",
                "ea8bcacb57088a4f253c8cc32aea6bf63aecb8b7207b5ca66d54b4b0d9acb32b",
                "65c0d703637741e672343398605c66eb33b3c60e59f2e6d309ad05e9575fca22",
                "b9a227a512019d682fe3ea73c4864378dcb405861990e6d0596496413a6a87ac",
                "be24f1de0759f5bfa440be6e8937b39a730c3bd6d158900eab8f097170e8f254",
                "75b99cad9d8d01b61032b1e8833cbc41308b8a617367af7c6dd0893cfe55fe40",
                "9dfd0cbdbeb71fcecf82efc25cae693c72e297cfd2460223550b5069786981b1"
            ],
            "type": "Script",
            "firstPartyCookies": {},
            "firstPartyCookiesSent": {
                "pb_hpdept": 0.000013612109332462159
            },
            "exampleSites": [
                "chicsoul.com",
                "jp.ecoflow.com",
                "musclenation.org",
                "rhinoshield.fr",
                "rhinoshield.io",
                "superbottoms.com",
                "www.cokodive.com",
                "www.headkandypro.com",
                "www.oneprojectshop.com",
                "www.pinkblushmaternity.com",
                "www.theadventurechallenge.com",
                "zouk.co.in"
            ]
        },
        {
            "rule": "affiliatly\\.com\\/v3\\/affiliatly\\.js",
            "cookies": 0,
            "fingerprinting": 1,
            "subdomains": [
                "static"
            ],
            "apis": {
                "Date.prototype.getTime": 5,
                "Document.cookie getter": 5
            },
            "sites": 5,
            "prevalence": 0.0000681,
            "cnames": [],
            "responseHashes": [
                "67bdd752c520d8028d67d95b1a5e6dde04f92eb4cd4bfd2f847171baf8e55f8c",
                "e110fd6a796a74839dda34c5f36f8635092001d7db82bbe760cb6f9dbe534e97",
                "2c91b4e7d98f4ad66f7f25a40655c7bd39b94deb772c6e3b57ae8e43fd817dfc",
                "b333f6046102648f8073c2acabbf46e24cb6fb951abd7f637d3c439d93976c63"
            ],
            "type": "Script",
            "firstPartyCookies": {},
            "firstPartyCookiesSent": {},
            "exampleSites": [
                "gunmagwarehouse.com",
                "ilgm.com",
                "www.bookelicious.com",
                "www.bosanova.es",
                "www.ttdeye.com"
            ]
        },
        {
            "rule": "affiliatly\\.com\\/bigcommerce\\/v3\\/bigcommerce\\.js",
            "cookies": 0,
            "fingerprinting": 1,
            "subdomains": [
                "static"
            ],
            "apis": {
                "Date.prototype.getTime": 3,
                "Document.cookie getter": 2
            },
            "sites": 3,
            "prevalence": 0.0000408,
            "cnames": [],
            "responseHashes": [
                "bec1c9aa97f3b97c56afae3f310cd17d3c522769ecef5be2c62b019891f11247",
                "562aa98b138e691c4a26f5c9b3cbe9cac973f28c89c3adf73f19f60f015c6989"
            ],
            "type": "Script",
            "firstPartyCookies": {},
            "firstPartyCookiesSent": {},
            "exampleSites": [
                "bwear.com",
                "www.dlttrading.com",
                "www.gopowersports.com"
            ]
        }
    ],
    "categories": [],
    "performance": {},
    "cookies": 0,
    "topInitiators": [
        {
            "domain": "first party",
            "prevalence": 1
        }
    ],
    "types": {
        "Script": 20
    },
    "nameservers": [
        "vera.ns.cloudflare.com",
        "logan.ns.cloudflare.com"
    ]
}