{
    "domain": "afi-b.com",
    "owner": {
        "name": "For it Inc.",
        "displayName": "For it"
    },
    "source": [
        "DuckDuckGo-US"
    ],
    "prevalence": 0.000776,
    "sites": 57,
    "subdomains": [
        "t"
    ],
    "cnames": [],
    "fingerprinting": 1,
    "resources": [
        {
            "rule": "afi-b\\.com\\/jslib\\/lpcv\\.js",
            "cookies": 0,
            "fingerprinting": 1,
            "subdomains": [
                "t"
            ],
            "apis": {
                "Document.cookie getter": 44,
                "window.localStorage": 42
            },
            "sites": 44,
            "prevalence": 0.000599,
            "cnames": [],
            "responseHashes": [
                "9c57c57febc453bbcb27cec6e4e6bb5ad6b9ec23879fb9df7801827da96c5721",
                "e2c719d65b191602ad8f41b1ec2748eb183ad6bead9e4eab51e3e6a4919bf27d",
                "cfa4ec5b5d5c90cfab93ea448fbe7436feee5885f7fe2ac046a8af52749742ea",
                "7076074714052c6debe3581db32325c2c9c5609d07c909dc1e7d2c7d5afb933e",
                "0690a55bcd61ef02f67efc1708123da0f0e3e544b9f8a8757f7134d14280df26",
                "10be24cb47f3f19325d11eed916f8c52561272872ff81852d22acb159eebe815",
                "03467857f003e975584ffa2a624032e9b9b42364e44fd3247f515ddf9d904b10",
                "3178c010a6684c9adc74f25eecb12d93bf390c219a23b9139fdce2bd86eec562",
                "b3b56399cba64cbf72eecb6b65ab8ff7d88edd0d8200a7a6712a50781fc3e7c2",
                "e81ea169b5c04d09b365b55eb6a3f0c5af110e756d7ba7538941a09295458024",
                "c2bb637273085085b9d7ded62c2f1680ea16e3f17d973a6ccf8e59f8233d81d5",
                "dc0858affb6317370aaff8c78904f8e014d269569f6ec9cb7ef82593669f0748",
                "9c7aee80fe81e4cda1a137783fac752c2d0dc9e6eace3bc09b0f2f121fcf6d1b",
                "c6d468bf73d06f7840df3a3fc06bb2997a79e50eae23c6d337437eba13930419",
                "9ca420e2d8181c55adafb0399ee046386c6cb9e885a85f75c2cd6831d7923bf2",
                "5337f6111a6ab64f954df72a0137cc9650a694062a7710ce08d3140a72951940",
                "947d175ca5ee98c894fb7d1f11f9ef547c4ff8691226163e21c5805ba3714a03",
                "7e837cad33ae96be3ee412aa5e5ecbcdb25f77b3beaae0a4257e04861f217b8a",
                "c9301dec3a888f811d619c6003a963a39c6e59a445f1c60e43272e1c529fbc24",
                "e64a0923b30f32ab5f5be1c38f19fbc486363e96884e16e9825998ec8120f1a5",
                "4e075444e51bc061286466eee045083e637cc0958287a1325f7ff1f229d2ca6f",
                "4098150c5f2c1e70ca84854a5416a4bd186446f9e27db84337f6a3e36639dbac",
                "fe7e7da57de3317e8553c1dc28c6be96cd955ab60d56314abfbb698168880d80",
                "f7798d6df09a01518965b4b1a1a0d98a849f3e5761cd3eebc07c7a126e6fd45a",
                "b6a6a4995c553240ac4984ad4e8657059144f78bb01935679fc35ea844c1eb93",
                "b0d074132b74792643bd6903cd8f0e1d8fdc9d0fdc993926ff1b914f68d5c243",
                "abf66cc160414dee3765f6268d31df92a9a46465584c87009b3702c8779e2535",
                "8b5653d75b27d391476a04efbcd0af15db1dee1f19514d07de6275f6a78e3fee",
                "9035eb1f6a6f2434de7254103916b9c80a0e2bfbd444891241b03c62798aa677",
                "dc50e8610c9d2006fda99258be20276d7328f7683109303cc10190391ddae396",
                "8c6fc5fc43a25f946af2f1b8ba65190dc40554d21a6a431013ab73bf5e313332",
                "e0848602544b215a83a187e8c8721011f5fb3c17fc2bc098c05a990a005d4e7b",
                "4b442216e0d4d07ad50640be6fbe34587af96881fee37c9c63e44796a3a071d2",
                "c7e6bad8028ac0d8127904b93f06435ee79bf559c85adfd615a42fb46ad7037d",
                "cd205a4b10e622d9465aac07a56d91fef78d6624643dce102fd88e70b1553452",
                "59e06d5d65f6e20ab766790dcce0e2f20811c31bfb20054410ba6552c968da4a",
                "2ce6796a3da10c19a453ef21f30ea964312a731c30170b2535044fbbc0061003",
                "11ed4bc6c5a76d31177b8124eded49da44e3e134138cc8fa1a438f4c8729ca4c"
            ],
            "type": "Script",
            "firstPartyCookies": {},
            "firstPartyCookiesSent": {},
            "exampleSites": [
                "www.s-b-c.net",
                "www.ankerjapan.com",
                "aoki-tsuyoshi.com",
                "gmobb.jp",
                "www.digicafe.jp",
                "www.mgt.ekiten.jp",
                "www.dospara.co.jp",
                "www.his-j.com",
                "www.sejuku.net",
                "www.yukoyuko.net",
                "www.sunhoseki.co.jp",
                "ka-style.jp",
                "www.fujicorporation.com",
                "nenga.fumiiro.jp",
                "komehyo.jp",
                "www.netoff.co.jp",
                "www.bizmates.jp",
                "watts-online.jp",
                "www.partyparty.jp",
                "skyticket.jp"
            ]
        }
    ],
    "categories": [],
    "performance": {},
    "cookies": 0,
    "topInitiators": [
        {
            "domain": "googletagmanager.com",
            "prevalence": 0.35
        },
        {
            "domain": "first party",
            "prevalence": 0.3125
        },
        {
            "domain": "yjtag.jp",
            "prevalence": 0.1375
        },
        {
            "domain": "golf-file.net",
            "prevalence": 0.05
        },
        {
            "domain": "home-gym-trainin.com",
            "prevalence": 0.05
        },
        {
            "domain": "tabigogo.net",
            "prevalence": 0.025
        },
        {
            "domain": "marutoku.biz",
            "prevalence": 0.025
        },
        {
            "domain": "saunafit.net",
            "prevalence": 0.025
        },
        {
            "domain": "kaigai-traveller.net",
            "prevalence": 0.025
        }
    ],
    "types": {
        "Script": 44
    },
    "nameservers": [
        "ns-203.awsdns-25.com",
        "ns-702.awsdns-23.net",
        "ns-1062.awsdns-04.org",
        "ns-1922.awsdns-48.co.uk"
    ]
}