{
    "domain": "afilio.com.br",
    "owner": {
        "name": "AFILIO",
        "displayName": "AFILIO"
    },
    "source": [
        "DuckDuckGo-US"
    ],
    "prevalence": 0.0000953,
    "sites": 14,
    "subdomains": [
        "secure",
        "v2"
    ],
    "cnames": [],
    "fingerprinting": 1,
    "resources": [
        {
            "rule": "afilio\\.com\\.br\\/mastertag\\.php",
            "cookies": 0.0000681,
            "fingerprinting": 1,
            "subdomains": [
                "secure"
            ],
            "apis": {
                "Date.prototype.getTime": 2
            },
            "sites": 10,
            "prevalence": 0.0000681,
            "cnames": [],
            "responseHashes": [
                "984108c1415893437965fafebf5a7e9308f89389b62b69354b58c5888ace3804",
                "1b5adad44292630e0d6c054fd31c83d7eb9867d18efc1c91890b41c82c5fd4f4",
                "ba7932f9b113f14b840d856355bbbea39209d6c82751b777ce17f1e010aca5ea",
                "71255454c91952f674f080693d0d8b1db409684aab06fc61caf134017fc022b6",
                "198c42b90ab5bce8ade2be995c0f2f89c5fd05d39434ccc41838d369663e86bd",
                "78f0f9fd2c250d69db24afa64c6a25b7707af6f82c3879abdefb299611d2ba4f",
                "13f400ea1a8d241b1e5d442159dcbb3fe307b7f38324aa08fed4ecd8d85cfd1b"
            ],
            "type": "Script",
            "firstPartyCookies": {},
            "firstPartyCookiesSent": {
                "_hjTLDTest": 0.000006806378938341013
            },
            "exampleSites": [
                "britania.com.br",
                "philco.com.br",
                "portal.anhembi.br",
                "portal.sulamericaseguros.com.br",
                "www.decathlon.com.br",
                "www.jbl.com.br",
                "www.motorola.com.br",
                "www.qconcursos.com",
                "www.stoodi.com.br",
                "www.voegol.com.br"
            ]
        },
        {
            "rule": "afilio\\.com\\.br\\/return_uuid_cookie\\.php",
            "cookies": 0.0000408,
            "fingerprinting": 0,
            "subdomains": [
                "v2"
            ],
            "apis": {},
            "sites": 7,
            "prevalence": 0.0000476,
            "cnames": [],
            "responseHashes": [
                "49eb3e31b4b139f00b9fa7dce9d7606353fc8cbc4eba40aab783cfefb7d92cd1",
                "22597c71eefb1bf8a3b662c5f3095d0e5a7ed5b8713f260a6b5f23de78381ce9",
                "b1b405ed86dd381054ce2c9555bedc9f36a4396a71936c142e9d0e802c849cc5",
                "11d3ebee8e521dc13c9923c3f40116a5a739f8a16c42dbd93748e15f6a9960d8",
                "f2e48f86c1e4459c9845bbbcebfdecbffe84806d27bd6678cc0e8eabb84d7c79",
                "0efe4a2fd3bbe323c759010a99eb144b76ed60bc4332f33cdae8cfb6fd61dd5b"
            ],
            "type": "XHR",
            "firstPartyCookies": {},
            "firstPartyCookiesSent": {},
            "exampleSites": [
                "britania.com.br",
                "philco.com.br",
                "www.decathlon.com.br",
                "www.motorola.com.br",
                "www.qconcursos.com",
                "www.stoodi.com.br",
                "www.voegol.com.br"
            ]
        },
        {
            "rule": "afilio\\.com\\.br\\/tracker_iframe\\.php",
            "cookies": 0.0000136,
            "fingerprinting": 0,
            "subdomains": [
                "v2"
            ],
            "apis": {},
            "sites": 2,
            "prevalence": 0.0000136,
            "cnames": [],
            "responseHashes": [
                "b006116f1c186d1cf6dca460499e3c152a11fb85f7c2a0c7021b80f3f1858040"
            ],
            "type": "Document",
            "firstPartyCookies": {},
            "firstPartyCookiesSent": {},
            "exampleSites": [
                "acidadeon.com",
                "www.acidadeon.com"
            ]
        },
        {
            "rule": "afilio\\.com\\.br\\/banner\\.php",
            "cookies": 0.0000136,
            "fingerprinting": 0,
            "subdomains": [
                "v2"
            ],
            "apis": {},
            "sites": 2,
            "prevalence": 0.0000136,
            "cnames": [],
            "responseHashes": [],
            "type": "Image",
            "firstPartyCookies": {},
            "firstPartyCookiesSent": {},
            "exampleSites": [
                "acidadeon.com",
                "www.acidadeon.com"
            ]
        }
    ],
    "categories": [],
    "performance": {},
    "cookies": 0.0000953,
    "types": {
        "Script": 10,
        "XHR": 7,
        "Document": 2,
        "Image": 2
    },
    "nameservers": [
        "ns-11.awsdns-01.com",
        "ns-969.awsdns-57.net",
        "ns-1128.awsdns-13.org",
        "ns-1553.awsdns-02.co.uk"
    ]
}