{
    "domain": "afilio.com.br",
    "owner": {
        "name": "AFILIO",
        "displayName": "AFILIO"
    },
    "source": [
        "DuckDuckGo-US"
    ],
    "prevalence": 0.000476,
    "sites": 35,
    "subdomains": [
        "secure"
    ],
    "cnames": [],
    "fingerprinting": 1,
    "resources": [
        {
            "rule": "afilio\\.com\\.br\\/mastertag\\.php",
            "cookies": 0.000476,
            "fingerprinting": 1,
            "subdomains": [
                "secure"
            ],
            "apis": {
                "Date.prototype.getTime": 10
            },
            "sites": 35,
            "prevalence": 0.000476,
            "cnames": [],
            "responseHashes": [
                "d3c2cec54bbdfb02667f66910cc4cb42b61829adcff05b0fa1464c5dd4406ca1",
                "ea3ea87565b91dfe4d2aff12c2930b152ea970d613f6f0b2f3895f73cc653765",
                "1b5adad44292630e0d6c054fd31c83d7eb9867d18efc1c91890b41c82c5fd4f4",
                "fdb6b9d987dc17530b6c42d506a392ec363794b9ae4c17e72d623d70e5db48a7",
                "005343cc5fd7db0f35fec9e7e06266df59bf8041311e5345ea9f107fc192065a",
                "d2290df011c36b2e1d78918d21f2ef3e63edc856cb939f22cda070547fedf72d",
                "df142ce5f68f496a9005c63166f40fe0ed789b855f40c22669f0957a4a65f4a8",
                "1edbe10c09e538b0a5e5eb0b6b8e7e5c403426c6af7eae031e69a14aeb2adc98",
                "674dee503486659808d4960121a9cba414944bad0a187cc3ab0d86bbdaa59729",
                "0c5882a3cd15f56b4398432fb1c8eef3866e9ceb35696b9caee3873604b3f978",
                "e35b2195628bde1cd527a26d6380791b98b79f6852f599520b84f9d0c042f768",
                "5ee4fc399da5e6eca0d144164dee1fc078446223538c4d9e926cbdcc182470ad",
                "813733824e9859f50bda13c939dce2441286875c9b3fc1128ffdb481fc50a5e4",
                "81228aa76f6bfa0b93791a0b338fad152ba5e2da5544ed669ebed09f4ebfab2d",
                "3bf50358d1be450f1b563abc188d8062cad2b1da9ae4fbe81903f9469a0eaa84",
                "e4e79dd54fe1ab579ca9c3a4f7e1d046b896e9edf25208f6efd616a9cd72459d",
                "1dc0b2c503727db1c4ab27e366e7521997700215dd216d7a7b1080da8bb18205",
                "eda79874e26b147700e7e79c4666bdf1960fb616217b67cda11fcb70c5e0adc6",
                "78f0f9fd2c250d69db24afa64c6a25b7707af6f82c3879abdefb299611d2ba4f",
                "8f987c0707af11a1984b711764d8f8bd30b9f1c9d12a82449ebe4df040caf9fe",
                "56e9def255d5c689e704c3d7a12811ff387907f99840556d36116cd39e0e4a3e",
                "75cfd556fda7232020db90556782f7b6885675beb766feca806526000d754bc1"
            ],
            "type": "Script",
            "firstPartyCookies": {},
            "firstPartyCookiesSent": {
                "origem_awin": 0.000013612109332462159,
                "utm_source": 0.000013612109332462159,
                "clickid": 0.000013612109332462159,
                "_hjTLDTest": 0.000027224218664924318,
                "_prevPage": 0.000013612109332462159,
                "_schn": 0.000013612109332462159
            },
            "exampleSites": [
                "www.ead.senac.br",
                "www.voegol.com.br",
                "www.ton.com.br",
                "www.kipling.com.br",
                "www.empregos.com.br",
                "www.leroymerlin.com.br",
                "www.stoodi.com.br",
                "saude.sulamericaseguros.com.br",
                "deonibus.com",
                "contratecontrole.tim.com.br",
                "www.jbl.com.br",
                "thebar.com",
                "www.lance24h.com.br",
                "timlive.tim.com.br",
                "portal.sulamericaseguros.com.br",
                "www.mercadobitcoin.com.br",
                "www.fretebras.com.br",
                "www.polishop.com.br",
                "www.cruzeirodosulvirtual.com.br",
                "www.acordocerto.com.br"
            ]
        }
    ],
    "categories": [],
    "performance": {},
    "cookies": 0.000476,
    "topInitiators": [
        {
            "domain": "googletagmanager.com",
            "prevalence": 0.8611111111111112
        },
        {
            "domain": "first party",
            "prevalence": 0.1111111111111111
        },
        {
            "domain": "adobedtm.com",
            "prevalence": 0.027777777777777776
        }
    ],
    "types": {
        "Script": 35
    },
    "nameservers": [
        "ns-1553.awsdns-02.co.uk",
        "ns-11.awsdns-01.com",
        "ns-969.awsdns-57.net",
        "ns-1128.awsdns-13.org"
    ]
}