{
    "domain": "aggle.net",
    "owner": {},
    "source": [
        "DuckDuckGo-US"
    ],
    "prevalence": 0.000973,
    "sites": 143,
    "subdomains": [],
    "cnames": [],
    "fingerprinting": 0,
    "resources": [
        {
            "rule": "aggle\\.net\\/iframe",
            "cookies": 0.0000408,
            "fingerprinting": 0,
            "subdomains": [],
            "apis": {},
            "sites": 81,
            "prevalence": 0.000551,
            "cnames": [],
            "responseHashes": [
                "7ec3eee9f6a63c6292b62dd79706ec73f3c0183e5820e3d7bd1215c17f17b149",
                "28e3f9da54e974ab62a6fac0042200f0841b37df5ba19f65452d5359cb3d9b09",
                "f70b370debd085dd9e9fb6495c796cdccf41c44574cc185dbe124f3ea8237623",
                "0e9750de1b26ce047b634c7e2012cf46f450a6671fe7861572c08bc3f840b16d",
                "e461a9c5a9af3a5a4cc07d01762654c7482fd40ff33c4270ec33031ca9c4766b",
                "73b83fd2de6dd817c7e53e2b0ab60ebacb82aa6a4f3339f0785c212254ef0b0a",
                "e8bab05433e387e7fe695dd5f687403f5e5e0647dacf994d31680d66208a4a21"
            ],
            "type": "Document",
            "firstPartyCookies": {},
            "firstPartyCookiesSent": {},
            "exampleSites": [
                "www.digitaltrends.com",
                "therightscoop.com",
                "www.heysigmund.com",
                "minecraft.novaskin.me",
                "jpgtube.com",
                "seasonsyear.com",
                "aspergerstest.net",
                "www.godisageek.com",
                "www.gold-traders.co.uk",
                "theastrologyplacemembership.com",
                "newsthump.com",
                "onepeterfive.com",
                "ayuhuid.nl",
                "howtospecialist.com",
                "www.suomenmaa.fi",
                "www.happysprout.com",
                "www.dialog.ua",
                "www.couponannie.com",
                "www.iloveoldschoolmusic.com",
                "www.themanual.com"
            ]
        },
        {
            "rule": "aggle\\.net\\/ifrsync",
            "cookies": 0.000551,
            "fingerprinting": 0,
            "subdomains": [],
            "apis": {},
            "sites": 81,
            "prevalence": 0.000551,
            "cnames": [],
            "responseHashes": [
                "f70b370debd085dd9e9fb6495c796cdccf41c44574cc185dbe124f3ea8237623",
                "3470fbf6a2d63304a43a7d6ae250cef4dd766805a12f9fdf669cabbb306c3f14",
                "beb4f5e0de8f5451d91df52ade5eb4cf6a3141b16ae7b98243336c6a9f95251f",
                "c0f0a03d5910b4e4dcd5273ef5ace7eb97846fc2c03e560d996af90fcf231685",
                "05311f4bca83abe0fffb361b6c62d295c03667fc5af4a4ac96c7c921da1c58a8",
                "54149542b76c157ea4efe91b028546ac1df10b75c4e5c405ed52dbd78750ad33",
                "73e2249d2fb2595919e641010c8b4e8c70d5078decb0528f05ab88f0e1c5be6d"
            ],
            "type": "Document",
            "firstPartyCookies": {},
            "firstPartyCookiesSent": {},
            "exampleSites": [
                "www.digitaltrends.com",
                "therightscoop.com",
                "theastrologyplacemembership.com",
                "insights.dice.com",
                "www.gold-traders.co.uk",
                "www.mathcelebrity.com",
                "textgod.com",
                "busyteacher.org",
                "www.dementia.org",
                "yourcinema.azurewebsites.net",
                "woundcaresociety.org",
                "bluzz.org",
                "scientias.nl",
                "krudplug.net",
                "www.swisscycles.com",
                "blogs.bmj.com",
                "www.papillesetpupilles.fr",
                "www.couponannie.com",
                "www.happysprout.com",
                "empirenews.net"
            ]
        }
    ],
    "categories": [],
    "performance": {},
    "cookies": 0.000967,
    "types": {
        "Document": 162
    },
    "nameservers": [
        "ns-380.awsdns-47.com",
        "ns-948.awsdns-54.net",
        "ns-1027.awsdns-00.org",
        "ns-1802.awsdns-33.co.uk"
    ]
}