{
    "domain": "aggle.net",
    "owner": {},
    "source": [
        "DuckDuckGo-US"
    ],
    "prevalence": 0.0000761,
    "sites": 11,
    "subdomains": [],
    "cnames": [],
    "fingerprinting": 0,
    "resources": [
        {
            "rule": "aggle\\.net\\/iframe",
            "cookies": 0.0000484,
            "fingerprinting": 0,
            "subdomains": [],
            "apis": {},
            "sites": 7,
            "prevalence": 0.0000484,
            "cnames": [],
            "responseHashes": [
                "6b4c88393e79b84dcdaf95194af466ffbe93dae21cc3ed19aba2b178e1683668",
                "3a0b166956ac083aca9599133999f770a98a4e912ffc106a1bd5e43ab8cd5491",
                "1665d17603a70923a6ff293134155a506442053825863544200899d882c18a2e",
                "016d15f8bcf0f9a9173a41d5f4d619605d1ebf9652b30e0cad2d496e625d2600",
                "ed5f402cfc4f17ce45afdcd26be4b418e3312f732818f08ec8fd30a001ddf6e5",
                "3fbd07eacae581bf961e19e0b0c788ddeac1de3b35282af8deb1122eaa726a1a"
            ],
            "type": "Document",
            "firstPartyCookies": {},
            "firstPartyCookiesSent": {},
            "exampleSites": [
                "digitaltrends.com",
                "es.digitaltrends.com",
                "www.21oak.com",
                "www.digitaltrends.com",
                "www.happysprout.com",
                "www.pawtracks.com",
                "www.themanual.com"
            ]
        }
    ],
    "categories": [],
    "performance": {},
    "cookies": 0.0000761,
    "types": {
        "Document": 7
    },
    "nameservers": [
        "ns-380.awsdns-47.com",
        "ns-948.awsdns-54.net",
        "ns-1027.awsdns-00.org",
        "ns-1802.awsdns-33.co.uk"
    ]
}