{
    "domain": "agit174.com",
    "owner": {},
    "source": [
        "DuckDuckGo-US"
    ],
    "prevalence": 0.0000681,
    "sites": 5,
    "subdomains": [],
    "cnames": [],
    "fingerprinting": 3,
    "resources": [
        {
            "rule": "agit174\\.com\\/",
            "cookies": 0,
            "fingerprinting": 0,
            "subdomains": [],
            "apis": {},
            "sites": 5,
            "prevalence": 0.0000681,
            "cnames": [],
            "responseHashes": [
                "78aa0ac7028b9d85edacf46a0e81a6d94e0d469c34889e9b910bc0f35f0b678f",
                "5a298c44db0e0b1923377222f1a762f8866ede6c7ae191bb8837e17376eb5401",
                "0561f062ef8143d34896a5a5d506985033441722409336ac4461c07815806bfb",
                "a7e71396aa650d20701226ba1eb93d38c8c66fdd44e989182943820fbbb88aeb"
            ],
            "type": "Document",
            "firstPartyCookies": {},
            "firstPartyCookiesSent": {},
            "exampleSites": [
                "agit166.com",
                "agit167.com",
                "agit168.com",
                "agit169.com",
                "agit165.com"
            ]
        },
        {
            "rule": "agit174\\.com\\/cdn-cgi\\/styles\\/challenges\\.css",
            "cookies": 0,
            "fingerprinting": 0,
            "subdomains": [],
            "apis": {},
            "sites": 5,
            "prevalence": 0.0000681,
            "cnames": [],
            "responseHashes": [
                "faa67d3b2b2220dc526c921c1fc47df5b956559a293d5e07fbaf58a52462f6bd"
            ],
            "type": "Stylesheet",
            "firstPartyCookies": {},
            "firstPartyCookiesSent": {},
            "exampleSites": [
                "agit166.com",
                "agit167.com",
                "agit168.com",
                "agit169.com",
                "agit165.com"
            ]
        },
        {
            "rule": "agit174\\.com\\/favicon\\.ico",
            "cookies": 0,
            "fingerprinting": 0,
            "subdomains": [],
            "apis": {},
            "sites": 5,
            "prevalence": 0.0000681,
            "cnames": [],
            "responseHashes": [
                "17f1a69fc9343cd0cbe5146cdfdbf34a7cf1ee9d6abb1e3e5091aac869a15380",
                "5295f2ae4a79b567aa502941c27d74b1b42642009f8d730ae31633aaad17cd4f",
                "a40ba3ea12af2894b0420c4b8d4df4a97ec22ae288bb3f301fd8a446072e55a8",
                "38ecbd54141db55bb50b0845f306c01fa21dc8c73d7fcac7b53a4877f02d5a9d"
            ],
            "type": "Image",
            "firstPartyCookies": {},
            "firstPartyCookiesSent": {},
            "exampleSites": [
                "agit166.com",
                "agit167.com",
                "agit168.com",
                "agit169.com",
                "agit165.com"
            ]
        },
        {
            "rule": "agit174\\.com\\/cdn-cgi\\/challenge-platform\\/h\\/b\\/orchestrate\\/managed\\/v1",
            "cookies": 0.0000544,
            "fingerprinting": 3,
            "subdomains": [],
            "apis": {
                "Date.prototype.getTime": 5,
                "HTMLCanvasElement.prototype.toDataURL": 4,
                "Navigator.prototype.plugins": 4,
                "Performance.prototype.memory": 3,
                "window.name": 3,
                "window.innerWidth": 3,
                "window.innerHeight": 3,
                "window.screenX": 3,
                "window.screenY": 3,
                "window.outerWidth": 3,
                "window.outerHeight": 3,
                "window.devicePixelRatio": 3,
                "window.screenLeft": 3,
                "window.screenTop": 3,
                "window.indexedDB": 3,
                "window.sessionStorage": 3,
                "window.localStorage": 3,
                "Document.cookie setter": 4,
                "Document.cookie getter": 5,
                "PerformanceTiming.prototype.navigationStart": 3,
                "window.matchMedia(\"prefers-color-scheme\")": 3,
                "Navigator.prototype.cookieEnabled": 1,
                "Navigator.prototype.userAgent": 3,
                "Navigator.prototype.platform": 3
            },
            "sites": 5,
            "prevalence": 0.0000681,
            "cnames": [],
            "responseHashes": [
                "b6c8e0fa2e49dd062b4c09a891c0aef798fe658efde77408250501024b7d4912",
                "15f6d5b9bff30773d400e11c1f03d278630a3f0f92dfa56e63994cd89bd431a8",
                "b1f19a17560c2b85eb637e17ddd750cb04827d309773052027d49c17e2166809",
                "61d5e3c79479b68a6ce89265e5f450610833e8758fa9906a1152f5c1bbcd154d"
            ],
            "type": "Script",
            "firstPartyCookies": {
                "cf_chl_rc_m": {
                    "ttl": 3603,
                    "length": 1,
                    "prevalence": 0.000027224218664924318,
                    "uniqueness": 0.5
                }
            },
            "firstPartyCookiesSent": {},
            "exampleSites": [
                "agit166.com",
                "agit167.com",
                "agit168.com",
                "agit169.com",
                "agit165.com"
            ]
        },
        {
            "rule": "agit174\\.com\\/cdn-cgi\\/images\\/trace\\/managed\\/js\\/transparent\\.gif",
            "cookies": 0,
            "fingerprinting": 0,
            "subdomains": [],
            "apis": {},
            "sites": 5,
            "prevalence": 0.0000681,
            "cnames": [],
            "responseHashes": [
                "1866961a029c65376fefb7f2ba1e6187e09ff50ea58d97dedfd72c197947d002"
            ],
            "type": "Image",
            "firstPartyCookies": {},
            "firstPartyCookiesSent": {},
            "exampleSites": [
                "agit166.com",
                "agit167.com",
                "agit168.com",
                "agit169.com",
                "agit165.com"
            ]
        }
    ],
    "categories": [],
    "performance": {},
    "cookies": 0.0000544,
    "types": {
        "Document": 5,
        "Stylesheet": 5,
        "Image": 10,
        "Script": 5
    },
    "nameservers": [
        "kate.ns.cloudflare.com",
        "nolan.ns.cloudflare.com"
    ]
}