{
    "domain": "air.tv",
    "owner": {},
    "source": [
        "DuckDuckGo-US"
    ],
    "prevalence": 0.000114,
    "sites": 16,
    "subdomains": [
        "embed",
        "cdn-sp-s3",
        "events",
        "counts",
        "event-listener"
    ],
    "cnames": [],
    "fingerprinting": 1,
    "resources": [
        {
            "rule": "air\\.tv\\/v1\\/twoview_bootstrap\\.js",
            "cookies": 0,
            "fingerprinting": 1,
            "subdomains": [
                "embed"
            ],
            "apis": {
                "Navigator.prototype.userAgent": 7
            },
            "sites": 10,
            "prevalence": 0.0000715,
            "cnames": [],
            "responseHashes": [
                "008488b605763a82b54083e563a24a39f147bea417009ee8b6fbf9dbdf11b43a",
                "7c05d73044ecbecc98ce7b0d7c3566b5966707147c899b2b9addb4359a98fa63",
                "c235f2223314e513a1631fc6b4e64cb05c6da5b1528f00289de0cd5838c3764a",
                "e169103d08a63ef5fcd1c5cd16995118fa78f7da747534d8956a5980a9c5b736",
                "840f5c6ad7803863ba8682b83af4d5dd10c9bc1002e41deda896a2bb43dd8051",
                "024193996460c4640d6e1bcecc9885283b5b25720ab65515d7fa4b14f5296ec8",
                "dff155068db35eea100ebd95d9c2a3daf542104cdc51754ce07fa16f7ee4a5c8",
                "79568bc33d0762f1772bba6103b27878b5ad4f3d21156712d564682ac0905179"
            ],
            "type": "Script",
            "firstPartyCookies": {},
            "firstPartyCookiesSent": {},
            "exampleSites": [
                "didyouknowfacts.com",
                "hiphopdx.com",
                "meaww.com",
                "okmagazine.com",
                "radaronline.com",
                "trendingpolitics.com",
                "www.americanthinker.com",
                "www.goodnewsnetwork.org",
                "www.ranker.com",
                "www.sohh.com"
            ]
        },
        {
            "rule": "air\\.tv\\/airtv\\.js\\/v\\/2022-03-04_03-51-58\\/twoview-1\\.0\\.js",
            "cookies": 0,
            "fingerprinting": 1,
            "subdomains": [
                "cdn-sp-s3"
            ],
            "apis": {
                "Navigator.prototype.userAgent": 2,
                "window.localStorage": 1
            },
            "sites": 2,
            "prevalence": 0.0000143,
            "cnames": [],
            "responseHashes": [
                "0e655e5719cb0b0cd7d6f377dfb18940c26479d464b23de35f8ffa3fd83e51b8"
            ],
            "type": "Script",
            "firstPartyCookies": {},
            "firstPartyCookiesSent": {},
            "exampleSites": [
                "didyouknowfacts.com",
                "www.sohh.com"
            ]
        },
        {
            "rule": "air\\.tv\\/airtv\\.js\\/v\\/2022-03-02_14-04-35\\/twoview-1\\.0\\.js",
            "cookies": 0,
            "fingerprinting": 1,
            "subdomains": [
                "cdn-sp-s3"
            ],
            "apis": {
                "Navigator.prototype.userAgent": 7,
                "window.localStorage": 7
            },
            "sites": 8,
            "prevalence": 0.0000572,
            "cnames": [],
            "responseHashes": [
                "64aa086d94764ed1fea511ef5ecfcb69fa0f6d5b1172d0169c32a12b3766475c"
            ],
            "type": "Script",
            "firstPartyCookies": {},
            "firstPartyCookiesSent": {},
            "exampleSites": [
                "hiphopdx.com",
                "meaww.com",
                "okmagazine.com",
                "radaronline.com",
                "trendingpolitics.com",
                "www.americanthinker.com",
                "www.goodnewsnetwork.org",
                "www.ranker.com"
            ]
        },
        {
            "rule": "air\\.tv\\/script-loads",
            "cookies": 0,
            "fingerprinting": 0,
            "subdomains": [
                "events"
            ],
            "apis": {},
            "sites": 9,
            "prevalence": 0.0000643,
            "cnames": [],
            "responseHashes": [],
            "type": "Preflight",
            "firstPartyCookies": {},
            "firstPartyCookiesSent": {},
            "exampleSites": [
                "hiphopdx.com",
                "meaww.com",
                "okmagazine.com",
                "radaronline.com",
                "trendingpolitics.com",
                "www.americanthinker.com",
                "www.goodnewsnetwork.org",
                "www.ranker.com",
                "www.sohh.com"
            ]
        },
        {
            "rule": "air\\.tv\\/social-embed-loads",
            "cookies": 0,
            "fingerprinting": 0,
            "subdomains": [
                "events"
            ],
            "apis": {},
            "sites": 4,
            "prevalence": 0.0000286,
            "cnames": [],
            "responseHashes": [],
            "type": "Preflight",
            "firstPartyCookies": {},
            "firstPartyCookiesSent": {},
            "exampleSites": [
                "hiphopdx.com",
                "meaww.com",
                "trendingpolitics.com",
                "www.sohh.com"
            ]
        },
        {
            "rule": "air\\.tv\\/script-loads",
            "cookies": 0,
            "fingerprinting": 0,
            "subdomains": [
                "events"
            ],
            "apis": {},
            "sites": 9,
            "prevalence": 0.0000643,
            "cnames": [],
            "responseHashes": [
                "e3b0c44298fc1c149afbf4c8996fb92427ae41e4649b934ca495991b7852b855"
            ],
            "type": "XHR",
            "firstPartyCookies": {},
            "firstPartyCookiesSent": {},
            "exampleSites": [
                "hiphopdx.com",
                "meaww.com",
                "okmagazine.com",
                "radaronline.com",
                "trendingpolitics.com",
                "www.americanthinker.com",
                "www.goodnewsnetwork.org",
                "www.ranker.com",
                "www.sohh.com"
            ]
        },
        {
            "rule": "air\\.tv\\/social-embed-loads",
            "cookies": 0,
            "fingerprinting": 0,
            "subdomains": [
                "events"
            ],
            "apis": {},
            "sites": 4,
            "prevalence": 0.0000286,
            "cnames": [],
            "responseHashes": [
                "e3b0c44298fc1c149afbf4c8996fb92427ae41e4649b934ca495991b7852b855"
            ],
            "type": "XHR",
            "firstPartyCookies": {},
            "firstPartyCookiesSent": {},
            "exampleSites": [
                "hiphopdx.com",
                "meaww.com",
                "trendingpolitics.com",
                "www.sohh.com"
            ]
        },
        {
            "rule": "air\\.tv\\/v1\\/youtube_embed",
            "cookies": 0,
            "fingerprinting": 0,
            "subdomains": [
                "embed"
            ],
            "apis": {},
            "sites": 2,
            "prevalence": 0.0000143,
            "cnames": [],
            "responseHashes": [
                "e3b0c44298fc1c149afbf4c8996fb92427ae41e4649b934ca495991b7852b855"
            ],
            "type": "XHR",
            "firstPartyCookies": {},
            "firstPartyCookiesSent": {},
            "exampleSites": [
                "sohh.com",
                "www.sohh.com"
            ]
        },
        {
            "rule": "air\\.tv\\/player-loads",
            "cookies": 0,
            "fingerprinting": 0,
            "subdomains": [
                "events",
                "counts"
            ],
            "apis": {},
            "sites": 2,
            "prevalence": 0.0000143,
            "cnames": [],
            "responseHashes": [],
            "type": "Preflight",
            "firstPartyCookies": {},
            "firstPartyCookiesSent": {},