{
    "domain": "airfind.com",
    "owner": {},
    "source": [
        "DuckDuckGo-US"
    ],
    "prevalence": 0.0000969,
    "sites": 14,
    "subdomains": [
        "api"
    ],
    "cnames": [],
    "fingerprinting": 0,
    "resources": [
        {
            "rule": "airfind\\.com\\/adPlacement\\/v1",
            "cookies": 0.000083,
            "fingerprinting": 0,
            "subdomains": [
                "api"
            ],
            "apis": {},
            "sites": 13,
            "prevalence": 0.0000899,
            "cnames": [],
            "responseHashes": [
                "7e86667025cb3cf1414b3f32b5385cd8062cbc506df24f9dcfa484e9edb348db",
                "f8f6715a58da31d7c55abfbfab6372552c0b3e971283878df225e04126a825e2",
                "4fa4e86615a73c907a9789ba648232e7ed36b7ee413064a8f421d19ab31b719d",
                "87b9d2616c42b618f144e4d7c97548781fb6868ba5437ef9ff51106368ef8588",
                "d67d06f3fb564a6a193fa5d482b9be4f476832f0c380f73ffa95b76be86df407",
                "f104679b372e001c55cd499e6406eeb508a22622368c6765cff79a2692552cc6",
                "a0f17c542ace5f42063f14ad83f81c24595e2a24aadc73d71635ece40c05ac25",
                "31ee736eff0f09334db47bf99d42f74cbe7ad9eb38cddc601836ee514846db32"
            ],
            "type": "XHR",
            "firstPartyCookies": {},
            "firstPartyCookiesSent": {},
            "exampleSites": [
                "petdt.com",
                "smartglasseshub.com",
                "thesilphroad.com",
                "tiremeetsroad.com",
                "treatcurefast.com",
                "wordunscrambler.com",
                "www.democraticunderground.com",
                "www.indifferentlanguages.com",
                "www.lawnmowerforum.com",
                "www.thecalculatorsite.com",
                "www.thecrazyprogrammer.com",
                "www.tryfitfirst.com",
                "www.wownm.com"
            ]
        }
    ],
    "categories": [],
    "performance": {},
    "cookies": 0.0000899,
    "types": {
        "XHR": 13
    },
    "nameservers": [
        "ns1.airfind.com",
        "ns2.airfind.com"
    ]
}