{
    "domain": "aliyun.com",
    "owner": {
        "name": "Alibaba Group",
        "displayName": "Alibaba"
    },
    "source": [
        "DuckDuckGo-US"
    ],
    "prevalence": 0.000123,
    "sites": 9,
    "subdomains": [
        "cf"
    ],
    "cnames": [],
    "fingerprinting": 0,
    "resources": [
        {
            "rule": "aliyun\\.com\\/nvc\\/nvcPrepare\\.jsonp",
            "cookies": 0,
            "fingerprinting": 0,
            "subdomains": [
                "cf"
            ],
            "apis": {},
            "sites": 2,
            "prevalence": 0.0000272,
            "cnames": [],
            "responseHashes": [
                "2f1dae713691f3377990f4c130184c6283f08d43563c8fd31838b79a3947632f"
            ],
            "type": "Script",
            "firstPartyCookies": {},
            "firstPartyCookiesSent": {
                "Hm_lvt_644763986e48f2374d9118a9ae189e14": 0.000013612109332462159,
                "Hm_lpvt_644763986e48f2374d9118a9ae189e14": 0.000013612109332462159
            },
            "exampleSites": [
                "leetcode.cn",
                "www.58pic.com"
            ]
        },
        {
            "rule": "aliyun\\.com\\/nocaptcha\\/initialize\\.jsonp",
            "cookies": 0,
            "fingerprinting": 0,
            "subdomains": [
                "cf"
            ],
            "apis": {},
            "sites": 7,
            "prevalence": 0.0000953,
            "cnames": [],
            "responseHashes": [
                "f6fd1db8860253d4f00af8da9322f20a7aa609f069459bf801c5b562c747709c",
                "2234cea9e9015c8391483fe70db62dab834adef79f7d0f068b3f5905aa11c3a8",
                "c1be1cf301ae52e5e94cc43d645d3178939d85bd8057dbae3305b294b874574b",
                "4be7ecb1a05c1a11a304df0fa877115b433d952e4e71471d0cd68cfa42b4d708",
                "3d02101d224e0e059dd37957dc0b3afcc3ce360c6ff6e60fe37fd44720ec9ae8",
                "3a81298ac7ca612a4e85bd2d1d185fc8419d804134be697554b5d558b1a4fb6c"
            ],
            "type": "Script",
            "firstPartyCookies": {},
            "firstPartyCookiesSent": {
                "Hm_lvt_644763986e48f2374d9118a9ae189e14": 0.000013612109332462159,
                "Hm_lpvt_644763986e48f2374d9118a9ae189e14": 0.000013612109332462159
            },
            "exampleSites": [
                "daraz.pk",
                "member.daraz.com.bd",
                "member.daraz.pk",
                "sellercenter.daraz.pk",
                "sellercenter.daraz.com.bd",
                "sellercenter.daraz.lk",
                "www.58pic.com"
            ]
        }
    ],
    "categories": [],
    "performance": {},
    "cookies": 0,
    "topInitiators": [
        {
            "domain": "alicdn.com",
            "prevalence": 1
        }
    ],
    "types": {
        "Script": 9
    },
    "nameservers": [
        "ns3.aliyun.com",
        "ns4.aliyun.com",
        "ns5.aliyun.com"
    ]
}