{
    "domain": "altmetric.com",
    "owner": {},
    "source": [
        "DuckDuckGo-US"
    ],
    "prevalence": 0.000422,
    "sites": 59,
    "subdomains": [
        "badges",
        "api"
    ],
    "cnames": [],
    "fingerprinting": 0,
    "resources": [
        {
            "rule": "altmetric\\.com\\/",
            "cookies": 0,
            "fingerprinting": 0,
            "subdomains": [
                "badges"
            ],
            "apis": {},
            "sites": 37,
            "prevalence": 0.000265,
            "cnames": [],
            "responseHashes": [
                "1153f82c13ef772b176da468b5eb7c0c07ee8cb0d5d0cbd47ae8e9f23bbe7814",
                "4d1f8a9a840c731e3688b45eb21d985f4b89733e18d590bbbf2f1265d1712225",
                "7563d0425518f42e76c8e8a6287e517a15350c51ef2d46d3f75a792e2d1bfd94",
                "e4113f98502d3909e2f23564894db0fa453935a1c5e9ce9995990da425431015",
                "6d75780d4c2465bf9f6215212d42cf48eae723ff286851b6cb19933687e34323",
                "59fdef03356523fa8a5a41a8c0887f57dbeeb34a16600a2616c84e6dfb319953",
                "8524a2dff82054428d5ff28a15d3a97773a30e365450ca396da2583d041cdb60",
                "8245582751d8001ff5ea053ab703293d07210b0051d60621f8ae464b6145ee7b",
                "686d6b8b1ba0a32d94f4a39e09e52fc6142c1ba224f390d0fe3b84d401ffc46e",
                "6936a22bb751ef2051e493804b71aea332707378ac692009b867be708ef94306",
                "c950c69ceb8bc30a430704fc67e9b48876868b699f83ce00f4df2b364f403d1e",
                "5e099b9d63cc6a0ebab642d6f429b2eb569dbb638f69cfde571a4190ef681a09",
                "91bbb41dbbc36ac3f0dc7b2aff58d3e213d290e31d652e6c9ee93858672089dd",
                "49158a06ab4250c68de8d6d2ab5a66a2bb6f24aee17b9fcce4e61539fab0a707",
                "4226d0bb6d03f17470c4206517b64c00f8538714bd899ac7ba7046a1806a7f39",
                "a6bbaecbbc7ca9cc1bc9e938ab66fedab7b87160376eebb2543669b3b1652396",
                "7172c50fcda79017ec8ad1aba58fa14cf3995da110e2d85cf6a51f9af4e94fdc",
                "f0a543c868e968a2f5565938d31421797a54be88d9268c16eb61589df049704c",
                "84bb0e8919c1fe3f314d074d8b967f6e428bd2a875786d7eee10c758b5350a62",
                "b0ec88dadd68be2629295e3162364a2396d5e281d5563bb5c4b11cfca9f2aa09",
                "4d2e4ccb7702779b7707749424e9de64a444d4dacbe52666f9c43d179da70a0e",
                "d63546a8811cec2a13cdfedb34c6d1c7b02f9988a38b380583c42b904aeabbbc",
                "f4efe415a6d6e90be9888dd9be5cb5c127a4becb8b1172d15a596e44de769165",
                "5e3eb8b8510f214104e81978bbcd426cbdd5e8c0c6017f18d30192518e41a959",
                "306f293967652e672d385d873e98a67ca7004e6007abfab58b28eef370e63f8f",
                "9b9166e888e115edea265fa6b5847d1a704109d92a07c92a40819997ec59c5f2",
                "3b2effc5f46af65f6db7f03c6a57b894e876b6fd7c6d972e6f2b87d7d74efcba",
                "3f0e05f47d215c2a3a0889516d4b8431fe7e1546da57c60bef1e303276ef22bd",
                "6a3c6e53b3a92d95a9a29ba58a47e72d4c524a946ce3171e6a3f9fb2a5256225",
                "779fbad289ac075c92993509784c290c3b9bb96c30293e25412785ea785eafea",
                "880d50cc875a923a364a98646edc6388dd2d18a77a68ee7e9966438f9dc78770",
                "8f98e62beaa2bd78447494392a7cddb8383fa507f61b6cdc56e97689d450052e"
            ],
            "type": "Image",
            "firstPartyCookies": {},
            "firstPartyCookiesSent": {},
            "exampleSites": [
                "diabetesjournals.org",
                "journals.aps.org",
                "www.nature.com",
                "research-portal.uea.ac.uk",
                "researchers.anu.edu.au",
                "research.monash.edu",
                "bjsm.bmj.com",
                "direct.mit.edu",
                "jnnp.bmj.com",
                "pure.qub.ac.uk",
                "casereports.bmj.com",
                "www.pnas.org",
                "researchportal.bath.ac.uk",
                "researchportal.helsinki.fi",
                "ascopubs.org",
                "www.ahajournals.org",
                "www.atsjournals.org",
                "scitation.org",
                "www.science.org",
                "www.bmj.com"
            ]
        },
        {
            "rule": "altmetric\\.com\\/v1\\/citations\\/1m",
            "cookies": 0,
            "fingerprinting": 0,
            "subdomains": [
                "api"
            ],
            "apis": {},
            "sites": 2,
            "prevalence": 0.0000143,
            "cnames": [],
            "responseHashes": [
                "200cf1f9ae2144807d463ff415de52c6750c2b8f6fb63586d78693c62ab5f6ad"
            ],
            "type": "XHR",
            "firstPartyCookies": {},
            "firstPartyCookiesSent": {},
            "exampleSites": [
                "bmj.com",
                "jnnp.bmj.com"
            ]
        },
        {
            "rule": "altmetric\\.com\\/v1\\/citations\\/3m",
            "cookies": 0,
            "fingerprinting": 0,
            "subdomains": [
                "api"
            ],
            "apis": {},
            "sites": 4,
            "prevalence": 0.0000286,
            "cnames": [],
            "responseHashes": [
                "a55d318b25adb3e0615963a0f52490b437fb803ffe7a39801fb78c651a98546e",
                "bbe7bb7120212730dde123909ea5dde1df86a8145317a87cea387bfd2b4a2427",
                "e6aae583721d51ab625469e27f2a3c2f07ddd1ec68e060b6b1cc615f6c9aaf52"
            ],
            "type": "XHR",
            "firstPartyCookies": {},
            "firstPartyCookiesSent": {},
            "exampleSites": [
                "bmj.com",
                "casereports.bmj.com",
                "pmj.bmj.com",
                "thorax.bmj.com"
            ]
        },
        {
            "rule": "altmetric\\.com\\/v1\\/doi\\/10\\.1371\\/journal\\.pgen\\.1009836",
            "cookies": 0,
            "fingerprinting": 0,
            "subdomains": [
                "api"
            ],
            "apis": {},
            "sites": 2,
            "prevalence": 0.0000143,
            "cnames": [],
            "responseHashes": [
                "1e615c8cfe1a4d6a27eac2a4219b4f699dbbb85407db35bb0d649415afbf878d"
            ],
            "type": "XHR",
            "firstPartyCookies": {},
            "firstPartyCookiesSent": {},
            "exampleSites": [
                "plos.org",
                "journals.plos.org"
            ]
        }
    ],
    "categories": [],
    "performance": {},
    "cookies": 0,
    "types": {
        "Image": 37,
        "XHR": 8
    },
    "nameservers": [
        "ns-1159.awsdns-16.org",
        "ns-1650.awsdns-14.co.uk",
        "ns-448.awsdns-56.com",
        "ns-824.awsdns-39.net"
    ]
}