{
    "domain": "altmetric.com",
    "owner": {},
    "source": [
        "DuckDuckGo-US"
    ],
    "prevalence": 0.000208,
    "sites": 30,
    "subdomains": [
        "badges",
        "api"
    ],
    "cnames": [],
    "fingerprinting": 0,
    "resources": [
        {
            "rule": "altmetric\\.com\\/",
            "cookies": 0,
            "fingerprinting": 0,
            "subdomains": [
                "badges"
            ],
            "apis": {},
            "sites": 22,
            "prevalence": 0.000152,
            "cnames": [],
            "responseHashes": [
                "00e6df599ef93701fd16ecb6b901762a63371ac9fc3205cdea67188c506065e4",
                "9094761b362e22decd795550fb5e07d712ebc93ec1db3c16fa528f2df26ba254",
                "04cdc904c93e08ebf3996929b9b1bd23d8f24b34fe7572647419a3b952e9b8e1",
                "a2749fd7fa1c4456f27d649412c04e80d312060d9839cc940f2f2401eb805066",
                "cd50d7036ad77c9a00d7228bbc2dc010966d8527177b627afaf7131e149af14d",
                "3a269d48963fa2bec3a3f69675ab755bc5efdffff568c0692ba4158c5ed1c17b",
                "aed1dc5e24755052a58b44d3f6867c70c811ab3c1832da7b562e3fa0f64c844b",
                "8a5a6f9efd26c1f508557330f8edfe80d2b63a7e67f3986b5f00b18c7714060a",
                "53336108f78602899182cf7ff70bb78f30341cdb5ae1e08174de6f8fc5b004ec",
                "71abca1fbec08fc42c95ebf7f9da1e43672176d53129f49e45d9b600681745c5",
                "24ca25248b138b02eacaa5b94ef800cbcc730a76e54b2eee0b4e8b5510bebdc4",
                "cfee6fba104cef07c954c321ef1e3be0ef24b52e140a166e6b89744b69fe65ef",
                "1fe2c96059d8cdfdba114b04776b85db95a597614762d7986ae884df03c4c391",
                "b945ca7b5829e1c014073797540b25c41b81151322a60d77825fb08f8341fb70",
                "9b84bd437086876feea664541c494f6310bdd1bba0fd54697c352d65cdbeb914",
                "351f6bb8c3f4196d9fe2a764df84f58df010c8fa8d8e755e2affb3d873b9c902",
                "98d432435dcbc1e3f5906c85c93f1ff4fa4dfb8b57e08f93cd3c49c2163d5407",
                "1f7316d874cf76151424ea7926f4422d257f7ee74992d4c2b3e215d57a5b5ee6",
                "b33389d2e07f0853aee5aec402b92914514499f1330074e86aef48c2e468bac9"
            ],
            "type": "Image",
            "firstPartyCookies": {},
            "firstPartyCookiesSent": {},
            "exampleSites": [
                "www.tandfonline.com",
                "ajp.psychiatryonline.org",
                "www.cmaj.ca",
                "academic.oup.com",
                "pmj.bmj.com",
                "experts.umn.edu",
                "journals.physiology.org",
                "www.nature.com",
                "read.dukeupress.edu",
                "www.ajnr.org",
                "jme.bmj.com",
                "ashpublications.org",
                "bmjopen.bmj.com",
                "meridian.allenpress.com",
                "oup.com",
                "direct.mit.edu",
                "casereports.bmj.com",
                "heart.bmj.com",
                "link.aps.org",
                "www.healthaffairs.org"
            ]
        },
        {
            "rule": "altmetric\\.com\\/v1\\/citations\\/3m",
            "cookies": 0,
            "fingerprinting": 0,
            "subdomains": [
                "api"
            ],
            "apis": {},
            "sites": 4,
            "prevalence": 0.0000277,
            "cnames": [],
            "responseHashes": [
                "2424b11a656927ec8698153ce889f494a58ed3ff913cf0aa70d0c48e0dafec2b",
                "37d38f885fcdd71aaaf132f6007ee2a13f306ad023805f30aa3c680c548b942a",
                "3a8c38b24d308785577d821e457bc6b84fdb537d80dd9f6b5467dbbc5dbfdeab"
            ],
            "type": "XHR",
            "firstPartyCookies": {},
            "firstPartyCookiesSent": {},
            "exampleSites": [
                "bmj.com",
                "casereports.bmj.com",
                "pmj.bmj.com",
                "thorax.bmj.com"
            ]
        }
    ],
    "categories": [],
    "performance": {},
    "cookies": 0,
    "types": {
        "Image": 22,
        "XHR": 4
    },
    "nameservers": [
        "ns-448.awsdns-56.com",
        "ns-824.awsdns-39.net",
        "ns-1650.awsdns-14.co.uk",
        "ns-1159.awsdns-16.org"
    ]
}