{
    "domain": "analytics-helper.com",
    "owner": {},
    "source": [
        "DuckDuckGo-US"
    ],
    "prevalence": 0.000109,
    "sites": 8,
    "subdomains": [
        "tag",
        "event"
    ],
    "cnames": [],
    "fingerprinting": 1,
    "resources": [
        {
            "rule": "analytics-helper\\.com\\/ans\\/ga",
            "cookies": 0.0000953,
            "fingerprinting": 1,
            "subdomains": [
                "tag"
            ],
            "apis": {
                "Document.cookie getter": 8,
                "window.localStorage": 8,
                "Date.prototype.getTime": 7,
                "Document.cookie setter": 7
            },
            "sites": 8,
            "prevalence": 0.000109,
            "cnames": [],
            "responseHashes": [
                "ec24d7fa9e200ed5b9cefc6059bcc1f3caeb8365b01c64da9be4055be9df2223",
                "5a5ee4a25613480a1ae7941fa43879575a148533b274f781876b2e17de3cb927",
                "f17cf04f223d3a5ec1fa9d603889e1add879f448e96b07d94815148a9453cf45",
                "97ee8abe19084967ce547329d41c158b4f3b33b579d544592966090d9784f576",
                "68698a8743f6e93a6fec55808097b3ddc7a057762cd63aa55460be87c1c2315b",
                "6ae59367572678ea4ed0eb7a96d4cdfdc9a403499be14fbee512ad790481bb58",
                "20aae014cf5e650cbcd14af4839b9cb5cf04dc89fe6a21bd2cbec18bd77fcbdb"
            ],
            "type": "Script",
            "firstPartyCookies": {
                "ga_helper_consent": {
                    "ttl": 31104001,
                    "length": 82,
                    "prevalence": 0.0000952847653272351,
                    "uniqueness": 1
                }
            },
            "firstPartyCookiesSent": {},
            "exampleSites": [
                "cesoirtv.com",
                "www.cidj.com",
                "www.clubic.com",
                "www.laboiterose.fr",
                "www.mesopinions.com",
                "www.mesrecettesfaciles.fr",
                "www.rustica.fr",
                "www.studyrama.com"
            ]
        },
        {
            "rule": "analytics-helper\\.com\\/ans\\/ga\\/data",
            "cookies": 0.000109,
            "fingerprinting": 0,
            "subdomains": [
                "event"
            ],
            "apis": {},
            "sites": 8,
            "prevalence": 0.000109,
            "cnames": [],
            "responseHashes": [
                "02873a6989b02c58778e33f865e2e8d8d39a9b341905c7b7dde521ae45ec1f57",
                "f57156d65937aaa299a89b40e3351d7d87ca855d249ea76cdc23195d3584f888",
                "ea235e8e9149a8e3362d1a4e8f81f6e18fa3d398b4d579546908f44b94f78a32",
                "aba0775a814262c0bcf9a75cdb6615f34f1e2d021b34809c1911446dc81cd226",
                "ca76c74ecad67112c238b0773885cde1c0572fa278d8b0e888199b85b8024432",
                "30b8bbf91628d9dd60e9235b27a979816f32525ae8f71e4c746cc955495ae31f",
                "a17fdf8c8fd02e56112a33edc88411087b59902e36eea3a3ccdd3d4333d72d15"
            ],
            "type": "XHR",
            "firstPartyCookies": {},
            "firstPartyCookiesSent": {
                "_schn": 0.000013612109332462159
            },
            "exampleSites": [
                "cesoirtv.com",
                "www.cidj.com",
                "www.clubic.com",
                "www.laboiterose.fr",
                "www.mesopinions.com",
                "www.mesrecettesfaciles.fr",
                "www.rustica.fr",
                "www.studyrama.com"
            ]
        },
        {
            "rule": "analytics-helper\\.com\\/ans\\/ga\\/forward",
            "cookies": 0.0000681,
            "fingerprinting": 0,
            "subdomains": [
                "event"
            ],
            "apis": {},
            "sites": 5,
            "prevalence": 0.0000681,
            "cnames": [],
            "responseHashes": [
                "e3b0c44298fc1c149afbf4c8996fb92427ae41e4649b934ca495991b7852b855"
            ],
            "type": "XHR",
            "firstPartyCookies": {},
            "firstPartyCookiesSent": {},
            "exampleSites": [
                "cidj.com",
                "www.laboiterose.fr",
                "www.mesopinions.com",
                "www.mesrecettesfaciles.fr",
                "www.studyrama.com"
            ]
        },
        {
            "rule": "analytics-helper\\.com\\/ans\\/ga\\/forward\\/g\\/collect",
            "cookies": 0.0000272,
            "fingerprinting": 0,
            "subdomains": [
                "event"
            ],
            "apis": {},
            "sites": 2,
            "prevalence": 0.0000272,
            "cnames": [],
            "responseHashes": [
                "e3b0c44298fc1c149afbf4c8996fb92427ae41e4649b934ca495991b7852b855"
            ],
            "type": "XHR",
            "firstPartyCookies": {},
            "firstPartyCookiesSent": {
                "_ga": 0.000027224218664924318,
                "_schn": 0.000013612109332462159
            },
            "exampleSites": [
                "clubic.com",
                "www.laboiterose.fr"
            ]
        }
    ],
    "categories": [],
    "performance": {},
    "cookies": 0.000109,
    "topInitiators": [
        {
            "domain": "google-analytics.com",
            "prevalence": 0.48
        },
        {
            "domain": "first party",
            "prevalence": 0.28
        },
        {
            "domain": "googletagmanager.com",
            "prevalence": 0.2
        },
        {
            "domain": "datadoghq-browser-agent.com",
            "prevalence": 0.04
        }
    ],
    "types": {
        "Script": 8,
        "XHR": 15
    },
    "nameservers": [
        "raphaela.ns.cloudflare.com",
        "jihoon.ns.cloudflare.com"
    ]
}