{
    "domain": "aoscdn.com",
    "owner": {},
    "source": [
        "DuckDuckGo-US"
    ],
    "prevalence": 0.000129,
    "sites": 18,
    "subdomains": [
        "cdnweb",
        "gw"
    ],
    "cnames": [],
    "fingerprinting": 1,
    "resources": [
        {
            "rule": "aoscdn\\.com\\/wxhawkeye\\.js",
            "cookies": 0.0000643,
            "fingerprinting": 1,
            "subdomains": [
                "cdnweb"
            ],
            "apis": {
                "Navigator.prototype.cookieEnabled": 9,
                "Document.cookie getter": 9,
                "window.localStorage": 9
            },
            "sites": 9,
            "prevalence": 0.0000643,
            "cnames": [],
            "responseHashes": [
                "669c2e607ff81dc846c6ed455141cf1ff69511c7b340f1a62de60c2dee837d32",
                "a2782adf327e5fb55ac743001d6771c8e90f88cfd4530d3814075b8927692ac5",
                "69faf6ceffb4721e84fe0b95128299211dd901471d73e09c48a03f919b74279b",
                "625cdff10872776b1a0ca28ff6c05b063d454fcbe02776ad0c298d33e1206864",
                "99b9fb33d6a9a381287723edf5a1f1eecfe4009845a85de2057ef758448a0dcb",
                "2ee2cf507fe1a78d6c9a75130afeae7f03a952d4e4f3f840021f323972ab9f0f",
                "0911bd5269b1d011244237744ced84220b36be178717d031cea496e4e1ce3264",
                "51ad0bbbceb5294362068f43d5464484eb0d51a84ac2537e0746d2fb37f43e5f"
            ],
            "type": "Script",
            "firstPartyCookies": {},
            "firstPartyCookiesSent": {},
            "exampleSites": [
                "airmore.com",
                "beecut.com",
                "gitmind.com",
                "letsview.com",
                "lightpdf.com",
                "picwish.com",
                "www.apowersoft.com.br",
                "www.apowersoft.com",
                "www.apowersoft.es"
            ]
        },
        {
            "rule": "aoscdn\\.com\\/base\\/passport\\/v1\\/api\\/apps\\/name",
            "cookies": 0,
            "fingerprinting": 0,
            "subdomains": [
                "gw"
            ],
            "apis": {},
            "sites": 8,
            "prevalence": 0.0000572,
            "cnames": [],
            "responseHashes": [
                "d2ddcbb233e8c91d3feab6164b4538d3536aa21e7d62bea54f77d4cedb206a54",
                "db9e8b4e9791053cd4ed504ca7147c1f9fc0fdacc6d53ecd0311d7e6b9952b0b"
            ],
            "type": "XHR",
            "firstPartyCookies": {},
            "firstPartyCookiesSent": {},
            "exampleSites": [
                "airmore.com",
                "beecut.com",
                "letsview.com",
                "lightpdf.com",
                "picwish.com",
                "www.apowersoft.com.br",
                "www.apowersoft.com",
                "www.apowersoft.es"
            ]
        },
        {
            "rule": "aoscdn\\.com\\/base\\/passport\\/v1\\/api\\/country-codes",
            "cookies": 0,
            "fingerprinting": 0,
            "subdomains": [
                "gw"
            ],
            "apis": {},
            "sites": 3,
            "prevalence": 0.0000214,
            "cnames": [],
            "responseHashes": [
                "b3bf1708039c0322580241f9bf0d3e0c1f66069af4da7b4ed55c037ed96f5e17"
            ],
            "type": "XHR",
            "firstPartyCookies": {},
            "firstPartyCookiesSent": {},
            "exampleSites": [
                "airmore.com",
                "beecut.com",
                "picwish.com"
            ]
        }
    ],
    "categories": [],
    "performance": {},
    "cookies": 0.000129,
    "types": {
        "Script": 9,
        "XHR": 11
    },
    "nameservers": [
        "vip3.alidns.com",
        "vip4.alidns.com"
    ]
}