{
    "domain": "aoscdn.com",
    "owner": {},
    "source": [
        "DuckDuckGo-US"
    ],
    "prevalence": 0.000109,
    "sites": 16,
    "subdomains": [
        "cdnweb",
        "gw"
    ],
    "cnames": [],
    "fingerprinting": 1,
    "resources": [
        {
            "rule": "aoscdn\\.com\\/wxhawkeye\\.js",
            "cookies": 0.0000545,
            "fingerprinting": 1,
            "subdomains": [
                "cdnweb"
            ],
            "apis": {
                "Navigator.prototype.cookieEnabled": 8,
                "Document.cookie getter": 8,
                "window.localStorage": 8
            },
            "sites": 8,
            "prevalence": 0.0000545,
            "cnames": [],
            "responseHashes": [
                "3a47feca515b713167f65e9b4da33924a248b2d1aed09300dc93d06548520d06",
                "ccd12b714cfbb04726fb38ec3f2b4ecadb13623bcf144ffd53cb866756ab438b",
                "22e9bc90ac7563c88dc26bd8a00c383b6c28629a3a19fc2cd846f2466c946e4f",
                "fb74feae4cd9a64430f686c2236286cbb3cb10b0c4574bb323f47185c8e4fdab",
                "2d29c446cfe9598d332a617ea441823ec44437c953543b70b99370d1220ec9d4",
                "f3191881d16fa247aa707571f82b1e36f4c9afa563a2f847fedf7d7b74b7d065",
                "55c268118c61d9c927ec285548c169df4ddb102d67d410dd98d9fe37f5eae336"
            ],
            "type": "Script",
            "firstPartyCookies": {},
            "firstPartyCookiesSent": {},
            "exampleSites": [
                "airmore.com",
                "beecut.com",
                "gitmind.com",
                "letsview.com",
                "lightpdf.com",
                "picwish.com",
                "www.apowersoft.com.br",
                "www.apowersoft.com"
            ]
        },
        {
            "rule": "aoscdn\\.com\\/base\\/passport\\/v1\\/api\\/apps\\/name",
            "cookies": 0,
            "fingerprinting": 0,
            "subdomains": [
                "gw"
            ],
            "apis": {},
            "sites": 7,
            "prevalence": 0.0000476,
            "cnames": [],
            "responseHashes": [
                "d2ddcbb233e8c91d3feab6164b4538d3536aa21e7d62bea54f77d4cedb206a54",
                "db9e8b4e9791053cd4ed504ca7147c1f9fc0fdacc6d53ecd0311d7e6b9952b0b"
            ],
            "type": "XHR",
            "firstPartyCookies": {},
            "firstPartyCookiesSent": {},
            "exampleSites": [
                "airmore.com",
                "beecut.com",
                "letsview.com",
                "lightpdf.com",
                "picwish.com",
                "www.apowersoft.com.br",
                "www.apowersoft.com"
            ]
        },
        {
            "rule": "aoscdn\\.com\\/base\\/passport\\/v1\\/api\\/country-codes",
            "cookies": 0,
            "fingerprinting": 0,
            "subdomains": [
                "gw"
            ],
            "apis": {},
            "sites": 3,
            "prevalence": 0.0000204,
            "cnames": [],
            "responseHashes": [
                "b3bf1708039c0322580241f9bf0d3e0c1f66069af4da7b4ed55c037ed96f5e17"
            ],
            "type": "XHR",
            "firstPartyCookies": {},
            "firstPartyCookiesSent": {},
            "exampleSites": [
                "airmore.com",
                "beecut.com",
                "picwish.com"
            ]
        }
    ],
    "categories": [],
    "performance": {},
    "cookies": 0.000109,
    "types": {
        "Script": 8,
        "XHR": 10
    },
    "nameservers": [
        "vip3.alidns.com",
        "vip4.alidns.com"
    ]
}