{
    "domain": "ap3prod.com",
    "owner": {},
    "source": [
        "DuckDuckGo-US"
    ],
    "prevalence": 0.000083,
    "sites": 12,
    "subdomains": [
        "capture-api"
    ],
    "cnames": [],
    "fingerprinting": 1,
    "resources": [
        {
            "rule": "ap3prod\\.com\\/-\\/events\\/page-event",
            "cookies": 0.0000484,
            "fingerprinting": 0,
            "subdomains": [
                "capture-api"
            ],
            "apis": {},
            "sites": 7,
            "prevalence": 0.0000484,
            "cnames": [],
            "responseHashes": [
                "6661747d0bf54b796ed63bde08b790e26f3060d09cee3357995fb0f20c72d0a6",
                "51189abd4459348aebc44d89607974363fc9a6df79690cf5d595dace018224b3",
                "1e7a7200d7f2bee976f4f814b8b99b5662276bd601076130f37bfb900297bf84",
                "d19244965ffec667f60b0e91859857eeb3f3638e6ca3bd8f803c2f26645a48bf",
                "047a952a6db7fcda448be3f2291bd548f6d983c0f12aba2b80ad56e020a233d5",
                "caffa66cf853125dfc1578708cd527eac4e91f898dec037602154ac72553142c"
            ],
            "type": "XHR",
            "firstPartyCookies": {},
            "firstPartyCookiesSent": {},
            "exampleSites": [
                "dogfood.guide",
                "www.couriersplease.com.au",
                "www.felineliving.net",
                "www.harrisfarm.com.au",
                "www.howtomoonshine.co",
                "www.orgoneenergy.org",
                "www.walcottradio.com"
            ]
        },
        {
            "rule": "ap3prod\\.com\\/-\\/widgets\\/get",
            "cookies": 0,
            "fingerprinting": 0,
            "subdomains": [
                "capture-api"
            ],
            "apis": {},
            "sites": 7,
            "prevalence": 0.0000484,
            "cnames": [],
            "responseHashes": [
                "434b3d83248150c32a77aebd49951ee1bdf814624122f8c7f41ac2a402e0aa17",
                "801a84026f0ed91073575fa91bc86f530328d7f3c9d6e048e1aeb8a5cdd43716",
                "eb9c42b0cc2cc3a68ed84f0b40b4b4d11a4e6c3755ac899a0f7f4d8a901a4bdf",
                "bdc4f9624aadb5fb7d775a18799ea60e3860424211cc07a8164b7a6af12fbd2c",
                "68e738d0548a19232e866cab7319d5dd89c81b306ffa5088eb2b0e071cfe1aea"
            ],
            "type": "XHR",
            "firstPartyCookies": {},
            "firstPartyCookiesSent": {},
            "exampleSites": [
                "dogfood.guide",
                "www.couriersplease.com.au",
                "www.felineliving.net",
                "www.harrisfarm.com.au",
                "www.howtomoonshine.co",
                "www.orgoneenergy.org",
                "www.walcottradio.com"
            ]
        }
    ],
    "categories": [],
    "performance": {},
    "cookies": 0.000083,
    "types": {
        "XHR": 14
    },
    "nameservers": [
        "ns-679.awsdns-20.net",
        "ns-508.awsdns-63.com",
        "ns-1365.awsdns-42.org",
        "ns-1999.awsdns-57.co.uk"
    ]
}