{
    "domain": "aprtx.com",
    "owner": {
        "name": "Adonweb LLC",
        "displayName": "Adonweb"
    },
    "source": [
        "DuckDuckGo-US"
    ],
    "prevalence": 0.000231,
    "sites": 17,
    "subdomains": [],
    "cnames": [],
    "fingerprinting": 1,
    "resources": [
        {
            "rule": "aprtx\\.com\\/push\\/",
            "cookies": 0,
            "fingerprinting": 0,
            "subdomains": [],
            "apis": {},
            "sites": 17,
            "prevalence": 0.000231,
            "cnames": [],
            "responseHashes": [
                "243fb9953e49b6005f6ae1772f507bb789a8893960a495850afe43fe34030311",
                "94d809e9c9246a1c9a7d33b1c769df84713f3372b6afb9cf077bb95424f8c067",
                "7b6dbf14cb0756151420d94279e7b8c310f529c7ca5a2261d8fdcd05ac32c956",
                "09283e9310af3edf582c786bcd0b60471cd85ee229040ef3c47d1d21dfaba88f",
                "dd97cb74053bb6e1bdf12a7068517e6b3bd10d434fbecf0b64f5d00c342ae042",
                "5c071dc252a0903155f34e80349f8d5a3fe4f4df6034a9559b116267a2e7107a"
            ],
            "type": "XHR",
            "firstPartyCookies": {},
            "firstPartyCookiesSent": {},
            "exampleSites": [
                "biosfera.kz",
                "es.dhgate.com",
                "evropharm.ru",
                "fr.dhgate.com",
                "galamart.ru",
                "m.stoloto.ru",
                "netology.ru",
                "pt.dhgate.com",
                "www.bestwatch.ru",
                "www.dhgate.com",
                "www.holodilnik.ru",
                "www.leomax.ru",
                "www.mirkrestikom.ru",
                "www.moedelo.org",
                "www.r-ulybka.ru",
                "www.stolplit.ru",
                "www.wooppay.com"
            ]
        },
        {
            "rule": "aprtx\\.com\\/code\\/dhgateap\\/",
            "cookies": 0.0000681,
            "fingerprinting": 1,
            "subdomains": [],
            "apis": {
                "window.localStorage": 5,
                "Document.cookie getter": 5
            },
            "sites": 5,
            "prevalence": 0.0000681,
            "cnames": [],
            "responseHashes": [
                "517fec21998befac55f039248ba36bb4b3008d499013b69a080ade780536d499",
                "931af12661cc14f1ef0085a81d8269d500abf983f748735846cdb0423b2c11a7",
                "83b2e9565d6feeb6e3f4ea3bbf438493dddd32accb62b81c428e37d93618266d",
                "6e11454f77a026c45f89d857dc5608f7510887668a86afc2dab216c972a19946"
            ],
            "type": "Script",
            "firstPartyCookies": {},
            "firstPartyCookiesSent": {},
            "exampleSites": [
                "dhgate.com",
                "es.dhgate.com",
                "fr.dhgate.com",
                "pt.dhgate.com",
                "www.dhgate.com"
            ]
        }
    ],
    "categories": [],
    "performance": {},
    "cookies": 0.000231,
    "topInitiators": [
        {
            "domain": "dhresource.com",
            "prevalence": 0.4444444444444444
        },
        {
            "domain": "first party",
            "prevalence": 0.25925925925925924
        },
        {
            "domain": "acstat.com",
            "prevalence": 0.07407407407407407
        },
        {
            "domain": "googletagmanager.com",
            "prevalence": 0.07407407407407407
        },
        {
            "domain": "hvp45z.ru",
            "prevalence": 0.037037037037037035
        },
        {
            "domain": "ngenix.net",
            "prevalence": 0.037037037037037035
        },
        {
            "domain": "cake025.ru",
            "prevalence": 0.037037037037037035
        },
        {
            "domain": "tksua4.ru",
            "prevalence": 0.037037037037037035
        }
    ],
    "types": {
        "XHR": 17,
        "Script": 5
    },
    "nameservers": [
        "ns1.pub-ns.com",
        "ns2.pub-ns.com"
    ]
}