{
    "domain": "areyouwatchingthis.com",
    "owner": {},
    "source": [
        "DuckDuckGo-US"
    ],
    "prevalence": 0.000136,
    "sites": 20,
    "subdomains": [
        "metabet.static.api",
        "metabet.static"
    ],
    "cnames": [],
    "fingerprinting": 0,
    "resources": [
        {
            "rule": "areyouwatchingthis\\.com\\/api\\/sideodds\\.json",
            "cookies": 0,
            "fingerprinting": 0,
            "subdomains": [
                "metabet.static.api"
            ],
            "apis": {},
            "sites": 6,
            "prevalence": 0.0000408,
            "cnames": [],
            "responseHashes": [
                "47398c4eeb94e7c86bef06a9051fc3c8f3088d11d75d48dcbb46fddab5cde905",
                "7e67cf0a77485df579bfaa4791afa0dae4821e68e1db0b6948edffac2c2483fd",
                "3332833bdf290ab9e87defd4f3e63288cf98b9021bf948ff9f5ea6591ce62772",
                "bf4201bd96581871921cd8d171b330cd3e725a0a9d1a4576b3a0ec14aa9b6743",
                "0df3b5e213985f35dde8d8f75476f1eb73090c90bd6c515cd52890ddf1d0fcca"
            ],
            "type": "XHR",
            "firstPartyCookies": {},
            "firstPartyCookiesSent": {},
            "exampleSites": [
                "draftkings.com",
                "dknation.draftkings.com",
                "www.badlefthook.com",
                "www.cagesideseats.com",
                "www.sbnation.com",
                "www.yardbarker.com"
            ]
        },
        {
            "rule": "areyouwatchingthis\\.com\\/api\\/odds\\.json",
            "cookies": 0,
            "fingerprinting": 0,
            "subdomains": [
                "metabet.static.api"
            ],
            "apis": {},
            "sites": 11,
            "prevalence": 0.0000749,
            "cnames": [],
            "responseHashes": [
                "5a30d1999c8d958f81bfffc83a49f83fbc3034a57244d3a3fa25ec37185577ec",
                "1986d46461d11a9954e8c1949760d396b7af4752088ebc6bbed3a9d02a555724",
                "2e0b896fb22088525e3628aae5964c713fbe9b0286455869d65f6394bc5611de",
                "a99748ba1aa085c5622aa7506cca944f7d762047d2108823d27d7e34a2e074d0",
                "9ec91684a0da3e6fd2a3f9b088f964c0cdc7bfc38cf770ee9a76419339676b71",
                "7d1a501a6b086b88646753b0d6a32103ac2d7b3d4760ea00c0734afd8e833477",
                "cf186b5ef7a35d9ecec796ed6577e28df1384b8348e0ff5a24f97f122593d55f",
                "697febf5e87c874f63fcaddf99675ad1a57e5ce55fe4e459786b25260172fbd7",
                "3a04d1b42e3b6f54906fd1089fcbaf0c4e533529d44240c1fd406d1c2001ec22",
                "a5e08c3cd315637f50889a0a1307d17150d6ff3d120ca1156c93b08662701661"
            ],
            "type": "XHR",
            "firstPartyCookies": {},
            "firstPartyCookiesSent": {},
            "exampleSites": [
                "draftkings.com",
                "dknation.draftkings.com",
                "weaintgotnohistory.sbnation.com",
                "www.badlefthook.com",
                "www.barcablaugranes.com",
                "www.bloodyelbow.com",
                "www.cagesideseats.com",
                "www.mmafighting.com",
                "www.mmamania.com",
                "www.outsports.com",
                "www.sbnation.com"
            ]
        },
        {
            "rule": "areyouwatchingthis\\.com\\/tracking\\/metabet\\/",
            "cookies": 0,
            "fingerprinting": 0,
            "subdomains": [
                "metabet.static"
            ],
            "apis": {},
            "sites": 10,
            "prevalence": 0.0000681,
            "cnames": [],
            "responseHashes": [
                "e3b0c44298fc1c149afbf4c8996fb92427ae41e4649b934ca495991b7852b855"
            ],
            "type": "XHR",
            "firstPartyCookies": {},
            "firstPartyCookiesSent": {},
            "exampleSites": [
                "draftkings.com",
                "dknation.draftkings.com",
                "weaintgotnohistory.sbnation.com",
                "www.barcablaugranes.com",
                "www.bloodyelbow.com",
                "www.mmafighting.com",
                "www.mmamania.com",
                "www.outsports.com",
                "www.sbnation.com",
                "www.yardbarker.com"
            ]
        }
    ],
    "categories": [],
    "performance": {},
    "cookies": 0,
    "types": {
        "XHR": 27
    },
    "nameservers": [
        "ns-669.awsdns-19.net",
        "ns-342.awsdns-42.com",
        "ns-1096.awsdns-09.org",
        "ns-2028.awsdns-61.co.uk"
    ]
}