{
    "domain": "b1img.com",
    "owner": {},
    "source": [
        "DuckDuckGo-US"
    ],
    "prevalence": 0.000107,
    "sites": 15,
    "subdomains": [],
    "cnames": [],
    "fingerprinting": 0,
    "resources": [
        {
            "rule": "b1img\\.com\\/js_container",
            "cookies": 0.0000643,
            "fingerprinting": 0,
            "subdomains": [],
            "apis": {},
            "sites": 9,
            "prevalence": 0.0000643,
            "cnames": [],
            "responseHashes": [
                "99263a0d019b550e0d9bebc88b118617073178d9ea8d7084efa2f647aaf5dad7",
                "11a9443b9c35a2ace0ee7ba27e338ce8c85ede30ccead004031c50fc84ca5b9f",
                "b9bd131478ab66ddf904fdd18afce0860e00d6dad4e4b7389115ec219da453a5",
                "66b4dbab15c1e30160e2a8f9fc11d729e05a4ed5c88da9863501ca2e9ad1c19a",
                "76e1d6375d3c871b0a586a583a50a83a9780dde2087f30d3d02b40301f0db4d5",
                "01e9e15dfeaa8742664be29fb08efb945a23ea5e7144f988a4007a3566ce592c",
                "cba9ee38d0725ffa9129d027e4ebbc0ae858faf44528c4ac7737be392089fb20",
                "8d55fc3b36b2b4afbc9dea1ed489f5403e05ac09ced1fbbbec24b3a739443911"
            ],
            "type": "Script",
            "firstPartyCookies": {},
            "firstPartyCookiesSent": {},
            "exampleSites": [
                "eufylife.com",
                "us.eufylife.com",
                "www.eaglecreek.com",
                "www.penguinrandomhouse.com",
                "www.rubylane.com",
                "www.saatchiart.com",
                "www.siobeauty.com",
                "www.transparentlabs.com",
                "xeroshoes.com"
            ]
        },
        {
            "rule": "b1img\\.com\\/cf60ef3baff34cd8968c373e1e2a566d\\/cs_tag\\/",
            "cookies": 0.0000143,
            "fingerprinting": 0,
            "subdomains": [],
            "apis": {},
            "sites": 2,
            "prevalence": 0.0000143,
            "cnames": [],
            "responseHashes": [
                "e3b0c44298fc1c149afbf4c8996fb92427ae41e4649b934ca495991b7852b855"
            ],
            "type": "Image",
            "firstPartyCookies": {},
            "firstPartyCookiesSent": {},
            "exampleSites": [
                "eufylife.com",
                "us.eufylife.com"
            ]
        },
        {
            "rule": "b1img\\.com\\/59aba17abde94e4482af103e6ab3957c\\/cs_tag\\/",
            "cookies": 0.0000143,
            "fingerprinting": 0,
            "subdomains": [],
            "apis": {},
            "sites": 2,
            "prevalence": 0.0000143,
            "cnames": [],
            "responseHashes": [
                "e3b0c44298fc1c149afbf4c8996fb92427ae41e4649b934ca495991b7852b855"
            ],
            "type": "Image",
            "firstPartyCookies": {},
            "firstPartyCookiesSent": {},
            "exampleSites": [
                "eaglecreek.com",
                "www.eaglecreek.com"
            ]
        },
        {
            "rule": "b1img\\.com\\/1b4a926512c3472491471a3c1e91e7fb\\/cs_tag\\/",
            "cookies": 0.0000143,
            "fingerprinting": 0,
            "subdomains": [],
            "apis": {},
            "sites": 2,
            "prevalence": 0.0000143,
            "cnames": [],
            "responseHashes": [
                "e3b0c44298fc1c149afbf4c8996fb92427ae41e4649b934ca495991b7852b855"
            ],
            "type": "Image",
            "firstPartyCookies": {},
            "firstPartyCookiesSent": {},
            "exampleSites": [
                "penguinrandomhouse.com",
                "www.penguinrandomhouse.com"
            ]
        },
        {
            "rule": "b1img\\.com\\/4ceeac65107e4c06bd9bb46ed57c32c5\\/cs_tag\\/",
            "cookies": 0.0000143,
            "fingerprinting": 0,
            "subdomains": [],
            "apis": {},
            "sites": 2,
            "prevalence": 0.0000143,
            "cnames": [],
            "responseHashes": [
                "e3b0c44298fc1c149afbf4c8996fb92427ae41e4649b934ca495991b7852b855"
            ],
            "type": "Image",
            "firstPartyCookies": {},
            "firstPartyCookiesSent": {},
            "exampleSites": [
                "rubylane.com",
                "www.rubylane.com"
            ]
        },
        {
            "rule": "b1img\\.com\\/a24a1c986f2b43608ab146061153b340\\/cs_tag\\/",
            "cookies": 0.0000143,
            "fingerprinting": 0,
            "subdomains": [],
            "apis": {},
            "sites": 2,
            "prevalence": 0.0000143,
            "cnames": [],
            "responseHashes": [
                "e3b0c44298fc1c149afbf4c8996fb92427ae41e4649b934ca495991b7852b855"
            ],
            "type": "Image",
            "firstPartyCookies": {},
            "firstPartyCookiesSent": {},
            "exampleSites": [
                "saatchiart.com",
                "www.saatchiart.com"
            ]
        },
        {
            "rule": "b1img\\.com\\/68a91891df7c4bf391ae6353ce11b075\\/cs_tag\\/",
            "cookies": 0.0000143,
            "fingerprinting": 0,
            "subdomains": [],
            "apis": {},
            "sites": 2,
            "prevalence": 0.0000143,
            "cnames": [],
            "responseHashes": [
                "e3b0c44298fc1c149afbf4c8996fb92427ae41e4649b934ca495991b7852b855"
            ],
            "type": "Image",
            "firstPartyCookies": {},
            "firstPartyCookiesSent": {},
            "exampleSites": [
                "siobeauty.com",
                "www.siobeauty.com"
            ]
        },
        {
            "rule": "b1img\\.com\\/dee2ce4be49c4b98817e2cbb50eef85c\\/cs_tag\\/",
            "cookies": 0.0000143,
            "fingerprinting": 0,
            "subdomains": [],
            "apis": {},
            "sites": 2,
            "prevalence": 0.0000143,
            "cnames": [],
            "responseHashes": [
                "e3b0c44298fc1c149afbf4c8996fb92427ae41e4649b934ca495991b7852b855"
            ],
            "type": "Image",
            "firstPartyCookies": {},
            "firstPartyCookiesSent": {},
            "exampleSites": [
                "transparentlabs.com",
                "www.transparentlabs.com"
            ]
        }
    ],
    "categories": [],
    "performance": {},
    "cookies": 0.000107,
    "types": {
        "Script": 9,
        "Image": 14
    },
    "nameservers": [
        "ns15.domaincontrol.com",
        "ns16.domaincontrol.com"
    ]
}