{
    "domain": "b1img.com",
    "owner": {},
    "source": [
        "DuckDuckGo-US"
    ],
    "prevalence": 0.00015,
    "sites": 22,
    "subdomains": [],
    "cnames": [],
    "fingerprinting": 0,
    "resources": [
        {
            "rule": "b1img\\.com\\/js_container",
            "cookies": 0.0000817,
            "fingerprinting": 0,
            "subdomains": [],
            "apis": {},
            "sites": 12,
            "prevalence": 0.0000817,
            "cnames": [],
            "responseHashes": [
                "a28218d1440aa6f8357aad18e6160065620b22fbcd49d5d7c87a30cbcf8edd8b",
                "c5b12294971da8fd6cbae46bac0ca09a64987902d76be2a3aa0dcd0350987995",
                "f3b1f1853a63bb2760e753b7afcee900d3423b4ca681abd79134bcc739447634",
                "931001624fa62b13f20b0c76c91d0f293f7560a3ea52c3ecac2877fbdffc37b0",
                "07c90c289f98ac2f973ca64bc65ed61e44f766d73fd264df3c1b3c7edede43b0",
                "68552454e7c83fb60316f26a4efe6181bb2947947486c17751cb3b685afccce1",
                "40756bb14689bf9f870fea1b8b90d10ea78226616686d967c7f10553d7170295",
                "a0f0e5f133e6871d5f7d6a02e46f1aa0463746abfb887bcfd2265d51dff67ec2",
                "aee7c3b1db9bc60d5c3864290f209fbee9ca95e8f11cac03d5ca3bf9bf21a502",
                "c378023b74fff094aac761e315be14022335334e9d3bc94a0e57dd8b9525a9bc",
                "eb2bb3e518c787a6f1b28d31950eb0cd5976ae552b4b8adb3dc397edbfd9cf8a"
            ],
            "type": "Script",
            "firstPartyCookies": {},
            "firstPartyCookiesSent": {},
            "exampleSites": [
                "eufylife.com",
                "uk.eufylife.com",
                "us.eufylife.com",
                "www.airsoftstation.com",
                "www.alibris.co.uk",
                "www.alibris.com",
                "www.holts.com",
                "www.penguinrandomhouse.com",
                "www.rubylane.com",
                "www.saatchiart.com",
                "www.siobeauty.com",
                "xeroshoes.com"
            ]
        },
        {
            "rule": "b1img\\.com\\/cf60ef3baff34cd8968c373e1e2a566d\\/cs_tag\\/",
            "cookies": 0.0000204,
            "fingerprinting": 0,
            "subdomains": [],
            "apis": {},
            "sites": 3,
            "prevalence": 0.0000204,
            "cnames": [],
            "responseHashes": [
                "e3b0c44298fc1c149afbf4c8996fb92427ae41e4649b934ca495991b7852b855"
            ],
            "type": "Image",
            "firstPartyCookies": {},
            "firstPartyCookiesSent": {},
            "exampleSites": [
                "eufylife.com",
                "uk.eufylife.com",
                "us.eufylife.com"
            ]
        },
        {
            "rule": "b1img\\.com\\/14b32d153ea345caa44cc941a4ba56a6\\/cs_tag\\/",
            "cookies": 0.0000136,
            "fingerprinting": 0,
            "subdomains": [],
            "apis": {},
            "sites": 2,
            "prevalence": 0.0000136,
            "cnames": [],
            "responseHashes": [
                "e3b0c44298fc1c149afbf4c8996fb92427ae41e4649b934ca495991b7852b855"
            ],
            "type": "Image",
            "firstPartyCookies": {},
            "firstPartyCookiesSent": {},
            "exampleSites": [
                "airsoftstation.com",
                "www.airsoftstation.com"
            ]
        },
        {
            "rule": "b1img\\.com\\/9d8f53cd2b864fa8aa323144431bef11\\/cs_tag\\/",
            "cookies": 0.0000204,
            "fingerprinting": 0,
            "subdomains": [],
            "apis": {},
            "sites": 3,
            "prevalence": 0.0000204,
            "cnames": [],
            "responseHashes": [
                "e3b0c44298fc1c149afbf4c8996fb92427ae41e4649b934ca495991b7852b855"
            ],
            "type": "Image",
            "firstPartyCookies": {},
            "firstPartyCookiesSent": {},
            "exampleSites": [
                "alibris.co.uk",
                "www.alibris.co.uk",
                "www.alibris.com"
            ]
        },
        {
            "rule": "b1img\\.com\\/88f62cdf85274b9d9edc02aea72955ef\\/cs_tag\\/",
            "cookies": 0.0000136,
            "fingerprinting": 0,
            "subdomains": [],
            "apis": {},
            "sites": 2,
            "prevalence": 0.0000136,
            "cnames": [],
            "responseHashes": [
                "e3b0c44298fc1c149afbf4c8996fb92427ae41e4649b934ca495991b7852b855"
            ],
            "type": "Image",
            "firstPartyCookies": {},
            "firstPartyCookiesSent": {},
            "exampleSites": [
                "holts.com",
                "www.holts.com"
            ]
        },
        {
            "rule": "b1img\\.com\\/1b4a926512c3472491471a3c1e91e7fb\\/cs_tag\\/",
            "cookies": 0.0000136,
            "fingerprinting": 0,
            "subdomains": [],
            "apis": {},
            "sites": 2,
            "prevalence": 0.0000136,
            "cnames": [],
            "responseHashes": [
                "e3b0c44298fc1c149afbf4c8996fb92427ae41e4649b934ca495991b7852b855"
            ],
            "type": "Image",
            "firstPartyCookies": {},
            "firstPartyCookiesSent": {},
            "exampleSites": [
                "penguinrandomhouse.com",
                "www.penguinrandomhouse.com"
            ]
        },
        {
            "rule": "b1img\\.com\\/4ceeac65107e4c06bd9bb46ed57c32c5\\/cs_tag\\/",
            "cookies": 0.0000136,
            "fingerprinting": 0,
            "subdomains": [],
            "apis": {},
            "sites": 2,
            "prevalence": 0.0000136,
            "cnames": [],
            "responseHashes": [
                "e3b0c44298fc1c149afbf4c8996fb92427ae41e4649b934ca495991b7852b855"
            ],
            "type": "Image",
            "firstPartyCookies": {},
            "firstPartyCookiesSent": {},
            "exampleSites": [
                "rubylane.com",
                "www.rubylane.com"
            ]
        },
        {
            "rule": "b1img\\.com\\/a24a1c986f2b43608ab146061153b340\\/cs_tag\\/",
            "cookies": 0.0000136,
            "fingerprinting": 0,
            "subdomains": [],
            "apis": {},
            "sites": 2,
            "prevalence": 0.0000136,
            "cnames": [],
            "responseHashes": [
                "e3b0c44298fc1c149afbf4c8996fb92427ae41e4649b934ca495991b7852b855"
            ],
            "type": "Image",
            "firstPartyCookies": {},
            "firstPartyCookiesSent": {},
            "exampleSites": [
                "saatchiart.com",
                "www.saatchiart.com"
            ]
        },
        {
            "rule": "b1img\\.com\\/68a91891df7c4bf391ae6353ce11b075\\/cs_tag\\/",
            "cookies": 0.0000136,
            "fingerprinting": 0,
            "subdomains": [],
            "apis": {},
            "sites": 2,
            "prevalence": 0.0000136,
            "cnames": [],
            "responseHashes": [
                "e3b0c44298fc1c149afbf4c8996fb92427ae41e4649b934ca495991b7852b855"
            ],
            "type": "Image",
            "firstPartyCookies": {},
            "firstPartyCookiesSent": {},
            "exampleSites": [
                "siobeauty.com",
                "www.siobeauty.com"
            ]
        }
    ],
    "categories": [],
    "performance": {},
    "cookies": 0.00015,
    "types": {
        "Script": 12,
        "Image": 18
    },
    "nameservers": [
        "ns15.domaincontrol.com",
        "ns16.domaincontrol.com"
    ]
}