{
    "domain": "baimgfroggd.site",
    "owner": {},
    "source": [
        "DuckDuckGo-US"
    ],
    "prevalence": 0.00205,
    "sites": 301,
    "subdomains": [
        "tb"
    ],
    "cnames": [],
    "fingerprinting": 0,
    "resources": [
        {
            "rule": "baimgfroggd\\.site\\/in\\/tbvs",
            "cookies": 0,
            "fingerprinting": 0,
            "subdomains": [
                "tb"
            ],
            "apis": {},
            "sites": 27,
            "prevalence": 0.000184,
            "cnames": [],
            "responseHashes": [
                "fcbbd01f2c37fc72dc93116933cfbcf08edbd4c03eb7bf923f783290e2712956",
                "40525529d26fa2e035f452351c67df8c45c072d88c46c652a222770bd1c73288",
                "f0e43ceec87c6823f011f2b5a4e2a0f0a9255bd59da15c6133a4e076e98321e4",
                "adf53c116fb6ecad89816740b3d458d5426b12c18e63a25f9d0f5e544f452c07",
                "c8fddd40b7fc96eb7e86a02cc3fce43bdf00fc32ee81bb40419bc2607363a03a",
                "a6014573c5d2293c6997ac4bc633afcdcadc3b889f0cd31ac71e54db4b62c9c5",
                "e7f6ca58df8be787cecd6a4bf78bbdd76d69329477d76faa53b4cacfb03d8bfb",
                "60b4c57e0dfa2960c439805dd8dd5a3b89e254adeb86a4c0fa55795cf32f160f",
                "54c6ceddabac60d70775c20f2efaff6330d41f6eb0f1e69f85e2c068272366c6",
                "f45a607164de5c04b7a3cbb9c88e2ec5e2f147faccbcc87b4e17eb5af4d1dca4",
                "1bdd0fd792e547afa04d912d02ea50a9204b7a0d381f67476ea711bfad97b6e7",
                "2145f819d898e65c3c1ef230098d72713bb99f791e77ad38bf2836e4bf0e5fc0",
                "d143372c4845bfd8a00ee1b3c9cbad558947c44b7c55edc7f8ccf271415eeef7",
                "da1362ffafe472eac759505ddf0962c00bca66755db47658103ac700108a4771",
                "5360fb54e6e0a9733caf90c07bd7d58fef828f90f3c91aa5612b31b0a4f980a5",
                "44dceb6ab85faee65269d53cb2b2a79a5938c00ef115aa9cbac0c551b342be66",
                "bd804479bbbbfce69d1af02cdc1a4012b8fa5771067734f46d2034f60022e641",
                "14154ae1ec45eb8e42852c6b8f0f5fecc3338e8ca0e81d2d82e08ec7b14642c5",
                "40bad45437546396e9ac3f304464e58cb66c87b2a374300f520ba37507b48f41",
                "6b481485fa9209ad94a598bd8dce0225224b6a17b6ffbca33fcb4679651be7c8",
                "6dd74579fdfff3e5f726fcb56575f3d4296ef4e01e8d266f9b16d6eb0fad71e9",
                "b86c8ceca1407b846e22866133106af2ee30d549d202ab25b03a9a82af7aa8dc",
                "31096a456b48aa5bb898c047a370345c77ac37c8864c9ad266946c344432b727",
                "6750583863db4e614656af91905ffc04fba1a58c5163b886b65ca5602ce85dba",
                "a41451b85b867d1fbb812d031fac1c2861f8bf4fdbdd25114386da9d34b48a2d",
                "6e43936178d01b5f4d535385a0e5f68e1e3e983b5fb10fbbec96bc880ee1bfd8"
            ],
            "type": "Fetch",
            "firstPartyCookies": {},
            "firstPartyCookiesSent": {},
            "exampleSites": [
                "www.kingtrannytube.com",
                "xxxdb.io",
                "mallupornvideos.com",
                "javleak.com",
                "www.kissanime1.net",
                "turboindian.com",
                "sibtok.com",
                "pornmamas.com",
                "www.axxxclips.com",
                "fuckingmompussy.com",
                "xnxx-xxx.pro",
                "madou.club",
                "www.zxctube.com",
                "www.newebonyfuck.com",
                "cat3movie.org",
                "www.justworldporn.com",
                "mat6tube.com",
                "cambeauties.com",
                "ukdevilz.com",
                "tamilsexvideos.info"
            ]
        },
        {
            "rule": "baimgfroggd\\.site\\/in\\/1883\\/",
            "cookies": 0.000334,
            "fingerprinting": 0,
            "subdomains": [
                "tb"
            ],
            "apis": {},
            "sites": 49,
            "prevalence": 0.000334,
            "cnames": [],
            "responseHashes": [
                "421ca4359c5c03181fd651fd9f06035c73ee2c7584d6dfd221bf991f84130b83",
                "d871e5aaa7823b884cf8629b5c669e2c3f067d19c89791834aea13eb903a63b0",
                "c482f24b72a066c02805a5e5eaaa7dd5cf6a428ef51c7381751b27e0af8b2e4a",
                "f60662cabcdeafcbaf3551cc2161a4c39d49a246480c4381174996d38bd81c95",
                "c66a9408729e482665d2ba8d7a9995fa2b56099f5ea3d67d8c363367411b29ad"
            ],
            "type": "Document",
            "firstPartyCookies": {},
            "firstPartyCookiesSent": {},
            "exampleSites": [
                "deepfakepornvideos.com",
                "crazyxxxcartoons.com",
                "desitube.pro",
                "www.drunk-fuck.com",
                "www.hairycunts.mobi",
                "www.jkhentai.net",
                "amateurnudepicture.com",
                "youngteenypussy.com",
                "hentaifromhell.org",
                "manhwa18.me",
                "www.iwanktv.pro",
                "eroticvintagepics.com",
                "fuck-mom.pro",
                "nudebeachpics.pro",
                "zh.thisvid.com",
                "familynudebeach.com",
                "grannysexypics.com",
                "oldgrannylovers.com",
                "freekinkysex.net",
                "www.pornowap.mobi"
            ]
        },
        {
            "rule": "baimgfroggd\\.site\\/in\\/749",
            "cookies": 0.000299,
            "fingerprinting": 0,
            "subdomains": [
                "tb"
            ],
            "apis": {},
            "sites": 44,
            "prevalence": 0.000299,
            "cnames": [],
            "responseHashes": [],
            "type": "Document",
            "firstPartyCookies": {},
            "firstPartyCookiesSent": {},
            "exampleSites": [
                "de.thisvid.com",
                "xjavtube.com",
                "zh.thisvid.com",
                "cluset.com",
                "gotgrannytube.com",
                "hdpussy.xxx",
                "familynudebeach.com",
                "porno.org.in",
                "fuck-mom.pro",
                "www.gekso.org",
                "grannysexypics.com",
                "www.drunk-fuck.com",
                "crazyxxxcartoons.com",
                "www.myindianporn.net",
                "www.iwanktv.pro",
                "eroticvintagepics.com",
                "www.milf-hot.com",
                "www.hdsextube.xxx",
                "sexy-nise.ru",
                "19hdsex.com"
            ]
        },
        {
            "rule": "baimgfroggd\\.site\\/in\\/1816\\/",
            "cookies": 0.000898,
            "fingerprinting": 0,
            "subdomains": [
                "tb"
            ],
            "apis": {},
            "sites": 139,
            "prevalence": 0.000946,
            "cnames": [],
            "responseHashes": [
                "e3b0c44298fc1c149afbf4c8996fb92427ae41e4649b934ca495991b7852b855"
            ],
            "type": "Document",
            "firstPartyCookies": {},
            "firstPartyCookiesSent": {},
            "exampleSites": [
                "peepeebabes.org",
                "daddypicture.top",
                "javhub.net",
                "redtube.network",
                "voyeurhit.com",
                "subindojav.xyz",
                "www.torlock.com",
                "www.kissanime1.net",
                "mdtaiwan.com",
                "javgg.net",
                "www.xxxcom.asia",
                "sexvibe.me",
                "www.4kpornhd.top",
                "www.pornhits.com",
                "www.xxxsexxx.pro",
                "pornquake.com",
                "porno2017.tv",
                "klmanga.net",
                "7mmtv.tv",
                "tube.perverzija.com"
            ]
        },
        {
            "rule": "baimgfroggd\\.site\\/in\\/tbvs",
            "cookies": 0,
            "fingerprinting": 0,
            "subdomains": [
                "tb"
            ],