{
    "domain": "bannersolution.net",
    "owner": {},
    "source": [
        "DuckDuckGo-US"
    ],
    "prevalence": 0.000104,
    "sites": 15,
    "subdomains": [
        "engine",
        "cdn"
    ],
    "cnames": [],
    "fingerprinting": 2,
    "resources": [
        {
            "rule": "bannersolution\\.net\\/",
            "cookies": 0,
            "fingerprinting": 2,
            "subdomains": [
                "engine"
            ],
            "apis": {
                "window.devicePixelRatio": 3,
                "Screen.prototype.width": 3,
                "Screen.prototype.height": 3,
                "Navigator.prototype.webdriver": 3,
                "Navigator.prototype.userAgent": 3,
                "Element.prototype.getClientRects": 11
            },
            "sites": 14,
            "prevalence": 0.0000969,
            "cnames": [],
            "responseHashes": [
                "cf0ae265a40110e0f5468f4e0423c25e82fa332a809bd94f36aff43dfd088e24",
                "0683c3c155ea064e3019285228f08ae8f777893c970740d156728a0f464f596e",
                "964cafd55b938605d0c12a2ea13aae6308d8fb9aa2ba9326e0ea8a39b8ba8bcd",
                "a59a32c70594641b305f2b2c7562e6555395ea0c44c17d0f539ca2a97cc25efb",
                "ce3c6b775b2da6d3cc76eedc3501b249d86531719418cc1c8bb297708ecb397a",
                "91edde9233ad3af8513e6dc113f8161b0a5e64b02174d6fc2271bba1895e53c9",
                "b3914802180215a451d2b8e0cab1cec5b8e8123966e145abd53f6da62c6447b6",
                "c2188192bd24f75d9c8f59c3d7444a0c5cfd5a6456ee3bc1154d0f123b44909d",
                "3a8ca2be9fdc3c0e613cc699e5bab108fbb7e938237d4c2386377de0112b73c3",
                "8ea2f578b1e094b0e606a4aae1b255b46985289bd8ef780c275f9b1de2c0d68b",
                "c93d1b7dbda373ca25fe20afb3764d73d98de18bf2e481b5218d492abf9c6c10",
                "1c96fb464caa66abdc17d957f07678a1bfbafa9cc28156fa178e73a463948e35",
                "28f3a95a14832b29c4e22ad488b612bbedd395f743d654d04d8d5e3141f871cc"
            ],
            "type": "Script",
            "firstPartyCookies": {},
            "firstPartyCookiesSent": {
                "_li_dcdm_c": 0.0000484254801040456
            },
            "exampleSites": [
                "nbc-2.com",
                "www.actionnewsnow.com",
                "www.kcra.com",
                "www.koaa.com",
                "www.ksbw.com",
                "www.nbc15.com",
                "www.wbaltv.com",
                "www.wdsu.com",
                "www.wfmj.com",
                "www.wgal.com",
                "www.whec.com",
                "www.wsav.com",
                "www.wvtm13.com",
                "www.wyff4.com"
            ]
        },
        {
            "rule": "bannersolution\\.net\\/data",
            "cookies": 0,
            "fingerprinting": 0,
            "subdomains": [
                "engine"
            ],
            "apis": {},
            "sites": 14,
            "prevalence": 0.0000969,
            "cnames": [],
            "responseHashes": [
                "e3b0c44298fc1c149afbf4c8996fb92427ae41e4649b934ca495991b7852b855"
            ],
            "type": "Ping",
            "firstPartyCookies": {},
            "firstPartyCookiesSent": {},
            "exampleSites": [
                "nbc-2.com",
                "www.actionnewsnow.com",
                "www.kcra.com",
                "www.koaa.com",
                "www.ksbw.com",
                "www.nbc15.com",
                "www.wbaltv.com",
                "www.wdsu.com",
                "www.wfmj.com",
                "www.wgal.com",
                "www.whec.com",
                "www.wsav.com",
                "www.wvtm13.com",
                "www.wyff4.com"
            ]
        },
        {
            "rule": "bannersolution\\.net\\/t620df8d8\\/img\\/du8nv_v23tec_bed3101c\\.zip\\/index\\.html",
            "cookies": 0,
            "fingerprinting": 0,
            "subdomains": [
                "cdn"
            ],
            "apis": {},
            "sites": 9,
            "prevalence": 0.0000623,
            "cnames": [],
            "responseHashes": [
                "ea9686b210b8b4bcbe48878a3c8e0b7bc9e7a872ff8aadc5f8ce75840daaffb0"
            ],
            "type": "Document",
            "firstPartyCookies": {},
            "firstPartyCookiesSent": {},
            "exampleSites": [
                "nbc-2.com",
                "www.kcra.com",
                "www.ksbw.com",
                "www.nbc15.com",
                "www.wdsu.com",
                "www.wgal.com",
                "www.whec.com",
                "www.wvtm13.com",
                "www.wyff4.com"
            ]
        },
        {
            "rule": "bannersolution\\.net\\/t620df8d8\\/img\\/du8nv_v23tec_bed3101c\\.zip\\/787ea196cbac4d24de80adeb70c5d704\\.js",
            "cookies": 0,
            "fingerprinting": 1,
            "subdomains": [
                "cdn"
            ],
            "apis": {
                "Navigator.prototype.appName": 3
            },
            "sites": 6,
            "prevalence": 0.0000415,
            "cnames": [],
            "responseHashes": [
                "ac8c18aac68af9eabe4e2acc322fbbef665eb43caf1c4be4865bb6a4458354cb"
            ],
            "type": "Script",
            "firstPartyCookies": {},
            "firstPartyCookiesSent": {},
            "exampleSites": [
                "nbc-2.com",
                "www.nbc15.com",
                "www.wdsu.com",
                "www.wgal.com",
                "www.whec.com",
                "www.wvtm13.com"
            ]
        },
        {
            "rule": "bannersolution\\.net\\/t620df8d8\\/img\\/du8nv_v23tec_bed3101c\\.zip\\/media\\/4a640228028efe16e99c91b054db04cb\\.jpg",
            "cookies": 0,
            "fingerprinting": 0,
            "subdomains": [
                "cdn"
            ],
            "apis": {},
            "sites": 4,
            "prevalence": 0.0000277,
            "cnames": [],
            "responseHashes": [
                "68145459b02fecbc7579b92fb6574531c9d7a5bce5f568367c0fcca9f8a0e050"
            ],
            "type": "Image",
            "firstPartyCookies": {},
            "firstPartyCookiesSent": {},
            "exampleSites": [
                "nbc-2.com",
                "www.nbc15.com",
                "www.wgal.com",
                "www.whec.com"
            ]
        },
        {
            "rule": "bannersolution\\.net\\/t620df8d8\\/img\\/du8nv_v23tec_bed3101c\\.zip\\/media\\/f34317c120ddd8ae2831d9342314f8eb\\.svg",
            "cookies": 0,
            "fingerprinting": 0,
            "subdomains": [
                "cdn"
            ],
            "apis": {},
            "sites": 4,
            "prevalence": 0.0000277,
            "cnames": [],
            "responseHashes": [
                "417466338debac97682102cdf6bb82e1d4b2551458d45e3b52b83de94c5c3013"
            ],
            "type": "Image",
            "firstPartyCookies": {},
            "firstPartyCookiesSent": {},
            "exampleSites": [
                "nbc-2.com",
                "www.nbc15.com",
                "www.wgal.com",
                "www.whec.com"
            ]
        },
        {
            "rule": "bannersolution\\.net\\/",
            "cookies": 0,
            "fingerprinting": 2,
            "subdomains": [
                "engine"
            ],
            "apis": {
                "Navigator.prototype.userAgent": 11,
                "window.devicePixelRatio": 9,
                "Screen.prototype.width": 9,
                "Screen.prototype.height": 9,
                "Navigator.prototype.webdriver": 9
            },
            "sites": 11,
            "prevalence": 0.0000761,
            "cnames": [],