{
    "domain": "barilliance.net",
    "owner": {
        "name": "Barilliance Ltd",
        "displayName": "Barilliance"
    },
    "source": [
        "DuckDuckGo-US"
    ],
    "prevalence": 0.000408,
    "sites": 59,
    "subdomains": [
        "www"
    ],
    "cnames": [],
    "fingerprinting": 1,
    "resources": [
        {
            "rule": "barilliance\\.net\\/data\\.js\\.php",
            "cookies": 0.000221,
            "fingerprinting": 1,
            "subdomains": [
                "www"
            ],
            "apis": {
                "Navigator.prototype.userAgent": 1
            },
            "sites": 33,
            "prevalence": 0.000228,
            "cnames": [],
            "responseHashes": [
                "a6c1594cbcd497667d3dd182d793dec562186388736a7c5a8cff3151df65b133",
                "499aecbd19729fa67bdafbe6255d6f0058b2738dff808cc93ca1b321706af6cf",
                "e9e7119353e8a4e166bae361712d0d6d9a341a76fb72abe981668112415ac161",
                "48870809bf53f175180d85b55f0e197517254b4d963921c1036b41cc14384ebf",
                "066019ea7d55ad136cf5b4215a9c926781dde6bfe08af351ba0b0c6b20c5ca6b",
                "44575f392f059725e1b48495f9b991a834adc6d257a295c40912766c1cf13396",
                "ca556af10b9de17cfeb45c2cac0fc218606f72dc58a61e616abaca335946d2ad",
                "48807f257180d06c568d5a1c895f42d51e664af6948d33de90967122d0692f2a",
                "9cd0e803fbb72caa5ad6a00532313cee829c85b99e27e2937e6dfd65510eadf8",
                "93f9abd97aaf05c7377838fa3962333a74d670641cdee9e5504e599af41b9e77",
                "e019a6d2db5a1673bd2af406193d97fdf25da2eca4672a4b2f0436758b24d68c",
                "9add138ce7f7bf5090cc1ab804fcfa7b78e11cf02449b90c9e47b550c3c18f61",
                "876a86b2be3dc7eb9aa173518ced0eaadb8abf78b018ddc46215978a5d32a3d2",
                "8cb127c39b23e33e7abee9bc6647e73bd99354455599c73df917983c5f0513c2",
                "cfcdda070074b8d539b8ca3ffcf39c29825aa4976f008f80bb3d6ba49d5998b5",
                "b33c781915c6b30d5199f61febbfaed364016dbdb5648ffd064843776787045e",
                "151385711269fa724c4b45ff80a552df76923d7d7ff0177199966ce687823664",
                "4e44ae6afa896167ec640d08e0a9f13f9927841840cd1ba95c80724c0c98dc3b",
                "afe583701cbdc98c16f9bcf1df3dfa4ec0cdc29cc528a3f4448ce126052e5eec",
                "26404a31998f72419f4e5bf4f12169d51781e7be5284934d60dcc787eca6e702",
                "18b0a5a625c7053cbc9e1bb77eb0f34185c26069b5fd8d42ca0f4f82491dc2f3",
                "bbdc04f5fe5594ae5152b87bb3b9cea8a56b294ae1bdd9f5778fbcc526bc4749",
                "5ab724dfc0801d3066b384ffd397f8bd725fcaed37587e7e7a73612ae6d0c898",
                "16a6433ee05d3794510b2701abb4b71b082839e99391ad979caa4a42ce461e65",
                "5d574d245843954b94d4f3826f5a37c7958a8e7d4f16dba0f58cafeb5bf35971",
                "814219b3aa00a1bc56fc09cffef35ef3d44165b44655f023d198525a718b8464",
                "e3b0c44298fc1c149afbf4c8996fb92427ae41e4649b934ca495991b7852b855",
                "c42f93ee59402cfbe39e262447d82a19b36de772ca65e24e1eeda364e061c76b",
                "6ac65701e783feeb0d12d0549fae9125309ade82daf4ba9a17918aab0087b59d",
                "e413943199535ed85819927bfe49a5b3768507ed4b50b65dd7c3e73f17a3e50c",
                "8d134acc0ea9720196b8cee47add58675d40ae2c840b1220ddd1e4aa396e555b"
            ],
            "type": "Script",
            "firstPartyCookies": {},
            "firstPartyCookiesSent": {
                "cbar_uid": 0.0000484254801040456,
                "cbar_lvt": 0.0000484254801040456,
                "cookies.js": 0.000006917925729149372,
                "__gtm_campaign_url": 0.000006917925729149372,
                "ins-c": 0.000006917925729149372
            },
            "exampleSites": [
                "simple.ripley.com.pe",
                "www.bimmerworld.com",
                "www.mrtoys.com.au",
                "www.chemistwarehouse.com.au",
                "www.harrisscarfe.com.au",
                "www.dreams.co.uk",
                "www.us-appliance.com",
                "www.trouva.com",
                "www.elcorteingles.com",
                "www.vanishingincmagic.com",
                "www.tyresales.com.au",
                "www.fantasticfurniture.com.au",
                "us-appliance.com",
                "www.gsm55.com",
                "www.chemistwarehouse.co.nz",
                "www.inyopools.com",
                "www.furhatworld.com",
                "www.wildearth.com.au",
                "www.eplastics.com",
                "www.pushys.com.au"
            ]
        },
        {
            "rule": "barilliance\\.net\\/logger\\.js\\.php",
            "cookies": 0.0000208,
            "fingerprinting": 0,
            "subdomains": [
                "www"
            ],
            "apis": {},
            "sites": 3,
            "prevalence": 0.0000208,
            "cnames": [],
            "responseHashes": [
                "b5587e48e60352e248563d54098ef8973b0542a84a6eeb1fa4c30a19d230d925"
            ],
            "type": "Script",
            "firstPartyCookies": {},
            "firstPartyCookiesSent": {},
            "exampleSites": [
                "elcorteingles.com",
                "www.godfreys.com.au",
                "www.michaelhill.com.au"
            ]
        }
    ],
    "categories": [],
    "performance": {},
    "cookies": 0.000394,
    "types": {
        "Script": 36
    },
    "nameservers": [
        "ns-57.awsdns-07.com",
        "ns-764.awsdns-31.net",
        "ns-1651.awsdns-14.co.uk",
        "ns-1385.awsdns-45.org"
    ]
}