{
    "domain": "barilliance.net",
    "owner": {
        "name": "Barilliance Ltd",
        "displayName": "Barilliance"
    },
    "source": [
        "DuckDuckGo-US"
    ],
    "prevalence": 0.000674,
    "sites": 99,
    "subdomains": [
        "www",
        "img"
    ],
    "cnames": [],
    "fingerprinting": 1,
    "resources": [
        {
            "rule": "barilliance\\.net\\/data\\.js\\.php",
            "cookies": 0.000347,
            "fingerprinting": 1,
            "subdomains": [
                "www"
            ],
            "apis": {
                "Navigator.prototype.userAgent": 1
            },
            "sites": 51,
            "prevalence": 0.000347,
            "cnames": [],
            "responseHashes": [
                "5793e29196229f4d421a4677d0639fe1c683423306d5373ec178f5a1b62dd902",
                "908af4210ef9e3cd3e7f708ad74e6738b6b7cfb58c88cb69c6f4e37740334d4d",
                "132053230c13e124ce6478f49566f2afc15e01035516c8894e273ac8453bdb59",
                "cb4b29b7d889b822ce5d6668cdb71658588f5db5312d3fd0385e89cba51b2a50",
                "5fdc5d3e231c313c334891f4974e073efd356612824287671340ad540cda370a",
                "8e4bb9d8928e2c8189d71da8ccb1baafe018976e49c5af4a273ec55d570e35a5",
                "d23cd1b93faf819c80ac8e49c87a3ee32a7251a76047f4bcced3cb6dab6cc417",
                "f2c935044d1baf170fb59ba8284d910cb40eec9d26a9bb9d920b5b9dc85674fa",
                "4eaebf15df020f640e24b7ea48373868956b67adac40a0d45c9afe09cfc52246",
                "5d9a39f61542ef1b81d2c3fc0720a471251b01e46046a049bff977e9f444ac25",
                "8b050ec636d605fa01bcea1085fbe0db41bfdfdff661b74a7043e8d72b6174ae",
                "d441da5e0275c520522673d186050c3a1e91bf8155771fc1a2486b83254b648c",
                "7dbaa556a2d95728617950cffd0457444a0755715270f176e0ccf60c6cc631c7",
                "96b5dd1a83490d26b0a90601b4be067f7a0b94a562be07b8c69f2ffdd4227159",
                "2c7258b62b662d014af91bc74e3ef7910d9dd61a56560f280b73498ce7927644",
                "0057fd3810b3af45ef3b984455a7eb0c67c412b2b06c8d184e92a1cc7258364d",
                "a12ab0fb570dc652e78388388b063f820e477ee02bc8bebd407ca8128d866646",
                "fed0f5ece03193174eeb8cf1066283a7f10029c4af0e44b74f607682ea40b30c",
                "887119da86f8cd3ff8506fa049d52ca0a894d20e5a9c6a444723d6a06d4bf6ed",
                "6c4fbb7ceb9d34132cd3d4bf85cb841b0747446d7751acc6c8532db813ab503b",
                "d0f8ddaf744aaa86b850314a485e747a29e159f6e916abca4e0c69a85b0e84bf",
                "d93cd200d9df29c4b4570e57570cc4da1eeb33424b42561cd6c1c2d4d1caff7a",
                "16d02439527a27955157e1efe7281ea63546e1b7edcefc2fbd6f80ef5b545143",
                "cccb1c66c929d8d3731ad24537d957fcd380fcb9afe26a0438e788303b6417b3",
                "83c82fdd2ea1a7f2779f147d0162c8f790d4a2e350761b0c69c92d50aafa330a",
                "a155dd52b433db109416cf3720cebbfc2da25785d836d9a8f59ccd2d7571c177",
                "e9764743a2703f2a449b011a327e023d7df384e4e9cdd79158ec22b153a54bcc",
                "043c89fd8b69581e896746200b39e7e8f101b743eee0b2fa1902b496572fd017",
                "159644ae1ffc29d89830a7e1b8300d1a97954cd3d4928127613aa9ed570ad735",
                "213c7ca3c061bb23f26d8a8c3f56f92773c7287b6e76f6b309aac129889db7b8",
                "2029206856059599709a7622e310ea49bbedec85432a08665f0ed5f78851e050",
                "c346083c7134a7b3f0ff587c004686becd40f2272483f28d681a784d0c1bde71",
                "adb74a941d73d5be1233027331cd62cf6c9ac326e023eb2941d3a01f01c5e83d",
                "3be60f09963d5d9e7ec6dbddf8f1da75e301853195f77780da3c6a4bef3470d3",
                "847106584a633150ecc11c11ee7c13d33a3807274b9d49bb6e9b1addd30fdd67",
                "ce3cc9c0a0ec6168c7b8068f0c93eb19feb676232494ab6577f10388bd05eecc",
                "5d9533edfb3130e33eed2cba3b1ac70df33056205ae3466dd4e946e0a4d75379",
                "99cbf11e3a5f0fe0b745350415d740f7bfb84df534fea7fca5d92238776a0f9f",
                "0a74268f4b841ca03b5258486e6cc9b7c3920991882474dff782c8e0f06884e3",
                "63ef5137a919abe73cadc6d738c4596eaefd3401decb0f5db1888df0adfc98c4",
                "f3553debd082d3907728e57135b0fcbe88318bcac4a9d0c27f62fc6e9f57def7",
                "332b7a8a2075fe335e59f66a677ce0e35a92e8e8b9941e30497b5dce879efef8",
                "d9e7e195d952dfd1c3ee2cec30c1fd02d05306acbbdf3766f2b58f36002a08ba",
                "eb764dbacec0ed9a8be0f5d329f32753d2a1bc327a2b73aa1e9732da0c79a418",
                "5e42fe3da47813c9fa577653c3ad639b8234effd0a8601cc87e58d1b61c560c4",
                "24cf3219b3a8d4d8c793d61d10eabd030e1e9b395b1f1d50521c7923cad93f1f",
                "ee04f964e2c61b078307af95008900f4aca8e8e7c7e691b5c894d2363fbe7fb7",
                "c00419ba80454c77b99e39e4a93944d13c1c617a93dd4c3d6224f89ee9dc01e2",
                "65e6a4e0e4c427d2ac15f0c89e7ee15ac91bc91d55d60a6f74b5615c23700f51"
            ],
            "type": "Script",
            "firstPartyCookies": {},
            "firstPartyCookiesSent": {
                "cbar_uid": 0.00006125741044506911,
                "cbar_lvt": 0.00006125741044506911,
                "_hjTLDTest": 0.00002041913681502304,
                "__veroc4": 0.000006806378938341013,
                "cartStore": 0.000006806378938341013,
                "fpls_ga_bnd": 0.000006806378938341013,
                "ins-c": 0.000013612757876682026,
                "IR_gbd": 0.000006806378938341013,
                "optimizelyPendingLogEvents": 0.000006806378938341013
            },
            "exampleSites": [
                "www.dolcegabbana.com",
                "www.freedomfurniture.co.nz",
                "www.michaelhill.com.au",
                "www.michaelhill.co.nz",
                "www.bimmerworld.com",
                "www.thelittlegreenbag.nl",
                "www.biome.com.au",
                "www.wildearth.com.au",
                "www.lovisa.com.au",
                "www.roxy-uk.co.uk",
                "www.kitchenwarehouse.com.au",
                "www.mxstore.com.au",
                "www.godfreys.com.au",
                "www.euromonitor.com",
                "www.harrisscarfe.com.au",
                "www.dreams.co.uk",
                "www.trouva.com",
                "www.lowes.com.au",
                "www.connor.com.au",
                "www.morphyrichards.co.uk"
            ]
        },
        {
            "rule": "barilliance\\.net\\/logger\\.js\\.php",
            "cookies": 0.0000204,
            "fingerprinting": 0,
            "subdomains": [
                "www"
            ],
            "apis": {},
            "sites": 3,
            "prevalence": 0.0000204,
            "cnames": [],
            "responseHashes": [
                "ee143a587924f3bd9afba4505e8ef04b1333705a86e28ae24a9f731485743017"
            ],
            "type": "Script",
            "firstPartyCookies": {},
            "firstPartyCookiesSent": {
                "cbar_uid": 0.000006806378938341013,
                "cbar_lvt": 0.000006806378938341013
            },
            "exampleSites": [
                "hobbytechtoys.com.au",
                "www.lovisa.com.au",
                "www.mxstore.com.au"
            ]
        },
        {
            "rule": "barilliance\\.net\\/widget_img2V2\\.php",
            "cookies": 0.0000136,
            "fingerprinting": 0,
            "subdomains": [
                "img"
            ],
            "apis": {},
            "sites": 2,
            "prevalence": 0.0000136,
            "cnames": [],
            "responseHashes": [
                "4c6e03b4295b4618c0b29c2b480e963d9406a98724df9c3534cddbdee60a4978"
            ],
            "type": "Image",
            "firstPartyCookies": {},
            "firstPartyCookiesSent": {},
            "exampleSites": [
                "feyenoord.nl",
                "www.feyenoord.nl"
            ]
        }
    ],
    "categories": [],
    "performance": {},
    "cookies": 0.000674,
    "types": {
        "Script": 54,
        "Image": 2
    },