{
    "domain": "barilliance.net",
    "owner": {
        "name": "Barilliance Ltd",
        "displayName": "Barilliance"
    },
    "source": [
        "DuckDuckGo-US"
    ],
    "prevalence": 0.000779,
    "sites": 109,
    "subdomains": [
        "www",
        "img"
    ],
    "cnames": [],
    "fingerprinting": 1,
    "resources": [
        {
            "rule": "barilliance\\.net\\/data\\.js\\.php",
            "cookies": 0.000393,
            "fingerprinting": 1,
            "subdomains": [
                "www"
            ],
            "apis": {
                "Navigator.prototype.userAgent": 1
            },
            "sites": 56,
            "prevalence": 0.0004,
            "cnames": [],
            "responseHashes": [
                "6efde772943518cb4f6bc6ac3b95797872014dc781edae52e2506bd850c84ecd",
                "7915e7f0f61ddac77d325f6f437f8c3a85246066734c08ce3e8d43d86754dd37",
                "02b74438fc8c78cd822bebaad57822614c2c230da2238c16eb3b842a2a67a4c8",
                "6743f684a6226946490d2b0050e6c8133611faedfdabce552b8f2f5006f1e7c8",
                "5c2bd74abdbd329a71e94efcd304e4244b140ed0878f80e54f6ea8c0a2796859",
                "3c8a3bd9a74dccd076ae11ea9c6aff7bc7cc42f5552b9c6a188390eb083cd354",
                "7666a1a49c1e149d9e81869c13635551500b7616c068ed6183104bc8a69630d9",
                "144068b7cf1f2202ba0a7aca89ad0b6ab30e1d3f0c29811366150578031f3781",
                "181ee77df182a56fd5783fd5c1c0a89c9bc1e9b227cf140b5881a41a99d1d468",
                "b049af96798792a0b60144f02c1110a831d53071844c93df5ca5e88f36790ef6",
                "f1029fc595b0b678104c9071538c4857c8ef0c89d4ace9f560665e8c3e25a990",
                "92f12d7e49892ef3397e8d2c11b07dba7f06a63fd8e883c5dac6dd3f010ac9d1",
                "c13088add31a9f13b2ca78492b7b78a91ad9244d8dc6f90629720636811919bb",
                "34d0bdf411515439f3ff9d48bff8f461deb95c75151db238017c0f33b06578da",
                "6e5a4e86daa2a8fab8569690f07fe86bf72a4282d4951a57afb2f575c1e6d63e",
                "8951892aef1b25043b267d80f2eed96e4e603d83e4cb2cd834364475d083bee7",
                "56dc394aa9f5752f79091da4552198648b83f82f5700e63d38ede6a476475cf3",
                "4c62d72916d9df6688622c795d4d47343752933c76c6e9bf0d9b90a141b79227",
                "e082c43a6001e6592b35e3a6a241b65b014e3971680e73375359880d6a168827",
                "8dc0414cb804650f9de2983126f189a128a3dc96b6e5d9f30f3021346606fd5c",
                "e07aa383611b2576c512ed10c7630e5a98a391c73e6b2064d1ee0b87dbee643e",
                "ceebf37d2416f21a40d89f7f236526e872e2a28d68a9d483c535c4822d4552cd",
                "e06c3e716f273b2866f9e11e3540bb2a1f88a9a25a1a915768c2a037d5fc5e37",
                "576beda2b4ec89e3918346d755682bc164c9df0c6e3d0a113eda78bd325bed04",
                "110c7d14afbc3c7b515d14142f837d9016cf527156cea66f314fcd3abd11c333",
                "ffd91d3f6c8684a48a88e09085b763883c53ac2f9935b6472adbcf85f25474e3",
                "213fd62a1fab818702cd350684b44bf384d02ec6635acdb0b18d4a24d5bb56a3",
                "36c2ac63ef0da2a9f7be0bd63e7e18bc44e3f570ef6dc7e4ce5ec9f97fde068b",
                "76f0378633674726478df0adc3aebbf109c878266bb4ba3791d32b44418d9a6e",
                "7f58fffed8bac5adae85e6063c7a9484e45266c8225af4b35b484aeef5649ef8",
                "5e4e56a01e3f258b1b2293a33063e560d45970aa9e8fd78c055ed057a6f14817",
                "ac70822ad79e447ea30e0c576ac94443546929c0e2e54dcf938825136b277f02",
                "6398922aaefb8e8f48c13a0c8d7233a79cb0a6839326a8ba5565f5604302beca",
                "f3af440b80878297599e32b66f9aa64ed9eb3a44589669d28a95b9176d44816c",
                "d3ba6c3cd8b755dfb8138fb1abdaef90fe5b014059f21feb1083e26df69215dc",
                "44e130491142a1d1b802fd8822a5a7ff8ba814d4e3f4ba05dcf6f57d19762d10",
                "5f8913f9b292725166c1229e9e4ed2ef7c90eb0a490d39a1d6e0a3791cf64b68",
                "c92b27bc2e13fd006138591b8d65a59c6a315b689111b443f5e052e4bd8cb72d",
                "0bc426b2e682d41075edd8bca4c66688d7064d1ca400e22d4301e431b1ab7a2a",
                "481bc8b5d8dfd07b355de63c89fdae107df64ec7aeee61a44bfd6665e69e4815",
                "0c5a932c86be77d8e76f4d59cc414aa10d5cebfb917cd086d4e95d52b49f9308",
                "14ea7bdaebb50eca2343781b18ae40c04efbe13894c6ccb62e653e19cf8bd56d",
                "9935335253868b9e6128da36b444a5283b22ce4875f66e003db2a7e97856acf3",
                "2e4f4fee46b04c5ec3938275541d8c8434dd6dfd37cf74d988982124547ae698",
                "63e91e8322dcb9a07765c565f2d6a921a680e070fffa9addff2047bfadc024b7",
                "b89091581939ac09e765201bfd6e7a4bbaee2b234600d653968f128073811dad",
                "ef05140a8b8e0e2122e59b64efd2e5f9e323311b6b86d71fde746eb6140079e9",
                "4e9d3e900aed8d812442238a1d99a2dcabb53a0cf9d43d6004c41313572ae65b",
                "bf6589516dba867e9c67f7827691603c3f0fc2a5fc5c52c878967aef66f3ae1c",
                "7d0cd8b8e680db41fd18101ee27d965864850a9356e94b86c7e4f930922b589b",
                "2f29d3c74b6cb372cf1729c44c90009a7f2002395a0823d42c7a4328e30e69cf",
                "c71d7421fa12d73d0378bdcf3225de16d31a410d3f223f50ed785227d7d71ceb",
                "9b525ce77164925d73562c8a556d65a9612ef1ad89519aeb23c153a291286b36"
            ],
            "type": "Script",
            "firstPartyCookies": {},
            "firstPartyCookiesSent": {
                "_hjTLDTest": 0.000014299809812529493,
                "cbar_uid": 0.00006434914415638272,
                "cbar_lvt": 0.00006434914415638272,
                "__veroc4": 0.000007149904906264747,
                "cartStore": 0.00002144971471879424,
                "ins-c": 0.000014299809812529493,
                "IR_gbd": 0.000007149904906264747,
                "ssViewedProducts": 0.000007149904906264747,
                "optimizelyPendingLogEvents": 0.000007149904906264747
            },
            "exampleSites": [
                "www.eurocell.co.uk",
                "www.lowes.com.au",
                "www.freedomfurniture.co.nz",
                "www.rockwear.com.au",
                "www.thelittlegreenbag.nl",
                "www.westelm.co.uk",
                "www.bimmerworld.com",
                "simple.ripley.com.pe",
                "www.morphyrichards.co.uk",
                "www.tyresales.com.au",
                "www.fantasticfurniture.com.au",
                "www.wildearth.com.au",
                "www.mxstore.com.au",
                "www.bbqspitrotisseries.com.au",
                "www.chemistwarehouse.com.au",
                "starbuy.com.au",
                "www.michaelhill.com.au",
                "www.boc.com.au",
                "www.roxyaustralia.com.au",
                "www.potterybarnkids.com.au"
            ]
        },
        {
            "rule": "barilliance\\.net\\/widget_img2V2\\.php",
            "cookies": 0.0000143,
            "fingerprinting": 0,
            "subdomains": [
                "img"
            ],
            "apis": {},
            "sites": 2,
            "prevalence": 0.0000143,
            "cnames": [],
            "responseHashes": [
                "02a287b415a719a7a62670b9fdeab693e7465f8888c5a86234d2371db65433d8"
            ],
            "type": "Image",
            "firstPartyCookies": {},
            "firstPartyCookiesSent": {},
            "exampleSites": [
                "feyenoord.nl",
                "www.feyenoord.nl"
            ]
        },
        {
            "rule": "barilliance\\.net\\/logger\\.js\\.php",
            "cookies": 0.0000143,
            "fingerprinting": 0,
            "subdomains": [
                "www"
            ],
            "apis": {},
            "sites": 2,
            "prevalence": 0.0000143,
            "cnames": [],
            "responseHashes": [
                "572e3f0c49b8e71d7ccdd8279fde022b3ef829b18056878c351e560ddcea1ab7"
            ],
            "type": "Script",
            "firstPartyCookies": {},
            "firstPartyCookiesSent": {},