{
    "domain": "bebasads.com",
    "owner": {},
    "source": [
        "DuckDuckGo-US"
    ],
    "prevalence": 0.00015,
    "sites": 22,
    "subdomains": [],
    "cnames": [],
    "fingerprinting": 0,
    "resources": [
        {
            "rule": "bebasads\\.com\\/ads\\/alds\\.php",
            "cookies": 0,
            "fingerprinting": 0,
            "subdomains": [],
            "apis": {},
            "sites": 11,
            "prevalence": 0.0000749,
            "cnames": [],
            "responseHashes": [
                "78c677819a71210a42c929a7b215c094c8a62a78ed746e3972afa2744299805d",
                "7b2ca8c6bb17f10420d404827490015713ea611b60a86aa7ba86c7eeb614278c",
                "161467caf7a502cc3f4d8a0ed22353c0bddfdae17c8f80e69a4350a15c41e431",
                "e3b0c44298fc1c149afbf4c8996fb92427ae41e4649b934ca495991b7852b855",
                "b3ebc86065ec14a6ed2de334a152d82a2a60d6e055a3c758458c508745cd0d73",
                "8679dfd099ff02fef3b12873274dbf14b719e5f99e745ce0454357c90e9087f9"
            ],
            "type": "XHR",
            "firstPartyCookies": {},
            "firstPartyCookiesSent": {},
            "exampleSites": [
                "ceritabokepindonesia.com",
                "ceritabokepindonesia.org",
                "ceritasexindonesia.com",
                "www.ceritasex1.com"
            ]
        }
    ],
    "categories": [],
    "performance": {},
    "cookies": 0,
    "types": {
        "XHR": 11
    },
    "nameservers": [
        "greg.ns.cloudflare.com",
        "tricia.ns.cloudflare.com"
    ]
}