{
    "domain": "bestzba.com",
    "owner": {},
    "source": [
        "DuckDuckGo-US"
    ],
    "prevalence": 0.000143,
    "sites": 21,
    "subdomains": [
        "uthbxvz"
    ],
    "cnames": [],
    "fingerprinting": 1,
    "resources": [
        {
            "rule": "bestzba\\.com\\/ecxBsw7\\.js",
            "cookies": 0,
            "fingerprinting": 1,
            "subdomains": [
                "uthbxvz"
            ],
            "apis": {
                "Navigator.prototype.userAgent": 6,
                "window.localStorage": 6,
                "Date.prototype.getTime": 6,
                "window.innerHeight": 6,
                "window.innerWidth": 6
            },
            "sites": 6,
            "prevalence": 0.0000408,
            "cnames": [],
            "responseHashes": [
                "4537be9800035ca8919512e21201de2f51486f9e1fb3aa8fb0ab201d7e91821d"
            ],
            "type": "Script",
            "firstPartyCookies": {},
            "firstPartyCookiesSent": {},
            "exampleSites": [
                "blendporn.com",
                "www.blendporn.com",
                "www.fsiblog.co",
                "www.xnxxnxnn.com",
                "www.xxvideo.me",
                "www.yrprno.com"
            ]
        },
        {
            "rule": "bestzba\\.com\\/api\\/spots\\/201556",
            "cookies": 0.0000681,
            "fingerprinting": 0,
            "subdomains": [
                "uthbxvz"
            ],
            "apis": {},
            "sites": 10,
            "prevalence": 0.0000681,
            "cnames": [],
            "responseHashes": [
                "8c2530aedf732b9af877bd2fb67436912b339c8f0f76f43227f5393ef9dcd552",
                "c4b02fffecca5019ceab8212be4b33f46d6a81c2a628baf90898a746a4136763",
                "cd22ac7ae5af031189fb075fcda0dd9e6b685f024e0b0d8a0cdcfd2e4e03ff75",
                "6675f7f4b0d369c15fba646a15b4ef926ed8e6df5a6d4089c8927c33c62bc5b7",
                "830aaea689cbdb06b2f4576623766ab560dc142d9785e70e6d6d1ae415760b54",
                "1c0382dc1541989c1881e661b5039520157e360e40761eba75cfdf41cb4b9a55",
                "fd86e6cb5a40f6cee7032441bd5af890e81272adcb8c0430c5632900296fe6bb",
                "b113d677af0d3bea76209bc71b1d7249396bef8517f7265740764ac7cb676470",
                "88f8d34a7c37c0cd560ce59e3cc73507b95a8a5f8c6114c762f04fbce5a3fc13"
            ],
            "type": "Script",
            "firstPartyCookies": {},
            "firstPartyCookiesSent": {},
            "exampleSites": [
                "blendporn.com",
                "www.blendporn.com",
                "www.fsiblog.co",
                "www.pornhub.me.uk",
                "www.pornhub.nom.co",
                "www.pornworms.com",
                "www.xnxxnxnn.com",
                "www.xxvideo.me",
                "www.xxxziz.com",
                "www.yrprno.com"
            ]
        },
        {
            "rule": "bestzba\\.com\\/8GC6mA1\\.js",
            "cookies": 0,
            "fingerprinting": 1,
            "subdomains": [
                "uthbxvz"
            ],
            "apis": {
                "Navigator.prototype.userAgent": 5,
                "window.localStorage": 5,
                "Date.prototype.getTime": 5,
                "window.innerHeight": 5,
                "window.innerWidth": 5
            },
            "sites": 5,
            "prevalence": 0.000034,
            "cnames": [],
            "responseHashes": [
                "4537be9800035ca8919512e21201de2f51486f9e1fb3aa8fb0ab201d7e91821d"
            ],
            "type": "Script",
            "firstPartyCookies": {},
            "firstPartyCookiesSent": {},
            "exampleSites": [
                "pornhub.me.uk",
                "www.pornhub.me.uk",
                "www.pornhub.nom.co",
                "www.pornworms.com",
                "www.xxxziz.com"
            ]
        },
        {
            "rule": "bestzba\\.com\\/g2WYVA7\\.js",
            "cookies": 0,
            "fingerprinting": 1,
            "subdomains": [
                "uthbxvz"
            ],
            "apis": {
                "Navigator.prototype.userAgent": 3,
                "window.localStorage": 3,
                "Date.prototype.getTime": 3,
                "window.innerHeight": 3,
                "window.innerWidth": 3
            },
            "sites": 3,
            "prevalence": 0.0000204,
            "cnames": [],
            "responseHashes": [
                "4537be9800035ca8919512e21201de2f51486f9e1fb3aa8fb0ab201d7e91821d"
            ],
            "type": "Script",
            "firstPartyCookies": {},
            "firstPartyCookiesSent": {},
            "exampleSites": [
                "trendyporn.com",
                "www.trendyporn.com",
                "www.yespornplease.sexy"
            ]
        },
        {
            "rule": "bestzba\\.com\\/api\\/spots\\/354117",
            "cookies": 0.0000204,
            "fingerprinting": 0,
            "subdomains": [
                "uthbxvz"
            ],
            "apis": {},
            "sites": 3,
            "prevalence": 0.0000204,
            "cnames": [],
            "responseHashes": [
                "11bbd77d9986ceaf2f4bed5dd37e45665be1c559ad605539f1fc38e7cf03d1aa",
                "8efaf4cd9f473cfbcd11d9a33a4e77865c6fd3e6f5d3cf0107b3f0c78d260a2e"
            ],
            "type": "Script",
            "firstPartyCookies": {},
            "firstPartyCookiesSent": {},
            "exampleSites": [
                "trendyporn.com",
                "www.trendyporn.com",
                "www.yespornplease.sexy"
            ]
        }
    ],
    "categories": [],
    "performance": {},
    "cookies": 0.000143,
    "types": {
        "Script": 27
    },
    "nameservers": [
        "athena.ns.cloudflare.com",
        "kurt.ns.cloudflare.com"
    ]
}