{
    "domain": "betotodilea.com",
    "owner": {},
    "source": [
        "DuckDuckGo-US"
    ],
    "prevalence": 0.000279,
    "sites": 39,
    "subdomains": [],
    "cnames": [],
    "fingerprinting": 2,
    "resources": [
        {
            "rule": "betotodilea\\.com\\/400\\/4787874",
            "cookies": 0.000186,
            "fingerprinting": 2,
            "subdomains": [],
            "apis": {
                "window.localStorage": 22,
                "Navigator.prototype.userAgent": 22,
                "Navigator.prototype.maxTouchPoints": 22,
                "Date.prototype.getTime": 22,
                "Screen.prototype.availHeight": 22,
                "window.sessionStorage": 14,
                "Navigator.prototype.mimeTypes": 5,
                "Screen.prototype.width": 5,
                "Screen.prototype.height": 5
            },
            "sites": 26,
            "prevalence": 0.000186,
            "cnames": [],
            "responseHashes": [
                "e0a339acb65bba0e17e1f91099d7b38b922585bbd430f9501bc5ac0191d875ce",
                "344b27df1c02aa8f320d5135d6d9e1a23bc5365080c4a89aed17de66a96e708c",
                "42582882b58d37c3088fae4c9a88b3722597c57ad386af74878dc2e09239c4d0",
                "2e271475567991a4bb37fe2be98feef7488d7a44624f1272551d4acadf1e234c",
                "21ef626b993c1c70d1646e812779604042a276873463e754c936e1d1b5fda8a4",
                "ff76539cdd4ad482cac13376100a9d40741cf3869c28e6a57361aef8a269d6ee",
                "08d42a8a2c212794a322197cdecf47da8db2eb27ad9df676736624984becdba3",
                "59e5935934e632f315725d1a6853b647af775dec70a30e0999237bfd16c483ac",
                "212fa07934cfb29fc6adf12da7adb792dcbe231386b04fc11f852cfbc406efc5",
                "9917437664b0b40bc081af083cea1ab556f9c3fe6440a44d883c707a0b22c4ca",
                "47110a245b7a5f94a4a4478fe8f1c918acce2981e19d815ec34871a327a22a1f",
                "9e5ead9690232184c2248e0fe9a7fa591dfd8a02b38fd491c52345e66a361fd7",
                "95d4067131ecd1e3a7832b460d57daac108108a929aa3dcb9033c40dc7f10cd6",
                "2d62a85c57551a0aab46a51998bbba2e5518686b040527d903f07bdc258c61df",
                "8e58cb51bad12f83e6a06e5f6631a6b7ca90e14f10501b896e821e77dfa3ccaa",
                "dacc5a1a9383f73536808208f0d2f7041921b178c392e459f0d73ea1e08233dc",
                "0e952348cd5ecdb61718c397358c98fc723e28670fce82b3132ab3e4e5d9962b",
                "abc0444f1255a90ee4ebdef439d90515b57e13e3a39c1d291dc1b620ed11bdbb",
                "2ec7b74c73526fb1d87b9d9686cee18d8ad3ed95921d778667eddadf8806bb31",
                "6654c0958dd24db5980ba88fbfcde1910dd41ae452a4e3bc0f55c9faa53412ad",
                "17758222b54aff5110fb0de4a8c8642db7a112191cca500461611999f7c829e2",
                "e0e99452a62f9b96d10a5fba56068f067ee3b6e7b163147951066b0e10b12c25"
            ],
            "type": "Script",
            "firstPartyCookies": {},
            "firstPartyCookiesSent": {},
            "exampleSites": [
                "jav-uncensored.net",
                "uncutwebseries.com",
                "siska.video",
                "vidz69.com",
                "watchomovies.live",
                "fbjav.com",
                "vidoz8.com",
                "desiporn.org",
                "peladas69.com",
                "www.likuoo.video",
                "javcrave.com",
                "clips4free.is",
                "bokepindo.one",
                "sexbjcam.com",
                "javindo.co",
                "0dporn.com",
                "rhdtube.com",
                "xnxvideos.in",
                "avtub.org",
                "jpgtube.com"
            ]
        },
        {
            "rule": "betotodilea\\.com\\/500\\/4787874",
            "cookies": 0.0000143,
            "fingerprinting": 0,
            "subdomains": [],
            "apis": {},
            "sites": 5,
            "prevalence": 0.0000357,
            "cnames": [],
            "responseHashes": [
                "cba14936b50ed4c74127b0f0c0fa12c1dfae8bdafba31fcb8a92f5d7c6f133e4"
            ],
            "type": "XHR",
            "firstPartyCookies": {},
            "firstPartyCookiesSent": {},
            "exampleSites": [
                "bokepindo.one",
                "rhdtube.com",
                "siska.video",
                "watchomovies.live"
            ]
        },
        {
            "rule": "betotodilea\\.com\\/500\\/4787874",
            "cookies": 0,
            "fingerprinting": 0,
            "subdomains": [],
            "apis": {},
            "sites": 5,
            "prevalence": 0.0000357,
            "cnames": [],
            "responseHashes": [],
            "type": "Preflight",
            "firstPartyCookies": {},
            "firstPartyCookiesSent": {},
            "exampleSites": [
                "bokepindo.one",
                "rhdtube.com",
                "siska.video",
                "watchomovies.live"
            ]
        },
        {
            "rule": "betotodilea\\.com\\/400\\/4857535",
            "cookies": 0.0000286,
            "fingerprinting": 2,
            "subdomains": [],
            "apis": {
                "window.localStorage": 4,
                "Navigator.prototype.userAgent": 4,
                "Navigator.prototype.maxTouchPoints": 4,
                "Date.prototype.getTime": 4,
                "Screen.prototype.availHeight": 4,
                "window.sessionStorage": 4,
                "Navigator.prototype.mimeTypes": 2,
                "Screen.prototype.width": 2,
                "Screen.prototype.height": 2
            },
            "sites": 4,
            "prevalence": 0.0000286,
            "cnames": [],
            "responseHashes": [
                "7c1b955fc49b1a6fd196b8d6681446425e86dc5f2b3d68c4f26840b425a381ed",
                "2d6003ae1ef8ff2da8aeddc68110438825810e84e086220685574da78e7c275a",
                "1f83f46780182816691cfe8527ca9c13926600563af5853aa65eae7fe43f1e0b"
            ],
            "type": "Script",
            "firstPartyCookies": {},
            "firstPartyCookiesSent": {},
            "exampleSites": [
                "bjsplus.com",
                "doodstream.com",
                "www.facecrot.xyz",
                "xtime.video"
            ]
        },
        {
            "rule": "betotodilea\\.com\\/400\\/4787872",
            "cookies": 0.00005,
            "fingerprinting": 2,
            "subdomains": [],
            "apis": {
                "window.localStorage": 7,
                "Navigator.prototype.userAgent": 7,
                "Navigator.prototype.maxTouchPoints": 7,
                "Date.prototype.getTime": 7,
                "Screen.prototype.availHeight": 7,
                "window.sessionStorage": 7,
                "Navigator.prototype.mimeTypes": 6,
                "Screen.prototype.width": 6,
                "Screen.prototype.height": 6
            },
            "sites": 7,
            "prevalence": 0.00005,
            "cnames": [],
            "responseHashes": [
                "beaffd04a2b2bc430b1bdc9639199c8b12ec5d297896976f6cd1b9550223e99e",
                "e3b0c44298fc1c149afbf4c8996fb92427ae41e4649b934ca495991b7852b855",
                "d057f4ecd021b45b2a5ed8cd19cd3d4cd4b6620c9778596b25ccc20d9f852ee0",
                "b2e27b81a638b850938c72b500e728b8854ebcc8c233d079cb869d9a50ec9484",
                "cdbc0cc4b86e540474f2e54335f83d6979c8c3942eac37d3a931aaa173e9632c"
            ],
            "type": "Script",
            "firstPartyCookies": {},
            "firstPartyCookiesSent": {},
            "exampleSites": [
                "gayxxx.video",
                "gayzerhd.club",
                "hornyfanz.com",
                "javkuy.com",
                "javsuck.com",
                "sexkbj.com",
                "verpeliculasporno.gratis"
            ]
        },
        {
            "rule": "betotodilea\\.com\\/400\\/4787873",
            "cookies": 0.0000357,
            "fingerprinting": 2,