{
    "domain": "bhabhiporn.pro",
    "owner": {},
    "source": [
        "DuckDuckGo-US"
    ],
    "prevalence": 0.000293,
    "sites": 43,
    "subdomains": [
        "asg"
    ],
    "cnames": [],
    "fingerprinting": 1,
    "resources": [
        {
            "rule": "bhabhiporn\\.pro\\/api\\/spots\\/56334",
            "cookies": 0.000136,
            "fingerprinting": 0,
            "subdomains": [
                "asg"
            ],
            "apis": {},
            "sites": 22,
            "prevalence": 0.00015,
            "cnames": [],
            "responseHashes": [
                "84785965d203a057d41abd0ad27727595ac73ba3464c6faa31753a2d895b8486",
                "baad56b4a302b3269c10d87deaf32ba78ccd286d8611c075639d6d847fe2d04f",
                "92e3db70ee6447dd8aafc05774f8476ebc2bb14017f6ab7f5421363717f60c01",
                "2fe4540ced338b37887891f92497004b486fbf7b811ad64dda8fe7d9b1e30d02",
                "8d3697e4030f6922e693fff697b7f00c2739b0e2daa0b5cf5b1263667ab14491",
                "5eaf0632c40ca7d0a0ec62895babd917cbceaad9cb59806e456518d6d6f2a3e1",
                "4ae10ce76432e9493f4272d8b9fd8d4b5d01f18fdcc8a00d9db937102319ea7f",
                "a4f4cf997307c179f095d56b283575daa0149e7fbecbc15e2394348a13607ad4",
                "92bac2559cfbf2c9802e314d1525d2c466016f97a51c45d953020a188b80074c",
                "e7dfedb749c748deb1a22657216c6c2c1969281c1977c5c96063781d14164a1e",
                "12c633a80951937263239405cf6f98f8869a038d70c32ac68f8e7351b117a88f",
                "97c6bc501aaef401a73850c9d2b7b84fb09e252813ac60d27346308f45756399",
                "8c9f30846823afffb81b960d312f96df19289ee01ca0cac5c84bbc3c6c0e3078",
                "020aa7ef3f36c48528e42d04536d02186a3708d58627fd0415c12f36ef782536",
                "f5a01fb01d4e04dafcf0a0da6b733e3a1c282caff62a82e75520a8cc6887506b",
                "0960e4289a5d68e69cfd90bd075d7b47ea74ab68c112a2f1539945e8f9fa7a28",
                "ff6daa4a96f8be8b7dd681bc491849e9bcdef72376c8b0ede490278e2810f413",
                "34d68887a610db333314ab5a06603dc357659d1c263d043dacc09a0b055b3694",
                "3c60d8e385579400ffd33b2d58d90a77c749a5f459272e01326edf7b74201f9b",
                "a607ef1143a616fdfba5d04a0e3a7566bdbbff14233b41d6641c5517da4119b0",
                "fcb78feb6869735560513264d6f3f74938aee7923b43a81108b369e8374a0ad1"
            ],
            "type": "Document",
            "firstPartyCookies": {},
            "firstPartyCookiesSent": {},
            "exampleSites": [
                "porn-xnxx.com",
                "www.porn-xnxx.com",
                "the-moms.com",
                "indian-porn.pro",
                "xxx-porn-hub.com",
                "urpussy.com",
                "fuckmovs.pro",
                "pronhub.name",
                "violetmovies.com",
                "xnxx-xxx.pro",
                "x-xx.pro",
                "xnxx.club",
                "x-n-x-x.pro",
                "indian-xnxx.pro",
                "tubepornyoung.com",
                "bollywoodxxx.pro",
                "hindixnxx.pro",
                "japaninporn.com",
                "desi-xnxx.pro",
                "maturesboy.com"
            ]
        },
        {
            "rule": "bhabhiporn\\.pro\\/api\\/spots\\/56335",
            "cookies": 0.000143,
            "fingerprinting": 0,
            "subdomains": [
                "asg"
            ],
            "apis": {},
            "sites": 23,
            "prevalence": 0.000157,
            "cnames": [],
            "responseHashes": [
                "656d6e1dba4928d76a90980b0a19464761bab9f13e8a56e2a2b20f0679377d79",
                "39ae447996a5240b4af078d31d3ffbe61ee4eaee330e001efc4d286776992c36",
                "a652fc2836ae1af01a0437bceb960280cbeeb59907439897a3dbf75f9670be2e",
                "6a6f19a425f733b1fc54611809efe25f90ea9fda611a676cb5baae2c426f9591",
                "f7515f0868a9edc271f8c6a35963ae9f07ce1db7edfe3062cb9e27b942a3cb40",
                "1108cd5689342230e05cdcaad26dd590316ce3b6f9ca498238691fdea320ac46",
                "caa3af24fb9f926e4ddb79a7ff302a1b8dca8d0c78da5f34903c6a675e3eb8a3",
                "6f64e4ecadb780ea230069eb1507fcff4f1595f32650a281a1a665b542390dfc",
                "69562c68120e6b92a5cf9a117e2f128ccf3036288183a63b70c947e5f1454ab0",
                "fa9743bf9befeaec8a002123a8b9f4232d84a5bc3d2eca5276981de7ea59f3d2",
                "060fae7fc4d1901522faa9d5312d3f838d0ddd05a0496531c44a16221b5c47cc",
                "495c6a007164e20d4d63fbab2f4eb94f8dabff14006c832ef7445c22ab477793",
                "de8ffeba03c96dfa99a354aa28d98579d7f06fc76739860d40a0ca83399cc7b5",
                "3887deabe97c5e23d57d8d9d763773d94c3fec8268a64dc48eb5ad2e5c78d676",
                "2431f188572039ac5e6a2013a778e9b39f59e6e4e8c066dfe53bfad54ad90352",
                "f89baf8460248e0783b70069dac850075d57787563ad975a3407a01418c5ba91",
                "9753720e252e3ecaf7dbd58a897d071c8922dad2a36035fa32571500810a27b5",
                "70814fb6a7be5eb19f482868540c76b773ff0da8be3be6b8ffbaf3f7b8e8a9b8",
                "4836619e7ac046c72e4760812a896448ec12a271015671b4c68f6ac5d96922fc",
                "0c895610597518e8d5b4b89b8c23e5517fa66a1ecef911aac27dc8a41ec2c6f8",
                "7ba34fc1afa5e1f67d3a6481ff0a52d615d2d1bb194a3136ec6969ee54ba9ea7",
                "764b260053e11a1413f9599436d3a5876648d8d829014aa75669783fb9bfe491"
            ],
            "type": "Document",
            "firstPartyCookies": {},
            "firstPartyCookiesSent": {},
            "exampleSites": [
                "urpussy.com",
                "indian-porn.pro",
                "violetmovies.com",
                "indian-xnxx.pro",
                "xnxx.club",
                "japaninporn.com",
                "bhabhixxx.pro",
                "bollywoodxxx.pro",
                "desi-xnxx.pro",
                "the-moms.com",
                "jav-pics.com",
                "maturesboy.com",
                "fuckmovs.pro",
                "porn-xnxx.com",
                "www.porn-xnxx.com",
                "x-n-x-x.pro",
                "x-xx.pro",
                "pronhub.name",
                "xxx-porn-hub.com",
                "hindixnxx.pro"
            ]
        },
        {
            "rule": "bhabhiporn\\.pro\\/api\\/spots\\/56336",
            "cookies": 0.000157,
            "fingerprinting": 0,
            "subdomains": [
                "asg"
            ],
            "apis": {},
            "sites": 23,
            "prevalence": 0.000157,
            "cnames": [],