{
    "domain": "boatchat.com",
    "owner": {},
    "source": [
        "DuckDuckGo-US"
    ],
    "prevalence": 0.0000346,
    "sites": 5,
    "subdomains": [
        "service12",
        "static12"
    ],
    "cnames": [],
    "fingerprinting": 2,
    "resources": [
        {
            "rule": "boatchat\\.com\\/VisitorManager\\/Scripts\\/chat5058\\.js",
            "cookies": 0.0000277,
            "fingerprinting": 1,
            "subdomains": [
                "service12"
            ],
            "apis": {
                "Navigator.prototype.userAgent": 4,
                "window.name": 4,
                "Document.cookie getter": 4,
                "window.localStorage": 4,
                "Document.cookie setter": 4,
                "Date.prototype.getTime": 4
            },
            "sites": 4,
            "prevalence": 0.0000277,
            "cnames": [],
            "responseHashes": [
                "92d00e801a0cda9e1f0f793202fb6d15f3be98ef28fe20f028b4436cf222145f"
            ],
            "type": "Script",
            "firstPartyCookies": {
                "CC_GAINFO_777bab1f-7c47-4af7-83bc-e814fa764d29": {
                    "ttl": null,
                    "length": 126,
                    "prevalence": 0.000013835851458298743,
                    "uniqueness": 0.5
                },
                "CC_BId2777bab1f-7c47-4af7-83bc-e814fa764d29": {
                    "ttl": 8636405,
                    "length": 36,
                    "prevalence": 0.000013835851458298743,
                    "uniqueness": 1
                },
                "CC_SID2777bab1f-7c47-4af7-83bc-e814fa764d29": {
                    "ttl": null,
                    "length": 36,
                    "prevalence": 0.000013835851458298743,
                    "uniqueness": 1
                },
                "CC_STATUS_89G4777bab1f-7c47-4af7-83bc-e814fa764d29": {
                    "ttl": null,
                    "length": 24,
                    "prevalence": 0.000013835851458298743,
                    "uniqueness": 0.5
                },
                "CC_NOTIFICATIONSTATE": {
                    "ttl": null,
                    "length": 1,
                    "prevalence": 0.000013835851458298743,
                    "uniqueness": 0.5
                },
                "CC_GAINFO_60fe07c8-df12-4dcd-b7b6-9051811c872f": {
                    "ttl": null,
                    "length": 126,
                    "prevalence": 0.000006917925729149372,
                    "uniqueness": 1
                },
                "CC_BId260fe07c8-df12-4dcd-b7b6-9051811c872f": {
                    "ttl": 8636404,
                    "length": 36,
                    "prevalence": 0.000006917925729149372,
                    "uniqueness": 1
                },
                "CC_SID260fe07c8-df12-4dcd-b7b6-9051811c872f": {
                    "ttl": null,
                    "length": 36,
                    "prevalence": 0.000006917925729149372,
                    "uniqueness": 1
                },
                "CC_STATUS_89G460fe07c8-df12-4dcd-b7b6-9051811c872f": {
                    "ttl": null,
                    "length": 24,
                    "prevalence": 0.000006917925729149372,
                    "uniqueness": 1
                },
                "CC_GAINFO_9b5ec12f-6434-4f39-baeb-d13c1a68853a": {
                    "ttl": null,
                    "length": 126,
                    "prevalence": 0.000006917925729149372,
                    "uniqueness": 1
                },
                "CC_BId29b5ec12f-6434-4f39-baeb-d13c1a68853a": {
                    "ttl": 8636399,
                    "length": 36,
                    "prevalence": 0.000006917925729149372,
                    "uniqueness": 1
                },
                "CC_SID29b5ec12f-6434-4f39-baeb-d13c1a68853a": {
                    "ttl": null,
                    "length": 36,
                    "prevalence": 0.000006917925729149372,
                    "uniqueness": 1
                },
                "CC_STATUS_89G49b5ec12f-6434-4f39-baeb-d13c1a68853a": {
                    "ttl": null,
                    "length": 24,
                    "prevalence": 0.000006917925729149372,
                    "uniqueness": 1
                }
            },
            "firstPartyCookiesSent": {},
            "exampleSites": [
                "denisonyachtsales.com",
                "www.denisonyachtsales.com",
                "www.hmy.com",
                "www.unitedyacht.com"
            ]
        },
        {
            "rule": "boatchat\\.com\\/bcvhs\\/new_visitor_v3",
            "cookies": 0,
            "fingerprinting": 0,
            "subdomains": [
                "service12"
            ],
            "apis": {},
            "sites": 4,
            "prevalence": 0.0000277,
            "cnames": [],
            "responseHashes": [
                "74f543dc9983220018b09fd7fab448edb9133de6355bcdc83aa05ae4a4a59e16",
                "a1c7c45fcc5408be280f6d2aed70c55f0da3b211b4f3bbd6951ad89f851b841b",
                "6778086d5d1e148f91ef6511324461cd45f1a3480743bbc8fa79172486f5e7f3"
            ],
            "type": "Script",
            "firstPartyCookies": {},
            "firstPartyCookiesSent": {},
            "exampleSites": [
                "denisonyachtsales.com",
                "www.denisonyachtsales.com",
                "www.hmy.com",
                "www.unitedyacht.com"
            ]
        },
        {
            "rule": "boatchat\\.com\\/CustomizableIconInvite\\/Default_Images\\/CompanyLogo\\/CarChat24-Login\\.png",
            "cookies": 0,
            "fingerprinting": 0,
            "subdomains": [
                "static12"
            ],
            "apis": {},
            "sites": 2,
            "prevalence": 0.0000138,
            "cnames": [],
            "responseHashes": [
                "0f4f299c9b9a3c98d11e8aa3e217c7cd0d9f2ad7ad9c6c5d71e4736e38bd6b74"
            ],
            "type": "Image",
            "firstPartyCookies": {},
            "firstPartyCookiesSent": {},
            "exampleSites": [
                "denisonyachtsales.com",
                "www.denisonyachtsales.com"
            ]
        },
        {
            "rule": "boatchat\\.com\\/bcvhs\\/page_stay",
            "cookies": 0,
            "fingerprinting": 0,
            "subdomains": [
                "service12"
            ],
            "apis": {},
            "sites": 4,
            "prevalence": 0.0000277,
            "cnames": [],
            "responseHashes": [
                "ee829f499486af426217bd43befe42b48eae060086472debdc506d7095461e98",
                "d21025e8c41887c530f2ada75f36ecad183c8a1abe3cbbeb102790fb178998f5",
                "650d53190c76523cef656209f8b8d33c39061202e0ff581e024a62892c238f10"
            ],
            "type": "Script",
            "firstPartyCookies": {},
            "firstPartyCookiesSent": {
                "CC_BId2777bab1f-7c47-4af7-83bc-e814fa764d29": 0.000013835851458298743,
                "CC_SID2777bab1f-7c47-4af7-83bc-e814fa764d29": 0.000013835851458298743,
                "CC_BId260fe07c8-df12-4dcd-b7b6-9051811c872f": 0.000006917925729149372,
                "CC_SID260fe07c8-df12-4dcd-b7b6-9051811c872f": 0.000006917925729149372,
                "CC_BId29b5ec12f-6434-4f39-baeb-d13c1a68853a": 0.000006917925729149372,
                "CC_SID29b5ec12f-6434-4f39-baeb-d13c1a68853a": 0.000006917925729149372
            },
            "exampleSites": [
                "denisonyachtsales.com",
                "www.denisonyachtsales.com",
                "www.hmy.com",
                "www.unitedyacht.com"
            ]
        },
        {
            "rule": "boatchat\\.com\\/VisitorManager\\/InpageChat\\/Chatv2",
            "cookies": 0.0000138,
            "fingerprinting": 0,
            "subdomains": [
                "service12"
            ],
            "apis": {},
            "sites": 2,