{
    "domain": "bonertraffic12.info",
    "owner": {},
    "source": [
        "DuckDuckGo-US"
    ],
    "prevalence": 0.000109,
    "sites": 16,
    "subdomains": [
        "cdn"
    ],
    "cnames": [],
    "fingerprinting": 2,
    "resources": [
        {
            "rule": "bonertraffic12\\.info\\/sdk\\/push_web\\/",
            "cookies": 0.0000545,
            "fingerprinting": 2,
            "subdomains": [
                "cdn"
            ],
            "apis": {
                "Navigator.prototype.userAgent": 8,
                "Intl.DateTimeFormat.prototype.resolvedOptions": 8,
                "Date.prototype.getTimezoneOffset": 8,
                "Document.cookie getter": 8,
                "Date.prototype.getTime": 8,
                "Document.cookie setter": 8,
                "window.innerHeight": 8,
                "window.innerWidth": 8,
                "window.devicePixelRatio": 8,
                "Navigator.prototype.appName": 8
            },
            "sites": 8,
            "prevalence": 0.0000545,
            "cnames": [],
            "responseHashes": [
                "c6e3572d584a16af50d2203010bca78ab3745670d3825f5c6500fc3bf5f13c06",
                "948ef76383f5334159585af1b8e9aa673d8e4b149a8c4f14144307a44e7ebd10",
                "620661d68604b0072aa3a748c4d7fc6ab54f8b4a2e3a9c8bf7c7f2f6625d1adf",
                "dd387fbf69d5587dc3b7b684d4d976a9ece9d375e5176f405e3ee630ad114bb4",
                "74a35c717dc2c43c1ca16886cbb0d15c199b0fca7c0a90322740b54103f38841",
                "01cc47130a225af3604cba3829ba39034ebde1fa5918bcfe437c50dcb91dcd27"
            ],
            "type": "Script",
            "firstPartyCookies": {
                "rvt_inlpush_cnt_5280": {
                    "ttl": 86401,
                    "length": 1,
                    "prevalence": 0.000013612757876682026,
                    "uniqueness": 0.5
                },
                "rvt_inlpush_max_5280": {
                    "ttl": 86400,
                    "length": 2,
                    "prevalence": 0.000013612757876682026,
                    "uniqueness": 0.5
                },
                "rvt_inlpush_shown_5280": {
                    "ttl": 86403,
                    "length": 1,
                    "prevalence": 0.000013612757876682026,
                    "uniqueness": 0.5
                },
                "rvt_inlpush_cnt_6838": {
                    "ttl": 86402,
                    "length": 1,
                    "prevalence": 0.000013612757876682026,
                    "uniqueness": 0.5
                },
                "rvt_inlpush_max_6838": {
                    "ttl": 86401,
                    "length": 3,
                    "prevalence": 0.000013612757876682026,
                    "uniqueness": 0.5
                },
                "rvt_inlpush_shown_6838": {
                    "ttl": 86403,
                    "length": 1,
                    "prevalence": 0.000013612757876682026,
                    "uniqueness": 0.5
                },
                "rvt_inlpush_cnt_5358": {
                    "ttl": 86401,
                    "length": 1,
                    "prevalence": 0.000006806378938341013,
                    "uniqueness": 1
                },
                "rvt_inlpush_max_5358": {
                    "ttl": 86401,
                    "length": 3,
                    "prevalence": 0.000006806378938341013,
                    "uniqueness": 1
                },
                "rvt_inlpush_shown_5358": {
                    "ttl": 86403,
                    "length": 1,
                    "prevalence": 0.000006806378938341013,
                    "uniqueness": 1
                },
                "rvt_inlpush_cnt_5645": {
                    "ttl": 86400,
                    "length": 1,
                    "prevalence": 0.000006806378938341013,
                    "uniqueness": 1
                },
                "rvt_inlpush_max_5645": {
                    "ttl": 86400,
                    "length": 3,
                    "prevalence": 0.000006806378938341013,
                    "uniqueness": 1
                },
                "rvt_inlpush_shown_5645": {
                    "ttl": 86402,
                    "length": 1,
                    "prevalence": 0.000006806378938341013,
                    "uniqueness": 1
                },
                "rvt_inlpush_cnt_6662": {
                    "ttl": 86401,
                    "length": 1,
                    "prevalence": 0.000006806378938341013,
                    "uniqueness": 1
                },
                "rvt_inlpush_max_6662": {
                    "ttl": 86400,
                    "length": 3,
                    "prevalence": 0.000006806378938341013,
                    "uniqueness": 1
                },
                "rvt_inlpush_shown_6662": {
                    "ttl": 86402,
                    "length": 1,
                    "prevalence": 0.000006806378938341013,
                    "uniqueness": 1
                },
                "rvt_inlpush_cnt_6839": {
                    "ttl": 86401,
                    "length": 1,
                    "prevalence": 0.000006806378938341013,
                    "uniqueness": 1
                },
                "rvt_inlpush_max_6839": {
                    "ttl": 86400,
                    "length": 3,
                    "prevalence": 0.000006806378938341013,
                    "uniqueness": 1
                },
                "rvt_inlpush_shown_6839": {
                    "ttl": 86402,
                    "length": 1,
                    "prevalence": 0.000006806378938341013,
                    "uniqueness": 1
                }
            },
            "firstPartyCookiesSent": {},
            "exampleSites": [
                "beegfuck.com",
                "hdroom.xxx",
                "hotmilf.pro",
                "tubeskanks.com",
                "www.hdroom.xxx",
                "www.xhamstergo.com",
                "xlxx.website",
                "xxxshame.com"
            ]
        }
    ],
    "categories": [],
    "performance": {},
    "cookies": 0.000109,
    "types": {
        "Script": 8
    },
    "nameservers": [
        "dell.ns.cloudflare.com",
        "ray.ns.cloudflare.com"
    ]
}