{
    "domain": "bonertraffic14.pro",
    "owner": {},
    "source": [
        "DuckDuckGo-US"
    ],
    "prevalence": 0.000145,
    "sites": 21,
    "subdomains": [
        "cdn"
    ],
    "cnames": [],
    "fingerprinting": 2,
    "resources": [
        {
            "rule": "bonertraffic14\\.pro\\/sdk\\/push_web\\/",
            "cookies": 0.0000969,
            "fingerprinting": 2,
            "subdomains": [
                "cdn"
            ],
            "apis": {
                "Navigator.prototype.userAgent": 14,
                "Intl.DateTimeFormat.prototype.resolvedOptions": 14,
                "Date.prototype.getTimezoneOffset": 14,
                "Document.cookie getter": 14,
                "Date.prototype.getTime": 14,
                "Document.cookie setter": 14,
                "window.devicePixelRatio": 14,
                "Navigator.prototype.appName": 14
            },
            "sites": 15,
            "prevalence": 0.000104,
            "cnames": [],
            "responseHashes": [
                "1418a90572ed76d4624794aadfc1000157102c0e722b08404d6b6210ce752b66",
                "24d5639cdda1906537b87c94e82dbd692f8b94d4323267b101cad58063391cb4",
                "f33c92ad2fc0090b98031d7676ea41cb56b2c3eca31f0c42f09c17610f90aaae",
                "a9917cc41788e10c9afb1adfcd1d770cc6b4541aabfba17ee89b2e4c5883ffbb",
                "d56367a5b8e684a500419346ebbee3af162499e5e0b022b11f89d6c1dfda0ba5",
                "b02ca69d2de0c10223b7c2b93748e56882631a4bf85e87ca18ce92d7f18f207f",
                "2d87f9768e79a60db9125ebe6477ec6f4be47ef30510049f5b59fac7683a3998",
                "46e33d6455c3a387d90671c56394912d661f607baba655737ee53c5f39c791c4",
                "a4fbcbdd5887d5b6386b0bdb3d83110e95329a3b5bf5a984146522a764749b52",
                "7abc29b303e5cac9508dbe2c9a4e6fb5af68631b2b2498d97ee05474e58c4988",
                "fe14b7208d858ea05cca89d3f8fe2b17f097284b410ed51bae5ef9d573030fef",
                "d2c1c85f2c8176b66e5987d4fb08022f75db6a8d760796031d506653c5af0a5e"
            ],
            "type": "Script",
            "firstPartyCookies": {
                "rvt_inlpush_cnt_4913": {
                    "ttl": 86403,
                    "length": 1,
                    "prevalence": 0.000027671702916597487,
                    "uniqueness": 0.25
                },
                "rvt_inlpush_max_4913": {
                    "ttl": 86403,
                    "length": 2,
                    "prevalence": 0.000027671702916597487,
                    "uniqueness": 0.25
                },
                "rvt_inlpush_shown_4913": {
                    "ttl": 86404,
                    "length": 1,
                    "prevalence": 0.000027671702916597487,
                    "uniqueness": 0.25
                },
                "rvt_inlpush_cnt_4606": {
                    "ttl": 86401,
                    "length": 1,
                    "prevalence": 0.000006917925729149372,
                    "uniqueness": 1
                },
                "rvt_inlpush_max_4606": {
                    "ttl": 86400,
                    "length": 2,
                    "prevalence": 0.000006917925729149372,
                    "uniqueness": 1
                },
                "rvt_inlpush_shown_4606": {
                    "ttl": 86402,
                    "length": 1,
                    "prevalence": 0.000006917925729149372,
                    "uniqueness": 1
                },
                "rvt_inlpush_cnt_5073": {
                    "ttl": 86401,
                    "length": 1,
                    "prevalence": 0.000006917925729149372,
                    "uniqueness": 1
                },
                "rvt_inlpush_max_5073": {
                    "ttl": 86401,
                    "length": 3,
                    "prevalence": 0.000006917925729149372,
                    "uniqueness": 1
                },
                "rvt_inlpush_shown_5073": {
                    "ttl": 86403,
                    "length": 1,
                    "prevalence": 0.000006917925729149372,
                    "uniqueness": 1
                },
                "rvt_inlpush_cnt_4992": {
                    "ttl": 86400,
                    "length": 1,
                    "prevalence": 0.000013835851458298743,
                    "uniqueness": 0.5
                },
                "rvt_inlpush_max_4992": {
                    "ttl": 86400,
                    "length": 3,
                    "prevalence": 0.000013835851458298743,
                    "uniqueness": 0.5
                },
                "rvt_inlpush_shown_4992": {
                    "ttl": 86402,
                    "length": 1,
                    "prevalence": 0.000013835851458298743,
                    "uniqueness": 0.5
                },
                "rvt_inlpush_cnt_4570": {
                    "ttl": 86401,
                    "length": 1,
                    "prevalence": 0.000006917925729149372,
                    "uniqueness": 1
                },
                "rvt_inlpush_max_4570": {
                    "ttl": 86400,
                    "length": 2,
                    "prevalence": 0.000006917925729149372,
                    "uniqueness": 1
                },
                "rvt_inlpush_shown_4570": {
                    "ttl": 86402,
                    "length": 1,
                    "prevalence": 0.000006917925729149372,
                    "uniqueness": 1
                },
                "rvt_inlpush_cnt_5327": {
                    "ttl": 86401,
                    "length": 1,
                    "prevalence": 0.000006917925729149372,
                    "uniqueness": 1
                },
                "rvt_inlpush_max_5327": {
                    "ttl": 86401,
                    "length": 3,
                    "prevalence": 0.000006917925729149372,
                    "uniqueness": 1
                },
                "rvt_inlpush_shown_5327": {
                    "ttl": 86403,
                    "length": 1,
                    "prevalence": 0.000006917925729149372,
                    "uniqueness": 1
                },
                "rvt_inlpush_cnt_4605": {
                    "ttl": 86402,
                    "length": 1,
                    "prevalence": 0.000006917925729149372,
                    "uniqueness": 1
                },
                "rvt_inlpush_max_4605": {
                    "ttl": 86401,
                    "length": 2,
                    "prevalence": 0.000006917925729149372,
                    "uniqueness": 1
                },
                "rvt_inlpush_shown_4605": {
                    "ttl": 86404,
                    "length": 1,
                    "prevalence": 0.000006917925729149372,
                    "uniqueness": 1
                },
                "rvt_inlpush_cnt_5045": {
                    "ttl": 86404,
                    "length": 1,
                    "prevalence": 0.000006917925729149372,
                    "uniqueness": 1
                },
                "rvt_inlpush_max_5045": {
                    "ttl": 86403,
                    "length": 1,
                    "prevalence": 0.000006917925729149372,
                    "uniqueness": 1
                },
                "rvt_inlpush_shown_5045": {
                    "ttl": 86406,
                    "length": 1,
                    "prevalence": 0.000006917925729149372,
                    "uniqueness": 1
                },
                "rvt_inlpush_cnt_4702": {
                    "ttl": 86401,
                    "length": 1,
                    "prevalence": 0.000006917925729149372,
                    "uniqueness": 1
                },
                "rvt_inlpush_max_4702": {
                    "ttl": 86401,
                    "length": 2,
                    "prevalence": 0.000006917925729149372,
                    "uniqueness": 1
                },