{
    "domain": "bonertraffic14.info",
    "owner": {},
    "source": [
        "DuckDuckGo-US"
    ],
    "prevalence": 0.0000623,
    "sites": 9,
    "subdomains": [
        "cdn"
    ],
    "cnames": [],
    "fingerprinting": 2,
    "resources": [
        {
            "rule": "bonertraffic14\\.info\\/sdk\\/push_web\\/",
            "cookies": 0.0000484,
            "fingerprinting": 2,
            "subdomains": [
                "cdn"
            ],
            "apis": {
                "Navigator.prototype.userAgent": 7,
                "Intl.DateTimeFormat.prototype.resolvedOptions": 7,
                "Date.prototype.getTimezoneOffset": 7,
                "Document.cookie getter": 7,
                "Date.prototype.getTime": 7,
                "Document.cookie setter": 7,
                "window.devicePixelRatio": 7,
                "Navigator.prototype.appName": 1
            },
            "sites": 7,
            "prevalence": 0.0000484,
            "cnames": [],
            "responseHashes": [
                "df1d33cbcfb8777c48f3098e358df9834010e0d73be5c113669b5372a026a04f",
                "66b107fc500b5bb57854f08c6bad9afb63c901d10a3827261dd0939ce24dca4a",
                "03ccfdb56acf6741452a983b46048516d90e25936ba1c1fa827ce3c88acbd46e",
                "8194a131817e76a17b4b82b7ec91e4c592db1843898fc7f5ceb1c79856be4c70",
                "b4b79042d9085f097a3f6e4ea5b9ed522ebd69f7c4e34cd30809c541e708d88e",
                "6086fb0440c99e34a674116d16da005731f1fd53b8b3f307cd806bf93061cbc4"
            ],
            "type": "Script",
            "firstPartyCookies": {
                "rvt_inlpush_cnt_4794": {
                    "ttl": 86401,
                    "length": 1,
                    "prevalence": 0.000020753777187448115,
                    "uniqueness": 0.3333333333333333
                },
                "rvt_inlpush_max_4794": {
                    "ttl": 86401,
                    "length": 3,
                    "prevalence": 0.000020753777187448115,
                    "uniqueness": 0.3333333333333333
                },
                "rvt_inlpush_cnt_4795": {
                    "ttl": 86407,
                    "length": 1,
                    "prevalence": 0.000006917925729149372,
                    "uniqueness": 1
                },
                "rvt_inlpush_max_4795": {
                    "ttl": 86407,
                    "length": 3,
                    "prevalence": 0.000006917925729149372,
                    "uniqueness": 1
                },
                "rvt_inlpush_cnt_4796": {
                    "ttl": 86401,
                    "length": 1,
                    "prevalence": 0.000006917925729149372,
                    "uniqueness": 1
                },
                "rvt_inlpush_max_4796": {
                    "ttl": 86401,
                    "length": 3,
                    "prevalence": 0.000006917925729149372,
                    "uniqueness": 1
                },
                "rvt_inlpush_cnt_4800": {
                    "ttl": 86404,
                    "length": 1,
                    "prevalence": 0.000006917925729149372,
                    "uniqueness": 1
                },
                "rvt_inlpush_max_4800": {
                    "ttl": 86402,
                    "length": 3,
                    "prevalence": 0.000006917925729149372,
                    "uniqueness": 1
                },
                "rvt_inlpush_shown_4800": {
                    "ttl": 86404,
                    "length": 1,
                    "prevalence": 0.000006917925729149372,
                    "uniqueness": 1
                }
            },
            "firstPartyCookiesSent": {},
            "exampleSites": [
                "bravoporn.com",
                "es.bravoporn.com",
                "mobile.bravoporn.com",
                "solobeauty.com",
                "www.bravoporn.com",
                "www.bravoteens.com",
                "xbabe.com"
            ]
        }
    ],
    "categories": [],
    "performance": {},
    "cookies": 0.0000623,
    "types": {
        "Script": 7
    },
    "nameservers": [
        "dell.ns.cloudflare.com",
        "ray.ns.cloudflare.com"
    ]
}