{
    "domain": "bonertraffic14.pro",
    "owner": {},
    "source": [
        "DuckDuckGo-US"
    ],
    "prevalence": 0.000109,
    "sites": 16,
    "subdomains": [
        "cdn"
    ],
    "cnames": [],
    "fingerprinting": 2,
    "resources": [
        {
            "rule": "bonertraffic14\\.pro\\/sdk\\/push_web\\/",
            "cookies": 0.0000749,
            "fingerprinting": 2,
            "subdomains": [
                "cdn"
            ],
            "apis": {
                "Navigator.prototype.userAgent": 11,
                "Intl.DateTimeFormat.prototype.resolvedOptions": 11,
                "Date.prototype.getTimezoneOffset": 11,
                "Document.cookie getter": 11,
                "Date.prototype.getTime": 11,
                "Document.cookie setter": 11,
                "window.innerHeight": 11,
                "window.innerWidth": 11,
                "window.devicePixelRatio": 11,
                "Navigator.prototype.appName": 11
            },
            "sites": 11,
            "prevalence": 0.0000749,
            "cnames": [],
            "responseHashes": [
                "e22580433144495c3bbf696709c48b469570a5884c39c985b4288c2c98de70be",
                "0014efab35fc0ada546bfe6770122129412fb7576a0ecb5449b8c5695c71e076",
                "4de19185a2386166a7227c690bd311497493a75d7ba111202210eee3a3818113",
                "001878ecab29f16be9dceea23d8492e9e9627043e01335c1cc2eb984b7c2edca"
            ],
            "type": "Script",
            "firstPartyCookies": {
                "rvt_inlpush_cnt_4607": {
                    "ttl": 86401,
                    "length": 1,
                    "prevalence": 0.000006806378938341013,
                    "uniqueness": 1
                },
                "rvt_inlpush_max_4607": {
                    "ttl": 86400,
                    "length": 2,
                    "prevalence": 0.000006806378938341013,
                    "uniqueness": 1
                },
                "rvt_inlpush_shown_4607": {
                    "ttl": 86402,
                    "length": 1,
                    "prevalence": 0.000006806378938341013,
                    "uniqueness": 1
                },
                "rvt_inlpush_cnt_5342": {
                    "ttl": 86401,
                    "length": 1,
                    "prevalence": 0.000006806378938341013,
                    "uniqueness": 1
                },
                "rvt_inlpush_max_5342": {
                    "ttl": 86400,
                    "length": 3,
                    "prevalence": 0.000006806378938341013,
                    "uniqueness": 1
                },
                "rvt_inlpush_shown_5342": {
                    "ttl": 86402,
                    "length": 1,
                    "prevalence": 0.000006806378938341013,
                    "uniqueness": 1
                },
                "rvt_inlpush_cnt_4846": {
                    "ttl": 86402,
                    "length": 1,
                    "prevalence": 0.000006806378938341013,
                    "uniqueness": 1
                },
                "rvt_inlpush_max_4846": {
                    "ttl": 86401,
                    "length": 3,
                    "prevalence": 0.000006806378938341013,
                    "uniqueness": 1
                },
                "rvt_inlpush_shown_4846": {
                    "ttl": 86403,
                    "length": 1,
                    "prevalence": 0.000006806378938341013,
                    "uniqueness": 1
                },
                "rvt_inlpush_cnt_4992": {
                    "ttl": 86401,
                    "length": 1,
                    "prevalence": 0.000027225515753364053,
                    "uniqueness": 0.25
                },
                "rvt_inlpush_max_4992": {
                    "ttl": 86400,
                    "length": 3,
                    "prevalence": 0.000027225515753364053,
                    "uniqueness": 0.25
                },
                "rvt_inlpush_shown_4992": {
                    "ttl": 86402,
                    "length": 1,
                    "prevalence": 0.000027225515753364053,
                    "uniqueness": 0.25
                },
                "rvt_inlpush_cnt_5045": {
                    "ttl": 86401,
                    "length": 1,
                    "prevalence": 0.000027225515753364053,
                    "uniqueness": 0.25
                },
                "rvt_inlpush_max_5045": {
                    "ttl": 86401,
                    "length": 1,
                    "prevalence": 0.000027225515753364053,
                    "uniqueness": 0.25
                },
                "rvt_inlpush_shown_5045": {
                    "ttl": 86403,
                    "length": 1,
                    "prevalence": 0.000027225515753364053,
                    "uniqueness": 0.25
                }
            },
            "firstPartyCookiesSent": {},
            "exampleSites": [
                "bhabhixxx.pro",
                "japanesemom.me",
                "the-moms.com",
                "toplessandyoung.com",
                "usaxtube.com",
                "www.nakedmilfs.sexy",
                "x-n-x-x.pro",
                "x-xx.pro",
                "xnxx-xxx.pro",
                "xnxx.club",
                "zombiporn.com"
            ]
        }
    ],
    "categories": [],
    "performance": {},
    "cookies": 0.000109,
    "types": {
        "Script": 11
    },
    "nameservers": [
        "ray.ns.cloudflare.com",
        "dell.ns.cloudflare.com"
    ]
}