{
    "domain": "boxx.ai",
    "owner": {},
    "source": [
        "DuckDuckGo-US"
    ],
    "prevalence": 0.00049,
    "sites": 36,
    "subdomains": [
        "js",
        "eun1-js",
        "loki",
        "eun1-loki"
    ],
    "cnames": [],
    "fingerprinting": 2,
    "resources": [
        {
            "rule": "boxx\\.ai\\/js_init\\/",
            "cookies": 0.000259,
            "fingerprinting": 1,
            "subdomains": [
                "js",
                "eun1-js"
            ],
            "apis": {
                "Document.cookie getter": 20,
                "Date.prototype.getTime": 20,
                "Document.cookie setter": 19
            },
            "sites": 36,
            "prevalence": 0.00049,
            "cnames": [],
            "responseHashes": [
                "668e00a2d1e48be4dffaec6722248a40709290ceae3bdb3f18cbae7d2718aff8",
                "2ef02f7de94ff0441f9c95093bbb5494d6b902a92bad239d8b6ea366af167f04",
                "1e136877278438cb9bd5b56cd6072bd12de2f7db371cd616a321241ea36fc341",
                "6607213ba02ffdaea2741783f1ed9fb93c0c3438b87772fd1c19e3b975e9384d",
                "d9df5edc64e258657951fa9c69355bda1fa4861317862b39e4ea4f6f65f1c4b0",
                "1566133e543b0a194522ca8a5fdd782213d26c4b61183f2937ef7331d03cba03",
                "c03a1f78cf2ac4b531bf1dd00eca8298b19517501689805fec1583aa98b33948",
                "1f5f1e927ed9b4ac96a05309ada099830aed505a6fcf3439da6929f8da0815f1",
                "94cc972439502f1f64da93c4406b26d23083a51a230f33f5693944cec581169b",
                "1a27b802f17ada8feb8fd9b909702d66caabb0e8e7c474dc2dad7b3730c337fa",
                "fa4b40d901d5d9cf36fcf682946c1a1f5aac9faf118dd3505b0e4f4885d452fc",
                "1d748b3a24f7762ee27e68f2c34bff0a3cb741b5d1552ec3eca8afd451d679b1",
                "4bba07d680dcc37df763d0119ee28be71fad4a50d989c990d4ee90b5675086a1",
                "c6b54fc4fd266e78ab2be2ac2113e3dd1a49e0b18316892ba469cd32a9c354a1",
                "b3f90e96817bc6b708f31a4553113edc3f05b134a6515848b243d4fc799996f0",
                "d6e847de9056efd24fc2c028e7a596cf1a41dd6d3d7693e8798cead1f8756f66",
                "9126fcdfd0bed39a40ec3ba8787ff3237efbabc0fa87da5e37b2bb52223d1199",
                "3ce964f1971845f96f43fed0531f8c5da31b4c23b3a5014578a28245801028be",
                "6b65aec2e11d73a4b7086902eec0058ecffb40ce9c230f054ec80bd6c45bdfa4",
                "2b2e9875a51b1c3d176c0eb02f61e5bd045486a0e2ca9f6b717acfee6d4b3c18"
            ],
            "type": "Script",
            "firstPartyCookies": {
                "bxSesT": {
                    "ttl": 1803,
                    "length": 24,
                    "prevalence": 0.00024501796798431883,
                    "uniqueness": 1
                },
                "bxSesC": {
                    "ttl": 63072003,
                    "length": 24,
                    "prevalence": 0.00024501796798431883,
                    "uniqueness": 1
                },
                "bxSegDetail": {
                    "ttl": 63072006,
                    "length": 202,
                    "prevalence": 0.000258630077316781,
                    "uniqueness": 1
                },
                "boxx_token_id": {
                    "ttl": 3196800006,
                    "length": 48,
                    "prevalence": 0.000258630077316781,
                    "uniqueness": 1
                },
                "bxUserType": {
                    "ttl": 1803,
                    "length": 4,
                    "prevalence": 0.000040836327997386474,
                    "uniqueness": 0.3333333333333333
                }
            },
            "firstPartyCookiesSent": {
                "_schn": 0.000013612109332462159,
                "lotame_domain_check": 0.00006806054666231079
            },
            "exampleSites": [
                "nurserylive.com",
                "www.holzkern.com",
                "www.easemytrip.com",
                "www.doctoroncall.com.my",
                "www.igp.com",
                "www.woodlandworldwide.com",
                "www.pep.ph",
                "sterlingpro.sterling.ng",
                "sssports.com",
                "www.rumah123.com",
                "www.superdry.in",
                "wallmantra.com",
                "www.pnbmetlife.com",
                "www.generasimaju.co.id",
                "www.bata.in",
                "www.gramedia.com",
                "www.shemaroome.com",
                "suta.in",
                "www.crocs.in",
                "tallysolutions.com"
            ]
        },
        {
            "rule": "boxx\\.ai\\/sdk\\.js",
            "cookies": 0,
            "fingerprinting": 2,
            "subdomains": [
                "js"
            ],
            "apis": {
                "window.sessionStorage": 19,
                "Navigator.prototype.userAgent": 18,
                "Screen.prototype.availWidth": 18,
                "Screen.prototype.availHeight": 18,
                "Screen.prototype.width": 19,
                "Screen.prototype.height": 18,
                "window.localStorage": 18,
                "Date.prototype.getTime": 2,
                "Document.cookie getter": 1
            },
            "sites": 19,
            "prevalence": 0.000259,
            "cnames": [],
            "responseHashes": [
                "92692ba0a8df6098de091d3fd7d68bb5e19bd47421caf9ef8506ec329d7b6d55",
                "719b96cfd391accf9554783422d51bc8ca13593ebb1d3ed161d99de189c17ff0",
                "b02b62c821928028aabe11acb8f92d8eba0bf74915ddf47ad0ca4dddc2573dee",
                "4ccedf1efd466dcf3236a9debea895124fc032e4afc775144c7494aa4b50ae1c",
                "bfc26cc930a4ba1f01112231781c42899042da2af0d3af36ab54274c353594eb",
                "3dfb8b24de05a1de18d292e3defb384cd90102e0b2057dba30aa2e6e55255a9b",
                "617170787ff1020e1c1fe30f70d329f7baddc789ef0b4ac77e9a9f924f8e43ae",
                "b61cd57c93b95e1f6759ad9b021c87c655499bd650250a73707bb8aba0691a0a",
                "26b1d095d4f0626fa12ada957e16ac39aec8fe5bde58c0031b8dbc4729b45f07",
                "828af680fba97f8453522b34f14de1ac5ae865a1d9425277cebb05a104fefd2e",
                "90356b4fd9896420059ad00c35a782e71027795b279e9429dd012614c729b6d3",
                "aa3729a0e45508bd7bc0930e3e8245c1d9af8959487b1b61d67c81b8be004326",
                "def9d8682b2c6b7f32f141bad037b84f4be42ff17cb98e78895d1d661d139654",
                "6eafa00fa7c4cdb541b65263e11c5108174dbb686bb18d6fe8f83d8de7e39bf4",
                "4d4e2383f64da74e39514a660724cfae293ba4527b9f0f2019113b1f38b62691",
                "891ec0d72464d622c2a55d605c294096a9d39d6543d1f84dc15f9ade2543037b",
                "c4f897fadaa7778957c77451a797491a64e708a9c30c9f3366a550a07f2278e2"
            ],
            "type": "Script",
            "firstPartyCookies": {},
            "firstPartyCookiesSent": {},
            "exampleSites": [
                "sssports.com",
                "flight.easemytrip.com",
                "nurserylive.com",
                "suta.in",
                "www.bata.in",
                "www.biba.in",
                "www.crocs.in",
                "www.easemytrip.com",
                "www.ethoswatches.com",
                "www.giva.co",
                "www.gramedia.com",
                "www.holzkern.com",
                "www.jockey.in",
                "www.konga.com",
                "www.metrodeal.com",
                "www.superdry.in",
                "www.thomascook.in",
                "www.woodlandworldwide.com",
                "www.zivame.com"
            ]
        },
        {
            "rule": "boxx\\.ai\\/nav\\/",
            "cookies": 0.000245,
            "fingerprinting": 0,
            "subdomains": [
                "loki",
                "eun1-loki"
            ],
            "apis": {},
            "sites": 19,
            "prevalence": 0.000259,
            "cnames": [],