{
    "domain": "boxx.ai",
    "owner": {},
    "source": [
        "DuckDuckGo-US"
    ],
    "prevalence": 0.000186,
    "sites": 26,
    "subdomains": [
        "js",
        "loki",
        "eve"
    ],
    "cnames": [],
    "fingerprinting": 2,
    "resources": [
        {
            "rule": "boxx\\.ai\\/js_init\\/",
            "cookies": 0.0000715,
            "fingerprinting": 1,
            "subdomains": [
                "js"
            ],
            "apis": {
                "Document.cookie getter": 10,
                "Date.prototype.getTime": 10,
                "Document.cookie setter": 10
            },
            "sites": 18,
            "prevalence": 0.000129,
            "cnames": [],
            "responseHashes": [
                "f6ba111215f106a3a63fd319cbfcf8719023739dd38e83c0fe19ff5a1a342bc8",
                "2ef02f7de94ff0441f9c95093bbb5494d6b902a92bad239d8b6ea366af167f04",
                "6829e149a8fa2830b040f82acdb966ad7fda0db7893bbabedf691aa91340b8e2",
                "56ee68900585c222b875c6a2e4bb27ce7844a59d183a1ab239704477698ac3ac",
                "e69ede6652fb52ac7cdbc7312336e13d63299d47864732306eecc1b4af82ddc3",
                "f2e59b1a177e1249c042b43518c3e6a68bd7b4fae13d5d123f2f0c616ad58c54",
                "28c5211467509a8041b21207fbad15e6642bf2f0bdc259b514802ceb1b5d25b7",
                "755f5c77da7e23375375ce3a337e2ae92c2a7cda09e1d4d00031ba214879fd63",
                "0cc774c9edcfacef32f5d7401c7e74d7e601de7e6a977a0a8d0b1667341cc62d",
                "021261e92c256e007fac5537cc5ad8fed7545307bdae8520a424d0a2b0d7276e",
                "85b8c5fb50dd9056b259b1601f1d1ee79a44ed569f93538340d8c2cf06b5256a"
            ],
            "type": "Script",
            "firstPartyCookies": {
                "bxSesT": {
                    "ttl": 1805,
                    "length": 24,
                    "prevalence": 0.00007149904906264747,
                    "uniqueness": 1
                },
                "bxSesC": {
                    "ttl": 63072005,
                    "length": 24,
                    "prevalence": 0.00007149904906264747,
                    "uniqueness": 1
                },
                "bxSegDetail": {
                    "ttl": 63072008,
                    "length": 198,
                    "prevalence": 0.00007149904906264747,
                    "uniqueness": 1
                },
                "boxx_token_id": {
                    "ttl": 3196800008,
                    "length": 48,
                    "prevalence": 0.00007149904906264747,
                    "uniqueness": 1
                },
                "bxUserType": {
                    "ttl": 1802,
                    "length": 4,
                    "prevalence": 0.000007149904906264747,
                    "uniqueness": 1
                }
            },
            "firstPartyCookiesSent": {
                "lotame_domain_check": 0.000007149904906264747
            },
            "exampleSites": [
                "sssports.com",
                "en-ae.sssports.com",
                "help.tallysolutions.com",
                "nurserylive.com",
                "tallysolutions.com",
                "woodlandworldwide.com",
                "www.bata.in",
                "www.easemytrip.com",
                "www.gramedia.com",
                "www.jockey.in",
                "www.mid-day.com",
                "www.miraeassetmf.co.in",
                "www.pep.ph",
                "www.sbisecurities.in",
                "www.sotc.in",
                "www.thestar.com.my",
                "www.thomascook.in",
                "www.zivame.com"
            ]
        },
        {
            "rule": "boxx\\.ai\\/sdk\\.js",
            "cookies": 0,
            "fingerprinting": 2,
            "subdomains": [
                "js"
            ],
            "apis": {
                "window.sessionStorage": 10,
                "Navigator.prototype.userAgent": 10,
                "Screen.prototype.availWidth": 10,
                "Screen.prototype.availHeight": 10,
                "Screen.prototype.width": 10,
                "Screen.prototype.height": 10,
                "window.localStorage": 10,
                "Date.prototype.getTime": 1,
                "Document.cookie getter": 1
            },
            "sites": 10,
            "prevalence": 0.0000715,
            "cnames": [],
            "responseHashes": [
                "5ebf28ef4c5ecde8858ccf3c888610faa173e8bf401648554e96b70091dfff83",
                "25b0e87412617ed3da2351a850eee38b458e4fc484cb2aed3a6319a35f54119d",
                "4ccedf1efd466dcf3236a9debea895124fc032e4afc775144c7494aa4b50ae1c",
                "92692ba0a8df6098de091d3fd7d68bb5e19bd47421caf9ef8506ec329d7b6d55",
                "26b1d095d4f0626fa12ada957e16ac39aec8fe5bde58c0031b8dbc4729b45f07",
                "90356b4fd9896420059ad00c35a782e71027795b279e9429dd012614c729b6d3",
                "b1cc0d00d98f0c1a411f10003e2f842a71e55908b39d896865cd9f65d8291c93",
                "4d4e2383f64da74e39514a660724cfae293ba4527b9f0f2019113b1f38b62691",
                "c4f897fadaa7778957c77451a797491a64e708a9c30c9f3366a550a07f2278e2"
            ],
            "type": "Script",
            "firstPartyCookies": {},
            "firstPartyCookiesSent": {},
            "exampleSites": [
                "sssports.com",
                "en-ae.sssports.com",
                "woodlandworldwide.com",
                "www.bata.in",
                "www.easemytrip.com",
                "www.gramedia.com",
                "www.jockey.in",
                "www.mid-day.com",
                "www.thomascook.in",
                "www.zivame.com"
            ]
        },
        {
            "rule": "boxx\\.ai\\/nav\\/",
            "cookies": 0.0000643,
            "fingerprinting": 0,
            "subdomains": [
                "loki"
            ],
            "apis": {},
            "sites": 10,
            "prevalence": 0.0000715,
            "cnames": [],
            "responseHashes": [
                "d9e5bddc1e797fd7b7517edaa177bab624a2f8dbe77f2da57d8c7e158ece4ccf",
                "e0fe84f6dfd67a544a10caef5bdb519f96b29f14b6f973f0053f4cddaf8480ce",
                "a0f3b529074df98f358c2a40a01e5f79504a106766de45ea9e0999c9ffc3d663",
                "8018d82a1148201b277fa43984478d9b8f24f921cf1b1d114db82b3065632da8",
                "a5cbc8dc1e73c1e8550574b1a770bd6f150c5664d9dbd3e79508bbb359ba03c9",
                "372f8c383b0c96d0ff125dd3c822b5ba7c5bf839f2295fd474328f4a60f68ed5",
                "7c0b71202cd2fec909e2ea4d646c45cf2bcb7351e12a0106a7f12ab763ae1037",
                "a614b1311072dec3f41987d66e1bc394d338f7ade2e58c51247e4267d8556479",
                "2e92d28b7bf4812e67d14cdf08001257607a4644c2a27ed65fc5427e6913f6a7"
            ],
            "type": "Fetch",
            "firstPartyCookies": {},
            "firstPartyCookiesSent": {},
            "exampleSites": [
                "sssports.com",
                "en-ae.sssports.com",
                "woodlandworldwide.com",
                "www.bata.in",
                "www.easemytrip.com",
                "www.gramedia.com",
                "www.jockey.in",
                "www.mid-day.com",
                "www.thomascook.in",
                "www.zivame.com"
            ]
        },
        {
            "rule": "boxx\\.ai\\/nav\\/",
            "cookies": 0.0000715,
            "fingerprinting": 0,
            "subdomains": [
                "loki"
            ],
            "apis": {},
            "sites": 10,
            "prevalence": 0.0000715,
            "cnames": [],
            "responseHashes": [],
            "type": "Preflight",
            "firstPartyCookies": {},
            "firstPartyCookiesSent": {},