{
    "domain": "braindw.com",
    "owner": {},
    "source": [
        "DuckDuckGo-US"
    ],
    "prevalence": 0.000177,
    "sites": 13,
    "subdomains": [
        "static-s",
        "s",
        "p",
        "s2",
        "storage.cdn"
    ],
    "cnames": [],
    "fingerprinting": 1,
    "resources": [
        {
            "rule": "braindw\\.com\\/tracking\\/track",
            "cookies": 0.0000681,
            "fingerprinting": 1,
            "subdomains": [
                "static-s",
                "s"
            ],
            "apis": {
                "window.localStorage": 1
            },
            "sites": 5,
            "prevalence": 0.0000681,
            "cnames": [],
            "responseHashes": [
                "5092b50efc90b141a8e4c5501937ed3ea3ba0b155f1519889016dce2479e6f0d",
                "36110df446c5ee27274d82407269bc467dbdb275cc38f5291e7cbbd668ac7326",
                "c4260898ab1c8873e9e265913cee502bb5e572ad0173707f6e8379db3edb2f64",
                "6ccc12f3ef3149bdd499e7dccd08684255c0d58d41fb131f1cabb4eda6d430d8"
            ],
            "type": "Script",
            "firstPartyCookies": {},
            "firstPartyCookiesSent": {
                "_hjTLDTest": 0.000013612109332462159
            },
            "exampleSites": [
                "hiraoka.com.pe",
                "inkafarma.pe",
                "sommiercenter.com",
                "www.mifarma.com.pe",
                "www.prestigio.com.ar"
            ]
        },
        {
            "rule": "braindw\\.com\\/Tracking\\/IframeKey\\/",
            "cookies": 0.0000544,
            "fingerprinting": 1,
            "subdomains": [
                "s",
                "static-s"
            ],
            "apis": {
                "Navigator.prototype.userAgent": 4
            },
            "sites": 4,
            "prevalence": 0.0000544,
            "cnames": [],
            "responseHashes": [
                "64acbe95dc33c847c6c9d03f1680d298cc9e5a800cb4f39cbc838d8816cb3034",
                "5534897598ef436ea17a96a5acf8f305cfaafe884c6c496d13a287714e611aa6",
                "9673f1af661470dcefbb7f8a23f1af15e470dd7b6e023ca5a004fe7622c50756"
            ],
            "type": "Document",
            "firstPartyCookies": {},
            "firstPartyCookiesSent": {
                "_hjTLDTest": 0.000013612109332462159
            },
            "exampleSites": [
                "hiraoka.com.pe",
                "inkafarma.pe",
                "www.mifarma.com.pe",
                "www.prestigio.com.ar"
            ]
        },
        {
            "rule": "braindw\\.com\\/Api\\/Data\\/Capture",
            "cookies": 0.0000817,
            "fingerprinting": 0,
            "subdomains": [
                "p"
            ],
            "apis": {},
            "sites": 6,
            "prevalence": 0.0000817,
            "cnames": [],
            "responseHashes": [
                "46b3f6cce67d3bdafe6eb310f31eb0b67d1ee55e69bd3ee3082de5f1b02f0c36"
            ],
            "type": "Fetch",
            "firstPartyCookies": {},
            "firstPartyCookiesSent": {},
            "exampleSites": [
                "inkafarma.pe",
                "somosrex.com",
                "www.cetrogar.com.ar",
                "www.laanonimaonline.com",
                "www.mifarma.com.pe",
                "www.prestigio.com.ar"
            ]
        },
        {
            "rule": "braindw\\.com\\/Api\\/Data\\/Capture",
            "cookies": 0.0000817,
            "fingerprinting": 0,
            "subdomains": [
                "p"
            ],
            "apis": {},
            "sites": 6,
            "prevalence": 0.0000817,
            "cnames": [],
            "responseHashes": [],
            "type": "Preflight",
            "firstPartyCookies": {},
            "firstPartyCookiesSent": {},
            "exampleSites": [
                "inkafarma.pe",
                "somosrex.com",
                "www.cetrogar.com.ar",
                "www.laanonimaonline.com",
                "www.mifarma.com.pe",
                "www.prestigio.com.ar"
            ]
        },
        {
            "rule": "braindw\\.com\\/Script\\/braindw\\/juleriaque_produccion_0qvoi",
            "cookies": 0.0000136,
            "fingerprinting": 0,
            "subdomains": [
                "s2"
            ],
            "apis": {},
            "sites": 2,
            "prevalence": 0.0000272,
            "cnames": [],
            "responseHashes": [
                "e3b0c44298fc1c149afbf4c8996fb92427ae41e4649b934ca495991b7852b855"
            ],
            "type": "Fetch",
            "firstPartyCookies": {},
            "firstPartyCookiesSent": {},
            "exampleSites": [
                "juleriaque.com.ar",
                "www.juleriaque.com.ar"
            ]
        },
        {
            "rule": "braindw\\.com\\/Script\\/braindw\\/mifarma_produccion_hx27n",
            "cookies": 0.0000272,
            "fingerprinting": 0,
            "subdomains": [
                "s2"
            ],
            "apis": {},
            "sites": 2,
            "prevalence": 0.0000272,
            "cnames": [],
            "responseHashes": [
                "b340c641cfc8359b0456fb81f21bec96625fd0440d4d0561a259f5f1e8c630ed"
            ],
            "type": "Fetch",
            "firstPartyCookies": {},
            "firstPartyCookiesSent": {},
            "exampleSites": [
                "mifarma.com.pe",
                "www.mifarma.com.pe"
            ]
        },
        {
            "rule": "braindw\\.com\\/mifarma_produccion\\/script\\/files\\/2021\\/05\\/28\\/braindw-mifarma01\\.css",
            "cookies": 0,
            "fingerprinting": 0,
            "subdomains": [
                "storage.cdn"
            ],
            "apis": {},
            "sites": 2,
            "prevalence": 0.0000272,
            "cnames": [],
            "responseHashes": [
                "cd3de8d8e8975523c80d149c110834d96d0d8e00b7311fbf1acb651cdc9591ab"
            ],
            "type": "Stylesheet",
            "firstPartyCookies": {},
            "firstPartyCookiesSent": {},
            "exampleSites": [
                "mifarma.com.pe",
                "www.mifarma.com.pe"
            ]
        },
        {
            "rule": "braindw\\.com\\/prestigio_produccion\\/script\\/files\\/2020\\/11\\/26\\/brandlive\\.css",
            "cookies": 0,
            "fingerprinting": 0,
            "subdomains": [
                "storage.cdn"
            ],
            "apis": {},
            "sites": 2,
            "prevalence": 0.0000272,
            "cnames": [],
            "responseHashes": [
                "d3849bbaf69198f9645310fb7325826e41d92b141e6485266dbd75a9776547b5"
            ],
            "type": "Stylesheet",
            "firstPartyCookies": {},
            "firstPartyCookiesSent": {},
            "exampleSites": [
                "prestigio.com.ar",
                "www.prestigio.com.ar"
            ]
        },
        {
            "rule": "braindw\\.com\\/prestigio_produccion\\/script\\/files\\/2021\\/04\\/05\\/csspicker_prestigiomimified\\.css",
            "cookies": 0,
            "fingerprinting": 0,
            "subdomains": [
                "storage.cdn"
            ],
            "apis": {},
            "sites": 2,
            "prevalence": 0.0000272,
            "cnames": [],
            "responseHashes": [
                "ae52d5b7b66bfc5c4eb6b8c5f0076f5cbdc4989f11ff71645f24a5104066fed6"
            ],
            "type": "Stylesheet",
            "firstPartyCookies": {},
            "firstPartyCookiesSent": {},
            "exampleSites": [
                "prestigio.com.ar",
                "www.prestigio.com.ar"
            ]
        }
    ],
    "categories": [],
    "performance": {},
    "cookies": 0.000177,
    "topInitiators": [
        {
            "domain": "first party",