{
    "domain": "breezometer.com",
    "owner": {},
    "source": [
        "DuckDuckGo-US"
    ],
    "prevalence": 0.000123,
    "sites": 9,
    "subdomains": [
        "api"
    ],
    "cnames": [],
    "fingerprinting": 0,
    "resources": [
        {
            "rule": "breezometer\\.com\\/air-quality\\/v2\\/current-conditions",
            "cookies": 0,
            "fingerprinting": 0,
            "subdomains": [
                "api"
            ],
            "apis": {},
            "sites": 9,
            "prevalence": 0.000123,
            "cnames": [],
            "responseHashes": [
                "109ddec3218774fc8def21c32a9e57fb16981e699e8214b7b8610aa01f160d71",
                "400c2cfee09d1eaf15f58ebf0fdbb167f77e925c56d208c9422ec9f73b944185",
                "4b457d184a46f2acbf0b5a422e51dd074cea929bcabcb9ed459356b9895669d4",
                "33124044786eca8e48a9b9484daa4ff5ecbaa75fb76399d240cbdc925b03f1fd",
                "a9b892c4334ee1e4364cdd9fc23ab355b2e73e6f9640a98877459c877c4b965e",
                "ec74de8ad26aa45156c14a288aaf67224f1becd88eb79085cf3df482fb3479c8",
                "e8762d29c9f683ba4f6f0fadc1c6bddfca31a6d27f3bd5b2f274e7d9222ec0f9",
                "7d310545c32f47ce4ccc092b3738cefde9ea6b153ff4565c15e2541236c2ddad"
            ],
            "type": "XHR",
            "firstPartyCookies": {},
            "firstPartyCookiesSent": {},
            "exampleSites": [
                "dyson.com.tr",
                "www.dyson.co.kr",
                "www.dyson.co.uk",
                "www.dyson.co.jp",
                "www.dyson.com",
                "www.dyson.de",
                "www.dyson.es",
                "www.dyson.fr",
                "www.dyson.it"
            ]
        },
        {
            "rule": "breezometer\\.com\\/pollen\\/v2\\/forecast\\/daily",
            "cookies": 0,
            "fingerprinting": 0,
            "subdomains": [
                "api"
            ],
            "apis": {},
            "sites": 9,
            "prevalence": 0.000123,
            "cnames": [],
            "responseHashes": [
                "bb7e171d530b62a24ec795c658b4d61403aefe9b530e9a9dc686c3ab7e367d21",
                "445f55677777ff0d35903d0d44dd2aacc49243d955fe1a50307120d21aa0ba3a",
                "344086186a2ab0c8ff4136542afa4e7aadf961fb2cfa5a162448a81664c44404",
                "c39521c3fc83875f5752d72b98a35f9017124550ea9d3311b1a8e28a44546bb9",
                "2ee03c9a17f0ec76665ff2fd734ddbb6124280cd4acb34e9dfc00461233bd6c2",
                "528561ad0d4c2d7ac1ee2d475771e9154c9bc275267debe68d8431ce36c39c32",
                "6f68ebf1ad099d22c23ae7df9ce5f19888f8a9d68bdcf1b530613afda96f0723"
            ],
            "type": "XHR",
            "firstPartyCookies": {},
            "firstPartyCookiesSent": {},
            "exampleSites": [
                "dyson.com.tr",
                "www.dyson.co.kr",
                "www.dyson.co.uk",
                "www.dyson.co.jp",
                "www.dyson.com",
                "www.dyson.de",
                "www.dyson.es",
                "www.dyson.fr",
                "www.dyson.it"
            ]
        }
    ],
    "categories": [],
    "performance": {},
    "cookies": 0,
    "topInitiators": [
        {
            "domain": "first party",
            "prevalence": 0.8888888888888888
        },
        {
            "domain": "dynatrace.com",
            "prevalence": 0.1111111111111111
        }
    ],
    "types": {
        "XHR": 18
    },
    "nameservers": [
        "ns-cloud-b1.googledomains.com",
        "ns-cloud-b2.googledomains.com",
        "ns-cloud-b3.googledomains.com",
        "ns-cloud-b4.googledomains.com"
    ]
}