{
    "domain": "bunny.net",
    "owner": {},
    "source": [
        "DuckDuckGo-US"
    ],
    "prevalence": 0.000286,
    "sites": 21,
    "subdomains": [
        "fonts"
    ],
    "cnames": [],
    "fingerprinting": 0,
    "resources": [
        {
            "rule": "bunny\\.net\\/inter\\/files\\/inter-latin-400-normal\\.woff2",
            "cookies": 0,
            "fingerprinting": 0,
            "subdomains": [
                "fonts"
            ],
            "apis": {},
            "sites": 2,
            "prevalence": 0.0000272,
            "cnames": [],
            "responseHashes": [
                "b53a4c04ef649194536ca97140e5f67e22db7ec42070a359125732b2f9828a66"
            ],
            "type": "Font",
            "firstPartyCookies": {},
            "firstPartyCookiesSent": {},
            "exampleSites": [
                "ambientcg.com",
                "www.lcpdfr.com"
            ]
        },
        {
            "rule": "bunny\\.net\\/css",
            "cookies": 0,
            "fingerprinting": 0,
            "subdomains": [
                "fonts"
            ],
            "apis": {},
            "sites": 20,
            "prevalence": 0.000272,
            "cnames": [],
            "responseHashes": [
                "e5c68f77a9849b2708056b92946acc8cace2a5853e2c94a5458180b246b549dd",
                "a157f88f1d64f70055e942ce0bea9b291fdf4d0f454b5d72118f36e1684cc953",
                "a2e038daa234ffc64a1e123114587554a934f2eef8453739bccb0c67af9c4c3b",
                "eb6ee5fae9d467d6cb47f995f642610b2c5ef88caa4bf5c2618126f2240990ed",
                "cbabb45e092636126ed02c8bdb80d75c213e4632b1e09550dbc4ce5caeadfa71",
                "168695982eeba9cd0589354ff16169a34f89d0481cadf37437cdb7cebb830dff",
                "5a43ff0b3a67ecfbcf2988e85c1e2f6338ad1a1349e1a254d76d79907a51dc58",
                "b4e87144774106ae1768fb511029d0b5032c784aaf8bfb1c6d5c06d26017991f",
                "1d8ae5e14fdd57a96ebb18da158eda78f422fd9e8a5a6b6cfbb172198ca45a29",
                "8e5575789d7bf32c6c651e20f8e9810f87b307b379e25fdf360e5c268df6f597"
            ],
            "type": "Stylesheet",
            "firstPartyCookies": {},
            "firstPartyCookiesSent": {},
            "exampleSites": [
                "aresmanga.com",
                "devlibrary.in",
                "helpfulprofessor.com",
                "ingracio.adv.br",
                "lodz.pl",
                "pickmypostcode.com",
                "propertyhub.in.th",
                "site.brasilparalelo.com.br",
                "tv.dartconnect.com",
                "www.akhbaralaan.net",
                "www.brasilparalelo.com.br",
                "www.cloudwards.net",
                "www.edogs.de",
                "www.fluentu.com",
                "www.lcpdfr.com",
                "www.martimotos.com",
                "www.musicgrotto.com",
                "www.premiumtimesng.com",
                "www.shaw.sg",
                "zlotowskie.pl"
            ]
        },
        {
            "rule": "bunny\\.net\\/open-sans\\/files\\/open-sans-latin-400-normal\\.woff2",
            "cookies": 0,
            "fingerprinting": 0,
            "subdomains": [
                "fonts"
            ],
            "apis": {},
            "sites": 4,
            "prevalence": 0.0000544,
            "cnames": [],
            "responseHashes": [
                "f9d8dbe4aac1940e844d5f83733fff06eb39dfc68d7874e63045ddeb67e58e4e"
            ],
            "type": "Font",
            "firstPartyCookies": {},
            "firstPartyCookiesSent": {},
            "exampleSites": [
                "aresmanga.com",
                "tv.dartconnect.com",
                "www.shaw.sg",
                "zlotowskie.pl"
            ]
        },
        {
            "rule": "bunny\\.net\\/roboto\\/files\\/roboto-latin-400-normal\\.woff2",
            "cookies": 0,
            "fingerprinting": 0,
            "subdomains": [
                "fonts"
            ],
            "apis": {},
            "sites": 7,
            "prevalence": 0.0000953,
            "cnames": [],
            "responseHashes": [
                "c6bdd002d23dcb0adbd87e3518bdd994de73818a0f0f502707986301b9fbc404"
            ],
            "type": "Font",
            "firstPartyCookies": {},
            "firstPartyCookiesSent": {},
            "exampleSites": [
                "helpfulprofessor.com",
                "site.brasilparalelo.com.br",
                "www.brasilparalelo.com.br",
                "www.cloudwards.net",
                "www.edogs.de",
                "www.fluentu.com",
                "www.martimotos.com"
            ]
        },
        {
            "rule": "bunny\\.net\\/montserrat\\/files\\/montserrat-latin-700-normal\\.woff2",
            "cookies": 0,
            "fingerprinting": 0,
            "subdomains": [
                "fonts"
            ],
            "apis": {},
            "sites": 2,
            "prevalence": 0.0000272,
            "cnames": [],
            "responseHashes": [
                "28f403366c2c520bfff7d5a0883f1d53e1e87ba1c8202f3f29e6395a0b66806d"
            ],
            "type": "Font",
            "firstPartyCookies": {},
            "firstPartyCookiesSent": {},
            "exampleSites": [
                "ingracio.adv.br",
                "pickmypostcode.com"
            ]
        },
        {
            "rule": "bunny\\.net\\/raleway\\/files\\/raleway-latin-400-normal\\.woff2",
            "cookies": 0,
            "fingerprinting": 0,
            "subdomains": [
                "fonts"
            ],
            "apis": {},
            "sites": 2,
            "prevalence": 0.0000272,
            "cnames": [],
            "responseHashes": [
                "df2772671e3e66ac288f00f38a8be39da71969848794af6412d216d8047c7fd9"
            ],
            "type": "Font",
            "firstPartyCookies": {},
            "firstPartyCookiesSent": {},
            "exampleSites": [
                "lodz.pl",
                "www.edogs.de"
            ]
        },
        {
            "rule": "bunny\\.net\\/alfa-slab-one\\/files\\/alfa-slab-one-latin-400-normal\\.woff2",
            "cookies": 0,
            "fingerprinting": 0,
            "subdomains": [
                "fonts"
            ],
            "apis": {},
            "sites": 2,
            "prevalence": 0.0000272,
            "cnames": [],
            "responseHashes": [
                "910a31095fc28e40a4fc859649a4ee05ad7b134fec60682f60497d1c31d6c31b"
            ],
            "type": "Font",
            "firstPartyCookies": {},
            "firstPartyCookiesSent": {},
            "exampleSites": [
                "edogs.de",
                "zlotowskie.pl"
            ]
        }
    ],
    "categories": [],
    "performance": {},
    "cookies": 0,
    "topInitiators": [
        {
            "domain": "first party",
            "prevalence": 0.4
        },
        {
            "domain": "convertbox.com",
            "prevalence": 0.32
        },
        {
            "domain": "gr-cdn.com",
            "prevalence": 0.24
        },
        {
            "domain": "renthub.in.th",
            "prevalence": 0.04
        }
    ],
    "types": {
        "Font": 19,
        "Stylesheet": 20
    },
    "nameservers": [
        "kiki.bunny.net",
        "coco.bunny.net"
    ]
}