{
    "domain": "camschat.net",
    "owner": {},
    "source": [
        "DuckDuckGo-US"
    ],
    "prevalence": 0.000279,
    "sites": 39,
    "subdomains": [],
    "cnames": [],
    "fingerprinting": 0,
    "resources": [
        {
            "rule": "camschat\\.net\\/300250\\/adniumcamsodadesk\\.php",
            "cookies": 0,
            "fingerprinting": 0,
            "subdomains": [],
            "apis": {},
            "sites": 16,
            "prevalence": 0.000114,
            "cnames": [],
            "responseHashes": [
                "0fb95b8a432781b9921ebd11e7b8ce38d3cfb06600de10feb1288788ce907da7",
                "d4164b232d08fc1501928dc13e101d87447849371afcdc2d494e0292d40d783b",
                "3b667be54a0b93d79e2817acbb0bb0192ca0da7a97230769139af2e44207de30",
                "246adee6d05a3f4970305c2a346f00e0ac048c8ae1c7f01bf190ce3ed61e0343",
                "77b8b8357cb9c70f2e903916c7b4cc44b28445894041de20cde6d24907689671",
                "ae82954b463457484d9adb071c40caa303034a25cd2c884e06a972862e9f1746",
                "730b833fd819baa5717c8199ea555697a487d81e4c912c5b1e3dc37b926fe8c2",
                "a0b6e2b0a3157882578aa625938167dfe7724ec5fb358e3d852a3a73b0390607",
                "f7491aa42957b222186b04c0cd535cefb26f45ed8dd712533140bc9979cb1ec8",
                "3956ffeb685403ad57a5049e33d6c7e28097b44c2401302eb19ad68e6ce760fc"
            ],
            "type": "Document",
            "firstPartyCookies": {},
            "firstPartyCookiesSent": {},
            "exampleSites": [
                "spankbang.com",
                "jp.spankbang.com",
                "mompussypics.com",
                "shemalephotos.com",
                "tinypussypics.com",
                "www.bignudeboobs.com",
                "www.hotsexcomics.me",
                "www.icetranny.com",
                "www.lbtube.com",
                "www.okporn.com",
                "www.perfectnakedgirl.com",
                "www.porn7.xxx",
                "www.pornhomemade.com",
                "www.shesfreaky.com",
                "www.trannydemon.net",
                "xxxdan.com"
            ]
        },
        {
            "rule": "camschat\\.net\\/trafficstars\\/",
            "cookies": 0,
            "fingerprinting": 0,
            "subdomains": [],
            "apis": {},
            "sites": 2,
            "prevalence": 0.0000143,
            "cnames": [],
            "responseHashes": [
                "cd34320b8e63ae2e00e362eaaf6e63500d75e925df5ef838f2f89369454a6100"
            ],
            "type": "Document",
            "firstPartyCookies": {},
            "firstPartyCookiesSent": {},
            "exampleSites": [
                "hentairox.com",
                "it.eporner.com"
            ]
        },
        {
            "rule": "camschat\\.net\\/900250\\/traffichaus-xhamster-900x250\\.php",
            "cookies": 0,
            "fingerprinting": 0,
            "subdomains": [],
            "apis": {},
            "sites": 5,
            "prevalence": 0.0000357,
            "cnames": [],
            "responseHashes": [
                "77717f27f312d88fb4254d6e1009412bc65289233fa70cfab9f41496e8335903"
            ],
            "type": "Document",
            "firstPartyCookies": {},
            "firstPartyCookiesSent": {},
            "exampleSites": [
                "xhamster.com",
                "pt.xhamster.com",
                "ru.xhamster19.com",
                "xhamster.desi",
                "xhamster3.com"
            ]
        },
        {
            "rule": "camschat\\.net\\/900250\\/istripperxhamster\\.php",
            "cookies": 0,
            "fingerprinting": 0,
            "subdomains": [],
            "apis": {},
            "sites": 5,
            "prevalence": 0.0000357,
            "cnames": [],
            "responseHashes": [
                "f6df71377546903504df47d932ce311cb13ba21e46b2f313ed7ae24585c01ac5"
            ],
            "type": "Document",
            "firstPartyCookies": {},
            "firstPartyCookiesSent": {},
            "exampleSites": [
                "xhamster.com",
                "pt.xhamster.com",
                "ru.xhamster19.com",
                "xhamster.desi",
                "xhamster3.com"
            ]
        },
        {
            "rule": "camschat\\.net\\/900250\\/gamexhamster\\.php",
            "cookies": 0,
            "fingerprinting": 0,
            "subdomains": [],
            "apis": {},
            "sites": 5,
            "prevalence": 0.0000357,
            "cnames": [],
            "responseHashes": [
                "979c453f15b2a30e9292c6d645a10afbc99f4b9d06359e31451bb2adb645a53e"
            ],
            "type": "Document",
            "firstPartyCookies": {},
            "firstPartyCookiesSent": {},
            "exampleSites": [
                "xhamster.com",
                "pt.xhamster.com",
                "ru.xhamster19.com",
                "xhamster.desi",
                "xhamster3.com"
            ]
        },
        {
            "rule": "camschat\\.net\\/900250\\/istripper\\.gif",
            "cookies": 0,
            "fingerprinting": 0,
            "subdomains": [],
            "apis": {},
            "sites": 4,
            "prevalence": 0.0000286,
            "cnames": [],
            "responseHashes": [
                "828204dac04ed1c3c5535569bdb3b35a1eb9fd51312bb3942f65f967e7c55aa2"
            ],
            "type": "Image",
            "firstPartyCookies": {},
            "firstPartyCookiesSent": {},
            "exampleSites": [
                "xhamster.com",
                "pt.xhamster.com",
                "xhamster.desi",
                "xhamster3.com"
            ]
        },
        {
            "rule": "camschat\\.net\\/900250\\/shhhh\\.jpg",
            "cookies": 0,
            "fingerprinting": 0,
            "subdomains": [],
            "apis": {},
            "sites": 4,
            "prevalence": 0.0000286,
            "cnames": [],
            "responseHashes": [
                "2c2523fc74375bd85f198fa8b815d2234045856bf878a4da519494e110c763c9"
            ],
            "type": "Image",
            "firstPartyCookies": {},
            "firstPartyCookiesSent": {},
            "exampleSites": [
                "xhamster.com",
                "pt.xhamster.com",
                "xhamster.desi",
                "xhamster3.com"
            ]
        },
        {
            "rule": "camschat\\.net\\/adxad160x600\\/exo\\.php",
            "cookies": 0,
            "fingerprinting": 0,
            "subdomains": [],
            "apis": {},
            "sites": 2,
            "prevalence": 0.0000143,
            "cnames": [],
            "responseHashes": [
                "821015e624baf2057003a9dc8cc09e9a8d2d91a59fb9e55146245cea79b2f108"
            ],
            "type": "Document",
            "firstPartyCookies": {},
            "firstPartyCookiesSent": {},
            "exampleSites": [
                "picsfuck.org",
                "www.cuckoldplacetube.com"
            ]
        },
        {
            "rule": "camschat\\.net\\/adxad160x600\\/cbate\\.html",
            "cookies": 0,
            "fingerprinting": 0,
            "subdomains": [],
            "apis": {},
            "sites": 2,
            "prevalence": 0.0000143,
            "cnames": [],
            "responseHashes": [
                "fe56149ee2015b5efa2f7f0cec7b51408a9bca44237e52fe72f128c612d41a6d"
            ],
            "type": "Document",
            "firstPartyCookies": {},
            "firstPartyCookiesSent": {},
            "exampleSites": [
                "picsfuck.org",
                "www.cuckoldplacetube.com"
            ]
        },
        {
            "rule": "camschat\\.net\\/adxad160x600\\/awe\\.php",
            "cookies": 0,
            "fingerprinting": 0,
            "subdomains": [],
            "apis": {},
            "sites": 2,
            "prevalence": 0.0000143,
            "cnames": [],