{
    "domain": "caroda.io",
    "owner": {},
    "source": [
        "DuckDuckGo-US"
    ],
    "prevalence": 0.000422,
    "sites": 31,
    "subdomains": [
        "publisher",
        "cdn2",
        "cdn5",
        "campaigns",
        "data"
    ],
    "cnames": [],
    "fingerprinting": 3,
    "resources": [
        {
            "rule": "caroda\\.io\\/videoPlayer\\/caroda\\.min\\.js",
            "cookies": 0,
            "fingerprinting": 1,
            "subdomains": [
                "publisher"
            ],
            "apis": {
                "window.localStorage": 30,
                "Navigator.prototype.userAgent": 30,
                "Document.cookie getter": 15,
                "Date.prototype.getTime": 7,
                "window.innerWidth": 2,
                "Screen.prototype.width": 2,
                "Screen.prototype.height": 2
            },
            "sites": 32,
            "prevalence": 0.000436,
            "cnames": [],
            "responseHashes": [
                "58053dff69189177a594cf65857ff66bf2220556edd84e59cf666d5f8c96e571",
                "848180e7b5acb842166c5b6ae37fddb2af9b11d38d6cf2d26fbc0371e7837262",
                "18925d768589aad11be16994843c0bff62a519954693880d0226e02fc55fb2eb",
                "ff3eaea8f51d6f200dd5f04631ed35d71def7cbbe58d82cdc792e31ad3093cee",
                "ad9369f447ef22d4ca666f7495aa3a23a13d588d75ed25e16adbb1dded2acd37",
                "e3131b277de9198f6f617dea4e7683ae2c73efde425a304188268217a4c77bb9",
                "b830974a058d8f602f9673a70e5c040899a122f5d41be83f16d07a56ad2c4acc",
                "86dca43b857980ae98b9cb3d85c40662464e8bdd6fb57af3c9d307692f78d8b9",
                "859165c39b12921f22531ed375ee835f0d415bb5bb395e68d453190bc0dd18ea",
                "48b38c88b93c0685f2596584e1295af654d7c5b3722c76ae3501857c4c593802",
                "3e5dfac7692d1b2809f72eb8dc981f632c13716b4066fc811bce1043b0e0c64e",
                "7a096c951169711721543372fbf619c98399ea1cdd31ac4061e375b7aa3b3ffe",
                "8a4c78ec224a035203ade64fc3684026f4b5c913ac8dcdd7e821720b250b8bec"
            ],
            "type": "Script",
            "firstPartyCookies": {},
            "firstPartyCookiesSent": {},
            "exampleSites": [
                "fresh.iprima.cz",
                "www.joj.sk",
                "sport.aktualne.cz",
                "www.svetzeny.cz",
                "www.centrum.cz",
                "zensky.cas.sk",
                "www.shop.pr",
                "sportovy.cas.sk",
                "www.marianne.cz",
                "www.csfd.cz",
                "www.mesec.cz",
                "www.fdb.cz",
                "iprima.cz",
                "www.informuji.cz",
                "narutoboruto.wbijam.pl",
                "hnonline.sk",
                "www.csfd.sk",
                "www.aktualne.cz",
                "www.dnes24.sk",
                "zpravy.aktualne.cz"
            ]
        },
        {
            "rule": "caroda\\.io\\/videoPlayer\\/v\\/57116ab021ec5dbed8e1116e7390686f6361726f64612d323032322d31322d32305431313a33333a30392e3934335a\\/s\\/2\\/static\\.min\\.js",
            "cookies": 0,
            "fingerprinting": 2,
            "subdomains": [
                "cdn2"
            ],
            "apis": {
                "window.localStorage": 30,
                "window.indexedDB": 30,
                "Navigator.prototype.userAgent": 30,
                "Navigator.prototype.webdriver": 30,
                "Navigator.prototype.languages": 30,
                "window.innerHeight": 12,
                "Date.prototype.getTime": 10,
                "URL.createObjectURL": 4
            },
            "sites": 30,
            "prevalence": 0.000408,
            "cnames": [],
            "responseHashes": [
                "345e388f89fac6e7a256131729baa970667f2635f5bfe2bb58da99467f2d817f"
            ],
            "type": "Script",
            "firstPartyCookies": {},
            "firstPartyCookiesSent": {},
            "exampleSites": [
                "fresh.iprima.cz",
                "volny.centrum.cz",
                "www.fdb.cz",
                "zensky.cas.sk",
                "narutoboruto.wbijam.pl",
                "www.apetitonline.cz",
                "sport.aktualne.cz",
                "www.dnes24.sk",
                "hnonline.sk",
                "www.centrum.cz",
                "www.shop.pr",
                "zena.aktualne.cz",
                "www.informuji.cz",
                "www.joj.sk",
                "zoom.iprima.cz",
                "iprima.cz",
                "www.aktualne.cz",
                "tv.nova.cz",
                "www.csfd.cz",
                "www.marianne.cz"
            ]
        },
        {
            "rule": "caroda\\.io\\/embedded\\.video\\.aktualne\\.cz\\/preload\\.js",
            "cookies": 0,
            "fingerprinting": 1,
            "subdomains": [
                "cdn5"
            ],
            "apis": {
                "Document.cookie getter": 6
            },
            "sites": 6,
            "prevalence": 0.0000817,
            "cnames": [],
            "responseHashes": [
                "e689571ced5706145efb8b13984ef9268278641c97c738c43dedc2275c799dcc"
            ],
            "type": "Script",
            "firstPartyCookies": {},
            "firstPartyCookiesSent": {},
            "exampleSites": [
                "aktualne.cz",
                "sport.aktualne.cz",
                "www.aktualne.cz",
                "www.vareni.cz",
                "zena.aktualne.cz",
                "zpravy.aktualne.cz"
            ]
        },
        {
            "rule": "caroda\\.io\\/api\\/campaigns",
            "cookies": 0,
            "fingerprinting": 0,
            "subdomains": [
                "campaigns"
            ],
            "apis": {},
            "sites": 12,
            "prevalence": 0.000163,
            "cnames": [],
            "responseHashes": [
                "dc440e7c517a41aadc058eaf33037256cedf102cb98c2293e4bf982b1c952bcb",
                "4c7d923a2e243f7dbded37f6fe7bdbe239091d0dc305a552f66c530c9911af84",
                "e7f6303c36e9ab7fabf5ff4096d782b16cef6fbd1efd16be54c11ee42bae9354",
                "4f53cda18c2baa0c0354bb5f9a3ecbe5ed12ab4d8e11ba873c2f11161202b945",
                "93946c3923713b13162114cffa81531b3790d22635493100cb7fc0765cf5aceb",
                "a0ccabd44075f27e43633113514ec33dfb619d651bb2affa9d748a962b7202dd",
                "298badfe615a2ff749bd1d41998dfd1a92febf2eda998bfab1fc2dd2605625d2",
                "ddcff3701207888455ee4f7056225161221b307f371900194cb351d9d0128cfd",
                "20125a95fd9b9bcbb651fd58362ae4c2af294fb6636c3a03b1c65404bc895150"
            ],
            "type": "XHR",
            "firstPartyCookies": {},
            "firstPartyCookiesSent": {
                "lotame_domain_check": 0.000013612109332462159
            },
            "exampleSites": [
                "aktualne.cz",
                "narutoboruto.wbijam.pl",
                "volny.centrum.cz",
                "www.aktualne.cz",
                "www.apetitonline.cz",
                "www.centrum.cz",
                "www.dnes24.sk",
                "www.fdb.cz",
                "www.marianne.cz",
                "www.shop.pr",
                "www.svetzeny.cz",
                "zpravy.aktualne.cz"
            ]
        },
        {
            "rule": "caroda\\.io\\/api\\/hit\\.gif",
            "cookies": 0,
            "fingerprinting": 0,
            "subdomains": [
                "data"
            ],
            "apis": {},
            "sites": 13,
            "prevalence": 0.000177,
            "cnames": [],
            "responseHashes": [
                "cbd100d7cdab80ff21d2b11415e4d289beb2560bf07960915286afbeb5460c12"
            ],
            "type": "Image",
            "firstPartyCookies": {},
            "firstPartyCookiesSent": {
                "lotame_domain_check": 0.000013612109332462159
            },