{
    "domain": "cbox.ws",
    "owner": {},
    "source": [
        "DuckDuckGo-US"
    ],
    "prevalence": 0.000136,
    "sites": 20,
    "subdomains": [
        "www4",
        "www6",
        "www5",
        "www3",
        "www7",
        "static",
        "flr-eu1",
        "flr-la0",
        "flr-eu2"
    ],
    "cnames": [],
    "fingerprinting": 1,
    "resources": [
        {
            "rule": "cbox\\.ws\\/box\\/",
            "cookies": 0,
            "fingerprinting": 1,
            "subdomains": [
                "www4",
                "www6",
                "www5",
                "www3",
                "www7"
            ],
            "apis": {
                "window.name": 4,
                "Date.prototype.getTime": 7
            },
            "sites": 11,
            "prevalence": 0.0000749,
            "cnames": [],
            "responseHashes": [
                "ba9e68cbadc8eca6c680d71d7fd971272f5ac701353512168ecb4ed7f827c920",
                "097c1af863660386c899d7d2d80c4634b7811b4beb8492cb4e77eb44444f18dc",
                "c3542f7ea19e91a57947d795f1a0f112a6b943aaf82d79958a110767bcaa0dc8",
                "fbb0f2c1a7f8c9b7e929ffb730432c050eb71741583140ea8e8d2f633629a220",
                "b7047b4f6c9fbf75d6b1853f36b408c44bebd6fe2e13c597424f45c20f8b0ccb",
                "0ee7b877eb7869bb57612923c7e0e3b9bd748a50923f0a974cee48c38bda0b10",
                "91b1b42ff345e561292fd6b7c4a0c84b01035628d314e30d717ab6c5b09113b4",
                "6fc065c5f54fc514377694ae1d9089861f597a49a3e1e4d07cc8dfc97d64d952",
                "4974ea3380287a6534d387e811d2fe54ab72e2113937651583bc437b5cc3d948",
                "48cb918804168db99b55af89d906a35d60461c4e0c35e4c9734374cffcfe0e88"
            ],
            "type": "Document",
            "firstPartyCookies": {},
            "firstPartyCookiesSent": {},
            "exampleSites": [
                "javfree.me",
                "mangacat4.net",
                "mangacat.cc",
                "maxjav.com",
                "myxclip.com",
                "pianoletternotes.blogspot.com",
                "porn-18.com",
                "vip-pussy.com",
                "www.arlindovsky.net",
                "www.cockhero.info",
                "www.imperia-of-hentai.net"
            ]
        },
        {
            "rule": "cbox\\.ws\\/flags\\/kr\\.png",
            "cookies": 0.0000204,
            "fingerprinting": 0,
            "subdomains": [
                "static"
            ],
            "apis": {},
            "sites": 3,
            "prevalence": 0.0000204,
            "cnames": [],
            "responseHashes": [
                "fc2c29e8940be194525984e17bba71aeda98509b7a49b9d3a933269c03d98eba"
            ],
            "type": "Image",
            "firstPartyCookies": {},
            "firstPartyCookiesSent": {},
            "exampleSites": [
                "javfree.me",
                "mangacat4.net",
                "mangacat.cc"
            ]
        },
        {
            "rule": "cbox\\.ws\\/flags\\/au\\.png",
            "cookies": 0.00000681,
            "fingerprinting": 0,
            "subdomains": [
                "static"
            ],
            "apis": {},
            "sites": 3,
            "prevalence": 0.0000204,
            "cnames": [],
            "responseHashes": [
                "3c9ba1a24cbae05548be1e42558b1a91619e38fb46a4a89a391dbf5a08680006"
            ],
            "type": "Image",
            "firstPartyCookies": {},
            "firstPartyCookiesSent": {},
            "exampleSites": [
                "javfree.me",
                "porn-18.com",
                "vip-pussy.com"
            ]
        },
        {
            "rule": "cbox\\.ws\\/flags\\/us\\.png",
            "cookies": 0.0000136,
            "fingerprinting": 0,
            "subdomains": [
                "static"
            ],
            "apis": {},
            "sites": 3,
            "prevalence": 0.0000204,
            "cnames": [],
            "responseHashes": [
                "9fadc9f3de093463878436aa31b1b4b6652b4bf8bb6f111c1455304e5efacf27"
            ],
            "type": "Image",
            "firstPartyCookies": {},
            "firstPartyCookiesSent": {},
            "exampleSites": [
                "javfree.me",
                "porn-18.com",
                "vip-pussy.com"
            ]
        },
        {
            "rule": "cbox\\.ws\\/flags\\/gb\\.png",
            "cookies": 0.0000136,
            "fingerprinting": 0,
            "subdomains": [
                "static"
            ],
            "apis": {},
            "sites": 3,
            "prevalence": 0.0000204,
            "cnames": [],
            "responseHashes": [
                "35ded062290caa7227f6ecab2b7821c084147eda6a01111fc83ce050852b8875"
            ],
            "type": "Image",
            "firstPartyCookies": {},
            "firstPartyCookiesSent": {},
            "exampleSites": [
                "javfree.me",
                "porn-18.com",
                "vip-pussy.com"
            ]
        },
        {
            "rule": "cbox\\.ws\\/jsc\\/jsc_1593163307\\.js",
            "cookies": 0.000034,
            "fingerprinting": 1,
            "subdomains": [
                "static"
            ],
            "apis": {
                "Date.prototype.getTime": 5,
                "window.localStorage": 5,
                "window.name": 5,
                "HTMLMediaElement.prototype.canPlayType": 2
            },
            "sites": 5,
            "prevalence": 0.000034,
            "cnames": [],
            "responseHashes": [
                "4a0bfe840910b6f2622d2a9a11ff97a2e655facd7db8fa94633607fdc082a46a"
            ],
            "type": "Script",
            "firstPartyCookies": {},
            "firstPartyCookiesSent": {},
            "exampleSites": [
                "javfree.me",
                "maxjav.com",
                "www.arlindovsky.net",
                "www.cockhero.info",
                "www.imperia-of-hentai.net"
            ]
        },
        {
            "rule": "cbox\\.ws\\/box\\/",
            "cookies": 0,
            "fingerprinting": 0,
            "subdomains": [
                "www6",
                "www5",
                "www3",
                "www7",
                "www4"
            ],
            "apis": {},
            "sites": 10,
            "prevalence": 0.0000681,
            "cnames": [],
            "responseHashes": [
                "ea2c02449079ecece2ca9b92082c9e8b739c24591206c2a63c2a0c3f9a434959",
                "ea033e8e4b7d52cf0bb41572e110edcdcafb7b28057efeec663a8637b1642689",
                "9092c493d9d6d172436c16542f003d39ff3f51764dd7ee930cb661e56f9dfc7d",
                "a4b6ca3f9163a8f1a31283ba21f963bd3168c7f7feb26d86a32c0e80e09cef95",
                "edd94a82639be50655ef1fd4c3dfd41bcd2d66c14442d55971cc6bd474717f0a",
                "90d421fa81254a65d5fecc021194af60fe9cb4bce0d204b0f0afa25e3654200d",
                "ad6fa99845bd7eb886604040fe47a407a08ed11de287bfda257fd21247117039",
                "6beb72d4d22c5029709e6388754f25530682ca06d154ceae9de0c1c7f8400365"
            ],
            "type": "Stylesheet",
            "firstPartyCookies": {},
            "firstPartyCookiesSent": {},
            "exampleSites": [
                "mangacat4.net",
                "mangacat.cc",
                "maxjav.com",
                "myxclip.com",
                "pianoletternotes.blogspot.com",
                "porn-18.com",
                "vip-pussy.com",
                "www.arlindovsky.net",
                "www.cockhero.info",
                "www.imperia-of-hentai.net"
            ]
        },
        {
            "rule": "cbox\\.ws\\/jsc\\/jsc_10_1629383500\\.js",
            "cookies": 0.0000408,
            "fingerprinting": 1,
            "subdomains": [
                "static"
            ],
            "apis": {
                "Date.prototype.getTime": 6,
                "window.localStorage": 6,