{
    "domain": "cdngain.com",
    "owner": {},
    "source": [
        "DuckDuckGo-US"
    ],
    "prevalence": 0.000225,
    "sites": 33,
    "subdomains": [
        "media",
        "ads"
    ],
    "cnames": [],
    "fingerprinting": 1,
    "resources": [
        {
            "rule": "cdngain\\.com\\/creatives\\/v08aa",
            "cookies": 0.000109,
            "fingerprinting": 1,
            "subdomains": [
                "media"
            ],
            "apis": {
                "Date.prototype.getTime": 16,
                "Document.cookie setter": 8
            },
            "sites": 16,
            "prevalence": 0.000109,
            "cnames": [],
            "responseHashes": [
                "9cacd15aad6342b0d911741fa12cf6a22d31d40fb178aabad2cbee0ca246cbb6",
                "9ce4e830c8b3d143acdbea3f6b0cc4beb58a9befd95086f411f719cf3fd9393e",
                "231cb320fbde31708f48859f06cb285c8d97a926f6cc112da7671e6ac4fb2ad4",
                "582ecfc96ad34ea184c84e76b1fcf31cd154187db07e44146bbce61a9fef8c66",
                "d0f2e52d471b56521bffa663e0a2f3a3840180e1a6e9ad50c535ae57c27e1da3",
                "a059b20d321abf8f3443a7e5f042eb2e6e56835d769918379ebc1cf7050e75d4",
                "e29d873db922966ff5442b2ad7dfe68c7bb10d3ab50bc22c57ba9bccda030e22",
                "ceef4e613675b4f64a3d8cbf6b29ac40a613f0ab4d1037c8c40e97d24cc3771d",
                "60f641d8807ae8f32fe77c50448f926381ccd8e1955088863ed379a1e3ed0930",
                "1cf647874f4d74e561c0113b6ff770b9fee9f40181c51061127d691974eebef4",
                "0ceddb50a799bd5aabde459874238a9f9f1e35c216c14b387a81018f3988622c",
                "99e8b793ad5d4aad5d28f65db85dd97191472968036cdec1c61ad50e270dc055",
                "34c836eae2add25ed42d43d9d595906a9fcdb8c80e1504e6a43e48b6d2b89926",
                "2c574da57b75a7791b37cca41bc0afc7f906b4662849845c892c9441cb55ef11",
                "99ce134cb34ea2e953c0dc85c7d1058506239672e66cfd3dc3e2956ea361d1a4"
            ],
            "type": "Document",
            "firstPartyCookies": {
                "ad_cid": {
                    "ttl": null,
                    "length": 64,
                    "prevalence": 0.000054451031506728105,
                    "uniqueness": 1
                }
            },
            "firstPartyCookiesSent": {},
            "exampleSites": [
                "camwhores.co",
                "freehdinterracialporn.in",
                "megapornx.com",
                "milfzr.com",
                "momzr.com",
                "porngun.net",
                "pornpic.com",
                "pornvibe.org",
                "qpornx.com",
                "sisterporn.tv",
                "smutr.com",
                "theporngod.com",
                "www.amateurporn.me",
                "www.homemoviestube.com",
                "www.mypornhere.com",
                "www.pornrewind.com"
            ]
        },
        {
            "rule": "cdngain\\.com\\/tools\\/ad\\.js",
            "cookies": 0,
            "fingerprinting": 1,
            "subdomains": [
                "ads"
            ],
            "apis": {
                "window.innerHeight": 3,
                "window.innerWidth": 3
            },
            "sites": 4,
            "prevalence": 0.0000272,
            "cnames": [],
            "responseHashes": [
                "bf0c8c12bfcd4b1c2728d66d6a6b2a1cbc52cd48461e63f21a5507e97095edb1"
            ],
            "type": "Script",
            "firstPartyCookies": {},
            "firstPartyCookiesSent": {},
            "exampleSites": [
                "eveknows.com",
                "justpicsplease.com",
                "megapornx.com",
                "xxxpicss.com"
            ]
        },
        {
            "rule": "cdngain\\.com\\/tools\\/ad\\.html",
            "cookies": 0.0000136,
            "fingerprinting": 1,
            "subdomains": [
                "ads"
            ],
            "apis": {
                "Document.cookie getter": 1,
                "Date.prototype.getTime": 2,
                "Document.cookie setter": 2
            },
            "sites": 2,
            "prevalence": 0.0000136,
            "cnames": [],
            "responseHashes": [
                "3a531712685155d48788168f58873aa145e8fe7ea74265a81addaad3003b2f3c"
            ],
            "type": "Document",
            "firstPartyCookies": {
                "ad_cid": {
                    "ttl": null,
                    "length": 64,
                    "prevalence": 0.000013612757876682026,
                    "uniqueness": 1
                }
            },
            "firstPartyCookiesSent": {},
            "exampleSites": [
                "justpicsplease.com",
                "megapornx.com"
            ]
        }
    ],
    "categories": [],
    "performance": {},
    "cookies": 0.000211,
    "types": {
        "Document": 18,
        "Script": 4
    },
    "nameservers": [
        "brianna.ns.cloudflare.com",
        "derek.ns.cloudflare.com"
    ]
}