{
    "domain": "cdnjs.work",
    "owner": {},
    "source": [
        "DuckDuckGo-US"
    ],
    "prevalence": 0.00018,
    "sites": 26,
    "subdomains": [
        "tx"
    ],
    "cnames": [],
    "fingerprinting": 0,
    "resources": [
        {
            "rule": "cdnjs\\.work\\/toplist\\/",
            "cookies": 0,
            "fingerprinting": 0,
            "subdomains": [
                "tx"
            ],
            "apis": {},
            "sites": 6,
            "prevalence": 0.0000415,
            "cnames": [],
            "responseHashes": [
                "fdd7647cb518cd81709dadf63a94cce5a7c8e863b86990d8fa63bd4a4be53b04",
                "e64b535c008143b873e827a9b264325865fcb1db18f56803c7964d047dac1647",
                "b6aca66704c9ae7eedbb268811eec752aa5f6f0fdd45950c2009ac0bcfe14283",
                "d297635367a770de4dd4301f2171de84225960ebd5411f3a2779e052a273904d",
                "a86dc5d6a9206ea2a6cc3a0c62f704fc9619c8029024ab161e0e259896f3ad5b"
            ],
            "type": "Script",
            "firstPartyCookies": {},
            "firstPartyCookiesSent": {},
            "exampleSites": [
                "24porn.tv",
                "befuck.net",
                "bravotube.tv",
                "fap18.net",
                "tubepornstars.tv",
                "xxxmom.net"
            ]
        },
        {
            "rule": "cdnjs\\.work\\/js\\/tracking",
            "cookies": 0,
            "fingerprinting": 0,
            "subdomains": [
                "tx"
            ],
            "apis": {},
            "sites": 10,
            "prevalence": 0.0000692,
            "cnames": [],
            "responseHashes": [
                "2d7cb98bb96f834412238122906141564585cc46f40c6ed6e2fb9919a285e8b1",
                "16ddf44566b24825e89e9bdd7a06c7581089e4cb05b5919f45862cd370c5f6bc",
                "d982feb0c852a7f8cba51b61445850a180bffb293d22afc76d320d5b5332bca4",
                "4ed2a91fc0ab9dae2e2bff93243a24d36b504164031be1863e724f1b16b82e22",
                "966e75de2e06cff6671cc248b2bd462e65ad7df7198cb2107d422774e5d4a209",
                "0b84143f6d8c75c690bf0ffb33c88742e0755ce6a2b554902cfd06e70b8ae8d0",
                "ffb0b232e377c0c08a25c24eb25535b7c74a28e12e7e6d9ece6395ef2b3ed7ed",
                "285f96dd0ea6b9afdc29997daa3b186025a6d5de8a0843a191d0cfc3bf778b3e",
                "ee0a66893241f4d5b156efa4660093807cf217f71913f9e3ade2dc0575851721"
            ],
            "type": "Script",
            "firstPartyCookies": {},
            "firstPartyCookiesSent": {},
            "exampleSites": [
                "4ksex.me",
                "anyxxx.me",
                "beeg.porn",
                "bravotube.tv",
                "fapvid.net",
                "foxporns.net",
                "mofosex.net",
                "niceporn.tv",
                "porndude.me",
                "redporn.tv"
            ]
        }
    ],
    "categories": [],
    "performance": {},
    "cookies": 0,
    "types": {
        "Script": 16
    },
    "nameservers": [
        "jakub.ns.cloudflare.com",
        "mimi.ns.cloudflare.com"
    ]
}