{
    "domain": "cdnsnapwidget.com",
    "owner": {},
    "source": [
        "DuckDuckGo-US"
    ],
    "prevalence": 0.0000429,
    "sites": 6,
    "subdomains": [
        "scontent"
    ],
    "cnames": [],
    "fingerprinting": 0,
    "resources": [
        {
            "rule": "cdnsnapwidget\\.com\\/vp\\/2831fa9861ae849ecfddb67c134a5856\\/5E591B72\\/t51\\.2885-15\\/e15\\/s320x320\\/73141614_146999933248914_3546485784021492847_n\\.jpg",
            "cookies": 0,
            "fingerprinting": 0,
            "subdomains": [
                "scontent"
            ],
            "apis": {},
            "sites": 2,
            "prevalence": 0.0000143,
            "cnames": [],
            "responseHashes": [
                "8b76b6b15eb2db8a653d354f9667dc7869688eacc1788efe71c2aa815f122c0b"
            ],
            "type": "Image",
            "firstPartyCookies": {},
            "firstPartyCookiesSent": {},
            "exampleSites": [
                "haymespaint.com.au",
                "www.haymespaint.com.au"
            ]
        },
        {
            "rule": "cdnsnapwidget\\.com\\/vp\\/46bda5cfdcdfd234ba7cfe7b759ea8ec\\/5E4BA3CE\\/t51\\.2885-15\\/e15\\/s320x320\\/72638676_241388006837207_7407095750570439199_n\\.jpg",
            "cookies": 0,
            "fingerprinting": 0,
            "subdomains": [
                "scontent"
            ],
            "apis": {},
            "sites": 2,
            "prevalence": 0.0000143,
            "cnames": [],
            "responseHashes": [
                "d4b0c7032ad48498f0c5ee7bb3b8e30c6c7aa6ab24f9f1a472c05132304fe00d"
            ],
            "type": "Image",
            "firstPartyCookies": {},
            "firstPartyCookiesSent": {},
            "exampleSites": [
                "haymespaint.com.au",
                "www.haymespaint.com.au"
            ]
        },
        {
            "rule": "cdnsnapwidget\\.com\\/vp\\/705d2c8f29a2855a13685b386e99ce19\\/5E48DBEC\\/t51\\.2885-15\\/e15\\/s320x320\\/73537486_163677608074905_3197480833098247822_n\\.jpg",
            "cookies": 0,
            "fingerprinting": 0,
            "subdomains": [
                "scontent"
            ],
            "apis": {},
            "sites": 2,
            "prevalence": 0.0000143,
            "cnames": [],
            "responseHashes": [
                "da89c01bc98a81cfe58501ebf068066740a8237791ae9b02db19e86fa7bf00cd"
            ],
            "type": "Image",
            "firstPartyCookies": {},
            "firstPartyCookiesSent": {},
            "exampleSites": [
                "haymespaint.com.au",
                "www.haymespaint.com.au"
            ]
        },
        {
            "rule": "cdnsnapwidget\\.com\\/vp\\/07acbae7b4a95de8436c390b807e4775\\/5E42773C\\/t51\\.2885-15\\/e15\\/s320x320\\/74661319_601049357305211_6336240572589909898_n\\.jpg",
            "cookies": 0,
            "fingerprinting": 0,
            "subdomains": [
                "scontent"
            ],
            "apis": {},
            "sites": 2,
            "prevalence": 0.0000143,
            "cnames": [],
            "responseHashes": [
                "895595ed38214f6db3bc11500052fd5c6ff709dd02abe694b95a66c75b33aad1"
            ],
            "type": "Image",
            "firstPartyCookies": {},
            "firstPartyCookiesSent": {},
            "exampleSites": [
                "haymespaint.com.au",
                "www.haymespaint.com.au"
            ]
        },
        {
            "rule": "cdnsnapwidget\\.com\\/vp\\/aaa8db75225e5607445d40e678a5ba75\\/5E4445DF\\/t51\\.2885-15\\/e15\\/s320x320\\/71285989_165739294539545_5569156265774387489_n\\.jpg",
            "cookies": 0,
            "fingerprinting": 0,
            "subdomains": [
                "scontent"
            ],
            "apis": {},
            "sites": 2,
            "prevalence": 0.0000143,
            "cnames": [],
            "responseHashes": [
                "d06a29bafc6e5455c087f7b5d89d756efe104e5dac5d83132c28d5616e538917"
            ],
            "type": "Image",
            "firstPartyCookies": {},
            "firstPartyCookiesSent": {},
            "exampleSites": [
                "haymespaint.com.au",
                "www.haymespaint.com.au"
            ]
        },
        {
            "rule": "cdnsnapwidget\\.com\\/vp\\/3b66b581dcbb20e093274b6e2218d621\\/5E553B25\\/t51\\.2885-15\\/e15\\/s320x320\\/73269272_1740869659377229_3034189373996877556_n\\.jpg",
            "cookies": 0,
            "fingerprinting": 0,
            "subdomains": [
                "scontent"
            ],
            "apis": {},
            "sites": 2,
            "prevalence": 0.0000143,
            "cnames": [],
            "responseHashes": [
                "76a1b15947cfefb1bf7b14d65e44260a43a3fe9a7d2c34722af1de68fd2ca416"
            ],
            "type": "Image",
            "firstPartyCookies": {},
            "firstPartyCookiesSent": {},
            "exampleSites": [
                "haymespaint.com.au",
                "www.haymespaint.com.au"
            ]
        },
        {
            "rule": "cdnsnapwidget\\.com\\/vp\\/6c8563087b38513aa0267f41aab079d8\\/5E4A8F6B\\/t51\\.2885-15\\/e15\\/s320x320\\/72719759_121679582277636_1581500925485740041_n\\.jpg",
            "cookies": 0,
            "fingerprinting": 0,
            "subdomains": [
                "scontent"
            ],
            "apis": {},
            "sites": 2,
            "prevalence": 0.0000143,
            "cnames": [],
            "responseHashes": [
                "9c5d76db9fc5797329ff51d19519985ad1b3c8c4d8454057f9db9aa5649ad554"
            ],
            "type": "Image",
            "firstPartyCookies": {},
            "firstPartyCookiesSent": {},
            "exampleSites": [
                "haymespaint.com.au",
                "www.haymespaint.com.au"
            ]
        },
        {
            "rule": "cdnsnapwidget\\.com\\/vp\\/7b803c9cb6f378446afa2f1bb5cef798\\/5E5B62D0\\/t51\\.2885-15\\/e15\\/s320x320\\/75178937_523559538208888_8256895797029860470_n\\.jpg",
            "cookies": 0,
            "fingerprinting": 0,
            "subdomains": [
                "scontent"
            ],
            "apis": {},
            "sites": 2,
            "prevalence": 0.0000143,
            "cnames": [],
            "responseHashes": [
                "f81ff492787dac3e16d0f19dcececd39a1395622f64992e54df846a57feb122a"
            ],
            "type": "Image",
            "firstPartyCookies": {},
            "firstPartyCookiesSent": {},
            "exampleSites": [
                "haymespaint.com.au",
                "www.haymespaint.com.au"
            ]
        },
        {
            "rule": "cdnsnapwidget\\.com\\/vp\\/a5de2e5774c4ece2731d36b8d6256fc7\\/5E63CF37\\/t51\\.2885-15\\/e35\\/s320x320\\/73293513_707173666440679_8810068062998943846_n\\.jpg",
            "cookies": 0,
            "fingerprinting": 0,
            "subdomains": [
                "scontent"
            ],
            "apis": {},
            "sites": 2,
            "prevalence": 0.0000143,
            "cnames": [],
            "responseHashes": [
                "362d1e721f9c45f9ba5435bfad6355f6b0b828db5f2c6301895cd01a2cb73ab3"
            ],
            "type": "Image",
            "firstPartyCookies": {},
            "firstPartyCookiesSent": {},
            "exampleSites": [
                "haymespaint.com.au",
                "www.haymespaint.com.au"
            ]
        },
        {
            "rule": "cdnsnapwidget\\.com\\/vp\\/14ae72e18b8b11115c93728fea502f17\\/5E446A26\\/t51\\.2885-15\\/sh0\\.08\\/e35\\/s640x640\\/72530271_395573011387243_2944358276625357957_n\\.jpg",
            "cookies": 0,
            "fingerprinting": 0,
            "subdomains": [
                "scontent"
            ],
            "apis": {},
            "sites": 2,
            "prevalence": 0.0000143,
            "cnames": [],