{
    "domain": "cdnvidimg.xyz",
    "owner": {},
    "source": [
        "DuckDuckGo-US"
    ],
    "prevalence": 0.000143,
    "sites": 21,
    "subdomains": [
        "www"
    ],
    "cnames": [],
    "fingerprinting": 0,
    "resources": [
        {
            "rule": "cdnvidimg\\.xyz\\/images\\.php",
            "cookies": 0,
            "fingerprinting": 0,
            "subdomains": [
                "www"
            ],
            "apis": {},
            "sites": 21,
            "prevalence": 0.000143,
            "cnames": [],
            "responseHashes": [
                "7cadea05a63971674d34091f228ac244e139621232b02fdbceb1c58d9e653604",
                "29679e455c1f0046d29cd8f311573d4ecd500cfc7bd2a566587ae1fc9ca88d7e",
                "265d5f5ab71f9dc0dec79b51e4e83510302a615f116d2a917190e95e14eb9b9a",
                "0419e59b369a9cbf6db3c52d25c40ffafd63d0c8a53bcdc983fd4d363c1431e0",
                "dc9a8a3e9d310c22a4d151aa6a4675aa7b86b55df0a56eaaf4cf1e9fd87420f2",
                "329cc195b83718ae91b2855415f1885800ede64d7d5528cfd6b0793e5df95bdd",
                "54201ed39162bb2ec810b4b34c2b556447bc7e27ae150b936825e3e1da2b361f",
                "c271283e56cdaf2e61dfcf8f3b4a74827daaa3e0c86557e1dae30de206a8a0a3",
                "bb3bd02cb78f61260192ba32cb9a6175c16bb88f7eb3469628fe9fc04d79c855",
                "1b13569c2091718982692241fe31af8720438d15992b9244ae5bdd448278a821",
                "194fb883fd20a10e52f12b1888dc074a1b8103f88e769d567947d75a1070977b",
                "920bcda9e7f14a91bbaf6276b147d99fae6baeb364c01eafd99770b7132f7458",
                "847e789098252998fd297e50a7b7ffda17ee414922ca3ab9751f8424bd169558",
                "9af521154d693782907f31c0d2a7cde197501a6f49d34186fc8fa68911606412",
                "b9a0ea00b8224ee885467f4ac2a5e75dcbc529330475972b7c593ddef309aa42",
                "cb7ac9ea0fbe52ee6abe6297e5051f344b49d29d7d0d5829191d361b8977b684",
                "0e6c33cb4f540f13695fef7d444bfcfd66e50a8c9ed9f1d091033beff3b48502",
                "8809806487234fce85a56ab5172b3696274243922ee4f0045d5340f61fa29d25",
                "be4752b2158eeaddeacec7d116e6603fa3c4f0a2f4cd4de83c61c3a207dcd012",
                "b19f41f6feb2c66ad5bb10e1895adf417fcbbe5300388c60144e7ce6836aea9b"
            ],
            "type": "Image",
            "firstPartyCookies": {},
            "firstPartyCookiesSent": {},
            "exampleSites": [
                "www.zevkliseks.info",
                "www.cheri.info",
                "www.sophias.info",
                "www.yandim.info",
                "www.antrenman.info",
                "www.jacklyn.info",
                "www.jolene.info",
                "www.carole.info",
                "www.bronwen.info",
                "www.porngooo.com",
                "www.kaylees.info",
                "www.leisha.info",
                "www.kayley.info",
                "www.rutubet.info",
                "www.carmella.info",
                "www.lakisha.info",
                "www.hokkabaz.info",
                "aerodinamik.info",
                "www.kolikporno.info",
                "www.lakeisha.info"
            ]
        }
    ],
    "categories": [],
    "performance": {},
    "cookies": 0,
    "types": {
        "Image": 21
    },
    "nameservers": [
        "kip.ns.cloudflare.com",
        "lucy.ns.cloudflare.com"
    ]
}