{
    "domain": "celtraidentity.com",
    "owner": {},
    "source": [
        "DuckDuckGo-US"
    ],
    "prevalence": 0.000177,
    "sites": 13,
    "subdomains": [],
    "cnames": [],
    "fingerprinting": 0,
    "resources": [
        {
            "rule": "celtraidentity\\.com\\/fbbdf2d8",
            "cookies": 0.000177,
            "fingerprinting": 0,
            "subdomains": [],
            "apis": {},
            "sites": 13,
            "prevalence": 0.000177,
            "cnames": [],
            "responseHashes": [
                "e06a91af8858850d18d265a18a531d8b634ba42acce78b8bba111b6d5b2cf782",
                "467a8ebacd1625eb53d5b956b3f070a9a23d9938b6d36ab69fa5b8d3c95c590c",
                "c1552c4a3b55b6503c50f89077e118df89143782649c5e08f15c304609054f5d",
                "6488f6952d5f53fed234204f130cf6dc23bca017e6311d18ec0b74fceded97e4",
                "d42e8594c09707c945d83fc68316e58112553e5d4f777517365cf9cb29b6ff8a",
                "5c78475afa4cacd9d5595b1af1abab1ef961a0bff30c5712df1f14c9b3d4cbdf",
                "7149ab7610f25cc5eb9b9acc3c0ec3db37cbd4ca203867553cda0366ef99e353",
                "7eda88ac802bb1e99fd6700933ada0ed5308be5c748e63864e4ccf2726b5452b",
                "4d0606276434cb4601e55ead844e6c66c342abc3e215121487a9ef51b656a4c3",
                "e053d787241cad314293484df8815b088d3644c43dca642159dad96b17628e81",
                "f09cbbbacdd2566509acf62d706f728ed70e75ff162762b78621fcfa6ed30b94"
            ],
            "type": "Script",
            "firstPartyCookies": {},
            "firstPartyCookiesSent": {},
            "exampleSites": [
                "adidas.jp",
                "www.adidas.co",
                "www.adidas.co.uk",
                "www.adidas.ca",
                "www.adidas.com",
                "www.adidas.de",
                "www.adidas.es",
                "www.adidas.fr",
                "www.adidas.gr",
                "www.adidas.it",
                "www.adidas.mx",
                "www.adidas.pl",
                "www.adidas.pt"
            ]
        }
    ],
    "categories": [],
    "performance": {},
    "cookies": 0.000177,
    "topInitiators": [
        {
            "domain": "celtra.com",
            "prevalence": 0.9230769230769231
        },
        {
            "domain": "first party",
            "prevalence": 0.07692307692307693
        }
    ],
    "types": {
        "Script": 13
    },
    "nameservers": [
        "ns-271.awsdns-33.com",
        "ns-994.awsdns-60.net",
        "ns-1113.awsdns-11.org",
        "ns-1793.awsdns-32.co.uk"
    ]
}