{
    "domain": "chatntr.com",
    "owner": {},
    "source": [
        "DuckDuckGo-US"
    ],
    "prevalence": 0.000311,
    "sites": 45,
    "subdomains": [],
    "cnames": [],
    "fingerprinting": 1,
    "resources": [
        {
            "rule": "chatntr\\.com\\/script\\.js",
            "cookies": 0,
            "fingerprinting": 1,
            "subdomains": [],
            "apis": {
                "Document.cookie getter": 5
            },
            "sites": 5,
            "prevalence": 0.0000346,
            "cnames": [],
            "responseHashes": [
                "91f8b51aa971066c1e206e887248a90543cf2bb3fbd6c9a6e2586c1950f353ea"
            ],
            "type": "Script",
            "firstPartyCookies": {},
            "firstPartyCookiesSent": {},
            "exampleSites": [
                "pornohutdeutsch.net",
                "sexfilmetube.net",
                "www.omasexpornos.com",
                "www.sexfilme24.org",
                "youporndeutsch.xyz"
            ]
        },
        {
            "rule": "chatntr\\.com\\/widget",
            "cookies": 0,
            "fingerprinting": 1,
            "subdomains": [],
            "apis": {
                "Document.cookie getter": 19
            },
            "sites": 23,
            "prevalence": 0.000159,
            "cnames": [],
            "responseHashes": [
                "8831736f4b41063a9542cf08d717e3256de1f81a5577092be1922438394dba86",
                "5f9460b9ca3dbd3f54476cd7b5d628a7f3fb8b6a29e73d7df86b97a447cd61f7",
                "79472413966fedb07bdd08e5ca53cea840dfadbcd209939ab5067356ea6b3084",
                "9be0d3a62b5caafd23885721c49e6cc967acab573579f65e1eadd68fb1516218",
                "eddc9692ba619ccd519da8a9f14cb4f7b9686c3be003ff8d9dd0b3881526b89c",
                "7bfa6c0f08e61a640870a303d9ca079a8f1ecc1f463f7f7fd318ba5484d14cb0",
                "f773e0f6fed9945eac46d511c8a93ae08c24da152e1c9125e167409a7ec86f5f",
                "d6f642c26454cd6a33a9ef1dba700c82f1852a96466cc842cab8d2ceebda3f88",
                "ef7bbd2dd92978f6b9b75c6c683536c62050c32f33dcb460db1747198e2f408f",
                "2401dcccee7a83f701c5168a09b07ba8df34290f4ea0412604854ebfdf11f1d8",
                "1cc948b8bef0fedd2a9e556c2d231ad26fae5f9bb76e6a12885d4a4d5f28bf1f",
                "a0746dfae19852b2c870942a1824719cf42c9bb85d4b2b39d8e126b4d663fb3c",
                "2a6e19afa07b06471b40faef6771397316456b4bcf3f25c99c132bbe56b45bba",
                "640376b69daa2ca02a81f49bdef91f02596977767905a83eb0953cd3615a7c87",
                "029cece61415d664114bbc0534aaa45bdbaec4fdc00c3e1c0cef6e28393a0c89",
                "5b0b8e627c9b661d7ad9eddc94b16e7aba68fd52e345918d142545b9b23571df",
                "51a0f0bfe6d641555934ac454748756e8965c2b92fda518dbba825465f23be1d",
                "afadf0003fbd55b2524f14a8410b9f9227924ff6a9eb0d7e18efbdb2be159a19",
                "c8b52bfab01867a1ccdaf91812a3dc9a7b114d89c05a24779c0a26c7ec206ca6"
            ],
            "type": "Document",
            "firstPartyCookies": {},
            "firstPartyCookiesSent": {},
            "exampleSites": [
                "youporndeutsch.xyz",
                "www.pornotom.com",
                "pornohutdeutsch.net",
                "www.pornoaffe.com",
                "www.pornohans.com",
                "www.herzporno.com",
                "www.pornojenny.com",
                "www.sexfilme24.org",
                "www.xhamster-sexfilme.com",
                "www.hd-sexfilme.com",
                "www.sexvideos-hd.com",
                "www.hdpornos.net",
                "www.nursexfilme.com",
                "sexfilmetube.net",
                "www.pornhub-sexfilme.net",
                "www.xnxx-pornos.com",
                "www.deinesexfilme.com",
                "www.pornoente.tv",
                "www.pornohammer.com",
                "www.pornoklinge.com"
            ]
        }
    ],
    "categories": [],
    "performance": {},
    "cookies": 0,
    "types": {
        "Script": 5,
        "Document": 23
    },
    "nameservers": [
        "tim.ns.cloudflare.com",
        "mona.ns.cloudflare.com"
    ]
}