{
    "domain": "citydsp.com",
    "owner": {},
    "source": [
        "DuckDuckGo-US"
    ],
    "prevalence": 0.000844,
    "sites": 62,
    "subdomains": [],
    "cnames": [],
    "fingerprinting": 1,
    "resources": [
        {
            "rule": "citydsp\\.com\\/dsp",
            "cookies": 0.00079,
            "fingerprinting": 1,
            "subdomains": [],
            "apis": {
                "Document.cookie getter": 2
            },
            "sites": 62,
            "prevalence": 0.000844,
            "cnames": [],
            "responseHashes": [
                "292b1725c1aec3aefd3acd77f7cc34d6821ca4ce3af95ee422012cf2fc0fcb51",
                "2adefa14b4b6f9260ca861bd4f249cba4dd0f69b711113d7d48fb93bd65537e6",
                "f2712f9ddd2c08fcb7d7b3689bf2e4eceef92a5939ee2179673d22cc8c56b946",
                "87b744c1c4bd9818341bd446a13a6e30420d7cc59e0ef9c79984b234a87b4970",
                "698fadc3442871f8c54ce4ccf117602ba2c585f4fca1ac993630769876cf2b69",
                "1b76099394670fa330e68f2cc4400997a1ad1a1afad5aa1eaa699e193963e0ca",
                "8368fe6728bbe224cc07be42d7868c9d8f80fb785195a57cc97c7c5e6064c837",
                "38ba70cb85e71f9fd4a2db45b3561b277174005efd09f902fcde21f43adecf6c",
                "d34a895184fb616f9c87f55d99e2fe59d54f8d662afb0026428afc2b8c47810d",
                "c7216aca5e9ba4eb96e5efc920d74927af2014e204faf9d743aa422815369d2a",
                "949d5d25cc3c6103ee6a1bcbcaaf1b96541288b5e3993dc970546ae82757cf92",
                "781da8726766cea23d3ffef587002f4fabfdfaf13792289088ee268976645869",
                "862a7e002040faf6e5bc22112782b9fcf3f855e4e5aa13f033f78866a3f8b8bb",
                "e3b0c44298fc1c149afbf4c8996fb92427ae41e4649b934ca495991b7852b855",
                "579e8f834f562d1baa2d634d8225ffad8957bc874f3d11907be380690b94d1d4",
                "803233560ec30ad44d8ca577a4ceb25104dbb4dc619c37e56b4e58ad6cf30ad4",
                "0434432e32ecce19363bccfbb8e3d80e2cb0e7ac4975d7886061ea83281f9814",
                "ec7b1f7c671791f56f830f16aab696e08f8afbd8de18df1f89af1e806cfe6404",
                "a5a4876167197337b3371b047a63b1c26a5055c8604a16ba29ecbccd5d28dbdf",
                "2b5dbe1b4f98d0be46b9f61221f802ad67eb464487052e165101ccca1efc2442",
                "d2d534c5bdc00df4905c4493758413ff56d6deab5337500da6488c3392fdffd5",
                "e0a255ad9e1366a375a86cae08071764233aba16ef262971cbc28b5672f21347",
                "8a9e67f95b1ecdd1a67300d7dd3f2e63ede0c0aca20a98baba2b81c1f3384081",
                "648fc7281d3e58a929107243202c33b82d85f0e0a5f66f8bb123f1cfccc5676b",
                "049a9333b129bf2a14429db7433498a5c89e9d3863eaf254aabbda3dd2b3b6b9",
                "172d3888a475464027090c2da9b4786bcd330f3a6e5ed9c1aba4d8328864c891",
                "cc56ac1153e6b29d0997e30c5fd0150a32eb86599551ebcd08b4bc02ec4f1b64",
                "7dbb9c54c9afe07f8ac219b83fa87fd9101f82b3cde5f19a6b313cebe997549f",
                "e2031a42a580e36f88e65ce49850731e5a679982c9f7111208963a6d596ac1c6",
                "73c7407e0ab7e9295bf6c1adbfe70003e64cb4318d61a4ab7513ccc98e8b49f2",
                "4fba3cc580ce9a0fa52907503e70924a00d0f0cd6a1324122e549c237cf97098",
                "26094ca324d8d8f5f814160b6fb958cad5a5dc4298c04668f4b44d7ec599123b"
            ],
            "type": "Script",
            "firstPartyCookies": {},
            "firstPartyCookiesSent": {
                "_hjTLDTest": 0.000027224218664924318,
                "_schn": 0.000013612109332462159
            },
            "exampleSites": [
                "www.duxnutrition.com",
                "neonail.de",
                "www.movavi.com",
                "shopandshow.ru",
                "www.webcontinental.com.br",
                "www.lunender.com",
                "philco.com.br",
                "www.drogal.com.br",
                "www.iparts.pl",
                "www.lance24h.com.br",
                "www.neonail.pl",
                "www.anhanguera.com",
                "evropharm.ru",
                "moodo.pl",
                "kazar.com",
                "lgcity.ru",
                "www.kipling.com.br",
                "www.nguyenkim.com",
                "www.latiendahome.com",
                "warthunder.com"
            ]
        }
    ],
    "categories": [],
    "performance": {},
    "cookies": 0.00079,
    "topInitiators": [
        {
            "domain": "cnt.my",
            "prevalence": 0.9384615384615385
        },
        {
            "domain": "gaijin.net",
            "prevalence": 0.03076923076923077
        },
        {
            "domain": "first party",
            "prevalence": 0.015384615384615385
        },
        {
            "domain": "storage.googleapis.com",
            "prevalence": 0.015384615384615385
        }
    ],
    "types": {
        "Script": 62
    },
    "nameservers": [
        "ns8-l2.nic.ru",
        "ns4-l2.nic.ru",
        "ns3-l2.nic.ru",
        "ns8-cloud.nic.ru",
        "ns4-cloud.nic.ru"
    ]
}