{
    "domain": "cjpowered.com",
    "owner": {},
    "source": [
        "DuckDuckGo-US"
    ],
    "prevalence": 0.0000749,
    "sites": 11,
    "subdomains": [
        "cjshpfy"
    ],
    "cnames": [],
    "fingerprinting": 0,
    "resources": [
        {
            "rule": "cjpowered\\.com\\/getPluginJS",
            "cookies": 0,
            "fingerprinting": 0,
            "subdomains": [
                "cjshpfy"
            ],
            "apis": {},
            "sites": 6,
            "prevalence": 0.0000408,
            "cnames": [],
            "responseHashes": [
                "0d9319ce713b81940c6fe581781d3023233029f0c7229de22ba3339e136d7882",
                "04614f25a05c28e4300810b9ee8a1cfc41a8733a655ee7e9b92b4f77913a6739",
                "3c00e9760a782f1ab05bc9d20549d92341d02b01e83711a5f8a2bf28337f082c",
                "cd1d0b77290af92e805dd7e79370b605c4d14785f5f9790dede9808759ba411e",
                "d3ab86079ba2c1036573f4f9e6c9135fd7986c8a75d8f52f6a8f458f86d438f0"
            ],
            "type": "Script",
            "firstPartyCookies": {},
            "firstPartyCookiesSent": {},
            "exampleSites": [
                "ecoflow.com",
                "merrypeople.com",
                "seikousa.com",
                "snagtights.com",
                "www.roccat.com",
                "www.svsound.com"
            ]
        }
    ],
    "categories": [],
    "performance": {},
    "cookies": 0,
    "types": {
        "Script": 6
    },
    "nameservers": [
        "ns-1244.awsdns-27.org",
        "ns-1664.awsdns-16.co.uk",
        "ns-455.awsdns-56.com",
        "ns-552.awsdns-05.net"
    ]
}