{
    "domain": "ckeckstatus.biz",
    "owner": {},
    "source": [
        "DuckDuckGo-US"
    ],
    "prevalence": 0.00025,
    "sites": 35,
    "subdomains": [],
    "cnames": [],
    "fingerprinting": 1,
    "resources": [
        {
            "rule": "ckeckstatus\\.biz\\/",
            "cookies": 0.000136,
            "fingerprinting": 1,
            "subdomains": [],
            "apis": {
                "Navigator.prototype.language": 1,
                "Document.cookie getter": 1,
                "window.localStorage": 1
            },
            "sites": 19,
            "prevalence": 0.000136,
            "cnames": [],
            "responseHashes": [
                "7a8f4e90e3b7e68dd7e0bc3b30327b72ac42401d40febf690713693b742aa6de",
                "a91f9b011e762cf4b69e37cffd24e50b7479d75bb199b5d3861340897373d708",
                "39011589f700b064232ea2f81e6db6d1ebcd83ac3fcd18f47c70d50a822c4e45",
                "1629b45be4730faa7604cfba7792adf5602aabdece30aed9c9e59f9a7056385c",
                "d8e51d2438e2a03bded66d9b7d3fdd2995d1866163566fdabc129afa1a5b7a3b",
                "51036ed32f5dc7b4ccc84123f266937f681c63c609af601d70c4b051ae6f6eeb",
                "fde8627a11b10eafaef71df23b7deee3aea78e94220e7640f01fd7c6c7db4aa2",
                "60bc5029807f9b3c95e2889a81e6b3eb4efe7b18e2b592457e80fea8a508fa70",
                "cc7ea0f5de89893046a481087a2977bf5828652d57fcbd06e8b1f8f073af1875",
                "618b81be6f06fa83865866219ae82b07c41ea9819e7cf79fb5f280ceadc369c0",
                "ac5081fcdabd8c6f64bc239312515f30810a8d952ef310928a239f188cabb602",
                "ed4fd697fcc421b3bf289302581feafc29dd38ffe0b6fac7ac103b64e927cc1b",
                "7bdffcd8796eb680d3259dfd5a7430e61ed7f0317096f0797b6449052f2ebf2b",
                "4301227e03bb5770eb28cd95ff230b3839c26d1f3073ffe0fa36070d1a93b46b",
                "2d6ac4bae3c2d25acb8fd4f0c3caa00d3fbbd86be44e041cd195351908fc015e",
                "e2296ed72b82195057442c1b3238b804c6f474e297610fd3ff96aea271a4ffd4",
                "7565a696df038d9f0fc9b01a69587f555b25adb91bfbe45838c5a196bafcb995",
                "b597ac9b6ceecf02d95a3ab4000ae505811cd51f279e4df1794b00ce26aacef5"
            ],
            "type": "Script",
            "firstPartyCookies": {},
            "firstPartyCookiesSent": {},
            "exampleSites": [
                "accrabookfest.com",
                "agefriendlyinnovators.org",
                "astrozonereviews.com",
                "croydonurbanedge.com",
                "fatcalories.org",
                "holysmokescolorado.com",
                "mindrightdetroit.com",
                "www.bartleylawoffice.com",
                "www.elrenosacredheart.com",
                "www.iso-gurgaon.com",
                "www.lakeannehairdesign.com",
                "www.lisenbyretirement.com",
                "www.omniverse-plastikos.com",
                "www.parklanedriveways.com",
                "www.skipperwbreeders.com",
                "www.soundwavemusiccompetition.com",
                "www.virginialeenlaw.com",
                "www.washingtonfootdoc.com",
                "www.yellowbellycafe.com"
            ]
        }
    ],
    "categories": [],
    "performance": {},
    "cookies": 0.00025,
    "types": {
        "Script": 19
    },
    "nameservers": [
        "gerald.ns.cloudflare.com",
        "pam.ns.cloudflare.com"
    ]
}