{
    "domain": "ckeckstatus.biz",
    "owner": {},
    "source": [
        "DuckDuckGo-US"
    ],
    "prevalence": 0.000238,
    "sites": 35,
    "subdomains": [],
    "cnames": [],
    "fingerprinting": 2,
    "resources": [
        {
            "rule": "ckeckstatus\\.biz\\/",
            "cookies": 0.000123,
            "fingerprinting": 2,
            "subdomains": [],
            "apis": {
                "Navigator.prototype.language": 1,
                "window.innerHeight": 1,
                "window.innerWidth": 1,
                "window.screenLeft": 1,
                "window.screenX": 1,
                "Document.cookie getter": 1,
                "window.localStorage": 1,
                "Notification.permission": 15
            },
            "sites": 18,
            "prevalence": 0.000123,
            "cnames": [],
            "responseHashes": [
                "463379dd6526e9ff74e89e8f3c7c8ba8a37bbe9296dfe8ecfd5c28a5301e1af1",
                "d342acaa6f5ba47cb9804cc2cc0b6d99332572185794e9b048099f091b216c9b",
                "413d73bcffabcebf5045abf00bca34325ae485a0b5779a4c6afb2121369a3158",
                "91295cf903ecb64eae90e15531d6c29dc4789cf18c8f403d2befef442161359b",
                "7fa04ceaf28393bd6a2998b4e8bb448c7c37f12806b6030bb6fd129b9c1750db",
                "27054232c82c5645670832c31df80bcbc0c6bfd5bca473857d41e2a73158dd76",
                "8d7c89207c167a316dc05efefdd1bb4df9b22a56f9befe710e16a1985bfbb959",
                "9aaddac5a5e88a53521d9c8ac086160b597c1b348289ee44c3a9e7d6c0510d45",
                "f2dc0a8d6ecea0902cf68e1288b55e0f37749260d4f8fabd6796f559ea839ef8",
                "3ec92bca2c0de4bb5e2b28b4f32c65be7e3c8d70e3a0b09c4bef6e95e9d0ae11",
                "933b5fd3288bf82cefa3a54c922b8f6b979a7e700c380055d07ffacafe012a7e",
                "214bb602e0ca557e36a8c6e675997715d2453cc3cab425552dfbf9b39099b722",
                "4b3dca8b6744c48d4daea10f35c8874098c0b38f053c40a2c3fbec108810a835",
                "a778ad7f7d8ff22a5611bb4a2262953f704b57ddc9f9d5653535dee6f986fecf",
                "860d81150e8451e46817893701c9e80c0ae1636c60a00dfdd9baefe0ae60f966",
                "1cab00436a2d59eb7a895e37d112069d821f1fbfc7b5efadd2ffd02dfea62a91",
                "4cc4ef07d672c557c0194e2fcbe0a61c8e496b4d0b747c14339c2093549a8da1"
            ],
            "type": "Script",
            "firstPartyCookies": {},
            "firstPartyCookiesSent": {},
            "exampleSites": [
                "accrabookfest.com",
                "agefriendlyinnovators.org",
                "astrozonereviews.com",
                "croydonurbanedge.com",
                "fatcalories.org",
                "holysmokescolorado.com",
                "mindrightdetroit.com",
                "www.bartleylawoffice.com",
                "www.elrenosacredheart.com",
                "www.goszechuanhouse.com",
                "www.lakeannehairdesign.com",
                "www.lisenbyretirement.com",
                "www.omniverse-plastikos.com",
                "www.parklanedriveways.com",
                "www.tunneltop.co.uk",
                "www.virginialeenlaw.com",
                "www.washingtonfootdoc.com",
                "www.yellowbellycafe.com"
            ]
        }
    ],
    "categories": [],
    "performance": {},
    "cookies": 0.000238,
    "types": {
        "Script": 18
    },
    "nameservers": [
        "pam.ns.cloudflare.com",
        "gerald.ns.cloudflare.com"
    ]
}