{
    "domain": "cleanmediaads.com",
    "owner": {},
    "source": [
        "DuckDuckGo-US"
    ],
    "prevalence": 0.000172,
    "sites": 24,
    "subdomains": [],
    "cnames": [],
    "fingerprinting": 0,
    "resources": [
        {
            "rule": "cleanmediaads\\.com\\/bmd\\/bids\\/",
            "cookies": 0,
            "fingerprinting": 0,
            "subdomains": [],
            "apis": {},
            "sites": 10,
            "prevalence": 0.0000715,
            "cnames": [],
            "responseHashes": [
                "92f3bf3d0dcb77bc3ba4b4629e5b660a2a31d0be5e5753f263772bde788fde70",
                "579274a9facb72f8549d80c22b33cc34cf1985db9cdf10bbb85be24ca3eabc3e",
                "d327d589b98af4912011706b301f692975374d1944c860f9bd42771ca167f259",
                "2fd6de804d4c79ec94731b2b69f533d90276b7ab2dd836254f999595010e1458",
                "e6da64718a2c0b8bfef1bf6e058e2f41ae5ca16541cf5e82a325401d32bcbb56",
                "1e3184520349550ee511588cb189f3a97fe3b229132a7e914d0cf475ae58137e",
                "848dd04ef62b6fe2d079596972b72b4541d95097ed72bd30aeeef9fd28873926",
                "acf6a82f5be2b9a2101d434117e0e88d834414a0811c1ee50173dde1834b06a2",
                "1e7991171239220c2bc7258d628d14bc784e3470421ae61b84250bc75586f846"
            ],
            "type": "Script",
            "firstPartyCookies": {},
            "firstPartyCookiesSent": {
                "get_top_level_domain_cookie": 0.000007149904906264747
            },
            "exampleSites": [
                "aleteia.org",
                "catholicexchange.com",
                "catholicstand.com",
                "es.aleteia.org",
                "ipwithease.com",
                "onepeterfive.com",
                "www.americamagazine.org",
                "www.catholicworldreport.com",
                "www.crisismagazine.com",
                "www.newadvent.org"
            ]
        },
        {
            "rule": "cleanmediaads\\.com\\/cksync\\/set\\/",
            "cookies": 0.0000429,
            "fingerprinting": 0,
            "subdomains": [],
            "apis": {},
            "sites": 6,
            "prevalence": 0.0000429,
            "cnames": [],
            "responseHashes": [
                "a22483836e511f68e463c7dfb2f48680298341e84e18144e2c8cafba8076419e",
                "8eb409d0ff75a6ed5f41e80006614b050c5797e9a9906df4077a3ff5a6f1613d",
                "8983e44315474179ed00ef16850c2a167249446ed2bab0c948abfcc48d6c46ee",
                "6e029d29e98500d8788db695c86bffacce13890ce02972a25648af653e01324a",
                "d638ca641661db1062a68181430968d6b4cae891bcc53a2931d28b383b7893d0"
            ],
            "type": "Script",
            "firstPartyCookies": {},
            "firstPartyCookiesSent": {},
            "exampleSites": [
                "catholicstand.com",
                "mycatholic.life",
                "www.acidigital.com",
                "www.aciprensa.com",
                "www.catholicworldreport.com",
                "www.churchpop.com"
            ]
        }
    ],
    "categories": [],
    "performance": {},
    "cookies": 0.0000643,
    "types": {
        "Script": 16
    },
    "nameservers": [
        "ns25.domaincontrol.com",
        "ns26.domaincontrol.com"
    ]
}