{
    "domain": "clickmatters.biz",
    "owner": {},
    "source": [
        "DuckDuckGo-US"
    ],
    "prevalence": 0.000235,
    "sites": 34,
    "subdomains": [],
    "cnames": [],
    "fingerprinting": 1,
    "resources": [
        {
            "rule": "clickmatters\\.biz\\/",
            "cookies": 0.000118,
            "fingerprinting": 1,
            "subdomains": [],
            "apis": {
                "Notification.permission": 17
            },
            "sites": 17,
            "prevalence": 0.000118,
            "cnames": [],
            "responseHashes": [
                "4bc30aab062bff707fb27e2dd660f2a391ebc94770df821565c2b6cdcdbeeb49",
                "453aafbc352f4eb456842a9756a59ce35ace8becea18c6df0aa07e0285139929",
                "bdc05ad389d2343c8e1c17d6dfb6d4ac26f43f1da511836d360f6c0528335574",
                "53e43e48915afb638e06c53199a2027d0d9ba91ff8b288c1b809bbc2268a0d2a",
                "83af5d9e9fe406fba059405bc0c37929365b00a0c0a84dd36b53e2834ccf023d",
                "17f6da657ccaf1aa8e8a659ed5d9335105a3c57cf0d1a760356dd07eba018321",
                "92adfbc40fae64d3835fd3b1436354bd6252c97d565de41a3db2b99f11fff333",
                "b104d726a48ada49d929d2242a3d98a211b75673e360d349393a75f3a5400e73",
                "8257e81e9385c6619b478bbc26e3e094ad514b39603df1bf7ccca6f8e95ecd1c",
                "4e1ffc07136f620f469b982374ae86d0543830f3c7398f6b4d470b90e2181c0b",
                "d4a53ee68db7529f648e46d570f574f7d1932dd05db8da9f32fb545baaf62977",
                "0a26b1cc81df3bd5944e8bcd548746aa79c2207763b352898290e3a837bd75a9",
                "2ea91173230405d86898db629604fd76919a67ca3ebce36785ee02d1a4a63cfe",
                "505449ce210fc9330615b7a47d9d6260a388228bbd23aec18c51ab80fc3a9344",
                "fc650a7c9986c3c8ab05f43718bbf02fe874c42bbd9822cef9731c6c27d7155f",
                "0e8f5c20871fa0e46272ba56d5b37ffc51e97d3a86fdfa721caf613286f77b2a"
            ],
            "type": "Script",
            "firstPartyCookies": {},
            "firstPartyCookiesSent": {},
            "exampleSites": [
                "afreefromlife.com",
                "bridgeproject-game.com",
                "bugzillametrics.org",
                "disruptedphysician.com",
                "eastmanind.com",
                "estherschultz.com",
                "gutomna.com",
                "hc2gym.com",
                "helpforsinglemother.net",
                "houseofherby.com",
                "lizsscribbles.com",
                "melindadaily.com",
                "racinpaper.com",
                "raymundtamayo.com",
                "realgirlramblings.com",
                "religionandcivilsociety.com",
                "wackerhardware.com"
            ]
        }
    ],
    "categories": [],
    "performance": {},
    "cookies": 0.000235,
    "types": {
        "Script": 17
    },
    "nameservers": [
        "yichun.ns.cloudflare.com",
        "aria.ns.cloudflare.com"
    ]
}