{
    "domain": "collectconsent.com",
    "owner": {},
    "source": [
        "DuckDuckGo-US"
    ],
    "prevalence": 0.000231,
    "sites": 17,
    "subdomains": [
        "eu",
        "sa",
        "api.eu",
        "api.sa"
    ],
    "cnames": [],
    "fingerprinting": 1,
    "resources": [
        {
            "rule": "collectconsent\\.com\\/cc\\.js",
            "cookies": 0,
            "fingerprinting": 1,
            "subdomains": [
                "eu",
                "sa"
            ],
            "apis": {
                "Navigator.prototype.userAgent": 15,
                "window.sessionStorage": 17
            },
            "sites": 17,
            "prevalence": 0.000231,
            "cnames": [],
            "responseHashes": [
                "aa675b49e7ab47582f359afce8825c376a8f5e100d399904dc3351bdd6ae7415",
                "c4374e617e5e8a66bc168cca3767462131bd6f22882c2c9aedc03b0b71acdc4c",
                "e166238bc423c30ce750532eada35b5e8548f3a34e1f776fe16c2d7afc43241c",
                "ba5818ee4344bf3cf7e5cab996b004d2d344cde9eda72f8c10923933a5baf55b",
                "afd3627de58e57c49da231b979a26bd6e4261c81e5bfe2ab972b989b1197f4f6",
                "ab53ce6cc92c24531df3af7a508a9195d02fd794d27232688ea8dea4ac183b61",
                "ec591d7f435a0604eaefa2b2c15aa6fbbf5b18d6e14de57052d01a1fa42f6adb",
                "f53f175c67565060c080c1bb5f1063a2a9877938b184f4dfd9b3e26e8153b007",
                "fdb0a427c530b21ed066b2d151b11464fcfa8f2fed3da0cc04e46ca79f740cf9",
                "a6f615a9b4ac48474082ff7d19d9379b0fa46d6a6460d641db6502a2b1c962d3",
                "3e3295cc6f93d3d0b88fe4c9af30610d4b083d127834b1cf5cbb3b956782deb6",
                "d3f434410584f0c4aef4cb16eaeffa36ddd5362ddc1a3650ea236563b5166339",
                "c5ac721fff33b14fcf8b91f7a83414269a0c750ccb4abf0128c5aad1f2777184",
                "ce4b063bc06df083656a5913fb813c89c104f7214b3ad39bea49b4d0932f125a",
                "27d177bc60663862438731d77776ae9d984787132f7115994024745e071f74f5",
                "f72b3ee89c2b9af5a45ea624b435a7a8096c1d219e20b04409b99985a37c0285"
            ],
            "type": "Script",
            "firstPartyCookies": {},
            "firstPartyCookiesSent": {},
            "exampleSites": [
                "akarokvalakit.com",
                "www.chatulmeulocal.com",
                "www.contatoslocais.com",
                "www.contatosedutor.com",
                "www.desejoslocais.com",
                "www.flirtlocali.com",
                "www.flirteazacumine.com",
                "www.flirturilocale.com",
                "www.grannflirten.com",
                "www.helyiflort.com",
                "www.lachattedacote.com",
                "www.mymaturematch.com",
                "www.secretmatureclub.com",
                "www.teerenpelit.com",
                "www.titkosromanc.com",
                "www.viszonykereso.com",
                "www.viszonyom.com"
            ]
        },
        {
            "rule": "collectconsent\\.com\\/consent\\/collector",
            "cookies": 0,
            "fingerprinting": 0,
            "subdomains": [
                "api.eu",
                "api.sa"
            ],
            "apis": {},
            "sites": 17,
            "prevalence": 0.000231,
            "cnames": [],
            "responseHashes": [],
            "type": "Preflight",
            "firstPartyCookies": {},
            "firstPartyCookiesSent": {},
            "exampleSites": [
                "akarokvalakit.com",
                "www.chatulmeulocal.com",
                "www.contatoslocais.com",
                "www.contatosedutor.com",
                "www.desejoslocais.com",
                "www.flirtlocali.com",
                "www.flirteazacumine.com",
                "www.flirturilocale.com",
                "www.grannflirten.com",
                "www.helyiflort.com",
                "www.lachattedacote.com",
                "www.mymaturematch.com",
                "www.secretmatureclub.com",
                "www.teerenpelit.com",
                "www.titkosromanc.com",
                "www.viszonykereso.com",
                "www.viszonyom.com"
            ]
        },
        {
            "rule": "collectconsent\\.com\\/cc\\.css",
            "cookies": 0,
            "fingerprinting": 0,
            "subdomains": [
                "eu",
                "sa"
            ],
            "apis": {},
            "sites": 17,
            "prevalence": 0.000231,
            "cnames": [],
            "responseHashes": [
                "9ec88cf72960048a40791a943e5dee85f910c00e9a3732339888b075de11bc34",
                "609cd9b4c6bca52121089a59922f3cf45504d53ed82e4ad8144d403c3ac87359"
            ],
            "type": "Stylesheet",
            "firstPartyCookies": {},
            "firstPartyCookiesSent": {},
            "exampleSites": [
                "akarokvalakit.com",
                "www.chatulmeulocal.com",
                "www.contatoslocais.com",
                "www.contatosedutor.com",
                "www.desejoslocais.com",
                "www.flirtlocali.com",
                "www.flirteazacumine.com",
                "www.flirturilocale.com",
                "www.grannflirten.com",
                "www.helyiflort.com",
                "www.lachattedacote.com",
                "www.mymaturematch.com",
                "www.secretmatureclub.com",
                "www.teerenpelit.com",
                "www.titkosromanc.com",
                "www.viszonykereso.com",
                "www.viszonyom.com"
            ]
        },
        {
            "rule": "collectconsent\\.com\\/consent\\/collector",
            "cookies": 0,
            "fingerprinting": 0,
            "subdomains": [
                "api.eu",
                "api.sa"
            ],
            "apis": {},
            "sites": 17,
            "prevalence": 0.000231,
            "cnames": [],
            "responseHashes": [
                "1cd2ef45c0de120169be7babbce69b7c478e11d4664dbfb4a3e001c8b49390ed",
                "087f266f4362479148b04b7e057c942b8df71855b438f70f0ea2fac56331b40e",
                "5ec8ef3b7a6fb16c27c284305bb93d0d796107f30732a9028d9c15490bd25add",
                "a5284199c5ce3483f943e3191a2735101b580b57c112d69c3daf93b99506fbdb",
                "698e8382746445fbfe087887bdfac6a3501e5bcac42b743aa4d90c83ca5a7c78",
                "6d0071359f0284f90aa2772bbabe33c30f3e59a59681aa63daf1e38519eff469",
                "238d48510ecb1fd836858519264db6c9128386d897b6a95ca4d4151870363284",
                "6a96a935c762e6465255960386da67248d545a1a01cf0e22789abc9a0210ab92",
                "7c6c7e3f4056e774a8a44f95edcc628999d3bb647fd0ff8693aac38eedfddf0d",
                "383b06c7033da20dd90cebf0a18939759e9c5e0958d9a8183bb6e12e6e64f5dd",
                "c9d9a7e2f96caab46179445d46944865a3a0257321bb72cf6536947c9a3849f6"
            ],
            "type": "XHR",
            "firstPartyCookies": {},
            "firstPartyCookiesSent": {},
            "exampleSites": [
                "akarokvalakit.com",
                "www.chatulmeulocal.com",
                "www.contatoslocais.com",
                "www.contatosedutor.com",
                "www.desejoslocais.com",
                "www.flirtlocali.com",
                "www.flirteazacumine.com",
                "www.flirturilocale.com",
                "www.grannflirten.com",
                "www.helyiflort.com",
                "www.lachattedacote.com",
                "www.mymaturematch.com",
                "www.secretmatureclub.com",
                "www.teerenpelit.com",
                "www.titkosromanc.com",
                "www.viszonykereso.com",
                "www.viszonyom.com"
            ]
        },
        {
            "rule": "collectconsent\\.com\\/consent\\/loadSegment",
            "cookies": 0,
            "fingerprinting": 0,
            "subdomains": [
                "api.eu",
                "api.sa"
            ],