{
    "domain": "conectiva.io",
    "owner": {},
    "source": [
        "DuckDuckGo-US"
    ],
    "prevalence": 0.000436,
    "sites": 32,
    "subdomains": [],
    "cnames": [],
    "fingerprinting": 1,
    "resources": [
        {
            "rule": "conectiva\\.io\\/XEngine\\/services\\/",
            "cookies": 0,
            "fingerprinting": 0,
            "subdomains": [],
            "apis": {},
            "sites": 32,
            "prevalence": 0.000436,
            "cnames": [],
            "responseHashes": [
                "e86e7d0c22b6d0068e2dacd343aa3a36aba22466901d425163ab10f92705d175",
                "d6d6a6dc683b17f08375009f78d3bf279b61eb270494f98000d75c293f5fc3cf",
                "f646cf63c86d02dcbc69356423f2c4a9d7ae2b9fd0680af5769e754c87f392e0",
                "b046927d26c590f93c8d235de85cd32b222a43a39d692796aa4dd944d1498005",
                "381757b757c3a6921c6b9cb24ef141d72edb3612b3b7cefe8be772cfbda60643",
                "d359c324eb5ccbcac4b7aa2ba033f41da45dbad854c2aeca767d6178e675b111",
                "c174eaaac7781e21bf5564e9263abc6f1a49c6f7b4b42895abfedea24067b71f",
                "286ed6248cb2b47eb9c12235453013627c4059c5b5803c3ba8bbb196323368b4",
                "c95b5f9e4f3a1edabbf10c4471148176b74ecce61cc13151fb0def6f20048bfa",
                "bbcc6e87f0d001f1fa45d15ad41e9ec6292cd1747bcf60e36bde75c141a732ab",
                "a0dc2f0ed7f81cbbdba5e88d65c5c2fe3c88043731af3870e90b0d2001cfeeb6",
                "0776e16d3814a2b0478782435ac0f516ea7e6e8e85acb6a679733c7672a6a3e9",
                "507d5a19b46c5c6a0c1ddfa2fa638e52ab0418c59e4c4e3da2fc0530dd41c875",
                "f2e28be6f49f23b0bcadf4e5125557687940d49e22c310935189d4e54d1d9670",
                "6467d3460af3b072a3077ca661d3a88249829127a2d79bbcc5ca6eaa26986f58",
                "84519d07e5af69e22a495c727213c63d1d35460771905775a94f3cfa00c6bafa",
                "e28d7c3e33e586e731556bf3101abcdefe73ce7ae2ccf598d31e16433e7d0690",
                "2aa2053f7638af3485b1123216f49f16ce93fe0413d9733d174b89376f652d62",
                "d413ec1f52abf820093d05fab2996286220b0ef4260339250ec6d625d5b0d9fd",
                "bb92c12ba9e4986dc32ccca44c67317ac957913899fc88ea32a492c68617fc16",
                "a9e78b9c3ebb7bccba8b5c0ff155af7bf019569119c02507a245404c953c1ee1",
                "eb2ccf9d9b25d947fa8ebd85b6bc57475c66f65af639ed7ad4911cd5d5a69a3b",
                "3feb549648725e2fe6474f961ff0c865ded3c5cc5c83d091e47bda5f9596e3d9",
                "bb65f5e767de90fa39f0577c5f88b12396189474d27372a05a0e3990226e84a7",
                "74e4c4c06b6a5a64c38881ec15bb57994af43d264f771c1911d201aca29fa596",
                "e93a5d0b77f1fc7e7af75c5597bb5c4e8353dabfafe671092fbf83042a910069",
                "43efcfd706ed1ae9945362b63ce140ea2a0626aadfcff9f442cf26b906bc04c6",
                "ce3466ee4bb6cef68cc465f8c052e01e02fcd2b9543f5519ae6a69468f7d4a17",
                "992b51aa21a288ec3d9d947287ef54c522a79fa4eac58f3ccc569dcd7fe9b843",
                "5bc8306178abddf99ebaec832ae8f8fed7a944174208cea121dfc60838510e86",
                "8ba6261fd7961b69516b5e1f363328723a376dd0db2bac818eb2f4f5cdb07cb5"
            ],
            "type": "XHR",
            "firstPartyCookies": {},
            "firstPartyCookiesSent": {},
            "exampleSites": [
                "www.clicksophia.com.br",
                "www.donnacarioca.com.br",
                "www.lezalez.com",
                "www.duloren.com.br",
                "www.feiradamadrugadasp.com.br",
                "www.modalove.com.br",
                "www.universobubble.com.br",
                "www.atacadao.com.br",
                "loja.chillibeans.com.br",
                "www.plenitudedistribuidora.com.br",
                "www.bringit.com.br",
                "www.secretoutlet.com.br",
                "www.yeesco.com.br",
                "www.ladorosa.com.br",
                "www.dressto.com.br",
                "www.lojagtsm1.com.br",
                "www.oficialfarma.com.br",
                "www.fiturban.com.br",
                "www.platinumkids.com.br",
                "www.jcdecor.com.br"
            ]
        },
        {
            "rule": "conectiva\\.io\\/XEngine\\/core\\.js",
            "cookies": 0,
            "fingerprinting": 1,
            "subdomains": [],
            "apis": {
                "Date.prototype.getTime": 32
            },
            "sites": 32,
            "prevalence": 0.000436,
            "cnames": [],
            "responseHashes": [
                "bc75c17033ddcecf717ed63a71a43ce40dacd3502f1b65734df657aec3314619"
            ],
            "type": "Script",
            "firstPartyCookies": {},
            "firstPartyCookiesSent": {},
            "exampleSites": [
                "www.useange.com.br",
                "www.bringit.com.br",
                "www.atacadao.com.br",
                "www.feiradamadrugadasp.com.br",
                "www.jcdecor.com.br",
                "www.secretoutlet.com.br",
                "www.meugameusado.com.br",
                "www.plenitudedistribuidora.com.br",
                "www.sanarsaude.com",
                "www.clicksophia.com.br",
                "ropek.com.br",
                "loja.chillibeans.com.br",
                "www.stanley-pmi.com.br",
                "www.dressto.com.br",
                "www.mmoda.com.br",
                "www.ladorosa.com.br",
                "www.oficialfarma.com.br",
                "edifier.com.br",
                "www.duloren.com.br",
                "www.deliriyou.com.br"
            ]
        },
        {
            "rule": "conectiva\\.io\\/XEngine\\/extensions\\/datatunnel\\/datatunnel\\.js",
            "cookies": 0,
            "fingerprinting": 0,
            "subdomains": [],
            "apis": {},
            "sites": 32,
            "prevalence": 0.000436,
            "cnames": [],
            "responseHashes": [
                "755a031eaeb32170081e04ff2f614f99ff4bd102cc915420bc5f503368a5c716"
            ],
            "type": "Script",
            "firstPartyCookies": {},
            "firstPartyCookiesSent": {},
            "exampleSites": [
                "dondoca.com.br",
                "www.sanarsaude.com",
                "www.plenitudedistribuidora.com.br",
                "www.meugameusado.com.br",
                "www.iluminim.com.br",
                "www.clicksophia.com.br",
                "www.fiturban.com.br",
                "www.lezalez.com",
                "edifier.com.br",
                "www.secretoutlet.com.br",
                "www.atacadao.com.br",
                "www.feiradamadrugadasp.com.br",
                "loja.chillibeans.com.br",
                "www.jcdecor.com.br",
                "loja.panasonic.com.br",
                "www.donnacarioca.com.br",
                "www.useange.com.br",
                "www.zapgrafica.com.br",
                "www.mmoda.com.br",
                "www.universobubble.com.br"
            ]
        },
        {
            "rule": "conectiva\\.io\\/XEngine\\/extensions\\/visitor\\/visitor\\.js",
            "cookies": 0,
            "fingerprinting": 1,
            "subdomains": [],
            "apis": {
                "Navigator.prototype.cookieEnabled": 31,
                "Date.prototype.getTime": 23
            },
            "sites": 32,
            "prevalence": 0.000436,
            "cnames": [],
            "responseHashes": [
                "81f4ae560d0f96c976f3fc51bf9ca1361ecb141735c8fde03e0dab7f4715008a"
            ],
            "type": "Script",
            "firstPartyCookies": {},
            "firstPartyCookiesSent": {},