{
    "domain": "contobox.com",
    "owner": {},
    "source": [
        "DuckDuckGo-US"
    ],
    "prevalence": 0.000166,
    "sites": 24,
    "subdomains": [
        "am",
        "cbmedia2",
        "ws",
        "cbdp"
    ],
    "cnames": [],
    "fingerprinting": 1,
    "resources": [
        {
            "rule": "contobox\\.com\\/v3\\/frontend\\/creatives\\/getcode\\.js",
            "cookies": 0.000083,
            "fingerprinting": 1,
            "subdomains": [
                "am"
            ],
            "apis": {
                "Document.cookie getter": 7
            },
            "sites": 12,
            "prevalence": 0.000083,
            "cnames": [],
            "responseHashes": [
                "97d4b5e693f7b3db04fa06b387b05a4269e835f2c5a9c9ef99d4d71e517691a9",
                "b5c1ee84c91d6c605c6b077e2ab04e96db59c9015fb965f5e183844e6d31cf17",
                "18a42d21925b5ab99ae6bc26e58f37d3d242da8d45de9d46b661c84cfa1fc633",
                "1663c166f5071a1618e1d9a4236878111861897c3f97f1186fb0beedd24cd570",
                "e3cf005377baa93069b6a067eb23a4cbbd06dce236a118d9538212ad3c558307",
                "f424b1e613e8e5e53b0494e14d873d6db4910fe1171236e9bd41a522f88c02aa",
                "d2b448a4188639f91055e66899db54b39b2afc339bbea6d079961f1d94f25efd",
                "698f1911f43bce141175b7e7a91199a2374e0274fb579b6f35b49306c68a2e87",
                "a7b070ec3d2ae719c33729fbbfbe37cb73163cc15868a16510d44d1004688774",
                "788a1f218fd1b06fadfde68a7652de8b7f3cad163529eb39ea19ac9aaa22dd92",
                "f50d8945afab97e28542b590fc89e781c6aefebe016601b48cf285e76a8cfb5f"
            ],
            "type": "Script",
            "firstPartyCookies": {},
            "firstPartyCookiesSent": {
                "s_ppn": 0.000013835851458298743,
                "IR_gbd": 0.000006917925729149372,
                "dy_fs_page": 0.000006917925729149372
            },
            "exampleSites": [
                "citynews.ca",
                "ottawa.citynews.ca",
                "sallybeauty.com",
                "www.cosmoprofbeauty.com",
                "www.homedepot.ca",
                "www.lowes.ca",
                "www.nsnews.com",
                "www.renodepot.com",
                "www.richmond-news.com",
                "www.sallybeauty.com",
                "www.smartpakequine.com",
                "www.vancouverisawesome.com"
            ]
        },
        {
            "rule": "contobox\\.com\\/cbox_themes_v3\\/home_hardware_benchmark_q4_2021\\/images\\/300x600_bg_updated\\.jpg",
            "cookies": 0,
            "fingerprinting": 0,
            "subdomains": [
                "cbmedia2"
            ],
            "apis": {},
            "sites": 2,
            "prevalence": 0.0000138,
            "cnames": [],
            "responseHashes": [
                "1370c87454d66a10fbdeb9de589718d00a863f4724e4597c20159136c1e63950"
            ],
            "type": "Image",
            "firstPartyCookies": {},
            "firstPartyCookiesSent": {},
            "exampleSites": [
                "citynews.ca",
                "ottawa.citynews.ca"
            ]
        },
        {
            "rule": "contobox\\.com\\/cbox_themes_v3\\/home_hardware_benchmark_q4_2021\\/images\\/300x600_text\\.png",
            "cookies": 0,
            "fingerprinting": 0,
            "subdomains": [
                "cbmedia2"
            ],
            "apis": {},
            "sites": 2,
            "prevalence": 0.0000138,
            "cnames": [],
            "responseHashes": [
                "93c438697239951648d5956d45f807bc36b1edd20ecbc0be8707aee5618e07a6"
            ],
            "type": "Image",
            "firstPartyCookies": {},
            "firstPartyCookiesSent": {},
            "exampleSites": [
                "citynews.ca",
                "ottawa.citynews.ca"
            ]
        },
        {
            "rule": "contobox\\.com\\/cbox_themes_v3\\/home_hardware_benchmark_q4_2021\\/images\\/300x600_cta\\.png",
            "cookies": 0,
            "fingerprinting": 0,
            "subdomains": [
                "cbmedia2"
            ],
            "apis": {},
            "sites": 2,
            "prevalence": 0.0000138,
            "cnames": [],
            "responseHashes": [
                "fd65ede3fced39d195bda7ddbe9f53dd9626aceda278ebadecc3279c034563fe"
            ],
            "type": "Image",
            "firstPartyCookies": {},
            "firstPartyCookiesSent": {},
            "exampleSites": [
                "citynews.ca",
                "ottawa.citynews.ca"
            ]
        },
        {
            "rule": "contobox\\.com\\/v3\\/frontend\\/creatives\\/viewload\\.js",
            "cookies": 0.0000346,
            "fingerprinting": 0,
            "subdomains": [
                "am"
            ],
            "apis": {},
            "sites": 5,
            "prevalence": 0.0000346,
            "cnames": [],
            "responseHashes": [
                "0154b8996fa11b12eb4c5b81c729fb27b6e3c7378b35241df697663a793f91f3",
                "a477cd77f8eedbefff311e8566b7b6c430af169080814743212c59dd67515add",
                "c72400d00fd7ae0123d3d13ee5b1db61b5ed65e8a29369443b3bc59a88a389e2",
                "55e85febd030a41fa3cc12f61222a2536800cc3375f49f2b86d8b295cbddfb05"
            ],
            "type": "Script",
            "firstPartyCookies": {},
            "firstPartyCookiesSent": {
                "s_ppn": 0.000013835851458298743
            },
            "exampleSites": [
                "citynews.ca",
                "ottawa.citynews.ca",
                "www.nsnews.com",
                "www.richmond-news.com",
                "www.vancouverisawesome.com"
            ]
        },
        {
            "rule": "contobox\\.com\\/v3\\/frontend\\/creatives\\/viewstart\\.js",
            "cookies": 0.0000346,
            "fingerprinting": 0,
            "subdomains": [
                "am"
            ],
            "apis": {},
            "sites": 5,
            "prevalence": 0.0000346,
            "cnames": [],
            "responseHashes": [
                "12b1ca8fa5ab533180a44f094493bc8173a07ed465827e6386889654bad71038",
                "75f60e2217e50678e43574672aecf292116ce29d3deab0c122262d25ae6b9b9d",
                "33cd95978dc0064a72460b9b6dd03474a17af6a9644e4233637b80383641d292",
                "47f7585914b35cc48c2bc4f57c1c91e52eb4633ae88fa6555f182b6935186221"
            ],
            "type": "Script",
            "firstPartyCookies": {},
            "firstPartyCookiesSent": {
                "s_ppn": 0.000013835851458298743
            },
            "exampleSites": [
                "citynews.ca",
                "ottawa.citynews.ca",
                "www.nsnews.com",
                "www.richmond-news.com",
                "www.vancouverisawesome.com"
            ]
        },
        {
            "rule": "contobox\\.com\\/getcode\\.js",
            "cookies": 0.0000277,
            "fingerprinting": 1,
            "subdomains": [
                "ws"
            ],
            "apis": {
                "Navigator.prototype.userAgent": 4
            },
            "sites": 4,
            "prevalence": 0.0000277,
            "cnames": [],
            "responseHashes": [
                "858e9f204255fb56af9eca7486c35d029372faf20e5d9e2328e660c58470a1b8",
                "0a56f91906c517e31331c806db7ab2067ef0a33da4f7047e9642d9aa509a8d34",
                "edc505684f2afa9c991076daeb341c1a21d3043861bdf35e82daf8305904171a"
            ],
            "type": "Script",
            "firstPartyCookies": {},
            "firstPartyCookiesSent": {},
            "exampleSites": [
                "badcock.com",
                "www.badcock.com",
                "www.cars.com",
                "www.mulesoft.com"
            ]
        },
        {
            "rule": "contobox\\.com\\/wsrule",
            "cookies": 0,
            "fingerprinting": 0,