{
    "domain": "contextly.com",
    "owner": {},
    "source": [
        "DuckDuckGo-US"
    ],
    "prevalence": 0.00015,
    "sites": 21,
    "subdomains": [
        "rest",
        "experience"
    ],
    "cnames": [],
    "fingerprinting": 1,
    "resources": [
        {
            "rule": "contextly\\.com\\/pagewidgets\\/get\\/",
            "cookies": 0,
            "fingerprinting": 0,
            "subdomains": [
                "rest"
            ],
            "apis": {},
            "sites": 15,
            "prevalence": 0.000107,
            "cnames": [],
            "responseHashes": [
                "11e4f25e8f5f8b3c0716805d59afa8d78e5e389ffb17ab4fdcb31acbf5dc8bb6",
                "8f72bbd58ad2db8e082095f1bb81779d1114cede904f6939d0d487e081bc19f8",
                "721c9dd5d1a7e5cb5d26562a878a9db30e9660917ac97841b27f10406e080cdb",
                "ae5924be1b6744ef47f030c3d505480d35fc4a83009db49abe33c9ecd5c350c6",
                "965078be1be214bbb0c2f8d34ee2d13420b0ec986397801ad0cad9c9c87a1fc5",
                "214ef05b97a2e21d36e4262d6195c7da564776c43b7326fdc1ed0f1afc69a075",
                "a89911658ac82684ae11fe28910d6434a3b832877c7bfec3903b2f36bb93c1d0",
                "e91a5104e054c46ac8be616517d3829d2958099e01548da7d25d3a022e71b3ed",
                "cbe21e589e48447d9553828260583ab4b885e96d096f09eb25e1918be5b85354",
                "ccac0ff6a7defd1358ddab771fb96cf757ccf16fd10d9087b9b998e0c41d0626",
                "247d448236d67427fdb3aa856f20d9734925cd67164b7101004a6afabf30ad03",
                "c37ca179e886b1fd422bcdb0a8ce5ef4bbcbf3bf7243ef0965379e348f361e8e",
                "cb263ebefa37e18164f17a0ec9f71ec5552ed431579970fd9a46c8d3c5588170",
                "562545b8eae5b58618ad4f37906d49e229aaeb1d49dd1aa4914426a6094da790"
            ],
            "type": "XHR",
            "firstPartyCookies": {},
            "firstPartyCookiesSent": {},
            "exampleSites": [
                "adafruit.com",
                "exchange.telstra.com.au",
                "spacenews.com",
                "trialsitenews.com",
                "utopia.org",
                "www.chatelaine.com",
                "www.cultofmac.com",
                "www.footankleinstitute.com",
                "www.libertynation.com",
                "www.macleans.ca",
                "www.pewpewtactical.com",
                "www.startsiden.no",
                "www.stitchfix.com",
                "www.todaysparent.com",
                "www.weareteachers.com"
            ]
        },
        {
            "rule": "contextly\\.com\\/events\\/put\\/",
            "cookies": 0,
            "fingerprinting": 0,
            "subdomains": [
                "experience"
            ],
            "apis": {},
            "sites": 12,
            "prevalence": 0.0000858,
            "cnames": [],
            "responseHashes": [
                "0182dab6dc0636150456ed2b972e19cfae942813bfe152a4c24d489dadc426e7",
                "f29af6191bf737b5961ffc6e8ed630e09c5a8d673b54812a3c6de0d471a560e3",
                "ef0006e9998d5512528f5d3ae0e0766a627c549ebe72914ad74e3c3d5842b3c6",
                "f23f023e84604d6f729e5491354fd927d4edec8126e7cf73769954216a158ef5",
                "0162f7da69873123de56efba5fb821b645736c0eee8aaed1ebfed7725cf39c06",
                "555671db9b8534993d3c8835a143c113e9af030f06509be7aa6dd20d3c84526a",
                "f3ea960b1b674d96fa1b561054b562c090e61944ddaec0fb7f760a8a186df6a5"
            ],
            "type": "XHR",
            "firstPartyCookies": {},
            "firstPartyCookiesSent": {},
            "exampleSites": [
                "adafruit.com",
                "exchange.telstra.com.au",
                "spacenews.com",
                "trialsitenews.com",
                "utopia.org",
                "www.chatelaine.com",
                "www.cultofmac.com",
                "www.footankleinstitute.com",
                "www.libertynation.com",
                "www.pewpewtactical.com",
                "www.stitchfix.com",
                "www.weareteachers.com"
            ]
        }
    ],
    "categories": [],
    "performance": {},
    "cookies": 0,
    "types": {
        "XHR": 27
    },
    "nameservers": [
        "ns-1334.awsdns-38.org",
        "ns-1613.awsdns-09.co.uk",
        "ns-234.awsdns-29.com",
        "ns-916.awsdns-50.net"
    ]
}