{
    "domain": "contentdsp.com",
    "owner": {},
    "source": [
        "DuckDuckGo-US"
    ],
    "prevalence": 0.000125,
    "sites": 18,
    "subdomains": [],
    "cnames": [],
    "fingerprinting": 1,
    "resources": [
        {
            "rule": "contentdsp\\.com\\/events\\.js",
            "cookies": 0.0000761,
            "fingerprinting": 1,
            "subdomains": [],
            "apis": {
                "Navigator.prototype.userAgent": 11,
                "Document.cookie getter": 11
            },
            "sites": 11,
            "prevalence": 0.0000761,
            "cnames": [],
            "responseHashes": [
                "070200deed92c25805dfdfadf7deb44937377dd1adf878b1976d25f97e86499d",
                "50482a9a437a5f69b1dbf7d698a524997243172c12d4dcdee969269b2279db2d",
                "142edd173e743ec8af5327377feb36249e79e9ddae5dbb813f8288d157c4d3e3",
                "d0b3d6d7bb7d923ea93ac08dad9899135ae479c76c87441ad94f871154497329",
                "ff144d8dc4249e6cf2fcc95dab1544f50c58f393728908f11704b43efe305a42",
                "9374bf67e5dc31d5ea565a31b61d4b6a2a9c9d3adc05728b89f245475859cb41",
                "458fefe11bf953255bd30bb2d1d3439d39a803c41595b90bcc30a08e38aa920b",
                "9f0826d0c146ec1ba0c7262d501ed350fb8e7d3c1444d7d8f6ffc5ee086eb4e8",
                "7b1320a7928e09abb2c2cb714dda3c72b785f54c31c859417c95b254429d605b",
                "a632ece5c8d3758ada75f35db35e27806d1f20ba4df040e8156af4c40f0e98d6"
            ],
            "type": "Script",
            "firstPartyCookies": {},
            "firstPartyCookiesSent": {},
            "exampleSites": [
                "betashares.com.au",
                "www.betashares.com.au",
                "www.bradfordexchange.com",
                "www.crossroadshospice.com",
                "www.enginebuildermag.com",
                "www.legrand.us",
                "www.musicnotes.com",
                "www.petermillar.com",
                "www.sofi.com",
                "www.tirereview.com",
                "www.underhoodservice.com"
            ]
        }
    ],
    "categories": [],
    "performance": {},
    "cookies": 0.000125,
    "types": {
        "Script": 11
    },
    "nameservers": [
        "ns-236.awsdns-29.com",
        "ns-834.awsdns-40.net",
        "ns-1673.awsdns-17.co.uk",
        "ns-1158.awsdns-16.org"
    ]
}