{
    "domain": "contextly.com",
    "owner": {},
    "source": [
        "DuckDuckGo-US"
    ],
    "prevalence": 0.000123,
    "sites": 18,
    "subdomains": [
        "rest",
        "experience"
    ],
    "cnames": [],
    "fingerprinting": 1,
    "resources": [
        {
            "rule": "contextly\\.com\\/pagewidgets\\/get\\/",
            "cookies": 0,
            "fingerprinting": 0,
            "subdomains": [
                "rest"
            ],
            "apis": {},
            "sites": 13,
            "prevalence": 0.0000885,
            "cnames": [],
            "responseHashes": [
                "4b02e7ae816f31c0e1f920b1d70e1f0621983d2665c64d6fd7c5fd0053289a4f",
                "410f66e0a70acd24f580770f703c9da1d621247a00ef920d096191357a28647e",
                "12029e26bd940df28fff30dda5706b3924f1be886d782566f23e88e3711267bf",
                "83beeab1c139fc318fa6487b48ffdcfbd46149e12db5638f90fd6f706a957fc8",
                "0769521996327ae73b7c2984f77405ed15c7797b6c6066fcad556d36fcd4c200",
                "48e7aa5d8bf2de879dfaa5ec4c4c0caf8b654f1a0ea3de72625d199afca49c3f",
                "80c16cc32f789e8423cbcc608061e8840eccf090ff8541946658c12e31cbb4e7",
                "2a7aff7773f24746cbfaf8abc048706c29dc236349b16b85b5ef9b63859a97ec",
                "247d448236d67427fdb3aa856f20d9734925cd67164b7101004a6afabf30ad03",
                "de70c879d94c95011c12dae12964a5de91d9a86292e83f3c2a06dab132fd3921",
                "8608feaaad3b294474962d0dac20955f70b8faaf0a40b7123b05a4c181d1ad01",
                "811e1505abda1fe73243be55d1563425a10d7daf36c03649c59fd5abd70e5107"
            ],
            "type": "XHR",
            "firstPartyCookies": {},
            "firstPartyCookiesSent": {},
            "exampleSites": [
                "adafruit.com",
                "exchange.telstra.com.au",
                "spacenews.com",
                "trialsitenews.com",
                "utopia.org",
                "www.chatelaine.com",
                "www.footankleinstitute.com",
                "www.macleans.ca",
                "www.pewpewtactical.com",
                "www.startsiden.no",
                "www.stitchfix.com",
                "www.todaysparent.com",
                "www.weareteachers.com"
            ]
        },
        {
            "rule": "contextly\\.com\\/events\\/put\\/",
            "cookies": 0,
            "fingerprinting": 0,
            "subdomains": [
                "experience"
            ],
            "apis": {},
            "sites": 10,
            "prevalence": 0.0000681,
            "cnames": [],
            "responseHashes": [
                "0182dab6dc0636150456ed2b972e19cfae942813bfe152a4c24d489dadc426e7",
                "6c5aa3135de52cdaa674c3eda419b950d2af7be862350b9edb2c1799586ed433",
                "f23f023e84604d6f729e5491354fd927d4edec8126e7cf73769954216a158ef5",
                "5e5ff5bc4650e4b7ea48b8485e16d29c2ea2151dfa0af586b1755f3938eca888",
                "c060c7f7d1d4e7a926d1235c0ab2dbb31ff03c4400cd839d339920a2e259635a",
                "5839768206379bea4250baf9b4526bf5a00bbec16d4168b9f7b1ddbae5d51ef8",
                "ef0006e9998d5512528f5d3ae0e0766a627c549ebe72914ad74e3c3d5842b3c6",
                "1218a164a9e09ed03bd585e82707402b548c80b9d8590fc25cc21b0ff4c635ae"
            ],
            "type": "XHR",
            "firstPartyCookies": {},
            "firstPartyCookiesSent": {},
            "exampleSites": [
                "adafruit.com",
                "exchange.telstra.com.au",
                "trialsitenews.com",
                "utopia.org",
                "www.chatelaine.com",
                "www.footankleinstitute.com",
                "www.pewpewtactical.com",
                "www.stitchfix.com",
                "www.todaysparent.com",
                "www.weareteachers.com"
            ]
        }
    ],
    "categories": [],
    "performance": {},
    "cookies": 0,
    "types": {
        "XHR": 23
    },
    "nameservers": [
        "ns-234.awsdns-29.com",
        "ns-916.awsdns-50.net",
        "ns-1613.awsdns-09.co.uk",
        "ns-1334.awsdns-38.org"
    ]
}