{
    "domain": "cqrvwq.com",
    "owner": {},
    "source": [
        "DuckDuckGo-US"
    ],
    "prevalence": 0.000083,
    "sites": 12,
    "subdomains": [
        "s"
    ],
    "cnames": [],
    "fingerprinting": 3,
    "resources": [
        {
            "rule": "cqrvwq\\.com\\/2\\/286731\\/minimal\\.js",
            "cookies": 0,
            "fingerprinting": 0,
            "subdomains": [
                "s"
            ],
            "apis": {},
            "sites": 7,
            "prevalence": 0.0000484,
            "cnames": [],
            "responseHashes": [
                "f7b2795ff558be9f5fcfa6cfd694b30208461fec5f0928a652d84143c4a33326",
                "aba0cd0209bec5231d9785fd5218c7f70a58aaffff380c764990f8189e50042c",
                "42bc108035b8c2f6e9de8a6686e5f7af812d787e3a8ff01c4129fac39e18dffb",
                "1140a6e26fa615347a221ab7e1b6c210d3bbab03524a7df8011c7c5bbc9d02b1",
                "cd6d9846a4e327338ba83a3d1d9207dab822df4265b193f4883836e7e53e8e78",
                "30e61519fbd457f8672f0aa78b3d7bac2a428ca211f3d78174bd8f6b49128506"
            ],
            "type": "Script",
            "firstPartyCookies": {},
            "firstPartyCookiesSent": {
                "_li_dcdm_c": 0.0000484254801040456
            },
            "exampleSites": [
                "sfgate.com",
                "healthyeating.sfgate.com",
                "smallbusiness.chron.com",
                "www.ctpost.com",
                "www.expressnews.com",
                "www.nhregister.com",
                "www.sfgate.com"
            ]
        },
        {
            "rule": "cqrvwq\\.com\\/2\\/2\\.42\\.0\\/286731\\/APIddq0KBAP-0qcd\\/postback",
            "cookies": 0,
            "fingerprinting": 0,
            "subdomains": [
                "s"
            ],
            "apis": {},
            "sites": 2,
            "prevalence": 0.0000138,
            "cnames": [],
            "responseHashes": [
                "e3b0c44298fc1c149afbf4c8996fb92427ae41e4649b934ca495991b7852b855"
            ],
            "type": "XHR",
            "firstPartyCookies": {},
            "firstPartyCookiesSent": {
                "_li_dcdm_c": 0.000013835851458298743
            },
            "exampleSites": [
                "sfgate.com",
                "healthyeating.sfgate.com"
            ]
        },
        {
            "rule": "cqrvwq\\.com\\/2\\/2\\.42\\.0\\/main\\.js",
            "cookies": 0,
            "fingerprinting": 3,
            "subdomains": [
                "s"
            ],
            "apis": {
                "Navigator.prototype.vendor": 7,
                "Navigator.prototype.userAgent": 7,
                "Navigator.prototype.webdriver": 7,
                "PerformanceTiming.prototype.navigationStart": 7,
                "Performance.prototype.memory": 7,
                "window.devicePixelRatio": 7,
                "window.name": 7,
                "console.memory": 7,
                "window.localStorage": 7,
                "Navigator.prototype.appCodeName": 7,
                "Navigator.prototype.languages": 7,
                "Navigator.prototype.onLine": 7,
                "Navigator.prototype.mediaDevices": 7,
                "Navigator.prototype.hardwareConcurrency": 7,
                "Navigator.prototype.deviceMemory": 7,
                "Navigator.prototype.plugins": 7,
                "Screen.prototype.availWidth": 7,
                "Screen.prototype.availHeight": 7,
                "Screen.prototype.width": 7,
                "Screen.prototype.height": 7,
                "Screen.prototype.colorDepth": 7,
                "Screen.prototype.pixelDepth": 7,
                "Screen.prototype.availLeft": 7,
                "Screen.prototype.availTop": 7,
                "Screen.prototype.orientation": 7,
                "Navigator.prototype.platform": 7,
                "Navigator.prototype.maxTouchPoints": 7,
                "Navigator.prototype.connection": 7,
                "Date.prototype.getTime": 7,
                "Date.prototype.getTimezoneOffset": 7,
                "Intl.DateTimeFormat.prototype.resolvedOptions": 7,
                "Navigator.prototype.permissions": 6
            },
            "sites": 7,
            "prevalence": 0.0000484,
            "cnames": [],
            "responseHashes": [
                "537af3e7035e7f334c4414cf45d25f378f279843c35eeb375675639f24202ee8"
            ],
            "type": "Script",
            "firstPartyCookies": {},
            "firstPartyCookiesSent": {},
            "exampleSites": [
                "sfgate.com",
                "healthyeating.sfgate.com",
                "smallbusiness.chron.com",
                "www.ctpost.com",
                "www.expressnews.com",
                "www.nhregister.com",
                "www.sfgate.com"
            ]
        },
        {
            "rule": "cqrvwq\\.com\\/2\\/2\\.42\\.0\\/286731\\/APIddGgBBBEM5hKv\\/postback",
            "cookies": 0,
            "fingerprinting": 0,
            "subdomains": [
                "s"
            ],
            "apis": {},
            "sites": 2,
            "prevalence": 0.0000138,
            "cnames": [],
            "responseHashes": [
                "e3b0c44298fc1c149afbf4c8996fb92427ae41e4649b934ca495991b7852b855"
            ],
            "type": "XHR",
            "firstPartyCookies": {},
            "firstPartyCookiesSent": {
                "_li_dcdm_c": 0.000013835851458298743
            },
            "exampleSites": [
                "sfgate.com",
                "healthyeating.sfgate.com"
            ]
        },
        {
            "rule": "cqrvwq\\.com\\/2\\/2\\.42\\.0\\/286731\\/API3O-QCBZKtxVZx\\/postback",
            "cookies": 0,
            "fingerprinting": 0,
            "subdomains": [
                "s"
            ],
            "apis": {},
            "sites": 2,
            "prevalence": 0.0000138,
            "cnames": [],
            "responseHashes": [
                "e3b0c44298fc1c149afbf4c8996fb92427ae41e4649b934ca495991b7852b855"
            ],
            "type": "XHR",
            "firstPartyCookies": {},
            "firstPartyCookiesSent": {
                "_li_dcdm_c": 0.000013835851458298743
            },
            "exampleSites": [
                "chron.com",
                "smallbusiness.chron.com"
            ]
        },
        {
            "rule": "cqrvwq\\.com\\/2\\/2\\.42\\.0\\/286731\\/API3PygABZTP77TV\\/postback",
            "cookies": 0,
            "fingerprinting": 0,
            "subdomains": [
                "s"
            ],
            "apis": {},
            "sites": 2,
            "prevalence": 0.0000138,
            "cnames": [],
            "responseHashes": [
                "e3b0c44298fc1c149afbf4c8996fb92427ae41e4649b934ca495991b7852b855"
            ],
            "type": "XHR",
            "firstPartyCookies": {},
            "firstPartyCookiesSent": {
                "_li_dcdm_c": 0.000013835851458298743
            },
            "exampleSites": [
                "chron.com",
                "smallbusiness.chron.com"
            ]
        },
        {
            "rule": "cqrvwq\\.com\\/2\\/2\\.42\\.0\\/286731\\/APJgQV8NBaIV-Pqb\\/postback",
            "cookies": 0,
            "fingerprinting": 0,
            "subdomains": [
                "s"
            ],
            "apis": {},
            "sites": 2,
            "prevalence": 0.0000138,
            "cnames": [],
            "responseHashes": [
                "e3b0c44298fc1c149afbf4c8996fb92427ae41e4649b934ca495991b7852b855"
            ],
            "type": "XHR",
            "firstPartyCookies": {},
            "firstPartyCookiesSent": {
                "_li_dcdm_c": 0.000013835851458298743
            },