{
    "domain": "crjpingate.com",
    "owner": {},
    "source": [
        "DuckDuckGo-US"
    ],
    "prevalence": 0.000365,
    "sites": 51,
    "subdomains": [],
    "cnames": [],
    "fingerprinting": 0,
    "resources": [
        {
            "rule": "crjpingate\\.com\\/pu\\/",
            "cookies": 0.000193,
            "fingerprinting": 0,
            "subdomains": [],
            "apis": {},
            "sites": 27,
            "prevalence": 0.000193,
            "cnames": [],
            "responseHashes": [
                "1de068ae99218e008a51766dfea1f4cc4f015c1400264013f0af3f1e8a9b0634",
                "407bc232cbe3e459884e25f668148fa29301bb6a2247ae5b6448a490e67d2d9d",
                "7efd9f47422b9e7ef1059d07da209434068e419096b8a2a2e5dbd70f378232fa",
                "e6c56c32d8fd699ac6d8c8231acadbac38b07b8b0ddaa92b9a25211a32f94817",
                "f42511a2220ea8a8859e7f2b7e08180ecdb44d2d2a9b116f46d83c7e1aeeb94d",
                "bdc44117c4f01ac174d1f3a7d1808c93fb2a4dfd2c0add93935a31f6f0cb82b7",
                "f3f816852e97161d46d6780a926f58374d56eee82ab63ae7031c9c6736f3d38c",
                "6b4d08a225e3b04043d7fdb1983ec26aa65c77e6ab8e424f4f882b8d1fa57f33",
                "2cd83b3bb4cb47cbac16f3f8a0ba783e69475708fc5d94d4ffee1f809a629b98",
                "d88f5e0a439e58f87dd5e08dbd04fb991334bfd0b56ced841b21b841de5ea8c4",
                "b2b06c78f71754527cb794263662225651ac6c119901dde202d2a6079bbc4c73",
                "8a3f68054deccd8cbc6759ae1fdf88ff077e19054cd3dfa99a08025cd8df2172",
                "207a7767a7faf34e6812cd892b8cb3ab52ac30f3342af7404f208530a9780b8a",
                "ba850d84b76d0d1db91400b8ad3b721ac914fcc148e78e9f5b9cb94e5a488eb4",
                "3a0a5e7b532e2a047a1afb74399d2e9a9321d529f6d041bfc26b44089c0a36b5",
                "d14fadc14f9b68b6685631fffc3d2a77921f95c506a77b8a2c4ab9f9d917260d",
                "273a2a0738a2ad49b0b65f46504e23cccc290b5b43fbc97e9fddb7788bf04031",
                "e3a45def0081ea40ff763e44605fa6c2892872f65bfcc9f573c9443757c6597e",
                "5dc5b59319527558fd0b5047b651f310d29997514857014cfee414509b56b051",
                "3053af59ff737268ee12a2c75d3ec77d8590207366cf41dd838d645d0e026521",
                "59c491fff1231d672d6ab0a537836cc67887adfabec7960bf1db0ce5d5522f93",
                "2b7c8a7ed28116ec697c41f8a6c35c30608c2aab704e7c8bb26a1240bc22f22d",
                "e7d7b96893c7145d3e7eb8979569613ca2eca2a0f1f9d262c36103aba3d0c34d",
                "051aadb8a90d53eb2d3bb83e83abf86a51f0daf19eb29ede4d64a330fb435970",
                "e6fda986382aaa4d9b5b1ad8ab90b5c6b4b409a6dfd8e288ec7b2eadf5604ee9",
                "79bb50bc9f5cbbc31ea45809441f0f4f9da8c7b7daf4effa0d06f0dc3f4308ec"
            ],
            "type": "Document",
            "firstPartyCookies": {},
            "firstPartyCookiesSent": {},
            "exampleSites": [
                "en.luxuretv.com",
                "www.pornhd.com",
                "tube8.run",
                "www.veryfreeporn.com",
                "www.pornhdin.com",
                "pornsearchengine.com",
                "www.videojav.com",
                "www.ebony8.com",
                "www.horseporn.tv",
                "www.babesandstars.com",
                "es.luxuretv.com",
                "luxuretv.com",
                "softcoretube.org",
                "www.spankingtube.com",
                "www.xxxfiles.com",
                "www.babesandgirls.com",
                "ashemale.one",
                "www.empflix.com",
                "www.gotporn.com",
                "www.amateur8.com"
            ]
        }
    ],
    "categories": [],
    "performance": {},
    "cookies": 0.000365,
    "types": {
        "Document": 27
    },
    "nameservers": [
        "ns1.eurodns.com",
        "ns2.eurodns.com",
        "ns3.eurodns.com",
        "ns4.eurodns.com"
    ]
}