{
    "domain": "crjpingate.com",
    "owner": {},
    "source": [
        "DuckDuckGo-US"
    ],
    "prevalence": 0.000263,
    "sites": 38,
    "subdomains": [],
    "cnames": [],
    "fingerprinting": 0,
    "resources": [
        {
            "rule": "crjpingate\\.com\\/pu\\/",
            "cookies": 0.000145,
            "fingerprinting": 0,
            "subdomains": [],
            "apis": {},
            "sites": 21,
            "prevalence": 0.000145,
            "cnames": [],
            "responseHashes": [
                "111558bc6d46f51b926d6afe1ff2ab73da6330a33b640b9e898252f2b6aba32e",
                "1c017c66df4e965c6c8820d83bce9a5733bf3dc5a8a221c94a78690ef7c3cf05",
                "213060d6ea5816fd1a88b75094de8ba0f7e7f292cb5f9b35d032397b136acce2",
                "68a5ec08130f48ec429612e25e08a591607fde30513f55631b401d473f60de3a",
                "92be6540f1e60e4160f40801a9822fefe7a363188e3fe0711b5dabf4a72277e9",
                "44d46aeb82852a9bbed8252dc39b5361476b9e63ae00c7bf0709309e2d4e2047",
                "32011e418c57c481476e4c07a81238ad03a3a96aae652439476e632707403171",
                "40937b185f36dcba19345b12500ee1035918016b52631b02ff4357cbf7858ad0",
                "1c3db554b8d27eb6ae22dc7d72115e9c567a93d0143f85f01b132e5cc307450d",
                "9f3daa6688b9c70cf3359ec38a9185c50101adef108d83e49407384ad24aad89",
                "d30c2bb7e22eaefaabfa1b1223be60b573af52289383521aa624e250532a88b3",
                "6aebc68cb42c2ba93e428b4648654fce8be796eb69c79e42caea475fed906a30",
                "092d696d860168813f898eb008e49536c699b1940ba996868daafb4d4c32ad29",
                "cd3027f18ff6169ab04587307ab120132e32bc54462100b27dc0bdcdd936130f",
                "9df91f40aa0a62b47f966eb6354a8e4d8192fcf938039b214c7b399dc05f189f",
                "1242e450fe3c5fc08fc4cbec71cd08645a3703fa6a5c728fc67febb503320526",
                "90a75ea0f73b4d0a8ea90f9b7d80b15b4a524a7763f7681deeaed8dfd0254b79",
                "2455355c21276f269262bb0579144001b8da671fce395a26008b1ae9aa93f807",
                "cec045d45f9b7185758d27dad26fb53cc68cb6a1825ae54701a36d8fd82bcc6a",
                "9760579f0a54e94822ada4e88d641dbbfb23762c5b4f1c85203f63d5f7a65151"
            ],
            "type": "Document",
            "firstPartyCookies": {},
            "firstPartyCookiesSent": {},
            "exampleSites": [
                "en.luxuretv.com",
                "www.pornhd.com",
                "www.babesandstars.com",
                "luxuretv.com",
                "m.babesandstars.com",
                "softcoretube.org",
                "www.porntry.com",
                "es.luxuretv.com",
                "www.videojav.com",
                "www.pinflix.com",
                "www.babesandgirls.com",
                "www.gotporn.com",
                "collectionofbestporn.com",
                "www.spankingtube.com",
                "www.4tube.com",
                "www.horseporn.tv",
                "www.lesbian8.com",
                "www.pornrox.com",
                "www.xxxfiles.com",
                "www.pornhdin.com"
            ]
        }
    ],
    "categories": [],
    "performance": {},
    "cookies": 0.000263,
    "types": {
        "Document": 21
    },
    "nameservers": [
        "ns1.eurodns.com",
        "ns2.eurodns.com",
        "ns3.eurodns.com",
        "ns4.eurodns.com"
    ]
}