{
    "domain": "crjpgate.com",
    "owner": {},
    "source": [
        "DuckDuckGo-US"
    ],
    "prevalence": 0.000368,
    "sites": 27,
    "subdomains": [],
    "cnames": [],
    "fingerprinting": 0,
    "resources": [
        {
            "rule": "crjpgate\\.com\\/pu\\/",
            "cookies": 0.000354,
            "fingerprinting": 0,
            "subdomains": [],
            "apis": {},
            "sites": 26,
            "prevalence": 0.000354,
            "cnames": [],
            "responseHashes": [
                "13b21084857d93d7017d6183461399916d3cd437eee7f08247a2c6da4a135876",
                "a3ba3951e8706a71c6eb2fd9bf4b418969815bd1236caa4ac52defb4173fd278",
                "03e7022eb1555c9f025f48c535c8507a4a3bedd4d5e6c9c581f3c07103be1bd3",
                "82f9a2563e2d2355d971e5ea331c23a29cd38c911cbbf1844658650bc9c1ada3",
                "01ebf8980a308c4d7b7e5830909027458411a5b98b6b7ce38a1dc38d5e57fe57",
                "1b6916b3954cc144484780d72a4a8dfd77212f89cc0a11721cbbecc1e9093735",
                "af917fe383de55fabdf6399fda8c245eb0d0261201d0da7de0d0cfb18fe3e52f",
                "24dd0df9a7ebcfdd91d114fdc7fd5a7d201d8b7b35e6317b20e04d2c511eff5a",
                "352a3051585da255c385955058f1a135f9b90d9770966fe7f2abf4823e51d23c",
                "73d31669f96ca45e91bf46527f85783cd07d22f941ae6b3eda9b88e18fee99f5",
                "4339dc933a2715d1e8e7af5689dfea83095a10b4dd9b52274e6c50ceb4d00ea3",
                "0de1f2687723248a840b840ac1e82b4bfb32bd7f5b35dd51235adf12e19ffcc1",
                "9b95bc7b3bd8aa711ba74dc0718f3f905597fde17d010c315a53149151983297",
                "a8a06c7c3b645350ae005f8e6ecf816106ea5eebb6578339fd24a26ed307552a",
                "3df8ccf86308f990c2866798db3bd1bfc2e2ff11d6320b5799106fdb8a493595",
                "1af008454f45480f48f84445060d0929928d9d98f7c798ef9248404461c1f849",
                "e73b6bab97b5af455b30646b527026bbf245e822854d245d876a12d61156116e",
                "a1e330297017cf6426105932743c49c59d59641f6c769011809973b762901153",
                "8efc7a1e8ab478446a9c5caad01f07b6733f0222c13b20e0369e6d96e7938cd1",
                "98919f2b8a1d2cb5d09e8a982217da7650353406f5a5bc757d5e1f21933906de",
                "2757c15ac76cddd31887bbebeb70c5381bd4d9a7068c87925cacde57e369548f",
                "d351208b695b5d28c2f2b9491852a06586b9b1a3475e7905f4b5f7ab663ddb2c",
                "b63615f367fa254ccbe9dcc316b279823b58b4c8567659b1c8087697ffff2fc1",
                "303faf6b6b592b40159e298c7099fdcaef9353dd75da394f75eb6632dadb3f94",
                "0feed619f6717699d71a9948b64c2dfcd357afb629e125888301f01beeaf9772"
            ],
            "type": "Document",
            "firstPartyCookies": {},
            "firstPartyCookiesSent": {},
            "exampleSites": [
                "m.tnaflix.com",
                "fr.hdsex.org",
                "hdsex.org",
                "www.tnaflix.com",
                "max.porn",
                "www.tranny.one",
                "www.porngo.com",
                "www.porntry.com",
                "www.4tube.com",
                "www.spankingtube.com",
                "pornstars.tube",
                "www.pornhat.one",
                "in.hdsex.org",
                "la.spankbang.com",
                "www.freeporn8.com",
                "www.porntube.com",
                "www.amateur8.com",
                "ok.xxx",
                "pl.spankbang.com",
                "www.ebony8.com"
            ]
        }
    ],
    "categories": [],
    "performance": {},
    "cookies": 0.000368,
    "topInitiators": [
        {
            "domain": "twinrdsrv.com",
            "prevalence": 0.4827586206896552
        },
        {
            "domain": "twinrdack.com",
            "prevalence": 0.2413793103448276
        },
        {
            "domain": "impactserving.com",
            "prevalence": 0.20689655172413793
        },
        {
            "domain": "doublepimp.com",
            "prevalence": 0.06896551724137931
        }
    ],
    "types": {
        "Document": 26
    },
    "nameservers": [
        "ns1.eurodns.com",
        "ns2.eurodns.com",
        "ns3.eurodns.com",
        "ns4.eurodns.com"
    ]
}