{
    "domain": "cux.io",
    "owner": {},
    "source": [
        "DuckDuckGo-US"
    ],
    "prevalence": 0.00015,
    "sites": 11,
    "subdomains": [
        "dc",
        "n-1081574019-0-64313700-1580827768-5e3984789d048.track",
        "n-1040501092-0-37678200-1612345122-601a6f225bfd7.track",
        "n-122962279-0-17692000-1651059743-62692c1f2b31f.track",
        "n-1217109443-0-74023900-1599117470-5f50989eb4b96.track",
        "n-772162517-0-93453700-1660901842-62ff59d2e4290.track",
        "n-2005189507-0-66222100-1653025509-62872ae5a1ad4.track",
        "n-253093467-0-89805700-1554294866-5ca4a852db449.track",
        "n-345493803-0-39217200-1608639941-5fe1e5c55fbf3.track",
        "n-1480877958-0-26250500-1573132049-5dc4171140172.track",
        "n-1383637822-0-05979000-1653388528-628cb4f00e996.track",
        "n-1837575845-0-85850900-1669294102-637f6816d1995.track"
    ],
    "cnames": [],
    "fingerprinting": 1,
    "resources": [
        {
            "rule": "cux\\.io\\/analyzer\\.js",
            "cookies": 0,
            "fingerprinting": 1,
            "subdomains": [
                "dc"
            ],
            "apis": {
                "Date.prototype.getTime": 11,
                "window.localStorage": 11,
                "window.sessionStorage": 11,
                "Document.cookie getter": 1,
                "window.innerWidth": 1,
                "window.innerHeight": 1
            },
            "sites": 11,
            "prevalence": 0.00015,
            "cnames": [],
            "responseHashes": [
                "c26de9a385aa9c97a31c23277a6a3fc1f75226952f3177b692f25d4bba39795d"
            ],
            "type": "Script",
            "firstPartyCookies": {},
            "firstPartyCookiesSent": {},
            "exampleSites": [
                "4f.com.pl",
                "aniakruk.pl",
                "kazar.com",
                "military.pl",
                "mi-home.pl",
                "puzzlefactory.pl",
                "www.archon.pl",
                "www.escarpe.it",
                "www.militaria.pl",
                "www.tophifi.pl",
                "www.wroclaw.pl"
            ]
        },
        {
            "rule": "cux\\.io\\/",
            "cookies": 0,
            "fingerprinting": 0,
            "subdomains": [
                "n-1081574019-0-64313700-1580827768-5e3984789d048.track",
                "n-1040501092-0-37678200-1612345122-601a6f225bfd7.track",
                "n-122962279-0-17692000-1651059743-62692c1f2b31f.track",
                "n-1217109443-0-74023900-1599117470-5f50989eb4b96.track",
                "n-772162517-0-93453700-1660901842-62ff59d2e4290.track",
                "n-2005189507-0-66222100-1653025509-62872ae5a1ad4.track",
                "n-253093467-0-89805700-1554294866-5ca4a852db449.track",
                "n-345493803-0-39217200-1608639941-5fe1e5c55fbf3.track",
                "n-1480877958-0-26250500-1573132049-5dc4171140172.track",
                "n-1383637822-0-05979000-1653388528-628cb4f00e996.track",
                "n-1837575845-0-85850900-1669294102-637f6816d1995.track"
            ],
            "apis": {},
            "sites": 11,
            "prevalence": 0.00015,
            "cnames": [],
            "responseHashes": [],
            "type": "WebSocket",
            "firstPartyCookies": {},
            "firstPartyCookiesSent": {
                "_hjTLDTest": 0.000013612109332462159
            },
            "exampleSites": [
                "4f.com.pl",
                "aniakruk.pl",
                "kazar.com",
                "military.pl",
                "mi-home.pl",
                "puzzlefactory.pl",
                "www.archon.pl",
                "www.escarpe.it",
                "www.militaria.pl",
                "www.tophifi.pl",
                "www.wroclaw.pl"
            ]
        }
    ],
    "categories": [],
    "performance": {},
    "cookies": 0,
    "topInitiators": [
        {
            "domain": "googletagmanager.com",
            "prevalence": 0.8181818181818182
        },
        {
            "domain": "first party",
            "prevalence": 0.18181818181818182
        }
    ],
    "types": {
        "Script": 11,
        "WebSocket": 11
    },
    "nameservers": [
        "ns.kimsufi.com",
        "callisto.cdev.pl"
    ]
}