{
    "domain": "cylex-international.com",
    "owner": {},
    "source": [
        "DuckDuckGo-US"
    ],
    "prevalence": 0.000143,
    "sites": 20,
    "subdomains": [
        "osm"
    ],
    "cnames": [],
    "fingerprinting": 0,
    "resources": [
        {
            "rule": "cylex-international\\.com\\/osm\\/staticmaplite\\/staticmap\\.php",
            "cookies": 0,
            "fingerprinting": 0,
            "subdomains": [
                "osm"
            ],
            "apis": {},
            "sites": 19,
            "prevalence": 0.000136,
            "cnames": [],
            "responseHashes": [
                "b763ddb72e136b7465d542f4620fc0a75b621a2278ed498a7e62f3986902954f",
                "7a29c5b377317150d44a31ed572c5e0f28ea5b97b63712a8b0d97b5364633eec",
                "f05440f8368120ff1cd7d2b68121b56361361a6ebbd8b26c8ac70fcfa8e3ade7",
                "7d9b78f7b8243f788104f78076733e53ca7e1c3e50dda4fe7cac767101a214c7",
                "06cc2f0280f8ee2a3b560878b4e7a5cadd246a157a61832a77c3423849d69a8e",
                "4e6fcb4badf53b58199094557cba0409e3d2cd0551c1eb3883d418cbc17ada6d",
                "1db76cd6a7724ad760d53e6498b4a2170c3dfa2193627d6af3e5a6501e071f84",
                "f07bc2868f633430610364cf69f058cc19cd06d0eb67b12cce0c285322a6e39f",
                "1dc7cfefc22912f86cd4d18d407adf065e31750f693855aa49b30270144c948c",
                "b8b1484410342ca7712552b1ecdcb387be77b122db0da7d66cd63ad697addc46",
                "ce9b96a4904a58d1ae852ddfc11b06ac3ca79be353686c3cf81b7c3e0914484b",
                "da3acc63d83e90779c709862d201c7728837745fff1f36cee0be38d3f7b5b02d",
                "79ade0a2709e7b6397167baf8546b226944436e6674bf0ec37f846cc8cdf7274",
                "edfa9fed330e4f210556edee1e9d4fe1576c7e069ccb21857f2d814b4e0717f3",
                "2d387e43d713930093c6101737c73f2d2942b99bad906dcd04e58717fcdd354d",
                "301886a01618b16cc12a35dd3bf29c314fefe2935787156127a6f88b25462674",
                "7568342b4a682f2e9212582be28b393d6f38e947e1eed514213addb9f8d14e83",
                "5e24a9a6e049accffda4d6837515df75c8c2b3378655dbe23db67cfb9e888acc"
            ],
            "type": "Image",
            "firstPartyCookies": {},
            "firstPartyCookiesSent": {},
            "exampleSites": [
                "aussie-hours.com",
                "birmingham.cylex-uk.co.uk",
                "find-open.co.uk",
                "firmania.be",
                "firmania.nl",
                "glasgow.cylex-uk.co.uk",
                "london.cylex-uk.co.uk",
                "web2.cylex.de",
                "www.cylex-australia.com",
                "www.cylex-belgie.be",
                "www.cylex-italia.it",
                "www.cylex-locale.fr",
                "www.cylex-uk.co.uk",
                "www.cylex.co.nz",
                "www.cylex.es",
                "www.cylex.nl",
                "www.cylex.fi",
                "www.cylex.ie",
                "www.cylex.no"
            ]
        }
    ],
    "categories": [],
    "performance": {},
    "cookies": 0,
    "types": {
        "Image": 19
    },
    "nameservers": [
        "merlin.ns.cloudflare.com",
        "serena.ns.cloudflare.com"
    ]
}