{
    "domain": "dashboard.co.uk",
    "owner": {},
    "source": [
        "DuckDuckGo-US"
    ],
    "prevalence": 0.000123,
    "sites": 18,
    "subdomains": [
        "lp-01.asynchronousmessaging",
        "lpcdn.asynchronousmessaging",
        "lp-07.asynchronousmessaging"
    ],
    "cnames": [],
    "fingerprinting": 1,
    "resources": [
        {
            "rule": "dashboard\\.co\\.uk\\/api\\/account\\/49955747\\/configuration\\/setting\\/accountproperties\\/",
            "cookies": 0,
            "fingerprinting": 0,
            "subdomains": [
                "lp-01.asynchronousmessaging"
            ],
            "apis": {},
            "sites": 10,
            "prevalence": 0.0000681,
            "cnames": [],
            "responseHashes": [
                "9153d7bb93785f9aa43f118209e1b1675ccdaf73acc18830658c750fed8955c1",
                "78b4a4412c8b4774bde2cc8f9bdc26b266787149a19257402b3c7992275dffd1",
                "39d79d380918a322d0d030893ca588b84092b4c4e0ad24b4d54ce7d846840f02",
                "adb8f4748934c4a05673e0800740f6c480d98e9a7cdcfd9d9e3341c7d6b9632c",
                "53a4089598064a5646280add240ebd44d0b546f293a77f3fe94e779993e7cb0e",
                "4a7aad7b6b2b4fc6e5e38839cf3c250be9400753d352b575d69cc38697b7d898",
                "39683ed51c4a36fd34f01bd01b30b6a7e4cc43059ab37d875c6c61a0a62c2c83",
                "4e41ca343a5756c66c0e014623be4e0952980d347800ec3dfa51be9d0916bb08",
                "7860526f0c825b94e04efbb3a071460bc8d1b0288fd1e1af8c11c6a88cf307ed"
            ],
            "type": "Script",
            "firstPartyCookies": {},
            "firstPartyCookiesSent": {},
            "exampleSites": [
                "bankofscotland.co.uk",
                "branches.bankofscotland.co.uk",
                "branches.halifax.co.uk",
                "branches.lloydsbank.com",
                "business.bankofscotland.co.uk",
                "www.bankofscotland.co.uk",
                "www.halifax.co.uk",
                "www.halifaxsharedealing-online.co.uk",
                "www.lloydsbank.com",
                "www.mbna.co.uk"
            ]
        },
        {
            "rule": "dashboard\\.co\\.uk\\/api\\/account\\/49955747\\/configuration\\/le-campaigns\\/zones",
            "cookies": 0,
            "fingerprinting": 0,
            "subdomains": [
                "lp-01.asynchronousmessaging"
            ],
            "apis": {},
            "sites": 10,
            "prevalence": 0.0000681,
            "cnames": [],
            "responseHashes": [
                "5635906e5fa750a2f12700c60b9d9503d2fe5e08150604688173768bb37074a5",
                "7cdd4ac14a293078e353a120dc2a6345afc48d93424c53e282f81e16811fc75d",
                "4012c315cd48c0370c3b5143179fe88c639c08da52cce8fef7a339f9f2009b48",
                "16798ab3f989fcd148e49aa7482e837ba149d46fcbd1b5011f866d8a47a89035",
                "a2caf8ae81641dc30b4d4e78af5389aeeaba25a2f84e0eaa993f952b69f50aac"
            ],
            "type": "Script",
            "firstPartyCookies": {},
            "firstPartyCookiesSent": {},
            "exampleSites": [
                "bankofscotland.co.uk",
                "branches.bankofscotland.co.uk",
                "branches.halifax.co.uk",
                "branches.lloydsbank.com",
                "business.bankofscotland.co.uk",
                "www.bankofscotland.co.uk",
                "www.halifax.co.uk",
                "www.halifaxsharedealing-online.co.uk",
                "www.lloydsbank.com",
                "www.mbna.co.uk"
            ]
        },
        {
            "rule": "dashboard\\.co\\.uk\\/le_secure_storage\\/3\\.15\\.0\\.0-release_5063\\/storage\\.secure\\.min\\.html",
            "cookies": 0,
            "fingerprinting": 1,
            "subdomains": [
                "lpcdn.asynchronousmessaging"
            ],
            "apis": {
                "Date.prototype.getTime": 10,
                "window.localStorage": 10,
                "Document.cookie getter": 10,
                "window.sessionStorage": 10
            },
            "sites": 10,
            "prevalence": 0.0000681,
            "cnames": [],
            "responseHashes": [
                "59f4843277d9aca1200c779c52318aadb380021a0051a6644b75274acb7fe158"
            ],
            "type": "Document",
            "firstPartyCookies": {},
            "firstPartyCookiesSent": {},
            "exampleSites": [
                "bankofscotland.co.uk",
                "branches.bankofscotland.co.uk",
                "branches.halifax.co.uk",
                "branches.lloydsbank.com",
                "business.bankofscotland.co.uk",
                "www.bankofscotland.co.uk",
                "www.halifax.co.uk",
                "www.halifaxsharedealing-online.co.uk",
                "www.lloydsbank.com",
                "www.mbna.co.uk"
            ]
        },
        {
            "rule": "dashboard\\.co\\.uk\\/api\\/js\\/49955747",
            "cookies": 0.0000613,
            "fingerprinting": 0,
            "subdomains": [
                "lp-07.asynchronousmessaging"
            ],
            "apis": {},
            "sites": 10,
            "prevalence": 0.0000681,
            "cnames": [],
            "responseHashes": [
                "0102232874340e3bacd1da92149d3045a67fe6eba6340d567dcf22079aaa5f73",
                "7735625f201af43c0f8875615f4403e0e02f45b5ed98ba9df98f7f9f814d7395",
                "081f286fc993b6f8d26b978d6da503bbf2b41cf83cd547f074a3eaef4ace9f46",
                "e7646dfda22b26b9f8bac3e556b2c70fd5fa852542a1876b88fd63936fe374e9",
                "6b54f0e854dfe2df5f9d74ae4e9941450d22154e51088ea44369d8ffae5421e9",
                "eb1c396467a14e200ee9cc57d23739f28c73f03695c6b2e81ab98928baa83ba7",
                "556fcaa38a4445f42b3da16e6ec86433d6e2b2319d1ce365c514c6e08c8a35f3",
                "399c6cd006957ea34e48cf41060ffd576f2ab6b0fd1fa16dc350bb64fd15139e",
                "3473947a003f63d2f95836dc7ab18c518db2a070cc739d40409eee67a0fbed50"
            ],
            "type": "Script",
            "firstPartyCookies": {},
            "firstPartyCookiesSent": {
                "LPVID": 0.000006806378938341013,
                "LPSID-49955747": 0.000006806378938341013
            },
            "exampleSites": [
                "bankofscotland.co.uk",
                "branches.bankofscotland.co.uk",
                "branches.halifax.co.uk",
                "branches.lloydsbank.com",
                "business.bankofscotland.co.uk",
                "www.bankofscotland.co.uk",
                "www.halifax.co.uk",
                "www.halifaxsharedealing-online.co.uk",
                "www.lloydsbank.com",
                "www.mbna.co.uk"
            ]
        }
    ],
    "categories": [],
    "performance": {},
    "cookies": 0.000123,
    "types": {
        "Script": 30,
        "Document": 10
    },
    "nameservers": [
        "ns2.lloydstsb.co.uk",
        "ns4.lloydstsb.com",
        "ns5.lloydstsb.net"
    ]
}