{
    "domain": "dashboard.co.uk",
    "owner": {},
    "source": [
        "DuckDuckGo-US"
    ],
    "prevalence": 0.000129,
    "sites": 18,
    "subdomains": [
        "lp-01.asynchronousmessaging",
        "lpcdn.asynchronousmessaging",
        "lp-07.asynchronousmessaging"
    ],
    "cnames": [],
    "fingerprinting": 1,
    "resources": [
        {
            "rule": "dashboard\\.co\\.uk\\/api\\/account\\/49955747\\/configuration\\/setting\\/accountproperties\\/",
            "cookies": 0,
            "fingerprinting": 0,
            "subdomains": [
                "lp-01.asynchronousmessaging"
            ],
            "apis": {},
            "sites": 10,
            "prevalence": 0.0000715,
            "cnames": [],
            "responseHashes": [
                "5c38f6ae0135f8e6f98865fdd35f35c44b4abb49d84d1eaa451bc8c51f419622",
                "8d06004f377804725973bcdeb535c29a3c604fc5c8197db6ffc3cb258dc0ed59",
                "421674c5e68be5128bb36805e1fe679aa31beefcd450077f64fe398c82b6bac0",
                "8430fbe6a94d60e61ba4fbc09ec50b617d2b987f1992fe66651081b54086506b",
                "13b42e086166ef2781726d84129199160a752327898aa36d1f913e959db7664f",
                "59422a63c2127d3b591c3ed6be50f49ce2f14db9d652a88417611c9c4dcf0dee",
                "b1b1cb2f71313f8453d01e74ed0b75ec749b5e5d6f7b0001f99fa950f82a6c83",
                "51ca129a1d4c6fec66a0d8b458e38ac34386e318f3e49cb20f2e3e75f5cfdda1",
                "0250a796beb7a37959ea5452cd5b7f35dc021cd1a014b7a11935fd72a8b81d16"
            ],
            "type": "Script",
            "firstPartyCookies": {},
            "firstPartyCookiesSent": {},
            "exampleSites": [
                "halifax.co.uk",
                "branches.lloydsbank.com",
                "branches.halifax.co.uk",
                "business.bankofscotland.co.uk",
                "www.bankofscotland.co.uk",
                "www.halifax-intermediaries.co.uk",
                "www.halifax.co.uk",
                "www.halifaxsharedealing-online.co.uk",
                "www.lloydsbank.com",
                "www.mbna.co.uk"
            ]
        },
        {
            "rule": "dashboard\\.co\\.uk\\/api\\/account\\/49955747\\/configuration\\/le-campaigns\\/zones",
            "cookies": 0,
            "fingerprinting": 0,
            "subdomains": [
                "lp-01.asynchronousmessaging"
            ],
            "apis": {},
            "sites": 10,
            "prevalence": 0.0000715,
            "cnames": [],
            "responseHashes": [
                "48bce97e85614b4083bffa20c656e657cf72e2ae245d345b28a3b527d8b08eb6",
                "50326f4b08345db14f999059ad036014e79543a4f7bd7c146c0e3a71002b9b6c",
                "81a9cd5131f3b0f741830ef4919a8b6d2b96ccd7dbd7a94645da86f49cc34e16",
                "b22ac38d6b021984116a81806a00299817ce94622c8d95122ab5e880f4b0048f",
                "0315a554c6ee983ae2e4331ed885eb1d5075ef1c3614adb1a2a473a05596d2ff",
                "fae1ef6d8b7b8c4ef962a2ad4bd190d7326b347a18142d2b5fd448f16b91fd8a"
            ],
            "type": "Script",
            "firstPartyCookies": {},
            "firstPartyCookiesSent": {},
            "exampleSites": [
                "halifax.co.uk",
                "branches.lloydsbank.com",
                "branches.halifax.co.uk",
                "business.bankofscotland.co.uk",
                "www.bankofscotland.co.uk",
                "www.halifax-intermediaries.co.uk",
                "www.halifax.co.uk",
                "www.halifaxsharedealing-online.co.uk",
                "www.lloydsbank.com",
                "www.mbna.co.uk"
            ]
        },
        {
            "rule": "dashboard\\.co\\.uk\\/le_secure_storage\\/3\\.15\\.0\\.0-release_5063\\/storage\\.secure\\.min\\.html",
            "cookies": 0,
            "fingerprinting": 1,
            "subdomains": [
                "lpcdn.asynchronousmessaging"
            ],
            "apis": {
                "Date.prototype.getTime": 10,
                "window.localStorage": 3,
                "Document.cookie getter": 3,
                "window.sessionStorage": 3
            },
            "sites": 10,
            "prevalence": 0.0000715,
            "cnames": [],
            "responseHashes": [
                "59f4843277d9aca1200c779c52318aadb380021a0051a6644b75274acb7fe158"
            ],
            "type": "Document",
            "firstPartyCookies": {},
            "firstPartyCookiesSent": {},
            "exampleSites": [
                "halifax.co.uk",
                "branches.lloydsbank.com",
                "branches.halifax.co.uk",
                "business.bankofscotland.co.uk",
                "www.bankofscotland.co.uk",
                "www.halifax-intermediaries.co.uk",
                "www.halifax.co.uk",
                "www.halifaxsharedealing-online.co.uk",
                "www.lloydsbank.com",
                "www.mbna.co.uk"
            ]
        },
        {
            "rule": "dashboard\\.co\\.uk\\/api\\/js\\/49955747",
            "cookies": 0.0000643,
            "fingerprinting": 0,
            "subdomains": [
                "lp-07.asynchronousmessaging"
            ],
            "apis": {},
            "sites": 10,
            "prevalence": 0.0000715,
            "cnames": [],
            "responseHashes": [
                "a7eeb83c1a319bac488877c9d7a880abb6e44c38631bca7e4f58ede1646531eb",
                "f4b963103bf508980f9d75751475111c79a4651eabb7533a9e07eb1eed01f956",
                "7caf1d414942876c06ac0251662d65690d8efa76ed12f34c64663bb2c43a77b4",
                "7f7154fc2720ac176ac61e2a2cede1cb3f2a0ae1e2ccfb0209d3e5c9a4074828",
                "bade7f4c1c88332e863c6af389ed8dcd65eb5d25fc213c62e18c7c2dc836d94f",
                "06b2cf349eac64d09bb03f536f9240a2524d531373a847208ee3c9c84f641f73",
                "3945d218884419eb5de4ea6078976fdeec8c1d44a034b9cd1ab759fd5073dc47",
                "318b372d03b6d8520ee0dc999b33b71a24689690f31593aa5769a55b9f0a0f13",
                "b17c423eaaa6ffff52e63d876a14aef0b18054eee7f65e8944f6bc44b593d357"
            ],
            "type": "Script",
            "firstPartyCookies": {},
            "firstPartyCookiesSent": {
                "LPVID": 0.000007149904906264747,
                "LPSID-49955747": 0.000007149904906264747
            },
            "exampleSites": [
                "halifax.co.uk",
                "branches.halifax.co.uk",
                "branches.lloydsbank.com",
                "business.bankofscotland.co.uk",
                "www.bankofscotland.co.uk",
                "www.halifax-intermediaries.co.uk",
                "www.halifax.co.uk",
                "www.halifaxsharedealing-online.co.uk",
                "www.lloydsbank.com",
                "www.mbna.co.uk"
            ]
        }
    ],
    "categories": [],
    "performance": {},
    "cookies": 0.000129,
    "types": {
        "Script": 30,
        "Document": 10
    },
    "nameservers": [
        "ns2.lloydstsb.co.uk",
        "ns4.lloydstsb.com",
        "ns5.lloydstsb.net"
    ]
}