{
    "domain": "datadrivenpromotion.com",
    "owner": {},
    "source": [
        "DuckDuckGo-US"
    ],
    "prevalence": 0.0000817,
    "sites": 6,
    "subdomains": [
        "sys"
    ],
    "cnames": [],
    "fingerprinting": 1,
    "resources": [
        {
            "rule": "datadrivenpromotion\\.com\\/ra\\.js",
            "cookies": 0.0000817,
            "fingerprinting": 1,
            "subdomains": [
                "sys"
            ],
            "apis": {
                "Screen.prototype.width": 6,
                "Screen.prototype.height": 6,
                "window.localStorage": 6
            },
            "sites": 6,
            "prevalence": 0.0000817,
            "cnames": [],
            "responseHashes": [
                "d33e32807a0645e454e0047f5eec2cf5f644728ef60418b5e36c1e5697445159",
                "7135de383f8232a3476bae0d25c4072a88cd8f0ebcf2c183d67d9e9d58ad1ba5",
                "684ea50027f32c6fbbf0ed674d8457c00f2ba6c86fca5bc14a5e09ee4946264d",
                "a6751b1e223a41359f8265ce9cd6115b259215a44f7fe9b5c6de75b88c4bf841",
                "80b0ae7cde35350ea8d2b3d852957a0f43194b0caf0f8b206b46214649b8aec9"
            ],
            "type": "Script",
            "firstPartyCookies": {},
            "firstPartyCookiesSent": {},
            "exampleSites": [
                "aptechestvo.ru",
                "rutube.ru",
                "www.askona.ru",
                "www.gloria-jeans.ru",
                "www.moedelo.org",
                "zdesapteka.ru"
            ]
        },
        {
            "rule": "datadrivenpromotion\\.com\\/t=1415253616\\/request",
            "cookies": 0,
            "fingerprinting": 0,
            "subdomains": [
                "sys"
            ],
            "apis": {},
            "sites": 6,
            "prevalence": 0.0000817,
            "cnames": [],
            "responseHashes": [
                "70b0de5d981017a2f3fb1a824afcf7741e6b99a08cddda0571e339af4a8fb1ae",
                "f3450e466f710e2d5e9e8a21b221d8f0f51a57efe57349c4b82446a94dab4456",
                "e55633488652e4f11cd542771718370bea10cf5410cfad1b19eac2fd7e38c0f7",
                "e84beca167d0b5294741f6886d36eb731f036acc026f7a9d8dade0e25acc2d6e",
                "e000bd48339ccb6b9fdc6cbe61cec294b37420dff339d171c491fa75f5ef0358"
            ],
            "type": "XHR",
            "firstPartyCookies": {},
            "firstPartyCookiesSent": {},
            "exampleSites": [
                "aptechestvo.ru",
                "rutube.ru",
                "www.askona.ru",
                "www.gloria-jeans.ru",
                "www.moedelo.org",
                "zdesapteka.ru"
            ]
        },
        {
            "rule": "datadrivenpromotion\\.com\\/t1475387388",
            "cookies": 0.0000817,
            "fingerprinting": 0,
            "subdomains": [
                "sys"
            ],
            "apis": {},
            "sites": 6,
            "prevalence": 0.0000817,
            "cnames": [],
            "responseHashes": [
                "22ab154b585303961a9055ec0ed7014af2ae16cd07a3ee507b2931a71f0c5452",
                "d0d5b148b1a298c4e257434042d0d2499d0f8a41a59032acc93b4abfc09ab7e0",
                "effd2fdb94a0bcb01f751db361f82793b6c3a3c3f91bcede6a015187a08e75cc",
                "2518f51427449d520deecda9d918a0b750ab164564bc394c27c3d972b486b76a",
                "e788af7a3c7f87192ad82a3aba02659e5ae95a85d328117b3e8b30bc5ae7da3e"
            ],
            "type": "Script",
            "firstPartyCookies": {},
            "firstPartyCookiesSent": {},
            "exampleSites": [
                "aptechestvo.ru",
                "rutube.ru",
                "www.askona.ru",
                "www.gloria-jeans.ru",
                "www.moedelo.org",
                "zdesapteka.ru"
            ]
        },
        {
            "rule": "datadrivenpromotion\\.com\\/t=1415253616",
            "cookies": 0.0000817,
            "fingerprinting": 0,
            "subdomains": [
                "sys"
            ],
            "apis": {},
            "sites": 6,
            "prevalence": 0.0000817,
            "cnames": [],
            "responseHashes": [
                "8c78bf6afc4be9c64739bc50cf9d07e9064e14c8b4db150cf5d34b9316095e9d"
            ],
            "type": "XHR",
            "firstPartyCookies": {},
            "firstPartyCookiesSent": {},
            "exampleSites": [
                "aptechestvo.ru",
                "rutube.ru",
                "www.askona.ru",
                "www.gloria-jeans.ru",
                "www.moedelo.org",
                "zdesapteka.ru"
            ]
        }
    ],
    "categories": [],
    "performance": {},
    "cookies": 0.0000817,
    "topInitiators": [
        {
            "domain": "googletagmanager.com",
            "prevalence": 0.7777777777777778
        },
        {
            "domain": "first party",
            "prevalence": 0.2222222222222222
        }
    ],
    "types": {
        "Script": 12,
        "XHR": 12
    },
    "nameservers": [
        "ns8-l2.nic.ru",
        "ns4-l2.nic.ru",
        "ns3-l2.nic.ru",
        "ns8-cloud.nic.ru",
        "ns4-cloud.nic.ru"
    ]
}