{
    "domain": "dataroyal.com.br",
    "owner": {},
    "source": [
        "DuckDuckGo-US"
    ],
    "prevalence": 0.000114,
    "sites": 16,
    "subdomains": [
        "advcake",
        "analytics"
    ],
    "cnames": [],
    "fingerprinting": 1,
    "resources": [
        {
            "rule": "dataroyal\\.com\\.br\\/scripts\\/dataroyal_tag\\.js",
            "cookies": 0.0000572,
            "fingerprinting": 1,
            "subdomains": [
                "advcake"
            ],
            "apis": {
                "Document.cookie getter": 8,
                "Date.prototype.getTime": 8,
                "Document.cookie setter": 8,
                "Screen.prototype.width": 8,
                "Screen.prototype.height": 8
            },
            "sites": 9,
            "prevalence": 0.0000643,
            "cnames": [],
            "responseHashes": [
                "75f7e174c8e41b947954320245f91b11c75607d7f69b1698a1021751af5a41ea",
                "d503d5b7412e28d93a2b31d1263549530b07f5eacbadc34f9a543ce4f22d7e73",
                "aa46a4531231d313d24e36037be5ac048420f8d5a6921c74d1bc213a0c05f784",
                "4c6cd7628155f5639ab6bac519d2392f564a11b6131991a831540b488db39031",
                "4d7b57e90af6f6fefc3cb6af80655dc7358603300b4f9db23f79318304bf3192",
                "c127629d38227d7e73d5b53ae3f8fc30961661747616de6d2df853a9df5fcf85",
                "214a3859a2b7714f56dcf9c47385df5a3306556d54e72943397b44046457065e",
                "f3cf63610751e6f2bf2bdc1a93a31188340220857773bfda86defc79520eee6d"
            ],
            "type": "Script",
            "firstPartyCookies": {
                "user_unic_ac_id": {
                    "ttl": 2678404,
                    "length": 36,
                    "prevalence": 0.00005719923925011797,
                    "uniqueness": 1
                },
                "advcake_trackid": {
                    "ttl": 2678404,
                    "length": 36,
                    "prevalence": 0.00005719923925011797,
                    "uniqueness": 1
                }
            },
            "firstPartyCookiesSent": {},
            "exampleSites": [
                "descomplica.com.br",
                "www.anhanguera.com",
                "www.drogaraia.com.br",
                "www.drogasil.com.br",
                "www.nike.com.br",
                "www.rentcars.com",
                "www.santander.com.br",
                "www.sephora.com.br",
                "www.wine.com.br"
            ]
        },
        {
            "rule": "dataroyal\\.com\\.br\\/resources\\/scripts\\/src\\/nike\\.js",
            "cookies": 0,
            "fingerprinting": 0,
            "subdomains": [
                "analytics"
            ],
            "apis": {},
            "sites": 2,
            "prevalence": 0.0000143,
            "cnames": [],
            "responseHashes": [
                "bf1c2a049846ca4827740146da9bbe6205865f60c6650486010aa75c95f29e16"
            ],
            "type": "Script",
            "firstPartyCookies": {},
            "firstPartyCookiesSent": {},
            "exampleSites": [
                "nike.com.br",
                "www.nike.com.br"
            ]
        }
    ],
    "categories": [],
    "performance": {},
    "cookies": 0.0000929,
    "types": {
        "Script": 11
    },
    "nameservers": [
        "a.sec.dns.br",
        "c.sec.dns.br"
    ]
}