{
    "domain": "data-dynamic.net",
    "owner": {},
    "source": [
        "DuckDuckGo-US"
    ],
    "prevalence": 0.0002,
    "sites": 28,
    "subdomains": [
        "lb"
    ],
    "cnames": [],
    "fingerprinting": 1,
    "resources": [
        {
            "rule": "data-dynamic\\.net\\/data\\.js\\.php",
            "cookies": 0.000107,
            "fingerprinting": 1,
            "subdomains": [
                "lb"
            ],
            "apis": {
                "window.localStorage": 1
            },
            "sites": 15,
            "prevalence": 0.000107,
            "cnames": [],
            "responseHashes": [
                "3ea85b8f9f5a4e9652b8f142deb543dfdc45c2fe97156177e67716b06c23fc45",
                "59f4129a4ee4c8fe3a034e6a36d82251eccb9fc78822ff773447ae9001eabe73",
                "a3833edb18dc2cbeaba9c0aba551ccf9b3cb26f55366c186b1320d6a03df83f6",
                "a027f2dc53cd07915777f8b02b61d429df5a7427c5e4cebaca9b1952996f722e",
                "28e878f79e0e61711a2bfecb66c8b90e6eec1e1bb65dd55ed0457b28f7fd46e2",
                "7f5192a60345bb393a5b44ddc71c916cbb9be3ca8652703785a3f050b1a82ea0",
                "21c26e2f57e52914e628970d01669ff6996b7ebcd33dbb7ae6bb55a2681c4793",
                "59e9aaa43d11bd3e88b48c9cbfa91778c3f76eaa627fb253f39f67500440fa93",
                "a9fba56cade0b33ab2b1033b506292992ef4c01cee5704c11d35e5af91d9846d",
                "642a5bc9835286e49b763d353e808c77abc460ad0d9ae7722a918f805c614f99",
                "8bfa4e0d380ab646568326dac808574c1fc975be1edec655ec7ca28b663ccd52",
                "dc4189a70ad2015a156cba23562649427776e4f67502d165eeb80001d992231a",
                "9f7f461e43d8674271d80c31fd1d9e1bbce72bdb90c3c6a1d99cab537904c709",
                "8c98bb5f622ffd8c4b3020c21e362e3891f833386c1f5f806cb3bf2803e04683"
            ],
            "type": "Script",
            "firstPartyCookies": {},
            "firstPartyCookiesSent": {
                "cbar_uid": 0.000014299809812529493,
                "cbar_lvt": 0.000014299809812529493,
                "ins-c": 0.00002144971471879424
            },
            "exampleSites": [
                "adrenaline.com.au",
                "www.adrenaline.com.au",
                "www.allekabels.nl",
                "www.billabong.com",
                "www.camerahouse.com.au",
                "www.freedom.com.au",
                "www.house.com.au",
                "www.klika.com.au",
                "www.kookai.com.au",
                "www.mobilefun.co.nz",
                "www.mobilefun.com",
                "www.mobilefun.co.uk",
                "www.mobilezap.com.au",
                "www.prontowonen.nl",
                "www.robinskitchen.com.au"
            ]
        },
        {
            "rule": "data-dynamic\\.net\\/logger\\.js\\.php",
            "cookies": 0.0000286,
            "fingerprinting": 0,
            "subdomains": [
                "lb"
            ],
            "apis": {},
            "sites": 4,
            "prevalence": 0.0000286,
            "cnames": [],
            "responseHashes": [
                "572e3f0c49b8e71d7ccdd8279fde022b3ef829b18056878c351e560ddcea1ab7",
                "ee143a587924f3bd9afba4505e8ef04b1333705a86e28ae24a9f731485743017"
            ],
            "type": "Script",
            "firstPartyCookies": {},
            "firstPartyCookiesSent": {
                "cbar_uid": 0.000007149904906264747
            },
            "exampleSites": [
                "camerahouse.com.au",
                "www.camerahouse.com.au",
                "www.kookai.com.au",
                "www.robinskitchen.com.au"
            ]
        },
        {
            "rule": "data-dynamic\\.net\\/emc_popupV2\\.php",
            "cookies": 0.00000715,
            "fingerprinting": 0,
            "subdomains": [
                "lb"
            ],
            "apis": {},
            "sites": 2,
            "prevalence": 0.0000143,
            "cnames": [],
            "responseHashes": [
                "da121b03872a15ebb6a1c4e1baa10699dd5f9335825fdef5c56065e49c1edbb3"
            ],
            "type": "Document",
            "firstPartyCookies": {},
            "firstPartyCookiesSent": {},
            "exampleSites": [
                "klika.com.au",
                "www.klika.com.au"
            ]
        }
    ],
    "categories": [],
    "performance": {},
    "cookies": 0.0002,
    "types": {
        "Script": 19,
        "Document": 2
    },
    "nameservers": [
        "ns-604.awsdns-11.net",
        "ns-464.awsdns-58.com",
        "ns-1646.awsdns-13.co.uk",
        "ns-1133.awsdns-13.org"
    ]
}