{
    "domain": "dekopay.com",
    "owner": {},
    "source": [
        "DuckDuckGo-US"
    ],
    "prevalence": 0.0000786,
    "sites": 11,
    "subdomains": [
        "test",
        "secure"
    ],
    "cnames": [],
    "fingerprinting": 0,
    "resources": [
        {
            "rule": "dekopay\\.com\\/js_api\\/FinanceDetails\\.js\\.php",
            "cookies": 0.0000357,
            "fingerprinting": 0,
            "subdomains": [
                "test",
                "secure"
            ],
            "apis": {},
            "sites": 7,
            "prevalence": 0.00005,
            "cnames": [],
            "responseHashes": [
                "61a53e874e4e4fb702b69dc5f24e915291230148a6e7c1786e421cbad2869828",
                "ebfc409d986adac1a2ee0c9a1028ff27cd10cbaaeef3851796a2f88fdcce0a7f",
                "54464d69ed8660d5cd744b91cab3ac918c8884726dd3bdb4b6d7054f72c28a94",
                "f79b15e78682c80b84a89dc72df7360c267f2968171a6a73e66b8c226612de6c",
                "1215bce068c8d06dbb416f376a2c4484555b2c3c41adc312214c822ef7ac8807",
                "002fa157b32536b7b88030f5a3b91357bfbad1220090417fe179f3c6744906b2"
            ],
            "type": "Script",
            "firstPartyCookies": {},
            "firstPartyCookiesSent": {},
            "exampleSites": [
                "flooringmegastore.co.uk",
                "www.completeaquatics.co.uk",
                "www.furniturechoice.co.uk",
                "www.rtecshop.co.uk",
                "www.thewatchhut.co.uk",
                "www.watchshop.com",
                "www.whybuynew.co.uk"
            ]
        }
    ],
    "categories": [],
    "performance": {},
    "cookies": 0.0000572,
    "types": {
        "Script": 7
    },
    "nameservers": [
        "ns-74.awsdns-09.com",
        "ns-517.awsdns-00.net",
        "ns-2022.awsdns-60.co.uk",
        "ns-1508.awsdns-60.org"
    ]
}