{
    "domain": "deltraff.com",
    "owner": {},
    "source": [
        "DuckDuckGo-US"
    ],
    "prevalence": 0.000107,
    "sites": 15,
    "subdomains": [
        "s",
        "banners"
    ],
    "cnames": [],
    "fingerprinting": 0,
    "resources": [
        {
            "rule": "deltraff\\.com\\/b\\/",
            "cookies": 0.00000715,
            "fingerprinting": 0,
            "subdomains": [
                "s"
            ],
            "apis": {},
            "sites": 5,
            "prevalence": 0.0000357,
            "cnames": [],
            "responseHashes": [
                "85a8f910092a6956fd15f367fa9bc97b8c91ed6c47dde7b4badd240a87895263",
                "ca6b58c70e62297ce68efa59d5f64ae714dc8633e0e94db354f0387518a4a8f2",
                "ac644f7ba22f876e6735652fafc54387bd8058df7b6a168770a885302854ef2e",
                "e84eb27d1c3e402bf4381f99d3f367b8571dc5abdcf0bda8615bd6edd16e92d7"
            ],
            "type": "Script",
            "firstPartyCookies": {},
            "firstPartyCookiesSent": {},
            "exampleSites": [
                "bestporn2022.com",
                "filmexxx.live",
                "indianporn2.xxx",
                "xxnxxhindi.com",
                "xxnxxindian.com"
            ]
        },
        {
            "rule": "deltraff\\.com\\/ln\\/",
            "cookies": 0,
            "fingerprinting": 0,
            "subdomains": [
                "s"
            ],
            "apis": {},
            "sites": 2,
            "prevalence": 0.0000143,
            "cnames": [],
            "responseHashes": [
                "e3b0c44298fc1c149afbf4c8996fb92427ae41e4649b934ca495991b7852b855"
            ],
            "type": "Script",
            "firstPartyCookies": {},
            "firstPartyCookiesSent": {},
            "exampleSites": [
                "indianporn2.xxx",
                "xxnxxhindi.com"
            ]
        },
        {
            "rule": "deltraff\\.com\\/ipp\\/",
            "cookies": 0,
            "fingerprinting": 0,
            "subdomains": [
                "s"
            ],
            "apis": {},
            "sites": 4,
            "prevalence": 0.0000286,
            "cnames": [],
            "responseHashes": [
                "34226afa5548d74876576e86b35fad8ce4a8c0959876ef1973e4abf11c941875",
                "e5e3be1f01c78b392d6f4cbdfbaab5d77382a00ffe218d356ef5673870c70e02",
                "5a11e27b410bf252515d652aec508b821f151cb9fcf2b7aee2e7bd8c3354eb5f"
            ],
            "type": "Script",
            "firstPartyCookies": {},
            "firstPartyCookiesSent": {},
            "exampleSites": [
                "indianporn2.xxx",
                "indiansexvideosdesi.com",
                "xxnxxhindi.com",
                "xxnxxindian.com"
            ]
        },
        {
            "rule": "deltraff\\.com\\/5efdbc277a2f7\\.jpg",
            "cookies": 0,
            "fingerprinting": 0,
            "subdomains": [
                "banners"
            ],
            "apis": {},
            "sites": 2,
            "prevalence": 0.0000143,
            "cnames": [],
            "responseHashes": [
                "48630b964818fea54f2efebbeab3298c879a86ff39171da6fc2937bcffab3de1"
            ],
            "type": "Image",
            "firstPartyCookies": {},
            "firstPartyCookiesSent": {},
            "exampleSites": [
                "indianporn2.xxx",
                "xxnxxhindi.com"
            ]
        },
        {
            "rule": "deltraff\\.com\\/5efdbc26a6381\\.jpg",
            "cookies": 0,
            "fingerprinting": 0,
            "subdomains": [
                "banners"
            ],
            "apis": {},
            "sites": 2,
            "prevalence": 0.0000143,
            "cnames": [],
            "responseHashes": [
                "933a0f01269187defd8367c3784d8c152001b566a1e3aab8e4eaf865905e0dea"
            ],
            "type": "Image",
            "firstPartyCookies": {},
            "firstPartyCookiesSent": {},
            "exampleSites": [
                "indianporn2.xxx",
                "xxnxxindian.com"
            ]
        },
        {
            "rule": "deltraff\\.com\\/l\\/",
            "cookies": 0,
            "fingerprinting": 0,
            "subdomains": [
                "s"
            ],
            "apis": {},
            "sites": 2,
            "prevalence": 0.0000143,
            "cnames": [],
            "responseHashes": [
                "e3b0c44298fc1c149afbf4c8996fb92427ae41e4649b934ca495991b7852b855"
            ],
            "type": "Script",
            "firstPartyCookies": {},
            "firstPartyCookiesSent": {},
            "exampleSites": [
                "indiansexvideosdesi.com",
                "xxnxxindian.com"
            ]
        },
        {
            "rule": "deltraff\\.com\\/n\\/",
            "cookies": 0,
            "fingerprinting": 0,
            "subdomains": [
                "s"
            ],
            "apis": {},
            "sites": 2,
            "prevalence": 0.0000143,
            "cnames": [],
            "responseHashes": [
                "d884dfc4a8f039bed387db2e68d80d6d7fc075600d20e4c19615d82727c466fb"
            ],
            "type": "Script",
            "firstPartyCookies": {},
            "firstPartyCookiesSent": {},
            "exampleSites": [
                "porn-girlz.com",
                "www.porn-girlz.com"
            ]
        }
    ],
    "categories": [],
    "performance": {},
    "cookies": 0.0000786,
    "types": {
        "Script": 15,
        "Image": 4
    },
    "nameservers": [
        "ian.ns.cloudflare.com",
        "lana.ns.cloudflare.com"
    ]
}