{
    "domain": "dialogtech.com",
    "owner": {
        "name": "DialogTech, Inc.",
        "displayName": "DialogTech"
    },
    "source": [
        "DuckDuckGo-US"
    ],
    "prevalence": 0.0000817,
    "sites": 6,
    "subdomains": [
        "st1",
        "st2"
    ],
    "cnames": [],
    "fingerprinting": 0,
    "resources": [
        {
            "rule": "dialogtech\\.com\\/st\\/",
            "cookies": 0.0000817,
            "fingerprinting": 0,
            "subdomains": [
                "st1"
            ],
            "apis": {},
            "sites": 6,
            "prevalence": 0.0000817,
            "cnames": [],
            "responseHashes": [
                "c773d38dde3ba575ecc5f79e6a7e35cd046504c89bae1a99b4462cdc5f97111a",
                "5e2a716ff5e836e7b48a47a4e3ba35bb1019233539cc52f79bda81278f77b361",
                "639f105a89ab869e481ba431d197ffe41cc4ac50e3ddf16ebd6adb293a586df8",
                "c334c36bfbd402b71f799fcc3ce42078ea3c1b3b8ec4cb9257b935b2b27c0a8b",
                "8554bb22064a10703bad3d239fbb8b2ea93a42377d9ccd0746cc5bec862f6e5f"
            ],
            "type": "Script",
            "firstPartyCookies": {},
            "firstPartyCookiesSent": {
                "_ga": 0.00010889687465969727,
                "tbw_bw_sd": 0.000013612109332462159,
                "IR_gbd": 0.000013612109332462159
            },
            "exampleSites": [
                "icims.com",
                "www.breezeline.com",
                "www.dnb.com",
                "www.reliant.com",
                "www.travelers.com",
                "www.yourmechanic.com"
            ]
        },
        {
            "rule": "dialogtech\\.com\\/st\\/locations",
            "cookies": 0,
            "fingerprinting": 0,
            "subdomains": [
                "st1"
            ],
            "apis": {},
            "sites": 5,
            "prevalence": 0.0000681,
            "cnames": [],
            "responseHashes": [
                "b41704676f3efacb496277fe543163ff87a4461dc8950df5e32994408e812caf",
                "ee078bf7a3ec3d994c013e620d5afa215efa2d62f3a8d3ff1a0791c9ddb706c0",
                "bd976c4c868a4bc53142229237788d4c56c53a137685ae8121d637fe98a9db89",
                "99c227608bb0ea0e825eb4fc11a486d31a9189ac00fab92c12478eb315c75032"
            ],
            "type": "Script",
            "firstPartyCookies": {},
            "firstPartyCookiesSent": {
                "_st_bid": 0.00006806054666231079
            },
            "exampleSites": [
                "icims.com",
                "www.dnb.com",
                "www.reliant.com",
                "www.travelers.com",
                "www.yourmechanic.com"
            ]
        },
        {
            "rule": "dialogtech\\.com\\/st\\/log",
            "cookies": 0.0000544,
            "fingerprinting": 0,
            "subdomains": [
                "st2"
            ],
            "apis": {},
            "sites": 4,
            "prevalence": 0.0000544,
            "cnames": [],
            "responseHashes": [
                "d346801abbf9bb4e9e9a055239053d4ab5596514304f601a6c70604187acb744"
            ],
            "type": "Image",
            "firstPartyCookies": {},
            "firstPartyCookiesSent": {
                "_st_bid": 0.000054448437329848636,
                "_ga": 0.000054448437329848636
            },
            "exampleSites": [
                "breezeline.com",
                "www.dnb.com",
                "www.reliant.com",
                "www.travelers.com"
            ]
        }
    ],
    "categories": [],
    "performance": {},
    "cookies": 0.0000817,
    "topInitiators": [
        {
            "domain": "d31y97ze264gaa.cloudfront.net",
            "prevalence": 0.7333333333333333
        },
        {
            "domain": "first party",
            "prevalence": 0.13333333333333333
        },
        {
            "domain": "newrelic.com",
            "prevalence": 0.13333333333333333
        }
    ],
    "types": {
        "Script": 11,
        "Image": 4
    },
    "nameservers": [
        "ns-1201.awsdns-22.org",
        "ns-1821.awsdns-35.co.uk",
        "ns-73.awsdns-09.com",
        "ns-901.awsdns-48.net"
    ]
}