{
    "domain": "doublepimp.com",
    "owner": {},
    "source": [
        "DuckDuckGo-US"
    ],
    "prevalence": 0.000429,
    "sites": 62,
    "subdomains": [
        "cdn.engine.phn",
        "engine.phn"
    ],
    "cnames": [],
    "fingerprinting": 2,
    "resources": [
        {
            "rule": "doublepimp\\.com\\/Scripts\\/infinity\\.js\\.aspx",
            "cookies": 0.0000553,
            "fingerprinting": 2,
            "subdomains": [
                "cdn.engine.phn"
            ],
            "apis": {
                "Navigator.prototype.userAgent": 28,
                "Navigator.prototype.platform": 28,
                "window.sessionStorage": 28,
                "window.localStorage": 28,
                "Date.prototype.getTimezoneOffset": 28,
                "Navigator.prototype.mimeTypes": 28,
                "Screen.prototype.width": 28,
                "Screen.prototype.height": 28,
                "Document.cookie getter": 10,
                "Document.cookie setter": 8
            },
            "sites": 29,
            "prevalence": 0.000201,
            "cnames": [],
            "responseHashes": [
                "16a2308935632d016035a57de62b183a8fa2676d74873f31cdd838c57e4a2b44",
                "1b313b44ca4f595417948c345d6f67330854287cc46a59d9663e20e8f4a5a90b",
                "71036f7ae1a0c65d6831506c324b9e5465a46977fa57aee8ac34e366c6f27c0e",
                "edf4f99899b703bd849eeacba6071c28b68b6720f4235474cb6c27c8b13d32fc",
                "ed7cc0f95893cde6d3ea045c45a972a1a394053a007bef34f0d78e995f6ba7d7",
                "c51a7325afd150545c3679029f2e89fa4ec97bb136e4bc4e3737d03bcdb7a90d",
                "2d474cca70421cd16530c9cd9f1134fcb9b97403dbdf3e021f7920f76e509a10",
                "388adb5001c20ba487c551ebf50cc1d50d67b1f296cb355fe671b8459d64201d",
                "a594118c2ffcf54a1f9a15cf79d14e8892725272266148458f3c9e3b00137faa",
                "d6d65eefe8da8a68acdfe37e25f45febd6efa427362e1675d97429fd862692f0",
                "6afbab8a139db30f6415a289524db8fa2aed324d987187aed129db263df1c81b",
                "37de0c572f35e91d0496e6e3e33f4f9ec8dfb9b34914f28d62901f94f56c1105",
                "cb171f1118fbf3aada8d8fdcd46fcb69eafc5ff7ea92f63bcd9ccf2c366ecaac",
                "14f44d4dde7cffbe03b76b257dcf02c3bcaa93adc5a06d8968e56db29fef62a8",
                "82864f96fe51a77f61b619bea667f74910111380ae509cf1e456cf21bbd3be5d",
                "dcd9afa508247fadb0fd8e98602f5205719dc2fdf43d51003283d23025708190",
                "a4ae6914e112864c19f2ff5d1bfe544fb22f5b5fb46e9f4b42c44a37efd05602",
                "2a708621e0f286eea4024f70b1a7786ca3ac65fa7314e5b9e8cba455d24a141b",
                "9e975e8d5a67578cd616a921d57e766a1532b11f5271b9b5badd4b7d7d949bb6",
                "59dc601c2d3eb3c26d34a50c21d77ccf2082ad6a4a987b54d72d60feec590fac",
                "17043e1fbcb197bc3e5d55e2a8af6089277bce0b4e695ecd073577e94af511c3",
                "13f830c24b54cb83462523d2aec214ad468aadeb42b18a54088abdce7bcb5325",
                "bcbe92b687cc722bc45697cb547bdffc68e683e0e459e3a651cd90e64d031e1a",
                "84856c297929627c2b5c33030fb631348a90d8b341adcd7d2380e2b820278aba",
                "d353337baecb9dac4ee7e7db8ce301e0c71036d6f1b4754243100f87b35d2168",
                "60a9c2e4b05865d1bc8b293d4f950552422e9fd7f16847842e87ebfdd26d6a94"
            ],
            "type": "Script",
            "firstPartyCookies": {
                "g36FastPopSessionRequestNumber": {
                    "ttl": null,
                    "length": 1,
                    "prevalence": 0.00005534340583319497,
                    "uniqueness": 0.125
                }
            },
            "firstPartyCookiesSent": {},
            "exampleSites": [
                "www.nudevista.com",
                "www.pornhd.com",
                "monstercockland.com",
                "www.totallynsfw.com",
                "cumfacegenerator.com",
                "www.pornhdin.com",
                "www.gotporn.com",
                "www.pinflix.com",
                "www.hurtsex.com",
                "javenglish.cc",
                "www.babesandgirls.com",
                "www.thenipslip.com",
                "www.fuckedhomemade.com",
                "m.babesandstars.com",
                "www.pornerbros.com",
                "www.dump.xxx",
                "www.porntube.com",
                "www.japanesepornovideos.com",
                "www.spankingtube.com",
                "www.planetsuzy.org"
            ]
        },
        {
            "rule": "doublepimp\\.com\\/Tag\\.engine",
            "cookies": 0.00018,
            "fingerprinting": 0,
            "subdomains": [
                "engine.phn"
            ],
            "apis": {},
            "sites": 28,
            "prevalence": 0.000194,
            "cnames": [],
            "responseHashes": [
                "86729a57b8ed0d8d41975d07a3dcb7c6349c7813eafb3e1b126c4f9000f733d0",
                "9e45c95a3b5167b4798cd1750e72c35bb4addd47f3c0bb7f3115e390fea43f3a",
                "135be0014ef5a3f6353f7a521937fe4ce651fba889148e3abbd3e2142c6eba67",
                "11e8be1a450518ddca40addd48039f42bb5b24c2a8a18924e4b716b3203e5086",
                "ba8b39626591f6eec94664ba5e7740b948a7d87ba30b664aedbf9a49a747f664",
                "bb9828aedd85e9dcc6f1a0a48c23cacd68ee1578bf3ca27f7461872da2bf327f",
                "5e0f9b9363f0f3c2f4c15548bc88de19a5a27aa23e997f38a1c6bc60fec6b30d",
                "6dc49595265a179819243ffddf4e0c1cf097ae70cf6e7ba4f253c8239b825daa",
                "542302b531f6907dee6bd31781169324c15bed748b9b5432b16b8714c520cdb0",
                "730a3e336a7aa5a615e0b215b20fffb9a55e64962af52db95eda61720d8c3c63",
                "05263b5b0ce486ceb6352efe01007431cc9c908ab502d061a67463a1653ddb9e",
                "d71bf63d2914e9818f61c73e6e6034edec6cd9ea430a9c38ca5590eb9fb3a925",
                "de2d465ad53404cd6a74a6153cd06a67d90f727a880f0aa12deb9162c9b7ed06",
                "6691bf0caf9d94cc1e0f981895878f9f010af30e79c219a9cb7af91458df1c97",
                "677ef9dcf08143ac4ed2b81d1c4f42c842dd9b6bf617eb03268b9d9c694a2fc5",
                "9ad90c921b99d813cc1a00d3b8b73b671f68ad1d6bfd605cb56349ee63b37beb",
                "e1eff1248a9375a36db582fb8fb0f53bf04ba8f3f6f3bcc89628db9800e77d28",
                "ec4f13c6cabe72479dd1465be39fd7e40acbde8652523ecf786c790ed09c28b0",
                "711b3232b229f05a5607e88d3b9d6df682b5bf4c57af11058a89e51911114ad8",
                "f41ebf4d51646f35048ec547455e568299426aadff8c22f50c59248861de5d06",
                "22e9be4ff902b69785b8b4745248189841afc2567e1c3b8f84afd1f8619ba477",
                "b8f112bcb33f00f55f8f44088fd2067274325f6c8d0f2e21a53a2b67b5c84bb5",
                "41f2ac6e20a1bc251be7c1f88b6d27b09211fcf6b16c66848c7cc23059822dd1",
                "649463ab5f65d47eff7b8a3fe84939576b57357f6864cf85426fc8e134be4b1f",
                "fab2346e078ac77f7d972c38bbf2ea388abfc0186d27fce625e819955cdd6a6b",
                "227f4db0167c5eb2c4fafc242382160b49ec1d723216e18c18f991e4e0217132"
            ],
            "type": "Script",
            "firstPartyCookies": {},
            "firstPartyCookiesSent": {
                "lotame_domain_check": 0.000006917925729149372
            },