{
    "domain": "dreamdata.cloud",
    "owner": {},
    "source": [
        "DuckDuckGo-US"
    ],
    "prevalence": 0.0000817,
    "sites": 6,
    "subdomains": [
        "cdn"
    ],
    "cnames": [],
    "fingerprinting": 1,
    "resources": [
        {
            "rule": "dreamdata\\.cloud\\/scripts\\/analytics\\/v1\\/dreamdata\\.min\\.js",
            "cookies": 0.0000817,
            "fingerprinting": 1,
            "subdomains": [
                "cdn"
            ],
            "apis": {
                "window.localStorage": 6,
                "Document.cookie setter": 6,
                "Document.cookie getter": 6,
                "Navigator.prototype.userAgent": 6,
                "Date.prototype.getTime": 6
            },
            "sites": 6,
            "prevalence": 0.0000817,
            "cnames": [],
            "responseHashes": [
                "8e78bcb85c5e969c9fbd74ade48ae59d1e8c94bc928b61947bab57c5f8576a54"
            ],
            "type": "Script",
            "firstPartyCookies": {
                "__tld__": {
                    "ttl": 15,
                    "length": 4,
                    "prevalence": 0.00008167265599477295,
                    "uniqueness": 0.16666666666666666
                },
                "ajs%3Atest": {
                    "ttl": 15,
                    "length": 4,
                    "prevalence": 0.00008167265599477295,
                    "uniqueness": 0.16666666666666666
                },
                "ajs%3Acookies": {
                    "ttl": 15,
                    "length": 4,
                    "prevalence": 0.00008167265599477295,
                    "uniqueness": 0.16666666666666666
                },
                "ajs_user_id": {
                    "ttl": 31536002,
                    "length": 4,
                    "prevalence": 0.00008167265599477295,
                    "uniqueness": 0.16666666666666666
                },
                "ajs_group_id": {
                    "ttl": 31536002,
                    "length": 4,
                    "prevalence": 0.00008167265599477295,
                    "uniqueness": 0.16666666666666666
                },
                "ajs_anonymous_id": {
                    "ttl": 31536002,
                    "length": 42,
                    "prevalence": 0.00008167265599477295,
                    "uniqueness": 1
                }
            },
            "firstPartyCookiesSent": {},
            "exampleSites": [
                "7shifts.com",
                "go.cin7.com",
                "goteamup.com",
                "m.netdania.com",
                "writer.com",
                "www.powtoon.com"
            ]
        },
        {
            "rule": "dreamdata\\.cloud\\/scripts\\/identify-form\\/v1\\/identify-form\\.min\\.js",
            "cookies": 0,
            "fingerprinting": 1,
            "subdomains": [
                "cdn"
            ],
            "apis": {
                "window.localStorage": 2
            },
            "sites": 2,
            "prevalence": 0.0000272,
            "cnames": [],
            "responseHashes": [
                "d79b1c0a73735544c27d7ba1efd8bc1ca67f30902e3b37c2100ffe9dddc3be5b"
            ],
            "type": "Script",
            "firstPartyCookies": {},
            "firstPartyCookiesSent": {},
            "exampleSites": [
                "7shifts.com",
                "goteamup.com"
            ]
        },
        {
            "rule": "dreamdata\\.cloud\\/api\\/v1\\/p",
            "cookies": 0,
            "fingerprinting": 0,
            "subdomains": [
                "cdn"
            ],
            "apis": {},
            "sites": 6,
            "prevalence": 0.0000817,
            "cnames": [],
            "responseHashes": [
                "c955e57777ec0d73639dca6748560d00aa5eb8e12f13ebb2ed9656add3908f97"
            ],
            "type": "XHR",
            "firstPartyCookies": {},
            "firstPartyCookiesSent": {},
            "exampleSites": [
                "7shifts.com",
                "go.cin7.com",
                "goteamup.com",
                "m.netdania.com",
                "writer.com",
                "www.powtoon.com"
            ]
        }
    ],
    "categories": [],
    "performance": {},
    "cookies": 0.0000817,
    "topInitiators": [
        {
            "domain": "googletagmanager.com",
            "prevalence": 1
        }
    ],
    "types": {
        "Script": 8,
        "XHR": 6
    },
    "nameservers": [
        "ns-cloud-b4.googledomains.com",
        "ns-cloud-b3.googledomains.com",
        "ns-cloud-b2.googledomains.com",
        "ns-cloud-b1.googledomains.com"
    ]
}