{
    "domain": "dsspn.com",
    "owner": {},
    "source": [
        "DuckDuckGo-US"
    ],
    "prevalence": 0.000272,
    "sites": 40,
    "subdomains": [
        "cdn"
    ],
    "cnames": [],
    "fingerprinting": 1,
    "resources": [
        {
            "rule": "dsspn\\.com\\/trk\\/v1\\.1\\/pixel\\.min\\.js",
            "cookies": 0.000123,
            "fingerprinting": 1,
            "subdomains": [
                "cdn"
            ],
            "apis": {
                "window.innerWidth": 14,
                "window.innerHeight": 14
            },
            "sites": 23,
            "prevalence": 0.000157,
            "cnames": [],
            "responseHashes": [
                "f55cf90ed6f26a5cfc2beb169539d36b7734b88c817520c91b844f251bf8be11",
                "e3b0c44298fc1c149afbf4c8996fb92427ae41e4649b934ca495991b7852b855",
                "c0b49b20f30d1116f4f41ea4ae15e13041d1cf86b773747eaf7046516a612def",
                "5b6dc87457e6e86eb1a436c3774239120802b3e004034bc4c6f291d6b4aa0c0e",
                "370b422c2089709d603132ce23642c960bd1fdff0fb40f73406e94c7a1764c26",
                "a37f3afb7f5727b6cb5655ab10f09f033cdddb973796f4cfaf6fe453f4149d7b",
                "8e0a3ac497878f44def89c107b1944caa9f399ce662f7266c1dcda578e946ffa",
                "f044e183c57a507f88f6106feedd7d4d8c49dac337a4b949110a997ea9b732ee",
                "f4eef8263281c0b26486637831251059757bc3fdc4c3a48045a8ef8646b36e8f",
                "f1e2a96eeeb51ee1fe83adb997a8a2d6259b8ce65122c575ae695500bbc4d249",
                "8463ab82e5bc9174bf25881e58fca80b0ece35350211986972ccead88c77647d",
                "68729d407f2fb4d9c4279ef8f9b76d29b3cb6a14f3ccfe781aeaacd520928d92",
                "170539beacb6326670320c537611ef9096fd9afc0ce54ca781147dd144b77d37",
                "4cba746878d95c013b318bd5c9e7db0de376d560571ba579eba4ca11da3fcc4a",
                "6195c94d823137bd3c487d967922c300da1370d5ba30462c1bdd356cd349b8d4",
                "d873dd7599280bbad23d4d4896172e710a54f2008b1c5ce7b2d8d95bad531879",
                "4251a2b8ca3a77698c00e87bade43ed458336bc0e362b99b47eceb84d1b3656a",
                "1566a3ed63fa8a4de5665d04fcbead48b3fcb4867410cc9baa2d8538c9ff0202"
            ],
            "type": "Script",
            "firstPartyCookies": {},
            "firstPartyCookiesSent": {},
            "exampleSites": [
                "uk.banggood.com",
                "www.puravida.com.br",
                "uk.anker.com",
                "banggood.com",
                "www.movavi.com",
                "www.anker.com",
                "www.screencapture.com",
                "bxblue.com.br",
                "br.banggood.com",
                "www.sinful.co.uk",
                "usa.banggood.com",
                "www.qconcursos.com",
                "nl.banggood.com",
                "www.nike.com",
                "www.u-buy.co.uk",
                "au.banggood.com",
                "us.anker.com",
                "www.banggood.com",
                "www.movavi.io",
                "www.u-buy.com.au"
            ]
        },
        {
            "rule": "dsspn\\.com\\/trk\\/img\\.gif",
            "cookies": 0.0000136,
            "fingerprinting": 0,
            "subdomains": [
                "cdn"
            ],
            "apis": {},
            "sites": 15,
            "prevalence": 0.000102,
            "cnames": [],
            "responseHashes": [
                "311531734a617089da26f33a00b04c59f7f43ec730022c19fb7dbb1c0c86e551",
                "e3b0c44298fc1c149afbf4c8996fb92427ae41e4649b934ca495991b7852b855",
                "f4eef8263281c0b26486637831251059757bc3fdc4c3a48045a8ef8646b36e8f",
                "013d6bb198a9ecd19e2b74f7b8994fe802cb49de27b46f731d827b344d4b9db9"
            ],
            "type": "Document",
            "firstPartyCookies": {},
            "firstPartyCookiesSent": {
                "lastUrl": 0.000006806378938341013
            },
            "exampleSites": [
                "banggood.com",
                "au.banggood.com",
                "bxblue.com.br",
                "uk.anker.com",
                "uk.banggood.com",
                "usa.banggood.com",
                "www.anker.com",
                "www.banggood.com",
                "www.puravida.com.br",
                "www.qconcursos.com",
                "www.u-buy.co.nz",
                "www.u-buy.co.uk",
                "www.u-buy.com.au",
                "www.ubuy.co.in",
                "www.ubuy.co.nl"
            ]
        },
        {
            "rule": "dsspn\\.com\\/trk\\/ord",
            "cookies": 0,
            "fingerprinting": 0,
            "subdomains": [
                "cdn"
            ],
            "apis": {},
            "sites": 2,
            "prevalence": 0.0000136,
            "cnames": [],
            "responseHashes": [
                "db9b905dac248c8cef2c0aff26ce6aea48f173335d1883507e5fa5bdb596629d"
            ],
            "type": "Document",
            "firstPartyCookies": {},
            "firstPartyCookiesSent": {},
            "exampleSites": [
                "banggood.com",
                "uk.banggood.com"
            ]
        },
        {
            "rule": "dsspn\\.com\\/trk\\/pix\\.js",
            "cookies": 0,
            "fingerprinting": 0,
            "subdomains": [
                "cdn"
            ],
            "apis": {},
            "sites": 5,
            "prevalence": 0.000034,
            "cnames": [],
            "responseHashes": [
                "08bd107ee2c513ac68544942deaa1038c8a21fb4e79df902c7442d25b5153419"
            ],
            "type": "Script",
            "firstPartyCookies": {},
            "firstPartyCookiesSent": {},
            "exampleSites": [
                "movavi.io",
                "www.movavi.io",
                "www.movavi.com",
                "www.screencapture.com",
                "www.sinful.co.uk"
            ]
        }
    ],
    "categories": [],
    "performance": {},
    "cookies": 0.000211,
    "types": {
        "Script": 28,
        "Document": 17
    },
    "nameservers": [
        "ns-539.awsdns-03.net",
        "ns-470.awsdns-58.com",
        "ns-1670.awsdns-16.co.uk",
        "ns-1248.awsdns-28.org"
    ]
}