{
    "domain": "easyads29.mobi",
    "owner": {},
    "source": [
        "DuckDuckGo-US"
    ],
    "prevalence": 0.000586,
    "sites": 82,
    "subdomains": [
        "cdn"
    ],
    "cnames": [],
    "fingerprinting": 2,
    "resources": [
        {
            "rule": "easyads29\\.mobi\\/sdk\\/push_web\\/",
            "cookies": 0.000393,
            "fingerprinting": 2,
            "subdomains": [
                "cdn"
            ],
            "apis": {
                "Navigator.prototype.userAgent": 55,
                "Intl.DateTimeFormat.prototype.resolvedOptions": 55,
                "Date.prototype.getTimezoneOffset": 55,
                "Document.cookie getter": 55,
                "Date.prototype.getTime": 55,
                "Document.cookie setter": 55,
                "window.devicePixelRatio": 48,
                "Navigator.prototype.appName": 49
            },
            "sites": 55,
            "prevalence": 0.000393,
            "cnames": [],
            "responseHashes": [
                "e77f5ccaca35e9bf9d2c2b2b9f545446bc5f08f2d90d403ef18d50b7537daccd",
                "088b1e717d457cbf175899194b51ebdab8a65a5871216dd0d43ddeed76c34e48",
                "c2e53b6ff317816eb82f8e44a42263997e58dbc3132d0aaae8fe0b61ea3c6db3",
                "5c06c3b036d9f89b9dee3341b235a476aad7599d98286620a9f786de43699d43"
            ],
            "type": "Script",
            "firstPartyCookies": {
                "rvt_inlpush_cnt_6281": {
                    "ttl": 86403,
                    "length": 1,
                    "prevalence": 0.00025739657662553087,
                    "uniqueness": 0.027777777777777776
                },
                "rvt_inlpush_max_6281": {
                    "ttl": 86402,
                    "length": 3,
                    "prevalence": 0.0002287969570004719,
                    "uniqueness": 0.03125
                },
                "rvt_inlpush_shown_6281": {
                    "ttl": 86405,
                    "length": 1,
                    "prevalence": 0.00027169638643806035,
                    "uniqueness": 0.02631578947368421
                },
                "rvt_inlpush_cnt_4156": {
                    "ttl": 86401,
                    "length": 1,
                    "prevalence": 0.00012154838340650069,
                    "uniqueness": 0.058823529411764705
                },
                "rvt_inlpush_shown_4156": {
                    "ttl": 86402,
                    "length": 1,
                    "prevalence": 0.00012154838340650069,
                    "uniqueness": 0.058823529411764705
                },
                "rvt_inlpush_max_4156": {
                    "ttl": 86401,
                    "length": 7,
                    "prevalence": 0.00011439847850023595,
                    "uniqueness": 0.0625
                }
            },
            "firstPartyCookiesSent": {},
            "exampleSites": [
                "spermanimalporn.com",
                "www.xvideosporn.top",
                "xnxx.college",
                "sexybeastialityvideos.com",
                "rapeincestpornxxxsex.com",
                "dogsexzoo.fun",
                "xnxxx.club",
                "bestialityhorsefuck.space",
                "xnxxporn.top",
                "xnnx.kim",
                "girlsexwithanimals.com",
                "xxxx.pet",
                "ponyanimalsex.com",
                "zoobestialitymovies.com",
                "incestporn.click",
                "youngincestpornsexxxx.com",
                "zoozoosexporn.com",
                "www.xnxx.pink",
                "animalporn.me",
                "maturexxxsexvideos.com"
            ]
        }
    ],
    "categories": [],
    "performance": {},
    "cookies": 0.000586,
    "types": {
        "Script": 55
    },
    "nameservers": [
        "ray.ns.cloudflare.com",
        "dell.ns.cloudflare.com"
    ]
}