{
    "domain": "ecookie.nl",
    "owner": {},
    "source": [
        "DuckDuckGo-US"
    ],
    "prevalence": 0.0000544,
    "sites": 4,
    "subdomains": [
        "www"
    ],
    "cnames": [],
    "fingerprinting": 1,
    "resources": [
        {
            "rule": "ecookie\\.nl\\/build\\/inject\\/bundle\\.42ecd298\\.js",
            "cookies": 0.0000544,
            "fingerprinting": 1,
            "subdomains": [
                "www"
            ],
            "apis": {
                "Document.cookie setter": 4,
                "Document.cookie getter": 4
            },
            "sites": 4,
            "prevalence": 0.0000544,
            "cnames": [],
            "responseHashes": [
                "2b441e12f2c6c9ca1ac10a03b4a32fd251dce2e80414a6a6c122a5f9e04a0d9f"
            ],
            "type": "Script",
            "firstPartyCookies": {
                "_ga_16K60YH1ZP": {
                    "ttl": 63072001,
                    "length": 37,
                    "prevalence": 0.000013612109332462159,
                    "uniqueness": 1
                },
                "_ga": {
                    "ttl": 63072001,
                    "length": 27,
                    "prevalence": 0.000054448437329848636,
                    "uniqueness": 1
                },
                "_tt_enable_cookie": {
                    "ttl": 33696001,
                    "length": 1,
                    "prevalence": 0.000027224218664924318,
                    "uniqueness": 0.5
                },
                "_ttp": {
                    "ttl": 33696001,
                    "length": 27,
                    "prevalence": 0.000027224218664924318,
                    "uniqueness": 1
                },
                "__storejs_ecookiebar_preferences": {
                    "ttl": 474369877,
                    "length": 53,
                    "prevalence": 0.000054448437329848636,
                    "uniqueness": 1
                },
                "_gid": {
                    "ttl": 86401,
                    "length": 27,
                    "prevalence": 0.000040836327997386474,
                    "uniqueness": 1
                },
                "_gat_UA-134932230-1": {
                    "ttl": 61,
                    "length": 1,
                    "prevalence": 0.000013612109332462159,
                    "uniqueness": 1
                },
                "_gat_UA-118560965-1": {
                    "ttl": 61,
                    "length": 1,
                    "prevalence": 0.000013612109332462159,
                    "uniqueness": 1
                },
                "_ga_K72H10FEJ4": {
                    "ttl": 63072001,
                    "length": 37,
                    "prevalence": 0.000013612109332462159,
                    "uniqueness": 1
                },
                "sqzllocal": {
                    "ttl": 946080002,
                    "length": 24,
                    "prevalence": 0.000013612109332462159,
                    "uniqueness": 1
                },
                "sqzl_session_id": {
                    "ttl": 1802,
                    "length": 35,
                    "prevalence": 0.000013612109332462159,
                    "uniqueness": 1
                },
                "sqzl_abs": {
                    "ttl": 2592002,
                    "length": 1,
                    "prevalence": 0.000013612109332462159,
                    "uniqueness": 1
                },
                "_gu": {
                    "ttl": 31536002,
                    "length": 36,
                    "prevalence": 0.000013612109332462159,
                    "uniqueness": 1
                },
                "_gw": {
                    "ttl": 31536002,
                    "length": 47,
                    "prevalence": 0.000013612109332462159,
                    "uniqueness": 1
                },
                "_gs": {
                    "ttl": null,
                    "length": 78,
                    "prevalence": 0.000013612109332462159,
                    "uniqueness": 1
                },
                "_fbp": {
                    "ttl": 7776020,
                    "length": 29,
                    "prevalence": 0.000027224218664924318,
                    "uniqueness": 1
                },
                "_gcl_au": {
                    "ttl": 7776000,
                    "length": 23,
                    "prevalence": 0.000013612109332462159,
                    "uniqueness": 1
                },
                "_dc_gtm_UA-16714293-10": {
                    "ttl": 60,
                    "length": 1,
                    "prevalence": 0.000013612109332462159,
                    "uniqueness": 1
                },
                "_ga_G9LY40N582": {
                    "ttl": 63072000,
                    "length": 37,
                    "prevalence": 0.000013612109332462159,
                    "uniqueness": 1
                },
                "mage-cache-storage": {
                    "ttl": 86401,
                    "length": 6,
                    "prevalence": 0.000013612109332462159,
                    "uniqueness": 1
                },
                "mage-cache-storage-section-invalidation": {
                    "ttl": 86401,
                    "length": 6,
                    "prevalence": 0.000013612109332462159,
                    "uniqueness": 1
                },
                "_pin_unauth": {
                    "ttl": 31536001,
                    "length": 70,
                    "prevalence": 0.000013612109332462159,
                    "uniqueness": 1
                },
                "_hjSessionUser_2265139": {
                    "ttl": 31536001,
                    "length": 115,
                    "prevalence": 0.000013612109332462159,
                    "uniqueness": 1
                },
                "_hjFirstSeen": {
                    "ttl": 1801,
                    "length": 1,
                    "prevalence": 0.000013612109332462159,
                    "uniqueness": 1
                },
                "_hjIncludedInSessionSample": {
                    "ttl": 121,
                    "length": 1,
                    "prevalence": 0.000013612109332462159,
                    "uniqueness": 1
                },
                "_hjSession_2265139": {
                    "ttl": 1801,
                    "length": 115,
                    "prevalence": 0.000013612109332462159,
                    "uniqueness": 1
                },
                "_hjIncludedInPageviewSample": {
                    "ttl": 121,
                    "length": 1,
                    "prevalence": 0.000013612109332462159,
                    "uniqueness": 1
                },
                "_hjAbsoluteSessionInProgress": {
                    "ttl": 1801,
                    "length": 1,
                    "prevalence": 0.000013612109332462159,
                    "uniqueness": 1
                },
                "sqzl_vw": {
                    "ttl": 31536001,
                    "length": 31,
                    "prevalence": 0.000013612109332462159,
                    "uniqueness": 1
                },
                "form_key": {
                    "ttl": 86401,
                    "length": 16,
                    "prevalence": 0.000013612109332462159,
                    "uniqueness": 1
                },
                "mage-cache-sessid": {
                    "ttl": 86402,
                    "length": 4,
                    "prevalence": 0.000013612109332462159,
                    "uniqueness": 1
                },
                "recently_viewed_product": {
                    "ttl": 86403,
                    "length": 6,
                    "prevalence": 0.000013612109332462159,
                    "uniqueness": 1
                },
                "recently_viewed_product_previous": {
                    "ttl": 86403,