{
    "domain": "elfsightcdn.com",
    "owner": {},
    "source": [
        "DuckDuckGo-US"
    ],
    "prevalence": 0.000353,
    "sites": 51,
    "subdomains": [
        "proxy",
        "files"
    ],
    "cnames": [],
    "fingerprinting": 0,
    "resources": [
        {
            "rule": "elfsightcdn\\.com\\/",
            "cookies": 0,
            "fingerprinting": 0,
            "subdomains": [
                "proxy"
            ],
            "apis": {},
            "sites": 35,
            "prevalence": 0.000242,
            "cnames": [],
            "responseHashes": [
                "9472de8f77c79ccbf650fdd567d7909d6bd930bf41a414bd85912f5cf82a228f",
                "ba289d08ab725ec6d008467d671011bfd389faf65c0f10d1fe6d8326ca891dfe",
                "1a65f33cf29f8322a689458f59734f720d7bb434a80bcbb5103d5accca6d37bb",
                "389ce3c9e6002dd580954700c7ce08796b0fbe0b4d20222d4a27747f38768c54",
                "4ca58116a06a5be9af45f036bede2dceb03fa57e3056e7ede5fa4ff620ef4aba",
                "6d4cfe0b08812b924f9473a21b4b87be2fe98a505413fa5deb02fbb70c35a4c2",
                "00e56d0bce3410f81d6c62cf7b40146396a0bcb8a89381187d0e646f872e1528",
                "3c13563d929cd66398ca33bb05f665fdabea59092235500d8bc66145ba0b5da0",
                "fdbc14a27fd79c5f8941c903d0cc2b2f37a4d6448e9e61464340a7dfe6244c96",
                "fc798f9047f90ee7240942337dca92fb666d48141e926f6d34f2358803beed54",
                "09d8166d507e267645a187330664ea3f4a01f0ec190d498c6f38a0ec442ef36b",
                "d2a9fb40b6209c6054b9cd0e3450802cbb57a1d46f30c0fda7f4dd66eba307ec",
                "6d0a62ced13da1390d85eb3b74c6c92bf6926b6b547f8e93d0b31c4dfdb57d43",
                "85b09bfee088dffd30b2f058f98bc9924889145491cf7369c4a272e624c137e9",
                "dd4f3cc1039b8388ea2888eccf487b07604ccc3b61576fb9a43bffc6d67b2999",
                "520ea99ac31789bd6b385e752c517f2f6761e28e18bf52539f3e943766b0247f",
                "e4443b3007509f3ad27da4a377b09198596093eec1c553e5b808239c3da21674",
                "6573a07cbb9999d1dae37871cf84b67619bbf5136da92373fd380ede9bee2560",
                "09f09f003bd1b9aac7fdbf0d76051db216c09f5ec209534c9637fa56ed7c326e",
                "a2ce7ef3ab1fdf973569df390b25eb1a72deb8c5aae9f4c2a1fcb00e15546e21",
                "8beba50bf6da5ffcfbf60a0fd31a69136259126fc92549aebe726bc09232c654",
                "d827cb5b327ec514a7227b1854c73dcac74de19b224403af4154a5149e5c510f",
                "482d6ca82e644b917d714a20b17ee8fb51052e550ead463ca5d3000183845485",
                "65abe75742fcf36a80087ff25b2c351415d1d015718053630daf913350206953",
                "2d8a73f904044aeee4e9c49721fcce9755058408b6228a9b5756c8e110b94459",
                "b7509317ba7f4de4837389122c800e450ca81193c97eed4124e0ec8e6012f991",
                "7fb9e268cd82c47fd37230963ac7e4d4eb9ba3605bbd88e9690e2451ed87ce25",
                "9159e43e890a4ef44c1936b55f781bb043d0beaac3261dc526f0fc18358cacf9",
                "faf1588f1f0b876fab3790a671a8aa776b141850e73009e245a67be5e6f479ca",
                "88fea026a74f70b9acd586ed77d96d43dc74d93cdbf24994a50d8289eaae970f",
                "9bb99bfd70d1875275a7c45eac2e368ddb6ac8e41a18ac2f719222b5db7967e4",
                "b744bdd900887fda097bf6a33601e74cf2bec32a8c54e58947eab47a3ec14c7e",
                "780117a6b5221d324d15bd5dfc9a732167710fe1bb1a7ab44ccba67f707844bd",
                "0ad0d203ccccd2f3f7053cfce9ae7820ab7a09dc183548c57cafb7f77d21f8de"
            ],
            "type": "Image",
            "firstPartyCookies": {},
            "firstPartyCookiesSent": {},
            "exampleSites": [
                "searchdispensary.com",
                "www.backcountrygear.com",
                "www.kosher.com",
                "www.blair.com",
                "www.knivesshipfree.com",
                "aimpoint.us",
                "www.forkingandcountry.com",
                "home-you.com",
                "findsmokeshop.com",
                "www.northernbeaches.nsw.gov.au",
                "www.coronacigar.com",
                "www.griffinarmament.com",
                "www.wentworthpuzzles.com",
                "health.ucsd.edu",
                "sogknives.com",
                "www.freebirdstores.com",
                "doordashstore.com",
                "www.american.edu",
                "drhyman.com",
                "sokoglam.com"
            ]
        },
        {
            "rule": "elfsightcdn\\.com\\/1d08486d-4342-427e-838b-ac4021673a69\\/c8a31ce2-2977-4f3b-96c1-4764e0a2b445\\.png",
            "cookies": 0,
            "fingerprinting": 0,
            "subdomains": [
                "files"
            ],
            "apis": {},
            "sites": 2,
            "prevalence": 0.0000138,
            "cnames": [],
            "responseHashes": [
                "97d7428277847cfc869f078fa138f22ef06309a773cc81dbed5a24a90498784b"
            ],
            "type": "Image",
            "firstPartyCookies": {},
            "firstPartyCookiesSent": {},
            "exampleSites": [
                "als.com",
                "www.als.com"
            ]
        },
        {
            "rule": "elfsightcdn\\.com\\/6e8b3dae-14e1-4f2e-98f1-f2c92bdcd780\\/502ad001-b12d-4c8b-adb1-148aae96188d\\.jpg",
            "cookies": 0,
            "fingerprinting": 0,
            "subdomains": [
                "files"
            ],
            "apis": {},
            "sites": 2,
            "prevalence": 0.0000138,
            "cnames": [],
            "responseHashes": [
                "0945d7e4f3209da1fe4a25190bad1a7cff496a3c380df5052757d39869455ac4"
            ],
            "type": "Image",
            "firstPartyCookies": {},
            "firstPartyCookiesSent": {},
            "exampleSites": [
                "brussels.be",
                "www.bruxelles.be"
            ]
        },
        {
            "rule": "elfsightcdn\\.com\\/6e8b3dae-14e1-4f2e-98f1-f2c92bdcd780\\/8a088d45-6dfc-4d94-a584-c5a6b0e823f8\\.png",
            "cookies": 0,
            "fingerprinting": 0,
            "subdomains": [
                "files"
            ],
            "apis": {},
            "sites": 2,
            "prevalence": 0.0000138,
            "cnames": [],
            "responseHashes": [
                "86369f69f0880018476e4198c3c5a9ed2c91f85487fcf036750c9d8b4099c02e"
            ],
            "type": "Image",
            "firstPartyCookies": {},
            "firstPartyCookiesSent": {},
            "exampleSites": [
                "brussels.be",
                "www.bruxelles.be"
            ]
        },
        {
            "rule": "elfsightcdn\\.com\\/6e8b3dae-14e1-4f2e-98f1-f2c92bdcd780\\/8b279c95-1245-450a-996a-63106057f4a7\\.png",
            "cookies": 0,
            "fingerprinting": 0,
            "subdomains": [
                "files"
            ],
            "apis": {},
            "sites": 2,
            "prevalence": 0.0000138,
            "cnames": [],
            "responseHashes": [
                "652a5d4df6a8b9f4653fbbade38c9f06defd19fe168ca7b2a5e9aa484dcd8552"
            ],
            "type": "Image",
            "firstPartyCookies": {},
            "firstPartyCookiesSent": {},
            "exampleSites": [
                "brussels.be",
                "www.bruxelles.be"
            ]
        },
        {
            "rule": "elfsightcdn\\.com\\/6e8b3dae-14e1-4f2e-98f1-f2c92bdcd780\\/4ef63c15-fab5-4de8-ab38-d670c4c06b2c\\.jpg",
            "cookies": 0,
            "fingerprinting": 0,
            "subdomains": [
                "files"
            ],
            "apis": {},
            "sites": 2,
            "prevalence": 0.0000138,
            "cnames": [],
            "responseHashes": [
                "53ce92ebe05e52bd5be602f4983c5ffec26f7ed65edfc4f2b526dabc6c42c8e3"
            ],
            "type": "Image",
            "firstPartyCookies": {},
            "firstPartyCookiesSent": {},