{
    "domain": "engageya.com",
    "owner": {},
    "source": [
        "DuckDuckGo-US"
    ],
    "prevalence": 0.0000953,
    "sites": 14,
    "subdomains": [
        "widget",
        "recs"
    ],
    "cnames": [],
    "fingerprinting": 1,
    "resources": [
        {
            "rule": "engageya\\.com\\/engageya_loader\\.js",
            "cookies": 0,
            "fingerprinting": 1,
            "subdomains": [
                "widget"
            ],
            "apis": {
                "Date.prototype.getTime": 12,
                "Navigator.prototype.language": 10,
                "Document.cookie getter": 9,
                "window.innerWidth": 6,
                "window.innerHeight": 6
            },
            "sites": 12,
            "prevalence": 0.0000817,
            "cnames": [],
            "responseHashes": [
                "6ac81033e3567499e9be4ed6d5a92ed56ceea423945c2e1558bfd7233ed26995"
            ],
            "type": "Script",
            "firstPartyCookies": {},
            "firstPartyCookiesSent": {},
            "exampleSites": [
                "afisha.ru",
                "t24.com.tr",
                "www.cm-tv.pt",
                "www.cmjornal.pt",
                "www.flash.pt",
                "www.haberler.com",
                "www.jornaldenegocios.pt",
                "www.makeleio.gr",
                "www.record.pt",
                "www.sofama.pt",
                "www.vanguardngr.com",
                "www.vip.pt"
            ]
        },
        {
            "rule": "engageya\\.com\\/rec-api\\/getrecs\\.json",
            "cookies": 0.0000749,
            "fingerprinting": 0,
            "subdomains": [
                "recs"
            ],
            "apis": {},
            "sites": 11,
            "prevalence": 0.0000749,
            "cnames": [],
            "responseHashes": [
                "5e8f65113e029616f3da997a9b57514c44036c2b24b87e5d3a05759e7febd649",
                "d54753b0800a907d03923133e38ff6ff40d2f2f64ff51351f1f7bd2e8b4551a1",
                "fdf512a5661ab9aaf31dd152a0e693254ab5372ab37555716bc096dd9536c675",
                "64a800841aec3407988b3f556bff65d77c00d56606dc7ac15da05e9e871e1c8e",
                "9718d9a8e89eb9f35c512387bb9c6c5b2fec55fce6a22e0974d796f684c9a18c",
                "4900df2611f03995ce56269c15916219586142929f3e3558e8f64a0e2891090f",
                "fa7b30abe2fe01fa9e1d2b8ef5b5507f0f06b364a45d0cb5f6ded5e2975bd259",
                "781a7d091660ad2e1b956cfff9c31d0d97740e47598ae163436d3c9a41f5a370",
                "909ed9ff2be9dc3a918172b05416ac62ed92aab5b220d2fc54f0de782c639c7e",
                "fd9158de93bd6ab237b803088af64713bd87e7b3ba62f6216ad032822ed6dafc"
            ],
            "type": "Script",
            "firstPartyCookies": {},
            "firstPartyCookiesSent": {},
            "exampleSites": [
                "afisha.ru",
                "t24.com.tr",
                "www.cm-tv.pt",
                "www.cmjornal.pt",
                "www.flash.pt",
                "www.haberler.com",
                "www.jornaldenegocios.pt",
                "www.makeleio.gr",
                "www.record.pt",
                "www.sofama.pt",
                "www.vanguardngr.com"
            ]
        },
        {
            "rule": "engageya\\.com\\/eng_crt_loader_new\\.js",
            "cookies": 0,
            "fingerprinting": 0,
            "subdomains": [
                "widget"
            ],
            "apis": {},
            "sites": 6,
            "prevalence": 0.0000408,
            "cnames": [],
            "responseHashes": [
                "935c2a749838dbc055525410f2ff5e91aedf1b4e959a3eeb1f5dfe262dd5c16e"
            ],
            "type": "Script",
            "firstPartyCookies": {},
            "firstPartyCookiesSent": {},
            "exampleSites": [
                "t24.com.tr",
                "www.cm-tv.pt",
                "www.flash.pt",
                "www.jornaldenegocios.pt",
                "www.makeleio.gr",
                "www.vanguardngr.com"
            ]
        },
        {
            "rule": "engageya\\.com\\/img\\/eng_logo\\.png",
            "cookies": 0,
            "fingerprinting": 0,
            "subdomains": [
                "widget"
            ],
            "apis": {},
            "sites": 3,
            "prevalence": 0.0000204,
            "cnames": [],
            "responseHashes": [
                "1502a2c3c04aa3543e57eb41535a2101b7372662ed2668a49426e41299c7dc44"
            ],
            "type": "Image",
            "firstPartyCookies": {},
            "firstPartyCookiesSent": {},
            "exampleSites": [
                "cm-tv.pt",
                "www.cmjornal.pt",
                "www.makeleio.gr"
            ]
        }
    ],
    "categories": [],
    "performance": {},
    "cookies": 0.0000817,
    "types": {
        "Script": 29,
        "Image": 3
    },
    "nameservers": [
        "pdns07.domaincontrol.com",
        "pdns08.domaincontrol.com"
    ]
}