{
    "domain": "engageya.com",
    "owner": {},
    "source": [
        "DuckDuckGo-US"
    ],
    "prevalence": 0.000107,
    "sites": 15,
    "subdomains": [
        "widget",
        "recs"
    ],
    "cnames": [],
    "fingerprinting": 1,
    "resources": [
        {
            "rule": "engageya\\.com\\/engageya_loader\\.js",
            "cookies": 0,
            "fingerprinting": 1,
            "subdomains": [
                "widget"
            ],
            "apis": {
                "Date.prototype.getTime": 11,
                "Navigator.prototype.language": 11,
                "Document.cookie getter": 11
            },
            "sites": 11,
            "prevalence": 0.0000786,
            "cnames": [],
            "responseHashes": [
                "6ac81033e3567499e9be4ed6d5a92ed56ceea423945c2e1558bfd7233ed26995"
            ],
            "type": "Script",
            "firstPartyCookies": {},
            "firstPartyCookiesSent": {},
            "exampleSites": [
                "t24.com.tr",
                "www.cm-tv.pt",
                "www.cmjornal.pt",
                "www.flash.pt",
                "www.haberler.com",
                "www.internethaber.com",
                "www.record.pt",
                "www.sondakika.com",
                "www.thenetnaija.co",
                "www.timeturk.com",
                "www.vanguardngr.com"
            ]
        },
        {
            "rule": "engageya\\.com\\/rec-api\\/getrecs\\.json",
            "cookies": 0.0000858,
            "fingerprinting": 0,
            "subdomains": [
                "recs"
            ],
            "apis": {},
            "sites": 12,
            "prevalence": 0.0000858,
            "cnames": [],
            "responseHashes": [
                "c28302f99b10cbc910027cd1532b4d37c3c0052c4b0b6c7c7e2ae01284c99b2b",
                "7d6a39d2dc9f5ec5ff4e36fd4b549b4eaff0289fc43b02a373323362095f3ccc",
                "66568c2fadb06d1b61ebe44c0ae7d41a40345fdb00564f2723dc7f11f27e0d01",
                "e3eaf9b5266f552f90d561399fc277875ffa71f552eec72a752635700c7a98e8",
                "2d5effdd9558c401aaefb91b8eab1dddd432d01ce12414a692f2cc6ba4bfd7a4",
                "b1694d49718f21a9d03e441621392253a9dc1e0a59538625c7439b85abdacbb0",
                "9717abffc7c02e6bf4584409266bd8d5a901088d2e775ab45f6779d1614c54de",
                "134ff45a4d457fcf9f50c580619554e08273c830d83a97486524d606744a3a0a",
                "5619dfb58d5d22b9ae2df84e468eb3d3676f22a2eb48b05c6e77b0e548383dc6",
                "f3d79fd57f5a96e725db425c36c3436675b3cf000a8ab16df4865b63d9e061c1",
                "b87a264aa256ae3c8023af974fe5994b7898e1d6b5df7317d05679918b389e70"
            ],
            "type": "Script",
            "firstPartyCookies": {},
            "firstPartyCookiesSent": {},
            "exampleSites": [
                "t24.com.tr",
                "www.cm-tv.pt",
                "www.cmjornal.pt",
                "www.flash.pt",
                "www.haberler.com",
                "www.haber7.com",
                "www.internethaber.com",
                "www.record.pt",
                "www.sondakika.com",
                "www.thenetnaija.co",
                "www.timeturk.com",
                "www.vanguardngr.com"
            ]
        },
        {
            "rule": "engageya\\.com\\/eng_crt_loader_new\\.js",
            "cookies": 0,
            "fingerprinting": 0,
            "subdomains": [
                "widget"
            ],
            "apis": {},
            "sites": 6,
            "prevalence": 0.0000429,
            "cnames": [],
            "responseHashes": [
                "935c2a749838dbc055525410f2ff5e91aedf1b4e959a3eeb1f5dfe262dd5c16e"
            ],
            "type": "Script",
            "firstPartyCookies": {},
            "firstPartyCookiesSent": {},
            "exampleSites": [
                "t24.com.tr",
                "www.cm-tv.pt",
                "www.flash.pt",
                "www.sondakika.com",
                "www.thenetnaija.co",
                "www.vanguardngr.com"
            ]
        },
        {
            "rule": "engageya\\.com\\/img\\/adchoice\\.svg",
            "cookies": 0,
            "fingerprinting": 0,
            "subdomains": [
                "widget"
            ],
            "apis": {},
            "sites": 4,
            "prevalence": 0.0000286,
            "cnames": [],
            "responseHashes": [
                "2c87952cc1c23627496c7874271042bdb6af21efdf7cbf36ec4d98e6cec34d04"
            ],
            "type": "Image",
            "firstPartyCookies": {},
            "firstPartyCookiesSent": {},
            "exampleSites": [
                "t24.com.tr",
                "www.cm-tv.pt",
                "www.internethaber.com",
                "www.thenetnaija.co"
            ]
        },
        {
            "rule": "engageya\\.com\\/img\\/eng_logo\\.png",
            "cookies": 0,
            "fingerprinting": 0,
            "subdomains": [
                "widget"
            ],
            "apis": {},
            "sites": 4,
            "prevalence": 0.0000286,
            "cnames": [],
            "responseHashes": [
                "1502a2c3c04aa3543e57eb41535a2101b7372662ed2668a49426e41299c7dc44"
            ],
            "type": "Image",
            "firstPartyCookies": {},
            "firstPartyCookiesSent": {},
            "exampleSites": [
                "cm-tv.pt",
                "www.cmjornal.pt",
                "www.record.pt",
                "www.thenetnaija.co"
            ]
        }
    ],
    "categories": [],
    "performance": {},
    "cookies": 0.0001,
    "types": {
        "Script": 29,
        "Image": 8
    },
    "nameservers": [
        "pdns07.domaincontrol.com",
        "pdns08.domaincontrol.com"
    ]
}