{
    "domain": "enthusiastgaming.net",
    "owner": {},
    "source": [
        "DuckDuckGo-US"
    ],
    "prevalence": 0.000934,
    "sites": 135,
    "subdomains": [
        "api",
        "adtech-cdn"
    ],
    "cnames": [],
    "fingerprinting": 1,
    "resources": [
        {
            "rule": "enthusiastgaming\\.net\\/scripts\\/cdn\\.enthusiast\\.gg\\/script\\/eg-aps\\/release\\/eg-aps-bootstrap-v2\\.0\\.0\\.bundle\\.js",
            "cookies": 0,
            "fingerprinting": 0,
            "subdomains": [
                "api"
            ],
            "apis": {},
            "sites": 68,
            "prevalence": 0.00047,
            "cnames": [],
            "responseHashes": [
                "71903528681c8d70483b9e228f0c849505f5576f2cc03c5305793be15c9aabdb",
                "ca89fd0aa2f3b11081d423521448460ca923fbde34c54736c3513a8e499acc7b",
                "4541a7656db4d2148384b4360b742b1ad972de8e00a8ff6575043052c99c41bb",
                "3e18d5b72f095e18afdca73aa13a080a232b5bb1c895e7ff19794637be3a56cc",
                "27d9b7e02af220651e7721400d162bf7a43595d28679cc98c2d9b2903b69b09b",
                "3a884010d382cd06db338588c29586e35d484204f02c9a45a57b5936acd02545",
                "85358ebf476f4e188d6ce430ef187e49b794dc784e068990f7c0bfda9b3147d9",
                "f45f5807b9ff694d2ec224eee191269021a8b2734f99999f320bed1f866bc91e",
                "85135d47670b03e2b893f027aa59be4da1fc4bed1c46e6f1ddc38e5329b3e0b4",
                "801918037f6410d20fb95af939b8d74c87b5e6b6c65e405f3dae9000ba6f38a2",
                "c0c0c241667912f6afdf41685c42961f84016d0575fc336754bfa43adf7cd7d1",
                "37abc885d4d9793b73190e96ee73d0905ca0de7f5f2a1636234a90e7452a8c5f",
                "f69dc2982899a4a6e94f653c81386f7136f5aef0a3b5c28f2fce52f89f088ac1",
                "a9d1cca8b8306286e40cec6624749b24b642283716a8104eabf6c2e946822ccc",
                "e0dce98500d31d1236972531ac3e4dca332bc7238879bb0b02e7fcdde5bc6401",
                "b85ab8d99fd0b35c936a8383609cdc6eba66c06d41600c35f7ad01c009a37e45",
                "6dc76a8b81c77637a198f5e88ef88d9a75905503fddaed4a38ea145bc6468f43",
                "2b9c8f8ce83c5db51dfb302527b2e79d8de3052c7f6d6e256ee356e03d870278",
                "a6d4135724d699ee6f1f93a27d2aa1512b27df7f9400b9b06772339c8485d0cf",
                "c156eb96ba95de5025a9957a4c37fae9fe51499b2b2b46a7ae091616ca0304c2",
                "57bf487813ebded070709be2f4ba37f5e00c3112119bd8a97a492d582400b796",
                "757bd676097c31929bf531d84393f0f0ba3fb4356d829a4c16965be977087137",
                "6483094263312e8b6d75c5ce29b5ef78128bb7a3e973bde4468228f18c674e00",
                "eb963d15c41246c6a5f14ec9aeb85600e7428d6d4aa76dda8cbb09cca0c2d21b",
                "baa5eda2bbe78a11c4e93568a1ad608271d0da65ea7fe1b1c648bffdfa38611e",
                "50e9dd32d12053af41e0684ac60663abd4bca75e38dc1dfc10a853012b357fc7",
                "c948653be94317504c8657f8a6ac178d8e2e956cbecbd46e1802e0c6ece5fef8",
                "7672b106aff4d0264c2fd0cb59bfea405ffcc52778230ac53929fa3db594dcae",
                "f2a52857c312e597a9330f6888ecf4e6d60fb0587879e1f1e2304cbe10f74ff8",
                "8cff58686e47299ae99109e25a4a26d9195a9d9e4270cb48ae046a6dba8fd7fc",
                "6d49292347c18e3b414342d595d194b7cdfa25683fa46243c30c60c1cc17985c",
                "1f5967dda050e4747c49a10ab46d8832041c5e5726712cc5dc00f928fbe56df3",
                "0a11fab9c278d84b7a49d50e308f742f4290598bf6253e8957873132d91d3738",
                "71b9bac3df1d24afd30ee2d3c30b399fc8ecbde32fa3a60b73837701f59d901e",
                "e08cd496467e2a1221d1b20837bc8d373957eea54c7a8c5e3d8a2b180ce4d045",
                "f2f1fe885d902ffe53a29e69cc8d8fedd065ea8eb8d5017971351ef07aede44e"
            ],
            "type": "XHR",
            "firstPartyCookies": {},
            "firstPartyCookiesSent": {},
            "exampleSites": [
                "twinfinite.net",
                "www.nexusmods.com",
                "tabstats.com",
                "monsterhunterrise.wiki.fextralife.com",
                "www.thesimsresource.com",
                "www.poe-vault.com",
                "hsreplay.net",
                "www.models-resource.com",
                "www.co-optimus.com",
                "nioh.wiki.fextralife.com",
                "www.pcinvasion.com",
                "pokemongohub.net",
                "www.systemrequirementslab.com",
                "theouterworlds.wiki.fextralife.com",
                "epic7x.com",
                "codevein.wiki.fextralife.com",
                "newworld.wiki.fextralife.com",
                "wheelofnames.com",
                "diablo2.diablowiki.net",
                "assassinscreedvalhalla.wiki.fextralife.com"
            ]
        },
        {
            "rule": "enthusiastgaming\\.net\\/scripts\\/cdn\\.enthusiast\\.gg\\/script\\/eg-aps\\/release\\/eg-aps-vanilla-v2\\.0\\.0\\.bundle\\.js",
            "cookies": 0,
            "fingerprinting": 0,
            "subdomains": [
                "api"
            ],
            "apis": {},
            "sites": 70,
            "prevalence": 0.000484,
            "cnames": [],