{
    "domain": "eroge.com",
    "owner": {},
    "source": [
        "DuckDuckGo-US"
    ],
    "prevalence": 0.0000899,
    "sites": 13,
    "subdomains": [
        "engine",
        "cdn"
    ],
    "cnames": [],
    "fingerprinting": 2,
    "resources": [
        {
            "rule": "eroge\\.com\\/",
            "cookies": 0,
            "fingerprinting": 1,
            "subdomains": [
                "engine"
            ],
            "apis": {
                "Date.prototype.getTime": 7,
                "Navigator.prototype.userAgent": 7
            },
            "sites": 7,
            "prevalence": 0.0000484,
            "cnames": [],
            "responseHashes": [
                "5d789ebb85b7198596db57856893bb24cceec5adb6ab1a4d1a4f40d2a24270fc",
                "78ac353361b4f48b7da82abadea9d0f95ddd2026b7cc53c4641bc181759f5a07",
                "38ed2129814d1e1cf88767c3b41c6cbe3361cf82387b744180649ae209eb2791",
                "c2b27b61a55f4240dd746dc1fdc18f450408f26af9bb57c4f42ddee3aee6b7f2",
                "1310a0b219e536223f75d8a0dd403a6f11d09236e3925ee46e19a1a8adca8edd",
                "1d5f5031fe07f0a3a4727b3b4086e9858bd0439275df2316ba2885e035f97d3e"
            ],
            "type": "Document",
            "firstPartyCookies": {},
            "firstPartyCookiesSent": {},
            "exampleSites": [
                "freehentaigames.cc",
                "freesexgames.app",
                "gamesofdesired.com",
                "hentaigames.app",
                "hentaigames.space",
                "mysexgamer.com",
                "porngameshd.com"
            ]
        },
        {
            "rule": "eroge\\.com\\/",
            "cookies": 0,
            "fingerprinting": 1,
            "subdomains": [
                "engine"
            ],
            "apis": {
                "Element.prototype.getClientRects": 7
            },
            "sites": 7,
            "prevalence": 0.0000484,
            "cnames": [],
            "responseHashes": [
                "57c8019fda6f7a30c7ce3cf076d7c89e804bdc410fdad003e1bf14b68098adde",
                "92c5065df93a6355a5e6ae08968f37b323488eccad54825a4a05e0f36355bb10",
                "50df42126d6023cd2ea0577f4970e0efecc448fa28608d38ec9c6b9058f11a78",
                "9fc208628a3744d3d18ce19dffd52b02f9b2333e3d99c4d0366016f5ab8f5228",
                "c81e9ce88dc6ed33033ffcdc0d7023ebc13a018ded056fb185f7d9d70e7c35a5",
                "203357e9a587fd51fcb5bed4efbd8576a7b42c0b4a43ddfd89b0d7004444e607"
            ],
            "type": "Script",
            "firstPartyCookies": {},
            "firstPartyCookiesSent": {},
            "exampleSites": [
                "freehentaigames.cc",
                "freesexgames.app",
                "gamesofdesired.com",
                "hentaigames.app",
                "hentaigames.space",
                "mysexgamer.com",
                "porngameshd.com"
            ]
        },
        {
            "rule": "eroge\\.com\\/t431aa89e\\/img\\/2wzuv_ugfckt_056145a0\\.jpg",
            "cookies": 0,
            "fingerprinting": 0,
            "subdomains": [
                "cdn"
            ],
            "apis": {},
            "sites": 4,
            "prevalence": 0.0000277,
            "cnames": [],
            "responseHashes": [
                "cfe6a106fcb38e2600b65669ac7b295c1f60e2797a5001c6c5d7185d4a0cf678"
            ],
            "type": "Image",
            "firstPartyCookies": {},
            "firstPartyCookiesSent": {},
            "exampleSites": [
                "freehentaigames.cc",
                "hentaigames.space",
                "mysexgamer.com",
                "porngameshd.com"
            ]
        },
        {
            "rule": "eroge\\.com\\/t431aa89e\\/img\\/2wzuv_cs92ku_9874fa83\\.jpg",
            "cookies": 0,
            "fingerprinting": 0,
            "subdomains": [
                "cdn"
            ],
            "apis": {},
            "sites": 3,
            "prevalence": 0.0000208,
            "cnames": [],
            "responseHashes": [
                "0660c782d9df28784ec04d0f82f48e622db70acbc84767b789d546b3de929139"
            ],
            "type": "Image",
            "firstPartyCookies": {},
            "firstPartyCookiesSent": {},
            "exampleSites": [
                "freehentaigames.cc",
                "freesexgames.app",
                "porngameshd.com"
            ]
        },
        {
            "rule": "eroge\\.com\\/data",
            "cookies": 0,
            "fingerprinting": 0,
            "subdomains": [
                "engine"
            ],
            "apis": {},
            "sites": 7,
            "prevalence": 0.0000484,
            "cnames": [],
            "responseHashes": [
                "e3b0c44298fc1c149afbf4c8996fb92427ae41e4649b934ca495991b7852b855"
            ],
            "type": "Ping",
            "firstPartyCookies": {},
            "firstPartyCookiesSent": {},
            "exampleSites": [
                "freehentaigames.cc",
                "freesexgames.app",
                "gamesofdesired.com",
                "hentaigames.app",
                "hentaigames.space",
                "mysexgamer.com",
                "porngameshd.com"
            ]
        },
        {
            "rule": "eroge\\.com\\/t431aa89e\\/img\\/2wzuv_c7dye8_ae07a157\\.jpg",
            "cookies": 0,
            "fingerprinting": 0,
            "subdomains": [
                "cdn"
            ],
            "apis": {},
            "sites": 4,
            "prevalence": 0.0000277,
            "cnames": [],
            "responseHashes": [
                "6efa04bb2af845e92a3d716b3e6e4667b45680a48e45e502ab34ee0a46085f86"
            ],
            "type": "Image",
            "firstPartyCookies": {},
            "firstPartyCookiesSent": {},
            "exampleSites": [
                "freesexgames.app",
                "gamesofdesired.com",
                "hentaigames.space",
                "mysexgamer.com"
            ]
        },
        {
            "rule": "eroge\\.com\\/t431aa89e\\/img\\/2wzuv_k7cwud_d8147a95\\.jpg",
            "cookies": 0,
            "fingerprinting": 0,
            "subdomains": [
                "cdn"
            ],
            "apis": {},
            "sites": 3,
            "prevalence": 0.0000208,
            "cnames": [],
            "responseHashes": [
                "8d390390042642e84ea974be53629d4fb1ff07cf7574626c520d1ef62bbfb0ba"
            ],
            "type": "Image",
            "firstPartyCookies": {},
            "firstPartyCookiesSent": {},
            "exampleSites": [
                "freesexgames.app",
                "hentaigames.app",
                "hentaigames.space"
            ]
        },
        {
            "rule": "eroge\\.com\\/t431aa89e\\/img\\/2wzuv_smpdwn_185375db\\.jpg",
            "cookies": 0,
            "fingerprinting": 0,
            "subdomains": [
                "cdn"
            ],
            "apis": {},
            "sites": 2,
            "prevalence": 0.0000138,
            "cnames": [],
            "responseHashes": [
                "0349271bd7e2bb0ff62811764474474cf62f47ec500497f7d67a8c861b5bfdbe"
            ],
            "type": "Image",
            "firstPartyCookies": {},
            "firstPartyCookiesSent": {},
            "exampleSites": [
                "gamesofdesired.com",
                "hentaigames.app"
            ]
        }
    ],
    "categories": [],
    "performance": {},
    "cookies": 0,
    "types": {
        "Document": 7,
        "Script": 7,
        "Image": 16,
        "Ping": 7
    },
    "nameservers": [
        "andy.ns.cloudflare.com",
        "anna.ns.cloudflare.com"
    ]
}