{
    "domain": "esputnik.com",
    "owner": {
        "name": "NIC.UA LLC",
        "displayName": "NIC.UA"
    },
    "source": [
        "DuckDuckGo-US"
    ],
    "prevalence": 0.000172,
    "sites": 24,
    "subdomains": [
        "push"
    ],
    "cnames": [],
    "fingerprinting": 2,
    "resources": [
        {
            "rule": "esputnik\\.com\\/scripts\\/v1\\/public\\/scripts",
            "cookies": 0,
            "fingerprinting": 1,
            "subdomains": [],
            "apis": {
                "Navigator.prototype.userAgent": 7,
                "window.indexedDB": 7,
                "Document.cookie getter": 6,
                "window.localStorage": 6
            },
            "sites": 10,
            "prevalence": 0.0000715,
            "cnames": [],
            "responseHashes": [
                "bd70028928adc9ee271433bf890d65d8986cdd54d87a1a4dc3515e5d274ba3b1",
                "58cba62d9f93d0a326b287bcd892e5f79152f4de792d89b430eb2811c9a6a303",
                "191fc8c591cfef479d3791370ea3435c93b70da4fd261854763080ecb1713764",
                "c8f8ffcc7321d9a02dfcd44327c97574e522ee1fee1c339edf1aef1dd9f1dbe4",
                "4b11b94902e6cea4de38d39dbee6db1c34d233175606271cce323e7d88d5cbff",
                "35b7a5b0d54d2baba09a94a2482810fcfee7bfecd35a8034fb0e799a837854d1",
                "3e0c9c95a09f9bd920fb4011eef0c4b733f8b14f909d28a01c93b8f2bc2a4a9b",
                "dc43ef9c96f670a9d0fe498ad25328f92b9311132f56632c6fff3494614b2fdc",
                "5fcf01a5f606bd97440f1179b08189a719296b2e5ba7dda2e22093f1aa503670"
            ],
            "type": "Script",
            "firstPartyCookies": {},
            "firstPartyCookiesSent": {},
            "exampleSites": [
                "ask.fm",
                "codegym.cc",
                "findmykids.org",
                "football.kulichki.net",
                "freebooksummary.com",
                "mackeeper.com",
                "phdessay.com",
                "studymoose.com",
                "www.englishdom.com",
                "www.macupdate.com"
            ]
        },
        {
            "rule": "esputnik\\.com\\/service-worker\\.js",
            "cookies": 0,
            "fingerprinting": 0,
            "subdomains": [
                "push"
            ],
            "apis": {},
            "sites": 6,
            "prevalence": 0.0000429,
            "cnames": [],
            "responseHashes": [
                "2c0e0b81b99174665eade9993ffb42a3f53fff7c7be754831ab477bda0ed164d"
            ],
            "type": "Other",
            "firstPartyCookies": {},
            "firstPartyCookiesSent": {},
            "exampleSites": [
                "kulichki.net",
                "freebooksummary.com",
                "graduateway.com",
                "phdessay.com",
                "studymoose.com",
                "www.englishdom.com"
            ]
        }
    ],
    "categories": [],
    "performance": {},
    "cookies": 0.0000286,
    "types": {
        "Script": 10,
        "Other": 6
    },
    "nameservers": [
        "ns-1170.awsdns-18.org",
        "ns-1742.awsdns-25.co.uk",
        "ns-185.awsdns-23.com",
        "ns-974.awsdns-57.net"
    ]
}