{
    "domain": "eway.com.au",
    "owner": {},
    "source": [
        "DuckDuckGo-US"
    ],
    "prevalence": 0.000395,
    "sites": 58,
    "subdomains": [
        "www"
    ],
    "cnames": [],
    "fingerprinting": 0,
    "resources": [
        {
            "rule": "eway\\.com\\.au\\/developer\\/payment-code\\/verified-seal\\.ashx",
            "cookies": 0,
            "fingerprinting": 0,
            "subdomains": [
                "www"
            ],
            "apis": {},
            "sites": 15,
            "prevalence": 0.000102,
            "cnames": [],
            "responseHashes": [
                "6b495a06f5fc1f1140b0079b3bada0ba8045ba75f8b90d3287c9d291ebf82e27",
                "3a932430ff6ac6642f5d2908b3148a3c3ccbfe3d6eea1bbbd5d2d1e3ecaf654a",
                "e3fd55e110c477db14cc0e8b1a7ffd3815f3f723434bec752ba10ae4d3352876",
                "b29dd7dd33246ad7d57246c859b65055d5aa754d52bf6b55bb4eb47f6b25aed4",
                "e6ce7bcfe4430ec596328d02f60fb0d95dd8e806cd1707040e0d70a09c6d22d0",
                "e888d5b4d51386f446c0520b2a8205d5fff0126218fdf7ef066b976da31b3590",
                "00b251d21ccd345871807dc4b35e9a58993e023d12ad79cca8ae37f1e81d284f",
                "80a4608dfe5acc2b2a218d2e17c3f649d927f93dfa5a31dd0072a9f147318ab7",
                "95c23a29d138806ec676f51daa99d4d4059ac0a14ede325ff60aa6277642f990",
                "5a4c60e288e84656964c43d77c06e2c8c40737038570384e4cf593d0e43134e9"
            ],
            "type": "Image",
            "firstPartyCookies": {},
            "firstPartyCookiesSent": {},
            "exampleSites": [
                "auctions.com.au",
                "greenlifesoil.com.au",
                "trailercamperaustralia.com.au",
                "www.astiraustralia.com.au",
                "www.beercartel.com.au",
                "www.casebuddy.com.au",
                "www.con-x-ion.com",
                "www.costumes.com.au",
                "www.drivemycar.com.au",
                "www.eastereggwarehouse.com.au",
                "www.edenseeds.com.au",
                "www.onlineapplianceparts.com.au",
                "www.reboot-it.com.au",
                "www.towbarsaustralia.com.au",
                "www.wildfiresports.com.au"
            ]
        },
        {
            "rule": "eway\\.com\\.au\\/developers\\/developer\\/payment-code\\/verified-seal\\.php",
            "cookies": 0,
            "fingerprinting": 0,
            "subdomains": [
                "www"
            ],
            "apis": {},
            "sites": 10,
            "prevalence": 0.0000681,
            "cnames": [],
            "responseHashes": [
                "fb733d6a733a69088323596b10ff334985f8d3086f7751bb3fe800706344556c",
                "bb0b68c1add82ae5a2a0c51546cdf19d1563a02340d0836c28844be2639f4814",
                "2e341b476e258c90c9a3a0e769d4b1f9b396c621f862b7c13b358951e4427223",
                "28d7ebf2935e2dbde1eedda1200c3ea3fa1d43ee844657ca868ebb9019e74ca8",
                "c063e8b7d613cd3dbc6bae5c1dec3ab8d078f3a4a149ab4a6e802c09c045b2ac",
                "cbdedde77a0d005cd23234ceb92466203df1c437d888f3c97a70b0275fa4c4ae",
                "36182db1ef83c09f2a42cb59e1574c5b8226db9a3814eb82546a8c53bc680752",
                "ecd969170b7e8b77665f95984f64e3ee6793c2dc163e0e0896a575dc6d9a1b80",
                "59d8385742797a751ee29456ea6902b23cc9d2582d22ba8c5bdf801524fb5c09"
            ],
            "type": "Image",
            "firstPartyCookies": {},
            "firstPartyCookiesSent": {},
            "exampleSites": [
                "genuineapplianceparts.com.au",
                "www.allbids.com.au",
                "www.babykingdom.com.au",
                "www.boltandnut.com.au",
                "www.chempro.com.au",
                "www.gadgets4geeks.com.au",
                "www.justtools.com.au",
                "www.mitchellsadventure.com",
                "www.officenational.com.au",
                "www.pharmacydirect.com.au"
            ]
        },
        {
            "rule": "eway\\.com\\.au\\/developer\\/payment-code\\/verified-seal\\.php",
            "cookies": 0,
            "fingerprinting": 0,
            "subdomains": [
                "www"
            ],
            "apis": {},
            "sites": 7,
            "prevalence": 0.0000476,
            "cnames": [],
            "responseHashes": [
                "51debbbd6ebe62f60954d446ff782c37e65447c7335af1efb1d4b3522d3544f0",
                "c4ff2fed6d016b1cc9cb2ab6a1f77be5291a64820a029557077565cb177c7a4a",
                "bb0b68c1add82ae5a2a0c51546cdf19d1563a02340d0836c28844be2639f4814",
                "4cb861491d82f79f1e2b9dd0f2d739fb81e84869821b75240089f00b4bee7b08",
                "cc679254cd0bd1f8fc8bee3da4e5e6dccaeee2c1a24efa185c95013f051f401d"
            ],
            "type": "Image",
            "firstPartyCookies": {},
            "firstPartyCookiesSent": {},
            "exampleSites": [
                "clubx.com.au",
                "www.clubx.com.au",
                "www.jaybro.com.au",
                "www.jomercer.com.au",
                "www.mtbdirect.com.au",
                "www.smartcases.com.au",
                "www.vivacemusic.com.au"
            ]
        }
    ],
    "categories": [],
    "performance": {},
    "cookies": 0,
    "types": {
        "Image": 32
    },
    "nameservers": [
        "ns4.dnsmadeeasy.com",
        "ns1.dnsmadeeasy.com",
        "ns3.dnsmadeeasy.com",
        "ns2.dnsmadeeasy.com",
        "ns0.dnsmadeeasy.com"
    ]
}