{
    "domain": "exitintel.com",
    "owner": {},
    "source": [
        "DuckDuckGo-US"
    ],
    "prevalence": 0.0000643,
    "sites": 9,
    "subdomains": [
        "get",
        "cdn2",
        "betastats"
    ],
    "cnames": [],
    "fingerprinting": 2,
    "resources": [
        {
            "rule": "exitintel\\.com\\/load\\.js",
            "cookies": 0.0000429,
            "fingerprinting": 2,
            "subdomains": [
                "get"
            ],
            "apis": {
                "Navigator.prototype.userAgent": 6,
                "Navigator.prototype.platform": 6,
                "Navigator.prototype.product": 6,
                "window.sessionStorage": 6,
                "Document.cookie getter": 6,
                "Date.prototype.getTime": 6,
                "Document.cookie setter": 6,
                "window.localStorage": 6,
                "Event.prototype.timeStamp": 5
            },
            "sites": 6,
            "prevalence": 0.0000429,
            "cnames": [],
            "responseHashes": [
                "be2b7e564cb8fb7283387467b70dc21d0d5f4af614ae80eb4b56791d6414338e",
                "3140986139073ba0b94ca9df21b348ce456f80dd6898fd472858faee0278fa1c",
                "f003bbbb4d07ec8250779f4a4c37fa2feed5bf87f62fc20a82ea262165e700a3",
                "c069e93c5cf7000a0432f4e6c02030a2c2a657090988f2e6fc3b711814589af9",
                "de9358a9444bfb4cac624fbd889800ee3914db733fadbc3052f7d619d0c9e96e"
            ],
            "type": "Script",
            "firstPartyCookies": {
                "exitintel_ver": {
                    "ttl": 157680005,
                    "length": 1,
                    "prevalence": 0.00004289942943758848,
                    "uniqueness": 0.16666666666666666
                },
                "exitintel_cfg": {
                    "ttl": 157680005,
                    "length": 37,
                    "prevalence": 0.00004289942943758848,
                    "uniqueness": 0.3333333333333333
                },
                "exitintel_vid": {
                    "ttl": 157680006,
                    "length": 36,
                    "prevalence": 0.00004289942943758848,
                    "uniqueness": 1
                },
                "exitintel_sid": {
                    "ttl": null,
                    "length": 36,
                    "prevalence": 0.00004289942943758848,
                    "uniqueness": 1
                },
                "exitintel_vc": {
                    "ttl": 157680006,
                    "length": 1,
                    "prevalence": 0.00004289942943758848,
                    "uniqueness": 0.16666666666666666
                },
                "exitintel_pvc": {
                    "ttl": null,
                    "length": 1,
                    "prevalence": 0.00004289942943758848,
                    "uniqueness": 0.16666666666666666
                },
                "exitintel_lp": {
                    "ttl": null,
                    "length": 51,
                    "prevalence": 0.00004289942943758848,
                    "uniqueness": 1
                },
                "exitintel_prf": {
                    "ttl": 157680006,
                    "length": 63,
                    "prevalence": 0.00004289942943758848,
                    "uniqueness": 0.16666666666666666
                },
                "exitintel_cs": {
                    "ttl": 157680007,
                    "length": 70,
                    "prevalence": 0.00004289942943758848,
                    "uniqueness": 0.5
                },
                "exitintel_cc": {
                    "ttl": 157680007,
                    "length": 6,
                    "prevalence": 0.00004289942943758848,
                    "uniqueness": 0.16666666666666666
                },
                "exitintel_cd": {
                    "ttl": 157680007,
                    "length": 6,
                    "prevalence": 0.00004289942943758848,
                    "uniqueness": 0.16666666666666666
                },
                "exitintel_cv": {
                    "ttl": 157680007,
                    "length": 37,
                    "prevalence": 0.00004289942943758848,
                    "uniqueness": 0.8333333333333334
                },
                "exitintel_cfid": {
                    "ttl": 157680007,
                    "length": 7,
                    "prevalence": 0.00004289942943758848,
                    "uniqueness": 0.16666666666666666
                }
            },
            "firstPartyCookiesSent": {},
            "exampleSites": [
                "bestwestern.co.uk",
                "www.bestwestern.co.uk",
                "www.harpercollins.com",
                "www.mirasafety.com",
                "www.simonandschuster.com",
                "www.spoonflower.com"
            ]
        },
        {
            "rule": "exitintel\\.com\\/api\\/v1\\/pub\\/2913",
            "cookies": 0,
            "fingerprinting": 0,
            "subdomains": [
                "cdn2"
            ],
            "apis": {},
            "sites": 2,
            "prevalence": 0.0000143,
            "cnames": [],
            "responseHashes": [
                "ee1ca3195ef73577a77c2fa86449826a103a25bf3988fdbfd492258197888c88"
            ],
            "type": "Script",
            "firstPartyCookies": {},
            "firstPartyCookiesSent": {},
            "exampleSites": [
                "bestwestern.co.uk",
                "www.bestwestern.co.uk"
            ]
        },
        {
            "rule": "exitintel\\.com\\/api\\/v1\\/file\\/getImageV3\\/693",
            "cookies": 0,
            "fingerprinting": 0,
            "subdomains": [
                "cdn2"
            ],
            "apis": {},
            "sites": 2,
            "prevalence": 0.0000143,
            "cnames": [],
            "responseHashes": [
                "6072ae17f7e61f1ee37d1639e49d03f3b506ac47b37448fff8cb1aeed19eb130"
            ],
            "type": "Image",
            "firstPartyCookies": {},
            "firstPartyCookiesSent": {},
            "exampleSites": [
                "bestwestern.co.uk",
                "www.bestwestern.co.uk"
            ]
        },
        {
            "rule": "exitintel\\.com\\/api\\/v1\\/file\\/getImageV3\\/4303",
            "cookies": 0,
            "fingerprinting": 0,
            "subdomains": [
                "cdn2"
            ],
            "apis": {},
            "sites": 2,
            "prevalence": 0.0000143,
            "cnames": [],
            "responseHashes": [
                "2b91f8d825f9bc46e63ae9f6246e845bac60d418044a8051b0c86f339a785a70"
            ],
            "type": "Image",
            "firstPartyCookies": {},
            "firstPartyCookiesSent": {},
            "exampleSites": [
                "bestwestern.co.uk",
                "www.bestwestern.co.uk"
            ]
        },
        {
            "rule": "exitintel\\.com\\/api\\/v1\\/file\\/getImageV3\\/4307",
            "cookies": 0,
            "fingerprinting": 0,
            "subdomains": [
                "cdn2"
            ],
            "apis": {},
            "sites": 2,
            "prevalence": 0.0000143,
            "cnames": [],
            "responseHashes": [
                "87fcab4d69be76cbabdedc42cd0928ab24235d9a54a7696b71e1274344e41283"
            ],
            "type": "Image",
            "firstPartyCookies": {},
            "firstPartyCookiesSent": {},
            "exampleSites": [
                "bestwestern.co.uk",
                "www.bestwestern.co.uk"
            ]
        },
        {
            "rule": "exitintel\\.com\\/api\\/v1\\/file\\/getImageV3\\/3592",
            "cookies": 0,
            "fingerprinting": 0,
            "subdomains": [
                "cdn2"
            ],
            "apis": {},
            "sites": 2,
            "prevalence": 0.0000143,
            "cnames": [],