{
    "domain": "expertrec.com",
    "owner": {
        "name": "cloudinfra",
        "displayName": "cloudinfra"
    },
    "source": [
        "DuckDuckGo-US"
    ],
    "prevalence": 0.0000969,
    "sites": 14,
    "subdomains": [
        "cseb",
        "cse"
    ],
    "cnames": [],
    "fingerprinting": 1,
    "resources": [
        {
            "rule": "expertrec\\.com\\/api\\/js\\/ci_common\\.js",
            "cookies": 0,
            "fingerprinting": 0,
            "subdomains": [
                "cseb",
                "cse"
            ],
            "apis": {},
            "sites": 10,
            "prevalence": 0.0000692,
            "cnames": [],
            "responseHashes": [
                "17ff9e104bf5be4053e0b978c0fd9ffe17172b24073edfc507a5ba7b479e78eb",
                "fde51b634092043e1028c9f77334cefdd7344847d12adff1fc8bd60c418f43ab",
                "848701d00ee7779d0d3bd01a1cf3d66e85ff745daaa397abad5bdb73341142be",
                "7f63a394ad161ec5bb50ac0ce0fa3822c6170e701921c1f4fd47390b3991fb14",
                "639090b267e8af1d39d8b42ebfb707deea42e36e85011b56c87aae3e624092a2",
                "492925aca01138fe1c70792363b831d999127d6b26101266afb97d382221a073",
                "f0d23acfa85e0049a2f2dc8cb913d8cf20defdea05c3d40443ffdfaa899d01e6",
                "896ac36120d424ea127c8bdd6b6c22a44e108007996c3595045710d32ef78711",
                "ef19c8e44cb40bef3fd9abb9e5e5847f0b9f817ae75b62dca165a4a358b8b4f3"
            ],
            "type": "Script",
            "firstPartyCookies": {},
            "firstPartyCookiesSent": {},
            "exampleSites": [
                "purebulk.com",
                "thriveworks.com",
                "www.aulss6.veneto.it",
                "www.crystalvaults.com",
                "www.howtolookatahouse.com",
                "www.livecareer.com",
                "www.myperfectresume.com",
                "www.partswarehouse.com",
                "www.stampdutycalculator.org.uk",
                "www.thepeoplehistory.com"
            ]
        },
        {
            "rule": "expertrec\\.com\\/js\\/ci_ecomSearch_overlay\\.1638797867711\\.min\\.js",
            "cookies": 0.0000138,
            "fingerprinting": 1,
            "subdomains": [
                "cse"
            ],
            "apis": {
                "window.localStorage": 2,
                "Navigator.prototype.userAgent": 2,
                "Document.cookie getter": 2,
                "Date.prototype.getTime": 2,
                "Document.cookie setter": 2
            },
            "sites": 2,
            "prevalence": 0.0000138,
            "cnames": [],
            "responseHashes": [
                "4e0e22a1435e37896bc4c748ec0e52aec6c35689777f838a64bf838fca093c07"
            ],
            "type": "Script",
            "firstPartyCookies": {
                "ci_id": {
                    "ttl": 15552009,
                    "length": 49,
                    "prevalence": 0.000013835851458298743,
                    "uniqueness": 1
                }
            },
            "firstPartyCookiesSent": {},
            "exampleSites": [
                "purebulk.com",
                "www.partswarehouse.com"
            ]
        },
        {
            "rule": "expertrec\\.com\\/js\\/ci_customSearch_overlay\\.1638797867711\\.min\\.js",
            "cookies": 0.0000346,
            "fingerprinting": 1,
            "subdomains": [
                "cse"
            ],
            "apis": {
                "window.localStorage": 5,
                "Navigator.prototype.userAgent": 5,
                "Document.cookie getter": 5,
                "Date.prototype.getTime": 5,
                "Document.cookie setter": 5,
                "window.devicePixelRatio": 1
            },
            "sites": 5,
            "prevalence": 0.0000346,
            "cnames": [],
            "responseHashes": [
                "5f793b51a2b07cad07d1a0b9cf036c2e250921aa5bab1bf64c2aefefca78f616"
            ],
            "type": "Script",
            "firstPartyCookies": {
                "ci_id": {
                    "ttl": 15552006,
                    "length": 50,
                    "prevalence": 0.00003458962864574686,
                    "uniqueness": 1
                }
            },
            "firstPartyCookiesSent": {},
            "exampleSites": [
                "thriveworks.com",
                "www.aulss6.veneto.it",
                "www.crystalvaults.com",
                "www.howtolookatahouse.com",
                "www.stampdutycalculator.org.uk"
            ]
        },
        {
            "rule": "expertrec\\.com\\/getCookie",
            "cookies": 0,
            "fingerprinting": 0,
            "subdomains": [],
            "apis": {},
            "sites": 2,
            "prevalence": 0.0000138,
            "cnames": [],
            "responseHashes": [],
            "type": "Preflight",
            "firstPartyCookies": {},
            "firstPartyCookiesSent": {},
            "exampleSites": [
                "thriveworks.com",
                "www.howtolookatahouse.com"
            ]
        },
        {
            "rule": "expertrec\\.com\\/getCookie",
            "cookies": 0.0000138,
            "fingerprinting": 0,
            "subdomains": [],
            "apis": {},
            "sites": 2,
            "prevalence": 0.0000138,
            "cnames": [],
            "responseHashes": [
                "38365258ac9b17f92fed892e221b7494c6c306381e8808b21b248a34a9e01f07"
            ],
            "type": "XHR",
            "firstPartyCookies": {},
            "firstPartyCookiesSent": {},
            "exampleSites": [
                "thriveworks.com",
                "www.howtolookatahouse.com"
            ]
        },
        {
            "rule": "expertrec\\.com\\/js\\/ci_customSearch_separate\\.1638797867711\\.min\\.js",
            "cookies": 0,
            "fingerprinting": 1,
            "subdomains": [
                "cse"
            ],
            "apis": {
                "window.localStorage": 2,
                "Navigator.prototype.userAgent": 2,
                "Screen.prototype.width": 1
            },
            "sites": 2,
            "prevalence": 0.0000138,
            "cnames": [],
            "responseHashes": [
                "49ec16a9fc45b9b3771d4fbc1ad434eb14e7b00e4a721852ac28b0155d38cda5"
            ],
            "type": "Script",
            "firstPartyCookies": {},
            "firstPartyCookiesSent": {},
            "exampleSites": [
                "livecareer.com",
                "www.myperfectresume.com"
            ]
        }
    ],
    "categories": [],
    "performance": {},
    "cookies": 0.0000761,
    "types": {
        "Script": 19,
        "Preflight": 2,
        "XHR": 2
    },
    "nameservers": [
        "ns-85.awsdns-10.com",
        "ns-746.awsdns-29.net",
        "ns-1884.awsdns-43.co.uk",
        "ns-1418.awsdns-49.org"
    ]
}