{
    "domain": "extreme-ip-lookup.com",
    "owner": {},
    "source": [
        "DuckDuckGo-US"
    ],
    "prevalence": 0.000672,
    "sites": 94,
    "subdomains": [],
    "cnames": [],
    "fingerprinting": 0,
    "resources": [
        {
            "rule": "extreme-ip-lookup\\.com\\/json\\/",
            "cookies": 0,
            "fingerprinting": 0,
            "subdomains": [],
            "apis": {},
            "sites": 33,
            "prevalence": 0.000236,
            "cnames": [],
            "responseHashes": [
                "310b7f9fba8a66f1281cfb34c4e663b39513bf62fdcfbc4a31d92d99885a6e09",
                "7ddf527429f2d43b2a974dd4f2f939a65b659911989f0476fa4d5cdb2e2e15aa",
                "e5ee0603c0c84036c65a809024fae7bf6eb9a1749a99b71cf245243566e42b89",
                "d5893b534e0ef2916c3ddd78e878571ec625480b4d3b99a416751925d1f116af"
            ],
            "type": "XHR",
            "firstPartyCookies": {},
            "firstPartyCookiesSent": {},
            "exampleSites": [
                "cartoonpornvids.com",
                "nl-nl.bakker.com",
                "cliphot.cc",
                "www.mrmarvis.nl",
                "www.brandnewtube.com",
                "www.royalenfield.com",
                "www.du.ae",
                "superocho.org",
                "www.amber.com.au",
                "www.plannthat.com",
                "vestibulares.estrategia.com",
                "www.janushenderson.com",
                "www.aquaplan.com",
                "mixedwrestling.video",
                "subaru.co.uk",
                "www.anniesloan.com",
                "bibleproject.com",
                "brandnewtube.com",
                "videbd.net",
                "www.fredsbouwtekeningen.nl"
            ]
        },
        {
            "rule": "extreme-ip-lookup\\.com\\/json\\/",
            "cookies": 0,
            "fingerprinting": 0,
            "subdomains": [],
            "apis": {},
            "sites": 13,
            "prevalence": 0.0000929,
            "cnames": [],
            "responseHashes": [
                "3b533499b1aaaf05447e135d4e02ce209fc180f25a03c2c5a97adc298cff9869",
                "019d57432d0fcf6ec0178677c18426a65eb68ac0f1f0082cc47889349faeac53",
                "a68e49f6112f99dee4f9d29fec860d04fde80c226f0876342ddff9bb3330d151",
                "8810349c1848dbf24f975e4b64e6959a3f5ac8a536e6b65cea4b9e82ea1a10bd",
                "1d65da5e33a9bfb6de65ee9e0c54d5604eac18ca74a665846d010b81cb14658f",
                "079e6151fcf2324388cbaff8d38d8ad6bfadc358e389cb4c79c52da09b51a0f6",
                "119291fa7872ede71c08a81641682e32f3e2d48db6c482fed56e786e472ffc72"
            ],
            "type": "Script",
            "firstPartyCookies": {},
            "firstPartyCookiesSent": {},
            "exampleSites": [
                "accountancyvanmorgen.nl",
                "www.accountancyvanmorgen.nl",
                "www.avogel.co.uk",
                "www.bilderberg.nl",
                "www.christiesrealestate.com",
                "www.electroworld.nl",
                "www.enexis.nl",
                "www.globe.gov",
                "www.imobiliare.ro",
                "www.lawsociety.com.au",
                "www.mainfreight.com",
                "www.solaredge.com",
                "www.themarginalian.org"
            ]
        },
        {
            "rule": "extreme-ip-lookup\\.com\\/json",
            "cookies": 0,
            "fingerprinting": 0,
            "subdomains": [],
            "apis": {},
            "sites": 2,
            "prevalence": 0.0000143,
            "cnames": [],
            "responseHashes": [
                "3b533499b1aaaf05447e135d4e02ce209fc180f25a03c2c5a97adc298cff9869"
            ],
            "type": "Script",
            "firstPartyCookies": {},
            "firstPartyCookiesSent": {},
            "exampleSites": [
                "bpp.com",
                "www.bpp.com"
            ]
        },
        {
            "rule": "extreme-ip-lookup\\.com\\/json\\/",
            "cookies": 0,
            "fingerprinting": 0,
            "subdomains": [],
            "apis": {},
            "sites": 4,
            "prevalence": 0.0000286,
            "cnames": [],
            "responseHashes": [
                "310b7f9fba8a66f1281cfb34c4e663b39513bf62fdcfbc4a31d92d99885a6e09"
            ],
            "type": "Fetch",
            "firstPartyCookies": {},
            "firstPartyCookiesSent": {},
            "exampleSites": [
                "oetkercollection.com",
                "www.telecine.com.br",
                "www.unep.org",
                "www.wall-art.nl"
            ]
        }
    ],
    "categories": [],
    "performance": {},
    "cookies": 0,
    "types": {
        "XHR": 33,
        "Script": 15,
        "Fetch": 4
    },
    "nameservers": [
        "ns2.extreme-ip-lookup.com",
        "ns1.extreme-ip-lookup.com"
    ]
}