{
    "domain": "fastcounter.de",
    "owner": {},
    "source": [
        "DuckDuckGo-US"
    ],
    "prevalence": 0.0000858,
    "sites": 12,
    "subdomains": [
        "www"
    ],
    "cnames": [],
    "fingerprinting": 1,
    "resources": [
        {
            "rule": "fastcounter\\.de\\/fcount\\.php",
            "cookies": 0.0000643,
            "fingerprinting": 1,
            "subdomains": [
                "www"
            ],
            "apis": {
                "Navigator.prototype.language": 9,
                "Screen.prototype.width": 9,
                "Screen.prototype.height": 9
            },
            "sites": 9,
            "prevalence": 0.0000643,
            "cnames": [],
            "responseHashes": [
                "d8cec10d60d441f29dd0dd68cedd6d9a402e5b83697247c48f1536e0f51c5b2b",
                "8095215e65499a1b56e051196855799e767e396e686614367a343ff634257ea0",
                "0210e426031f95c1c50ece72cf0e669860e5cc3e3a625a77f1ea5b8ed46515e5",
                "5d478460c975906fb9868fd9c2e8cfd4192d9893af2c15a13e619ff8e991a437",
                "84534dd8d883ae131f7162bc1a0d347eb21239c8b84cced1f98f8509460c09f3",
                "e96f1f5434aafb0668636fa3fe0e5341684b9eaff5a043aae8a9fa5770369fd4",
                "b391fdd24d7a0d9866ef0e6aac3a8ac221c67b63193aca9bcbda482814c4504e",
                "dacaa3878f938552400669a598488a95b7fafc829747633151c64db7409073f5"
            ],
            "type": "Script",
            "firstPartyCookies": {},
            "firstPartyCookiesSent": {},
            "exampleSites": [
                "cam-video.xxx",
                "cam-porn-video.com",
                "fbbpornvideos.com",
                "javf.net",
                "myhdjav.net",
                "r18hd.com",
                "www.bitporno.com",
                "www.pornohut.info",
                "www.xhamsterde.com"
            ]
        },
        {
            "rule": "fastcounter\\.de\\/fcounter\\.php",
            "cookies": 0.0000643,
            "fingerprinting": 0,
            "subdomains": [
                "www"
            ],
            "apis": {},
            "sites": 9,
            "prevalence": 0.0000643,
            "cnames": [],
            "responseHashes": [
                "a36aeaeb32c5381f3e777d443375b361fd7f04c57c8e8c1577368593a3db6419"
            ],
            "type": "Script",
            "firstPartyCookies": {},
            "firstPartyCookiesSent": {},
            "exampleSites": [
                "cam-video.xxx",
                "cam-porn-video.com",
                "fbbpornvideos.com",
                "javf.net",
                "myhdjav.net",
                "r18hd.com",
                "www.bitporno.com",
                "www.pornohut.info",
                "www.xhamsterde.com"
            ]
        },
        {
            "rule": "fastcounter\\.de\\/CIncludes\\/img\\/fastcounter-banner-blue\\.gif",
            "cookies": 0,
            "fingerprinting": 0,
            "subdomains": [
                "www"
            ],
            "apis": {},
            "sites": 9,
            "prevalence": 0.0000643,
            "cnames": [],
            "responseHashes": [
                "244ba3fcd3eb33b6567ab47986a481e0d7646434a81c693e33018c869151c442"
            ],
            "type": "Image",
            "firstPartyCookies": {},
            "firstPartyCookiesSent": {},
            "exampleSites": [
                "cam-video.xxx",
                "cam-porn-video.com",
                "fbbpornvideos.com",
                "javf.net",
                "myhdjav.net",
                "r18hd.com",
                "www.bitporno.com",
                "www.pornohut.info",
                "www.xhamsterde.com"
            ]
        }
    ],
    "categories": [],
    "performance": {},
    "cookies": 0.0000858,
    "types": {
        "Script": 18,
        "Image": 9
    },
    "nameservers": [
        "ns67.domaincontrol.com",
        "ns68.domaincontrol.com"
    ]
}