{
    "domain": "fastred.biz",
    "owner": {},
    "source": [
        "DuckDuckGo-US"
    ],
    "prevalence": 0.000129,
    "sites": 18,
    "subdomains": [],
    "cnames": [],
    "fingerprinting": 0,
    "resources": [
        {
            "rule": "fastred\\.biz\\/",
            "cookies": 0.0000643,
            "fingerprinting": 0,
            "subdomains": [],
            "apis": {},
            "sites": 9,
            "prevalence": 0.0000643,
            "cnames": [],
            "responseHashes": [
                "59191e21082b578e38eed25e7d3355f8882d2a21f11c5ef2b0a57fcdc53165fe",
                "d680ac2511dbca0f290c338322b16dac44b7de3dfd2d8de66263f2bb04846aef",
                "a11e3f0d9ece458d14b196c298ad4d9bf796f7910c26bf5f913af64bf7499ff4",
                "7cc39d75a68500a881650abff63e4ca982626d9c4669745aaa1405ce452e3d92",
                "cb7e6d704fa033543fa567b0de7ed3bb82a34693eb4bb662debbdb801fa3be86",
                "82653cdfcacd41cd09bf738665c3fc22f12bc05584dd8a975212a57356be288a",
                "a4a4d6196a46c14f26606c2522a1c20cebe5703b7acfdde6a299e745726ed891",
                "5464517737937ca5d390c9539e733600930e45cedb6715d5b6df80500046a117"
            ],
            "type": "Script",
            "firstPartyCookies": {},
            "firstPartyCookiesSent": {},
            "exampleSites": [
                "antonscafebar.com",
                "bigbangpokemon.com",
                "cassiskitchen.com",
                "eaglecastlewinery.com",
                "esfstream.com",
                "frameboxxindore.com",
                "orangekitchens.net",
                "pokemonsfreezone.com",
                "solefoodkitchen.com"
            ]
        }
    ],
    "categories": [],
    "performance": {},
    "cookies": 0.000129,
    "types": {
        "Script": 9
    },
    "nameservers": [
        "pam.ns.cloudflare.com",
        "gerald.ns.cloudflare.com"
    ]
}