{
    "domain": "fastred.biz",
    "owner": {},
    "source": [
        "DuckDuckGo-US"
    ],
    "prevalence": 0.000129,
    "sites": 19,
    "subdomains": [],
    "cnames": [],
    "fingerprinting": 2,
    "resources": [
        {
            "rule": "fastred\\.biz\\/",
            "cookies": 0.0000545,
            "fingerprinting": 2,
            "subdomains": [],
            "apis": {
                "Notification.permission": 8
            },
            "sites": 10,
            "prevalence": 0.0000681,
            "cnames": [],
            "responseHashes": [
                "fef9c1a420d5c6678c0044975c2c1a11f4a98cc7a14b245ef5918af3c802f83b",
                "8731e6d842463c76e546edae205dc46f7270154ecbbd721dde2d7c276650e32b",
                "c5836f0c2c6d2bfae9d5843f421ca0591bff0902286a2fcce693e72ad1045b9a",
                "ba81970656b8f365055cc55cb26559a97d8bf1caec4138fd274dbb3d4620be42",
                "be5c3e88c7f2160ee19231f8e8d8160b53c5857c3cd4d7de1936a27ef2da683e",
                "be37be7c93df24b14173243997484d51966c3bd4278e7a1210457ad0700b1aec",
                "0daebab9a71b31ed15eb800fd4b8032755965c819dd51d07e6179953f43374d9"
            ],
            "type": "Script",
            "firstPartyCookies": {},
            "firstPartyCookiesSent": {},
            "exampleSites": [
                "antonscafebar.com",
                "bigbangpokemon.com",
                "cassiskitchen.com",
                "eaglecastlewinery.com",
                "esfstream.com",
                "frameboxxindore.com",
                "nsdelvalle.com",
                "orangekitchens.net",
                "pokemonsfreezone.com",
                "solefoodkitchen.com"
            ]
        }
    ],
    "categories": [],
    "performance": {},
    "cookies": 0.000109,
    "types": {
        "Script": 10
    },
    "nameservers": []
}