{
    "domain": "flixdot.com",
    "owner": {},
    "source": [
        "DuckDuckGo-US"
    ],
    "prevalence": 0.000531,
    "sites": 78,
    "subdomains": [],
    "cnames": [],
    "fingerprinting": 0,
    "resources": [
        {
            "rule": "flixdot\\.com\\/zone\\/24023\\/",
            "cookies": 0,
            "fingerprinting": 0,
            "subdomains": [],
            "apis": {},
            "sites": 25,
            "prevalence": 0.00017,
            "cnames": [],
            "responseHashes": [
                "db5337fd86d955587ec31b1df22612d2655555e33936f511324991c3dbb98a2f",
                "3a7305e23cba1f9fd33fd0a507cd3e81b5b396f970f5241adfdb26d9e56aeb98",
                "d535b91a6726c835ce43950ac1ef9941efb1b29f16eb3d47b0f57970d2dc2ebe",
                "1eef47233a7538cbc8950d5ba1e418c1bd8a3333391e262f1056cdc6640e30de",
                "33d6a1f0061799ec9c60ffe80d99a300fae6c187f57452252f98627a5d0e8e6c",
                "8292b07696687564c28d0ef1c75472c4b598c84997d2689e4e1dc07e53c65937",
                "87448b2fc0510162180f620d7a80569ca1e3012d6c568a7c43b47db9423e8803",
                "5a083930a478931c6c78d03584a59b886afe34a2c189dc1a192e21aee48ccd1f",
                "7c10273072a4487b93cc0dd6071787d0e74c49364bc06996d798b590092b1c17"
            ],
            "type": "Document",
            "firstPartyCookies": {},
            "firstPartyCookiesSent": {},
            "exampleSites": [
                "www.gaypornarchive.com",
                "www.brutalgays.net",
                "www.boy18tube.com",
                "www.good-gay.com",
                "www.go-gaytube.com",
                "www.gayfuckporn.com",
                "www.kingtwinks.com",
                "www.gayporn.fm",
                "www.gaymensextube.com",
                "gayporno.tv",
                "www.boymoviedome.com",
                "www.onlydudes.tv",
                "www.me-gay.com",
                "www.xl-gaytube.com",
                "www.good-gay.tv",
                "www.gaymenring.com",
                "www.gaypornplanet.com",
                "www.poshgay.com",
                "www.hornygayvideos.com",
                "www.gaymentubexxx.com"
            ]
        },
        {
            "rule": "flixdot\\.com\\/zone\\/20761\\/",
            "cookies": 0,
            "fingerprinting": 0,
            "subdomains": [],
            "apis": {},
            "sites": 2,
            "prevalence": 0.0000136,
            "cnames": [],
            "responseHashes": [
                "ae4a540e1e9bae2708d4186d57e39e256c0c171cb431627983faf8fe66f970b3"
            ],
            "type": "Document",
            "firstPartyCookies": {},
            "firstPartyCookiesSent": {},
            "exampleSites": [
                "shemalestube.com",
                "m.shemalestube.com"
            ]
        },
        {
            "rule": "flixdot\\.com\\/zone\\/23488\\/",
            "cookies": 0,
            "fingerprinting": 0,
            "subdomains": [],
            "apis": {},
            "sites": 2,
            "prevalence": 0.0000136,
            "cnames": [],
            "responseHashes": [
                "835ce41e51bb2e8ee2c9fe717c1ce7ed34b14f9a70a5b87a4f018cd00aeb0c94"
            ],
            "type": "Document",
            "firstPartyCookies": {},
            "firstPartyCookiesSent": {},
            "exampleSites": [
                "rule34video.com",
                "rule34video.party"
            ]
        },
        {
            "rule": "flixdot\\.com\\/zone\\/23887\\/",
            "cookies": 0,
            "fingerprinting": 0,
            "subdomains": [],
            "apis": {},
            "sites": 5,
            "prevalence": 0.000034,
            "cnames": [],
            "responseHashes": [
                "2ba9351422a83a0ec2d68bb5161433177bf138cef3e9ef93fc0a69ff6aea825f",
                "742152f7fad0502feaa9f7c4c48c3bb2e6460341850a3b6ba7a9fee53b0bf2a3",
                "1372c154b675ded45f613d6935af788e35e4a957d6ed66126a8a661a386456e3"
            ],
            "type": "Document",
            "firstPartyCookies": {},
            "firstPartyCookiesSent": {},
            "exampleSites": [
                "shemalecocktube.com",
                "www.shemaletube.tv",
                "www.trannytube.net",
                "www.trannytube.tv",
                "www.youtrannytube.com"
            ]
        }
    ],
    "categories": [],
    "performance": {},
    "cookies": 0,
    "types": {
        "Document": 34
    },
    "nameservers": [
        "jeremy.ns.cloudflare.com",
        "melinda.ns.cloudflare.com"
    ]
}