{
    "domain": "fpjs.io",
    "owner": {},
    "source": [
        "DuckDuckGo-US"
    ],
    "prevalence": 0.0000749,
    "sites": 11,
    "subdomains": [
        "api",
        "eu.api"
    ],
    "cnames": [],
    "fingerprinting": 0,
    "resources": [
        {
            "rule": "fpjs\\.io\\/",
            "cookies": 0.000034,
            "fingerprinting": 0,
            "subdomains": [
                "api",
                "eu.api"
            ],
            "apis": {},
            "sites": 7,
            "prevalence": 0.0000476,
            "cnames": [],
            "responseHashes": [
                "797b245b5091605742007488bfec05b464084d6f8c9e1087c06b0b25415a6f7d",
                "7979895725253b4db1679aaefdf2fa30acccf321191b742bace750532a3f00c6",
                "bb4032341b479ffc11f0fd807748c51df548fbd14e3e260f85cc30fb0c4b65f2",
                "4f24d1b969e92af261bd1edb150c3532dce205b59c47d2ef78fbaa1c05666733",
                "acaea373401dbb5dac334e51bc45e4adef005974d092ff47276a16115ec37680",
                "1458fe7fdef2dd6cf7723c8dcb3d5ef1650d3c5e961797876f05e30589803889"
            ],
            "type": "XHR",
            "firstPartyCookies": {},
            "firstPartyCookiesSent": {},
            "exampleSites": [
                "celsius.network",
                "app.celsius.network",
                "cornershopapp.com",
                "iqoption.com",
                "www.fieldengineer.com",
                "www.neimanmarcus.com",
                "www.visitsomerset.co.uk"
            ]
        }
    ],
    "categories": [],
    "performance": {},
    "cookies": 0.0000613,
    "types": {
        "XHR": 7
    },
    "nameservers": [
        "ns-103.awsdns-12.com",
        "ns-540.awsdns-03.net",
        "ns-1054.awsdns-03.org",
        "ns-1650.awsdns-14.co.uk"
    ]
}