{
    "domain": "freehostedscripts.net",
    "owner": {},
    "source": [
        "DuckDuckGo-US"
    ],
    "prevalence": 0.000109,
    "sites": 8,
    "subdomains": [],
    "cnames": [],
    "fingerprinting": 0,
    "resources": [
        {
            "rule": "freehostedscripts\\.net\\/ocounter\\.php",
            "cookies": 0,
            "fingerprinting": 0,
            "subdomains": [],
            "apis": {},
            "sites": 8,
            "prevalence": 0.000109,
            "cnames": [],
            "responseHashes": [
                "75467eb080d5b6cf0516ccf06781c948900281052307391db29233b59d46b370",
                "b40c08609fd3cd939a004b86a095ded95b04a8552a28d5f83ebf8aaa97076d9f",
                "58dba39a1dd78788d619f778ff35c20b026b3aeea2c5162d2b5dd5c01cdd16c5",
                "13da7a4a9ca26a418f255a7f3f30c7eef595c24ac2150d6e3042101299006358",
                "b3c72a652384dc8229d5559bb757503cdb9ae2aa4289ae371f9ed2e37df71731",
                "c6f00b8318f05b4bc41afe96f4f44feb156baa5278c3daa3a25d93071c78125d",
                "b118c7d74aff52fa7e35e9c5ffff6e2ab213beaedca1bcf7868e5a04145906c5"
            ],
            "type": "Script",
            "firstPartyCookies": {},
            "firstPartyCookiesSent": {
                "lotame_domain_check": 0.000027224218664924318
            },
            "exampleSites": [
                "ls-portal.eu",
                "malayalamkambikathakal.xyz",
                "redtube.net.pl",
                "satta-leak.com",
                "sexfilmy.com.pl",
                "sportsw.me",
                "tresubresdobles.com",
                "www.gp1.com.br"
            ]
        }
    ],
    "categories": [],
    "performance": {},
    "cookies": 0,
    "topInitiators": [
        {
            "domain": "first party",
            "prevalence": 1
        }
    ],
    "types": {
        "Script": 8
    },
    "nameservers": [
        "hugh.ns.cloudflare.com",
        "rita.ns.cloudflare.com"
    ]
}