{
    "domain": "freychang.fun",
    "owner": {},
    "source": [
        "DuckDuckGo-US"
    ],
    "prevalence": 0.00208,
    "sites": 300,
    "subdomains": [],
    "cnames": [],
    "fingerprinting": 0,
    "resources": [
        {
            "rule": "freychang\\.fun\\/",
            "cookies": 0.00124,
            "fingerprinting": 0,
            "subdomains": [],
            "apis": {},
            "sites": 179,
            "prevalence": 0.00124,
            "cnames": [],
            "responseHashes": [
                "7226194490d93ea8f94c04ec6a9a9bc2fc0f95842062467f317dc7bfb46a2193",
                "78adf0bee7dfdea3c9c998808b0454a96557ea13a50361e38a27fe387588f8ba",
                "fdf8b9dc53043508cd3fcf6e46a5fec006ab33905d28e54de915117ef8ed9377",
                "d7ad71f77e0c770edebfd09d48b41c50bb1f3fc7e62fbf8f8f65e99c1a5edd84",
                "c95274197f32510d923c460406dc7903ac1df2c2c6cad2caa9b77a76ef1d9720",
                "6af60d637bf44035ea757ffc82033ab93ba7dcb574c53fc7146849daf44abae1",
                "0c92d7eacd9547e1feb13b833b2dccd80d5745f286b9f8d609b7d7f4f58cb87d",
                "1e7a52b67ef3358327ed97fc8f2241841a79742a6cf6da8b13a1f83fec39998e",
                "c42a8a05e6fa9d18c9f2de2b3ef35542ae209420221dc1bfcb364a685b9d2ad7",
                "4a2f21a48df508f02c3cd3a1dac92259bfc55ca4796ed5cbd646afc8961e1024",
                "44528073ea7ef7e5ad6c867c9b9a8e9192a9039e7be43f344479ec525451d20e",
                "ba4d1b15327ecbe03b0051134282fdd89cb5d2e7a84f2d692263e6364de02db4",
                "b4f3f83079495929dbbb260a0d46bbceee42f0a63817ffa262afbf1bf8e1c247",
                "a3455d76ede59b126f4f7a3402f34f779953975341d057b0b7780d76cbd53197",
                "43859a99033e140dc9f5c65077413aa44c1983d444d73d0418136d03aeb2b831",
                "ee620b06157e1425107728e4d8539c6dba9cd5aa321f0ad1df77f09a85c0fd70",
                "0b690e39d7268180bbe0d100574eaebee420aa69dfb924cd87fe876a26386a3f",
                "a615f352aacbcb6fcf6c2b4541accaf2e9e9bef7f2905a6999aae620ba060385",
                "31322437982018a2440692bcaf48e4b7c44f95fce1c51d6b5f91bc008f417daa",
                "bd9ea7aab4e3cb1448a2591be368b92a28cc4e23aae2ceb8c2280622fd130f70",
                "5827b716eee843f51f4daf0776082dd31aa86ad9152cc5d7481f7e7cd124b0ea",
                "f9ad5fc8fffa49d0415a1af2a0913b0c5edb635f7a6f5eaa37ea807440f15aee",
                "bb8abfb932ac14e7c2eb695f832e6e82a234c5fe74993944604d0cc5e6a721a6",
                "fbe3841288667e27d6238c82faacb9b7c9aa3db16572bb193e4aa591ef172482",
                "cea451edff57b84a2d1c556077c6af89db0ad1a0af5dab70b1ebbcbb96a50580",
                "ca77953dedba4946905accca106e51a98f8649dba097e0d482e18b7178977f28",
                "6d95d3df25c9deaabe0be1719e747cd152c31550ee678a0ab84b1e83d41108b7",
                "cf96d1d52e260bea0821c8a8759df9e2c6f9e684a6b0b0aa399c39c95d716cb0",
                "3904724ba6928ff7415b7ab75c6b362759419e604c9e844752f0bd562cf5f586",
                "a694748c101a7ebd81aa05f1ca2aaf2e945fba6b14b6571f4121da593902bfda",
                "c8d17add170d2fb10467901509b05329801241cfc85ee53aeb456bf59025e340",
                "0f1df18e5539d1f8f2b5bed4815f9111bf51bd7ee444f39c5a4df6ea734d2fd9",
                "5cf7031fdc7f333d08256a3e68eb356359ca6fb896b11a1cb00505b68fabea5d",
                "7cd7c9bb9d4c17eff7bd051ee17212c7e8f2d9becfad7d2dd0fa7b88741da48b",
                "5c05b47cdc9349ecf64201e4daf0c000dab95a242ff925437c43bd41cbc2d915",
                "6ff08b1ab7f6e54eac99fd0c644ac2dcba21366425a2be245779de6b4ad5f739",
                "5ad405bff937a99ccd00e15f29cf65ed6786ace2d4d7c8ad2aa491bae24721c1",
                "807b66ac0a408dc2b7451764c802c84088582ab66a0d85183c749f4fcf5d5452",
                "80293b8e8a3fc49e4eb1d7307717ec526491cdd96e592212077abff6466f9f96",
                "7d4abd3e92b8251a1081577b5cb7cdde19324398f20ffbf8aa4135c60d884129",
                "240993f0bfaef0f28318664c8ab9b400ee59acf77b24ac3fe311889a7bb292de",
                "a3de438d9231791835453a3a40578746e11503924f10ca0e4a29f20ad00d96e9",
                "4867d4b79ba99c9e48a410a6f510f84923b0de8cf3b309a334fc4f07b8676dd7",
                "966aa8f03d934e00cd26900a7df8c19d67eaf3b416d2569047396d86b73f1d45",
                "9127c4a9fcaa76707b2c6e5ace337d10b4dc16a77934c1e19d4ad846fb5e2fd8",
                "049ee11eb0dfffdaf490d7e1f09c7c587525b135aad4120e3e56170e10005ab3",
                "c8295aebac8e6f41668ea70b128de14d5ee89b860ce67a6295be6216dcf04b54",
                "07cd0fa5e29de8df21aba69dc0e2b782c670769551c1e421f305e585b29983e7",
                "e05452ecfaf1169b9d573f0d7395d8c9e0f6087a6cb5ddb20eac968051430f39",
                "32859f66b9af7ceef444b19821ff8ab505756e59701cf436d8fb577540731f7d",
                "fee7b1bb8a76193759f8bf6b6e38fbba93e8a887e882add0d2d4a31b3198f073",
                "01a32a66dcd779e6e31068e20a46ed3f522f30d09f966866c6a99f96a8fdad70",
                "326bee58f1dd1f7c5f9f9e583e2b9feffc1441d5a5370fd9a78e7862627439f1",
                "3c9738610ec000c153598438b493b55e6d006fd67ef2c910a0d3cbe1812b4cd6",
                "628a3b80156ddd266e0621246de740ee70b16cd09d0e37691ac2cdd72a57debc",
                "1b1f1290786c2990ad83c725e41d10e0f0d502679d005547e3493c9d8d1f5201",
                "6617ac2b0662c2ccda28f97fc18c6f34bddff56b0161d3f79303a0dc08ca6695",
                "4ecfd6d8adf3b7e57c24cb676e52e12323a0230ec17f4d21fa6dbefbe95bdabe",
                "424810e9c542eb174d81871e11bf9e63474f4131741402bbb36496f62680c14d",
                "c2a9a8e614f06eeeef6cc2bc4bd7f391b49725ce59b21b61d03187ec82e9dea9",
                "323762a6358b9f1384adabac993ca405d45172a42c5e702313289e3188ee8029",
                "07e684592d5e18d3ad7889c5e3d4cc037b03fe48c13b4b90b1497eabdceabfa9",
                "c71aa2d5c74dec4dfb918357e5687b5431918ddabf2b15ab8164628eea700e44",
                "e1a79b5ea898cda6ed5c5591d954cf4314da54db6cd1b5f44d73da99fcff8afb",
                "3c53e356de4a94362ee700ebe4d810319190e5886976a201a090db57fd1a59aa",
                "17ee2c2772316e0ef7c35a0098e3b1327107a27be46554b348db3e81b793f387",
                "c266d226eb28799128162957abe7560456e4424c821eca7b1aa764f88c8dca04",
                "406fd2f5198b4a88aa804bcb6da15c9665af597c8342869d641bb29c984a6803",
                "8bace81bfd7f76db1ff269d7878091de66d8c6724a99395e7f4e2482f9c6d2c2",
                "a96e52087c58c6ad786c004854fab173adc85b282ca91e47f6f30456420b2ff7",
                "da86476ac0e08326b409a0518cbf1ffd3bec4db10c4e27f4219a5c74178dcab0",
                "48e788ee8c04ffaf9361ea1f9355614c491a19e75bb3b9f7a41b8d003e146752",
                "35313ce151accaeef0f01d825bb9cfb1e260ef5ad3b5c9e2e164b9588956cd7d",
                "4eaf3cccb2e8ce6ea418990d34966c46039d44f2d16662309f4e43b28e4b670e",
                "faa3ba93c6b5601737dc6531f35c0afada08799a93e8da941e4038842016d360",
                "fd7a74726868818069caa19cfce13864659e9aaf61aa951d63c2b177ef74a2e3",
                "cec70101df621e9fd487a3acc36f31959ede4408e703104bd4ca1e1fcef19ce4",
                "4a3c1422e49e8f3a91bd0bc27757c7b4970ae3230b871aa3e1213bcc0c5d5ab2",
                "3e6e4a75bc6e576e58cf4e6e62c038639bc045e13fa3e7b7546822fe056e8bcb",
                "f9c0ac91e5213b72089ea1fd206b3b552477299a15d64dfbfda68e2cce65e559",
                "fe894a0a919166bb2d3dffe29c28b9beac8155a2b366e002c181b794686c98af",
                "cf98f427b5eaad4e3f0aa1c67bcb184c1a22620028cae410ab6f1583bf04ec2a",
                "1157df47e705c104e4f8a69c94f3bac339a885004058f76f7ea525a0e2a5d949",
                "bd72e379c057ef6eba5b147e762d7c86647bad899a37b6a5e24e9faecb7ecb33",
                "dfd23460c10765d7139d36a6b85c431cd00e99420547614f81a458b8ba21a57c",
                "90264d06dc924999a1a2c66511b6c732cfe623e805e2bd350ac026a5329641e5",
                "a3732769c94bf14248ce63598bbc67ad0b5a580de38ce3eeb2e500792b0b4921",
                "c9f87ca20c1a72c603c6583c226b469ce9ba18cc5af90f3e68c0f072c4d08180",
                "aab0338eb2fc603d6dabc9b1c5bd5161f227a2dbba4e2687e99f520fcc6a94da",
