{
    "domain": "frosmo.com",
    "owner": {
        "name": "Frosmo Ltd",
        "displayName": "Frosmo"
    },
    "source": [
        "DuckDuckGo-US"
    ],
    "prevalence": 0.000208,
    "sites": 30,
    "subdomains": [
        "fi1",
        "us",
        "alehdetfi.fi1",
        "urbanarmorgearcomu.us",
        "common_api",
        "mtv_fi_api",
        "swisslos_api"
    ],
    "cnames": [],
    "fingerprinting": 1,
    "resources": [
        {
            "rule": "frosmo\\.com\\/recoApi\\/v2",
            "cookies": 0,
            "fingerprinting": 0,
            "subdomains": [
                "fi1",
                "us"
            ],
            "apis": {},
            "sites": 11,
            "prevalence": 0.0000761,
            "cnames": [],
            "responseHashes": [
                "e298a8356b03863edda475c26aaa5c2ef1eb81958eb2d7de55edb52d3de1afe6",
                "ba7011aed2ea4aeb57f4152e66f9e0aebfedc936a47b7ec67f7e523b4ec42e39",
                "25ac29823ea32c588d7536a57d86d5eca0f9a65b9f951dabc9de7e8c6560ad90",
                "b61d1fe840d4cccc50c8179372bebbdb514a67929b305feda3fcd562b0ae651b",
                "cb95c7dacdb77b582e9532fa4312d95b25f7db09fead002a10bd608c8bebeec3",
                "ec5d45e052e94bb230e7b5a56872d8c21f1aa48594c30c422621593b87535b87",
                "943d6c7fecdcf66b1ec8e2d705cad1e092e72c2609151a4f5128114e63d3dc66",
                "7ebdd825b5dc300ed333ca7948cd1f390cc69ea30da20363e7ef39c4fc3f0ef0",
                "08607e491c0e85746e5728269206d7b5d3236d938b36671e650e7c21af471015",
                "896a04b098176059d021c9e9ecbcbe356e82d5d152dfc8a1b63255498ec1c4f2"
            ],
            "type": "XHR",
            "firstPartyCookies": {},
            "firstPartyCookiesSent": {
                "mage-cache-storage": 0.000006917925729149372,
                "mage-cache-storage-section-invalidation": 0.000006917925729149372,
                "recently_viewed_product": 0.000006917925729149372,
                "recently_viewed_product_previous": 0.000006917925729149372,
                "recently_compared_product": 0.000006917925729149372,
                "recently_compared_product_previous": 0.000006917925729149372,
                "product_data_storage": 0.000006917925729149372
            },
            "exampleSites": [
                "apu.fi",
                "www.apu.fi",
                "www.bauhaus.fi",
                "www.karkkainen.com",
                "www.meillakotona.fi",
                "www.power.dk",
                "www.power.fi",
                "www.puuilo.fi",
                "www.terve.fi",
                "www.tokmanni.fi",
                "www.urbanarmorgear.com"
            ]
        },
        {
            "rule": "frosmo\\.com\\/frosmo\\.xdm\\.html",
            "cookies": 0,
            "fingerprinting": 1,
            "subdomains": [
                "alehdetfi.fi1",
                "urbanarmorgearcomu.us"
            ],
            "apis": {
                "window.localStorage": 5
            },
            "sites": 5,
            "prevalence": 0.0000346,
            "cnames": [],
            "responseHashes": [
                "6b65e3870f0c53a1563b29a83330581f3be5b5f809b3105f38390a561ded34a3"
            ],
            "type": "Document",
            "firstPartyCookies": {},
            "firstPartyCookiesSent": {},
            "exampleSites": [
                "apu.fi",
                "www.apu.fi",
                "www.meillakotona.fi",
                "www.terve.fi",
                "www.urbanarmorgear.com"
            ]
        },
        {
            "rule": "frosmo\\.com\\/optimizerApi",
            "cookies": 0,
            "fingerprinting": 0,
            "subdomains": [
                "fi1",
                "us"
            ],
            "apis": {},
            "sites": 16,
            "prevalence": 0.000111,
            "cnames": [],
            "responseHashes": [
                "77b1d2c0857d4e95d4c2ae7aa0abc5aaafa6bd4581b31203d1592759c26f5c44"
            ],
            "type": "Ping",
            "firstPartyCookies": {},
            "firstPartyCookiesSent": {},
            "exampleSites": [
                "apu.fi",
                "www.apu.fi",
                "www.bauhaus.fi",
                "www.contentful.com",
                "www.halpahalli.fi",
                "www.helsinki.fi",
                "www.karkkainen.com",
                "www.meillakotona.fi",
                "www.power.dk",
                "www.power.fi",
                "www.power.no",
                "www.puuilo.fi",
                "www.reima.com",
                "www.terve.fi",
                "www.tokmanni.fi",
                "www.urbanarmorgear.com"
            ]
        },
        {
            "rule": "frosmo\\.com\\/eventsApi",
            "cookies": 0,
            "fingerprinting": 0,
            "subdomains": [
                "fi1",
                "us"
            ],
            "apis": {},
            "sites": 8,
            "prevalence": 0.0000553,
            "cnames": [],
            "responseHashes": [
                "25b4ecfd3a740f29d76fe930a4cec9d41afa0cfd2bafa70ca4051bd3d5395d74"
            ],
            "type": "Ping",
            "firstPartyCookies": {},
            "firstPartyCookiesSent": {},
            "exampleSites": [
                "apu.fi",
                "www.apu.fi",
                "www.bauhaus.fi",
                "www.meillakotona.fi",
                "www.puuilo.fi",
                "www.terve.fi",
                "www.tokmanni.fi",
                "www.urbanarmorgear.com"
            ]
        },
        {
            "rule": "frosmo\\.com\\/segmentApi",
            "cookies": 0.000111,
            "fingerprinting": 0,
            "subdomains": [
                "fi1",
                "us"
            ],
            "apis": {},
            "sites": 16,
            "prevalence": 0.000111,
            "cnames": [],
            "responseHashes": [
                "77b1d2c0857d4e95d4c2ae7aa0abc5aaafa6bd4581b31203d1592759c26f5c44"
            ],
            "type": "Ping",
            "firstPartyCookies": {},
            "firstPartyCookiesSent": {},
            "exampleSites": [
                "apu.fi",
                "www.apu.fi",
                "www.bauhaus.fi",
                "www.contentful.com",
                "www.halpahalli.fi",
                "www.helsinki.fi",
                "www.karkkainen.com",
                "www.meillakotona.fi",
                "www.power.dk",
                "www.power.fi",
                "www.power.no",
                "www.puuilo.fi",
                "www.reima.com",
                "www.terve.fi",
                "www.tokmanni.fi",
                "www.urbanarmorgear.com"
            ]
        },
        {
            "rule": "frosmo\\.com\\/location",
            "cookies": 0,
            "fingerprinting": 0,
            "subdomains": [
                "fi1",
                "us"
            ],
            "apis": {},
            "sites": 16,
            "prevalence": 0.000111,
            "cnames": [],
            "responseHashes": [
                "77b1d2c0857d4e95d4c2ae7aa0abc5aaafa6bd4581b31203d1592759c26f5c44"
            ],
            "type": "XHR",
            "firstPartyCookies": {},
            "firstPartyCookiesSent": {},
            "exampleSites": [
                "apu.fi",
                "www.apu.fi",
                "www.bauhaus.fi",
                "www.contentful.com",
                "www.halpahalli.fi",
                "www.helsinki.fi",
                "www.karkkainen.com",
                "www.meillakotona.fi",
                "www.power.dk",
                "www.power.fi",
                "www.power.no",
                "www.puuilo.fi",
                "www.reima.com",
                "www.terve.fi",
                "www.tokmanni.fi",
                "www.urbanarmorgear.com"
            ]
        },
        {
            "rule": "frosmo\\.com\\/messageApi",