{
    "domain": "fusedeck.net",
    "owner": {},
    "source": [
        "DuckDuckGo-US"
    ],
    "prevalence": 0.0000553,
    "sites": 8,
    "subdomains": [
        "io"
    ],
    "cnames": [],
    "fingerprinting": 2,
    "resources": [
        {
            "rule": "fusedeck\\.net\\/d\\/tm\\.js",
            "cookies": 0.0000208,
            "fingerprinting": 2,
            "subdomains": [
                "io"
            ],
            "apis": {
                "Navigator.prototype.userAgent": 4,
                "window.localStorage": 4,
                "Date.prototype.getTime": 4,
                "Navigator.prototype.language": 4,
                "Navigator.prototype.cookieEnabled": 4,
                "Navigator.prototype.doNotTrack": 4,
                "Navigator.prototype.webdriver": 4,
                "Document.cookie getter": 4,
                "Document.cookie setter": 3
            },
            "sites": 6,
            "prevalence": 0.0000415,
            "cnames": [],
            "responseHashes": [
                "0f0498abd6d8d4ccc3402c004254e36c94b5fe01694d0ab688c83636259ec860",
                "d5c97875ce7e8f70467d4518f0bb4403e047e3856bcb1e7bcb15d2887dfb899f",
                "ae9758cf9c3dfefb14687c4f4f368533687cc1ca0280c6f87f6dc497e1f6846e",
                "19b0292a3149c737045a7093805bb5684e073b9ac15ce172b74234393c125a5a"
            ],
            "type": "Script",
            "firstPartyCookies": {
                "fdusr_LFgbunTtik": {
                    "ttl": 31536001,
                    "length": 62,
                    "prevalence": 0.000013835851458298743,
                    "uniqueness": 1
                },
                "fdse_LFgbunTtik": {
                    "ttl": 1801,
                    "length": 502,
                    "prevalence": 0.000013835851458298743,
                    "uniqueness": 1
                },
                "fdca_LFgbunTtik": {
                    "ttl": 31536001,
                    "length": 53,
                    "prevalence": 0.000013835851458298743,
                    "uniqueness": 1
                },
                "fdusr_mDsfPRU2UZ": {
                    "ttl": 31536002,
                    "length": 62,
                    "prevalence": 0.000006917925729149372,
                    "uniqueness": 1
                },
                "fdse_mDsfPRU2UZ": {
                    "ttl": 1806,
                    "length": 607,
                    "prevalence": 0.000006917925729149372,
                    "uniqueness": 1
                },
                "fdca_mDsfPRU2UZ": {
                    "ttl": 31536006,
                    "length": 53,
                    "prevalence": 0.000006917925729149372,
                    "uniqueness": 1
                }
            },
            "firstPartyCookiesSent": {},
            "exampleSites": [
                "davos.ch",
                "www.davos.ch",
                "www.graubuenden.ch",
                "www.hslu.ch",
                "www.myswitzerland.com",
                "www.zuerich.com"
            ]
        },
        {
            "rule": "fusedeck\\.net\\/t\\/eng",
            "cookies": 0,
            "fingerprinting": 0,
            "subdomains": [
                "io"
            ],
            "apis": {},
            "sites": 4,
            "prevalence": 0.0000277,
            "cnames": [],
            "responseHashes": [],
            "type": "WebSocket",
            "firstPartyCookies": {},
            "firstPartyCookiesSent": {},
            "exampleSites": [
                "davos.ch",
                "www.davos.ch",
                "www.graubuenden.ch",
                "www.hslu.ch"
            ]
        }
    ],
    "categories": [],
    "performance": {},
    "cookies": 0.0000208,
    "types": {
        "Script": 6,
        "WebSocket": 4
    },
    "nameservers": [
        "ns-220.awsdns-27.com",
        "ns-733.awsdns-27.net",
        "ns-1584.awsdns-06.co.uk",
        "ns-1186.awsdns-20.org"
    ]
}