{
    "domain": "future.net.uk",
    "owner": {},
    "source": [
        "DuckDuckGo-US"
    ],
    "prevalence": 0.000245,
    "sites": 18,
    "subdomains": [
        "search-api.fie"
    ],
    "cnames": [],
    "fingerprinting": 0,
    "resources": [
        {
            "rule": "future\\.net\\.uk\\/css\\/browser\\/16\\.36\\.28-d634413c1248165071b4192cf873a3aaad30c57f\\/promotionfallback\\.min\\.css",
            "cookies": 0,
            "fingerprinting": 0,
            "subdomains": [
                "search-api.fie"
            ],
            "apis": {},
            "sites": 3,
            "prevalence": 0.0000408,
            "cnames": [],
            "responseHashes": [
                "06c6ed04d297314900b5cb76ff12e60da3af17be2b99effaafe9bbbc06c25968"
            ],
            "type": "Stylesheet",
            "firstPartyCookies": {},
            "firstPartyCookiesSent": {},
            "exampleSites": [
                "androidcentral.com",
                "www.goodto.com",
                "www.windowscentral.com"
            ]
        },
        {
            "rule": "future\\.net\\.uk\\/merchant-domains\\.php",
            "cookies": 0,
            "fingerprinting": 0,
            "subdomains": [
                "search-api.fie"
            ],
            "apis": {},
            "sites": 13,
            "prevalence": 0.000177,
            "cnames": [],
            "responseHashes": [
                "b13c25e28fca310e7324220ca18183fc82d578f00414ecff330dd0c5a1c487fe",
                "aca984ed445d518548a20e8d210d323cb24c94e8f9262490f5280de638983d35",
                "ec1ab59260c4eb0fbbe0adca12b16afb5116adce747675bd041724c91ee1ba29",
                "ec080a1d98d483b226bd174a4f197596c9174171fae8a7838370ea701a0b3005",
                "e307adb2545748386560c42c87cee391829cb5642d4e790bbba32c06936b8e85",
                "c25b27945cc8c2b8d0931b81906cd4ab76cd8cfdc5311a9efda9dce480a07c5f",
                "441e65a508f7c6c2c7311f5fc65062f8c6430fca3e205aeb7e85732e49de7bbd",
                "172b79007d9fdbfbb36d4aee5cc9813100e434966c2ec0f968a44dd0112fd183",
                "dd9e3eb20d76a1d9cd67ec1733d9ed8f2386f6b5ae2e96a764cf6f987cecbd52",
                "118678ecc8664f45557fa800a6b51ad000f3322e22b11f24bd4a07c876b84a72",
                "c5674ce56c09a2800e817e1846c213e520eda3aa7db2b279b6c846c41a5351cb",
                "3c3672a3d9b611aa7218ba2bd788ba7eb5727aae1657456392d54797ef131ad6"
            ],
            "type": "Fetch",
            "firstPartyCookies": {},
            "firstPartyCookiesSent": {},
            "exampleSites": [
                "androidcentral.com",
                "www.cinemablend.com",
                "www.cyclingnews.com",
                "www.fourfourtwo.com",
                "www.golfmonthly.com",
                "www.goodto.com",
                "www.homesandgardens.com",
                "www.idealhome.co.uk",
                "www.imore.com",
                "www.marieclaire.com",
                "www.whattowatch.com",
                "www.windowscentral.com",
                "www.womanandhome.com"
            ]
        },
        {
            "rule": "future\\.net\\.uk\\/css\\/browser\\/16\\.36\\.28-d634413c1248165071b4192cf873a3aaad30c57f\\/promotion\\.min\\.css",
            "cookies": 0,
            "fingerprinting": 0,
            "subdomains": [
                "search-api.fie"
            ],
            "apis": {},
            "sites": 11,
            "prevalence": 0.00015,
            "cnames": [],
            "responseHashes": [
                "57669059734ef36e6ac0b8efbacbe907b84af5eb6b3380573481ae7b3c1b2379"
            ],
            "type": "Stylesheet",
            "firstPartyCookies": {},
            "firstPartyCookiesSent": {},
            "exampleSites": [
                "fourfourtwo.com",
                "www.gamesradar.com",
                "www.golfmonthly.com",
                "www.guitarworld.com",
                "www.homesandgardens.com",
                "www.idealhome.co.uk",
                "www.imore.com",
                "www.livescience.com",
                "www.loudersound.com",
                "www.space.com",
                "www.womanandhome.com"
            ]
        }
    ],
    "categories": [],
    "performance": {},
    "cookies": 0,
    "topInitiators": [
        {
            "domain": "first party",
            "prevalence": 0.6829268292682927
        },
        {
            "domain": "futurecdn.net",
            "prevalence": 0.2926829268292683
        },
        {
            "domain": "d4el4parm0zb3.cloudfront.net",
            "prevalence": 0.024390243902439025
        }
    ],
    "types": {
        "Stylesheet": 14,
        "Fetch": 13
    },
    "nameservers": [
        "ns-57.awsdns-07.com",
        "ns-615.awsdns-12.net",
        "ns-1198.awsdns-21.org",
        "ns-1825.awsdns-36.co.uk"
    ]
}