{
    "domain": "gaming-curacao.com",
    "owner": {},
    "source": [
        "DuckDuckGo-US"
    ],
    "prevalence": 0.000231,
    "sites": 17,
    "subdomains": [
        "licensing"
    ],
    "cnames": [],
    "fingerprinting": 0,
    "resources": [
        {
            "rule": "gaming-curacao\\.com\\/validator\\/",
            "cookies": 0.000191,
            "fingerprinting": 0,
            "subdomains": [
                "licensing"
            ],
            "apis": {},
            "sites": 14,
            "prevalence": 0.000191,
            "cnames": [],
            "responseHashes": [
                "389657cdebf822803dd7ebeb9470dd800df78730c2ae4db2905df1902276bfb5",
                "e21e20e066028a64d5a39e997a42926506bc892249138819458cc8e45c1eb068",
                "dcfc17daf03b2073b775b7a7b7d39301c70ef6c5d43e3bed7923f3bb5c168fdc",
                "28aad011d5f494995d9ebfb19804e0a1249e5e5e590ce634ce4c6ffba94be7e0",
                "bece7525a602ccda69eea400f6474e473301879ccf7142723c3f7e311d809bc7",
                "14017b04fef6c5d5a2a778d5385341706efa18221d58735702c5a0a8d1b9d31f",
                "e8a74113c1698b7afc8d870869c478430521bcefee64e48752d3f573254d450d",
                "247f865f64a69a7d2537bf2e93e84e432cfa2af9f5fd352d6102f3c85926637d"
            ],
            "type": "Document",
            "firstPartyCookies": {},
            "firstPartyCookiesSent": {},
            "exampleSites": [
                "betfa.com",
                "glory.casino",
                "irbet365.com",
                "m.888bet.tz",
                "manotobet.com",
                "micasino.com",
                "pars90.com",
                "takbet.com",
                "tounesbet.com",
                "www.betbarter.com",
                "www.bingovillage.com",
                "www.casinocastle.com",
                "www.sky247.com",
                "www.sportybet.com"
            ]
        },
        {
            "rule": "gaming-curacao\\.com\\/validator\\/images\\/style\\.css",
            "cookies": 0,
            "fingerprinting": 0,
            "subdomains": [
                "licensing"
            ],
            "apis": {},
            "sites": 14,
            "prevalence": 0.000191,
            "cnames": [],
            "responseHashes": [
                "01b5ac66d05cc93ea69eb8e76427d55f38d8d9b7eedbed0d04477d72e399ce55"
            ],
            "type": "Stylesheet",
            "firstPartyCookies": {},
            "firstPartyCookiesSent": {},
            "exampleSites": [
                "betfa.com",
                "glory.casino",
                "irbet365.com",
                "m.888bet.tz",
                "manotobet.com",
                "micasino.com",
                "pars90.com",
                "takbet.com",
                "tounesbet.com",
                "www.betbarter.com",
                "www.bingovillage.com",
                "www.casinocastle.com",
                "www.sky247.com",
                "www.sportybet.com"
            ]
        },
        {
            "rule": "gaming-curacao\\.com\\/validator\\/images\\/tablet\\.css",
            "cookies": 0,
            "fingerprinting": 0,
            "subdomains": [
                "licensing"
            ],
            "apis": {},
            "sites": 14,
            "prevalence": 0.000191,
            "cnames": [],
            "responseHashes": [
                "08dd86ecaa3c60b31c3dcc0ec9e6364501ee16b7e314fbc204c9618f10c17690"
            ],
            "type": "Stylesheet",
            "firstPartyCookies": {},
            "firstPartyCookiesSent": {},
            "exampleSites": [
                "betfa.com",
                "glory.casino",
                "irbet365.com",
                "m.888bet.tz",
                "manotobet.com",
                "micasino.com",
                "pars90.com",
                "takbet.com",
                "tounesbet.com",
                "www.betbarter.com",
                "www.bingovillage.com",
                "www.casinocastle.com",
                "www.sky247.com",
                "www.sportybet.com"
            ]
        },
        {
            "rule": "gaming-curacao\\.com\\/validator\\/images\\/mobile\\.css",
            "cookies": 0,
            "fingerprinting": 0,
            "subdomains": [
                "licensing"
            ],
            "apis": {},
            "sites": 14,
            "prevalence": 0.000191,
            "cnames": [],
            "responseHashes": [
                "2adadde0b1dbd65e05dbf4903cd4790b1bb844053309c641cd089338464d0f10"
            ],
            "type": "Stylesheet",
            "firstPartyCookies": {},
            "firstPartyCookiesSent": {},
            "exampleSites": [
                "betfa.com",
                "glory.casino",
                "irbet365.com",
                "m.888bet.tz",
                "manotobet.com",
                "micasino.com",
                "pars90.com",
                "takbet.com",
                "tounesbet.com",
                "www.betbarter.com",
                "www.bingovillage.com",
                "www.casinocastle.com",
                "www.sky247.com",
                "www.sportybet.com"
            ]
        },
        {
            "rule": "gaming-curacao\\.com\\/validator\\/images\\/not-verified\\.png",
            "cookies": 0,
            "fingerprinting": 0,
            "subdomains": [
                "licensing"
            ],
            "apis": {},
            "sites": 14,
            "prevalence": 0.000191,
            "cnames": [],
            "responseHashes": [
                "f7b95d315e0866df84b7675655eb9433c9eefe1ddba16518d9837923f89b8fa7"
            ],
            "type": "Image",
            "firstPartyCookies": {},
            "firstPartyCookiesSent": {},
            "exampleSites": [
                "betfa.com",
                "glory.casino",
                "irbet365.com",
                "m.888bet.tz",
                "manotobet.com",
                "micasino.com",
                "pars90.com",
                "takbet.com",
                "tounesbet.com",
                "www.betbarter.com",
                "www.bingovillage.com",
                "www.casinocastle.com",
                "www.sky247.com",
                "www.sportybet.com"
            ]
        },
        {
            "rule": "gaming-curacao\\.com\\/validator\\/images\\/gotham-book\\.woff",
            "cookies": 0,
            "fingerprinting": 0,
            "subdomains": [
                "licensing"
            ],
            "apis": {},
            "sites": 14,
            "prevalence": 0.000191,
            "cnames": [],
            "responseHashes": [
                "bd3e28bd6169eeeb37670a45f6f64f78e630a89e529ece65a1c57ca1124e5840"
            ],
            "type": "Font",
            "firstPartyCookies": {},
            "firstPartyCookiesSent": {},
            "exampleSites": [
                "betfa.com",
                "glory.casino",
                "irbet365.com",
                "m.888bet.tz",
                "manotobet.com",
                "micasino.com",
                "pars90.com",
                "takbet.com",
                "tounesbet.com",
                "www.betbarter.com",
                "www.bingovillage.com",
                "www.casinocastle.com",
                "www.sky247.com",
                "www.sportybet.com"
            ]
        },
        {
            "rule": "gaming-curacao\\.com\\/validator\\/images\\/Gaming-Curacao-ClickToVerify\\.png",
            "cookies": 0,
            "fingerprinting": 0,
            "subdomains": [
                "licensing"
            ],
            "apis": {},
            "sites": 3,
            "prevalence": 0.0000408,
            "cnames": [],
            "responseHashes": [
                "cdf21b1d1a59ece32732863e2a81f19cb803506eab70fe6e99eb9b70dd491341"
            ],
            "type": "Image",
            "firstPartyCookies": {},
            "firstPartyCookiesSent": {},