{
    "domain": "gammamaximum.com",
    "owner": {
        "name": "Leven Labs, Inc. DBA Admiral",
        "displayName": "Admiral"
    },
    "source": [
        "DuckDuckGo-US"
    ],
    "prevalence": 0.000221,
    "sites": 32,
    "subdomains": [],
    "cnames": [],
    "fingerprinting": 1,
    "resources": [
        {
            "rule": "gammamaximum\\.com\\/ac595b0bd1b1f6e62ce46c2ce57c936ea6f47b8e2936dc2a3876a18eadffd94a289806f2a42865c2057288dd30b30f07490e2c6ae59ea0f801f1a13317ea",
            "cookies": 0.000159,
            "fingerprinting": 1,
            "subdomains": [],
            "apis": {
                "Navigator.prototype.userAgent": 23,
                "window.localStorage": 23,
                "Document.cookie getter": 23,
                "Document.cookie setter": 23,
                "Notification.permission": 23
            },
            "sites": 23,
            "prevalence": 0.000159,
            "cnames": [],
            "responseHashes": [
                "fee088232af443c51578fbbe99f2deae5d29a37c0a14a750e345815a87f2befd",
                "47c6ff1f0be29dc4172345920d9620c8bb45af703bf2350cba4d63a6a37de22b",
                "24484d96929d5d94104ddfac4346b158116fe94e04b726f96d81d074c5d8637a",
                "ae8e6d1e5f718a82b9342380f0ca267ac743180578217d0c8b7be1fa69dca7c6",
                "955ae4944c4a04487b3fe0c39fb6b9db596a6a2e645d3665d8d83d0f02307bab",
                "0c167c3bfffd105b2edbae1692cc731087f9af281ac074691de993cd02dbb22b",
                "62c3375ff411d76a98a0a249af86351f124ddd4ec01638ea055f0cb910639337",
                "d6c084e91ac97109e0695b3422f6b68bdda96816c5f160bcd845c7e2616c8029",
                "6e97ab58459931b2667bc3041da6820f5445b4c3956f72af8901a1b10c5fa976",
                "0a82861c50426d054bc4ba3cab001e81e3c2bbbe2e93d9926932b7cf7d1d9a2e",
                "c466d8b5f23a25d9e0e511dd87a828c0d1d25f561dbf38e963807da28baa26c3",
                "7dc1e898dc2748f480e1dc2357828a09e5e616c545bd31d61b5e7c622c207509",
                "62527df35a0f857f7af2c81d89485aa234a47383930ada7efaa37f917f7f5c37",
                "132453f73c93b25aefafb70ba9fcba3bbacdda7cde5dbaaf36883e5c0ecee97a",
                "6ab340a23421cbbb4773790938fca59f52023fab75f646117229363297313480",
                "b36002193df4f676d0d2af5665c9f12f356e7e5a27f2d30a5a5bb7466d3a12ba",
                "304051e9764affae0b9847ff25f5014bec4a24050e8aed2256d23249a7e9771c",
                "c0e855f8aeb1727556a015f0953efa00c3212b1d97dbac018bc21b36ab7fddef",
                "0b7d807986b3f652bafe84d0304657592d31c047c4ecaedfe7c2ee34100bd922",
                "77102c73050e2343437acec3c6546f4c85c4a561da165422adda87ccdd8e64a5",
                "153f42a516500f68bc11a601aeb1fc7d0fde1876acd51a8169c33b4e8491fe41",
                "5ea2d7c7e42c60a5b35736d2d51f59018c03acc29ff784c0e933c9d77a6f91e8"
            ],
            "type": "Script",
            "firstPartyCookies": {
                "_awl": {
                    "ttl": 94608000,
                    "length": 94,
                    "prevalence": 0.00015911229177043555,
                    "uniqueness": 1
                },
                "_admrla": {
                    "ttl": 94608000,
                    "length": 40,
                    "prevalence": 0.000006917925729149372,
                    "uniqueness": 1
                }
            },
            "firstPartyCookiesSent": {},
            "exampleSites": [
                "guiltyeats.com",
                "bamahammer.com",
                "riggosrag.com",
                "foodsided.com",
                "apptrigger.com",
                "arrowheadaddict.com",
                "flywareagle.com",
                "thevikingage.com",
                "fansided.com",
                "netflixlife.com",
                "1428elm.com",
                "razorbackers.com",
                "rubbingtherock.com",
                "caneswarning.com",
                "onechicagocenter.com",
                "bamsmackpow.com",
                "precincttv.com",
                "stormininnorman.com",
                "winteriscoming.net",
                "champagneandshade.com"
            ]
        }
    ],
    "categories": [],
    "performance": {},
    "cookies": 0.000221,
    "types": {
        "Script": 23
    },
    "nameservers": [
        "ns-697.awsdns-23.net",
        "ns-305.awsdns-38.com",
        "ns-1627.awsdns-11.co.uk",
        "ns-1212.awsdns-23.org"
    ]
}