{
    "domain": "gammamaximum.com",
    "owner": {
        "name": "Leven Labs, Inc. DBA Admiral",
        "displayName": "Admiral"
    },
    "source": [
        "DuckDuckGo-US"
    ],
    "prevalence": 0.000114,
    "sites": 16,
    "subdomains": [],
    "cnames": [],
    "fingerprinting": 1,
    "resources": [
        {
            "rule": "gammamaximum\\.com\\/ac595b0bd1b1f6e62ce46c2ce57c936ea6f47b8e2936dc2a3876a18eadffd94a289806f2a42865c2057288dd30b30f07490e2c6ae59ea0f801f1a13317ea",
            "cookies": 0.0000643,
            "fingerprinting": 1,
            "subdomains": [],
            "apis": {
                "Navigator.prototype.userAgent": 9,
                "window.localStorage": 9,
                "Document.cookie getter": 9,
                "Date.prototype.getTimezoneOffset": 9,
                "Document.cookie setter": 9
            },
            "sites": 9,
            "prevalence": 0.0000643,
            "cnames": [],
            "responseHashes": [
                "85086fc8988438d8a76a24124989173dd6b6df98555d7b379b3583e2b8f72af5",
                "5297e0644711e84e06613b5e82be1b612ee838e099ff0861e99ed6b38d0b9d68",
                "49c2ed04bbf47c3c1247364b2e48ee88039eeb3d310378688799d029df56bba0",
                "3a9fbdacd43befb366cde75868e32cf5dc864004efd978665ff5e50c7bb23aea",
                "02594415071c777fb09bc93f7e1a7763188db539356acfb4ce2ed6ace01605a1",
                "3ae4ebe158cbf4894722149cce93e899d28e68795d5269ff55bab8070b867105",
                "17f8c93275acf6f253403524a2f95b20e33ddfb015c6faf740e805c4944b77db",
                "b330ffcab22837a837c2bc2351c47fdd7502f41ad76fec2071753a4a5e9d3e4c"
            ],
            "type": "Script",
            "firstPartyCookies": {
                "_awl": {
                    "ttl": 94608000,
                    "length": 76,
                    "prevalence": 0.00006434914415638272,
                    "uniqueness": 1
                }
            },
            "firstPartyCookiesSent": {},
            "exampleSites": [
                "apptrigger.com",
                "bamsmackpow.com",
                "champagneandshade.com",
                "dorksideoftheforce.com",
                "fansided.com",
                "hiddenremote.com",
                "netflixlife.com",
                "undeadwalking.com",
                "winteriscoming.net"
            ]
        }
    ],
    "categories": [],
    "performance": {},
    "cookies": 0.000114,
    "types": {
        "Script": 9
    },
    "nameservers": [
        "ns-697.awsdns-23.net",
        "ns-305.awsdns-38.com",
        "ns-1627.awsdns-11.co.uk",
        "ns-1212.awsdns-23.org"
    ]
}