{
    "domain": "gamooga.com",
    "owner": {},
    "source": [
        "DuckDuckGo-US"
    ],
    "prevalence": 0.000163,
    "sites": 24,
    "subdomains": [
        "evbk"
    ],
    "cnames": [],
    "fingerprinting": 0,
    "resources": [
        {
            "rule": "gamooga\\.com\\/nv\\/",
            "cookies": 0,
            "fingerprinting": 0,
            "subdomains": [
                "evbk"
            ],
            "apis": {},
            "sites": 14,
            "prevalence": 0.0000953,
            "cnames": [],
            "responseHashes": [
                "f996cd138bb901a03a284d5bcdbb6ebf56a1b5474b10ade9a84f64aa4d324f99",
                "4cca8b6262d6db1176a6c788cc715964dd6268cbc0e45372856a4fdf3a1fe6d1",
                "b7e2b348072305f8dd916a1fbb31df97486efe5b54eb13b7ce6705f2bfea00cf",
                "88f6b077e9b0e569f509ad628219c96874151a646802eaffc52ed16ca9cefc64",
                "441e3acf9a55c6bfc022f7e9b260f0b5696426c166a2e69a75c246098ad97248",
                "ab02fcc9e474c5085ad722d660190522b5d543f201bd63577d5fb1405bf9845d",
                "63735592f5f527057d46f011875d05ec54962d78e478ed89d5ac3c0edcbf4ef6",
                "03355fd57045d541eb0e2afb8bcdfc5c86e7a28e47b7629f6198436a5cb4d91f",
                "ce0caf26f5584330713e703a23815792be8bb5b52f82db5e9ea4186128ad7811",
                "cc58f8616052ee4946258c84fa7995dae7a6ba6843377c6379eb3df146b74822",
                "5452b98bf64cc5e675a401f1e898b442268edfce207ac0261eaf609e866c0318",
                "e9326554f2558867efc164c0f2b73c5cc15ad4b98ff4a59c60e58a0e7ad36037"
            ],
            "type": "Script",
            "firstPartyCookies": {},
            "firstPartyCookiesSent": {},
            "exampleSites": [
                "redbus.com",
                "m.redbus.com",
                "m.redbus.in",
                "www.caratlane.com",
                "www.iciciprulife.com",
                "www.lalpathlabs.com",
                "www.nykaa.com",
                "www.redbus.co",
                "www.redbus.com",
                "www.redbus.in",
                "www.redbus.pe",
                "www.tanishq.co.in",
                "www.titan.co.in",
                "www.yupptv.com"
            ]
        },
        {
            "rule": "gamooga\\.com\\/pm\\/",
            "cookies": 0,
            "fingerprinting": 0,
            "subdomains": [
                "evbk"
            ],
            "apis": {},
            "sites": 13,
            "prevalence": 0.0000885,
            "cnames": [],
            "responseHashes": [],
            "type": "WebSocket",
            "firstPartyCookies": {},
            "firstPartyCookiesSent": {},
            "exampleSites": [
                "redbus.com",
                "m.redbus.com",
                "m.redbus.in",
                "www.caratlane.com",
                "www.iciciprulife.com",
                "www.lalpathlabs.com",
                "www.redbus.co",
                "www.redbus.com",
                "www.redbus.in",
                "www.redbus.pe",
                "www.tanishq.co.in",
                "www.titan.co.in",
                "www.yupptv.com"
            ]
        },
        {
            "rule": "gamooga\\.com\\/mev\\/",
            "cookies": 0,
            "fingerprinting": 0,
            "subdomains": [
                "evbk"
            ],
            "apis": {},
            "sites": 13,
            "prevalence": 0.0000885,
            "cnames": [],
            "responseHashes": [
                "e3b0c44298fc1c149afbf4c8996fb92427ae41e4649b934ca495991b7852b855"
            ],
            "type": "Image",
            "firstPartyCookies": {},
            "firstPartyCookiesSent": {},
            "exampleSites": [
                "redbus.com",
                "m.redbus.com",
                "m.redbus.in",
                "www.caratlane.com",
                "www.iciciprulife.com",
                "www.lalpathlabs.com",
                "www.redbus.co",
                "www.redbus.com",
                "www.redbus.in",
                "www.redbus.pe",
                "www.tanishq.co.in",
                "www.titan.co.in",
                "www.yupptv.com"
            ]
        },
        {
            "rule": "gamooga\\.com\\/gamooga-esp\\/geo\\/vi\\/",
            "cookies": 0,
            "fingerprinting": 0,
            "subdomains": [
                "evbk"
            ],
            "apis": {},
            "sites": 2,
            "prevalence": 0.0000136,
            "cnames": [],
            "responseHashes": [
                "3b15746a5c75b18423d3b0b745d21331b0356b6e5e2e8eb3329f08b2e1e3c678"
            ],
            "type": "XHR",
            "firstPartyCookies": {},
            "firstPartyCookiesSent": {},
            "exampleSites": [
                "caratlane.com",
                "www.caratlane.com"
            ]
        },
        {
            "rule": "gamooga\\.com\\/ev\\/",
            "cookies": 0,
            "fingerprinting": 0,
            "subdomains": [
                "evbk"
            ],
            "apis": {},
            "sites": 5,
            "prevalence": 0.000034,
            "cnames": [],
            "responseHashes": [
                "8417b93e9269905204080344cd815788500150b01bfdf8b91cde37bfd92d4d57"
            ],
            "type": "Image",
            "firstPartyCookies": {},
            "firstPartyCookiesSent": {},
            "exampleSites": [
                "caratlane.com",
                "www.caratlane.com",
                "www.iciciprulife.com",
                "www.redbus.co",
                "www.redbus.pe"
            ]
        },
        {
            "rule": "gamooga\\.com\\/vpr\\/",
            "cookies": 0,
            "fingerprinting": 0,
            "subdomains": [
                "evbk"
            ],
            "apis": {},
            "sites": 2,
            "prevalence": 0.0000136,
            "cnames": [],
            "responseHashes": [
                "8417b93e9269905204080344cd815788500150b01bfdf8b91cde37bfd92d4d57"
            ],
            "type": "Image",
            "firstPartyCookies": {},
            "firstPartyCookiesSent": {
                "_ga": 0.000027225515753364053,
                "GA_VisitorID": 0.000013612757876682026
            },
            "exampleSites": [
                "iciciprulife.com",
                "www.iciciprulife.com"
            ]
        }
    ],
    "categories": [],
    "performance": {},
    "cookies": 0,
    "types": {
        "Script": 14,
        "WebSocket": 13,
        "Image": 20,
        "XHR": 2
    },
    "nameservers": [
        "ns-211.awsdns-26.com",
        "ns-762.awsdns-31.net",
        "ns-1894.awsdns-44.co.uk",
        "ns-1506.awsdns-60.org"
    ]
}