{
    "domain": "gedidigital.it",
    "owner": {},
    "source": [
        "DuckDuckGo-US"
    ],
    "prevalence": 0.000313,
    "sites": 23,
    "subdomains": [
        "webcomponent",
        "scripts",
        "a",
        "tlh"
    ],
    "cnames": [],
    "fingerprinting": 1,
    "resources": [
        {
            "rule": "gedidigital\\.it\\/gdwc-loader\\/js\\/gdwc-loader\\.js",
            "cookies": 0,
            "fingerprinting": 1,
            "subdomains": [
                "webcomponent"
            ],
            "apis": {
                "Navigator.prototype.userAgent": 8
            },
            "sites": 9,
            "prevalence": 0.000123,
            "cnames": [],
            "responseHashes": [
                "392145fa59c6ad6c8c6216b2bec423f67c2cdc8083808b69c3e7b43fd3165fcc"
            ],
            "type": "Script",
            "firstPartyCookies": {},
            "firstPartyCookiesSent": {},
            "exampleSites": [
                "repubblica.it",
                "bologna.repubblica.it",
                "firenze.repubblica.it",
                "milano.repubblica.it",
                "napoli.repubblica.it",
                "palermo.repubblica.it",
                "roma.repubblica.it",
                "torino.repubblica.it",
                "www.deejay.it"
            ]
        },
        {
            "rule": "gedidigital\\.it\\/newsletter_wdgts\\/newsletter_wdgts\\.js",
            "cookies": 0,
            "fingerprinting": 0,
            "subdomains": [
                "scripts"
            ],
            "apis": {},
            "sites": 9,
            "prevalence": 0.000123,
            "cnames": [],
            "responseHashes": [
                "30a64c697d579900c9b0f5801004aa188635f1cd8607cdf0014184925a27dd00",
                "91f0e2a7df08c4e73b941c271b24e4517caf1456adb710902a3e837670ce0704",
                "578bdfa182bd604ab58c6328eb6944a9d8464231cc7bcd24215a8dce0f713d8f",
                "4f8e6f75c3c363b8cf8155924bc0b5909fc60d33bca7fefb7361a6a388c18bc7",
                "e3b0c44298fc1c149afbf4c8996fb92427ae41e4649b934ca495991b7852b855",
                "32c5b2bce57ad7bfd6cd7f6be85cdcaa2f4eb7726fd8cc420ff6a099c91455f9",
                "b570409b78a3731362cdd028ef575d4174bcb66fd5a0796a6fbf2e5687e06351",
                "4367d5e324556833ba4208aba27de799a1011951606149b66d8696c01fc4cb1e"
            ],
            "type": "Script",
            "firstPartyCookies": {},
            "firstPartyCookiesSent": {},
            "exampleSites": [
                "repubblica.it",
                "bologna.repubblica.it",
                "firenze.repubblica.it",
                "milano.repubblica.it",
                "napoli.repubblica.it",
                "oroscopo.d.repubblica.it",
                "palermo.repubblica.it",
                "roma.repubblica.it",
                "torino.repubblica.it"
            ]
        },
        {
            "rule": "gedidigital\\.it\\/ajax\\/libs\\/webcomponentsjs\\/2\\.4\\.3\\/webcomponents-loader\\.js",
            "cookies": 0,
            "fingerprinting": 0,
            "subdomains": [
                "webcomponent"
            ],
            "apis": {},
            "sites": 9,
            "prevalence": 0.000123,
            "cnames": [],
            "responseHashes": [
                "028ddd0cf27c55dff07fa9232f63251cda3cbd811e2f2bc383c9349e39cd4bb6"
            ],
            "type": "Script",
            "firstPartyCookies": {},
            "firstPartyCookiesSent": {},
            "exampleSites": [
                "repubblica.it",
                "bologna.repubblica.it",
                "firenze.repubblica.it",
                "milano.repubblica.it",
                "napoli.repubblica.it",
                "palermo.repubblica.it",
                "roma.repubblica.it",
                "torino.repubblica.it",
                "www.deejay.it"
            ]
        },
        {
            "rule": "gedidigital\\.it\\/gdwc-recommendations\\/public\\/gdwc-recommendations\\.js",
            "cookies": 0,
            "fingerprinting": 1,
            "subdomains": [
                "webcomponent"
            ],
            "apis": {
                "Document.cookie getter": 8
            },
            "sites": 8,
            "prevalence": 0.000109,
            "cnames": [],
            "responseHashes": [
                "06a374ad7ad7e3069acc3c69275cba7fe2ab1cd20318fce9a8d4317edb453d59"
            ],
            "type": "Script",
            "firstPartyCookies": {},
            "firstPartyCookiesSent": {},
            "exampleSites": [
                "repubblica.it",
                "bologna.repubblica.it",
                "firenze.repubblica.it",
                "milano.repubblica.it",
                "napoli.repubblica.it",
                "palermo.repubblica.it",
                "roma.repubblica.it",
                "torino.repubblica.it"
            ]
        },
        {
            "rule": "gedidigital\\.it\\/253822047730481\\/rdfs",
            "cookies": 0,
            "fingerprinting": 0,
            "subdomains": [
                "a"
            ],
            "apis": {},
            "sites": 18,
            "prevalence": 0.000245,
            "cnames": [],
            "responseHashes": [],
            "type": "Preflight",
            "firstPartyCookies": {},
            "firstPartyCookiesSent": {},
            "exampleSites": [
                "repubblica.it",
                "bologna.repubblica.it",
                "finanza.repubblica.it",
                "firenze.repubblica.it",
                "ilpiccolo.gelocal.it",
                "mattinopadova.gelocal.it",
                "messaggeroveneto.gelocal.it",
                "milano.repubblica.it",
                "napoli.repubblica.it",
                "necrologie.repubblica.it",
                "necrologie.messaggeroveneto.gelocal.it",
                "oroscopo.d.repubblica.it",
                "palermo.repubblica.it",
                "quotidiano.repubblica.it",
                "roma.repubblica.it",
                "torino.repubblica.it",
                "tribunatreviso.gelocal.it",
                "video.repubblica.it"
            ]
        },
        {
            "rule": "gedidigital\\.it\\/253822047730481\\/rdfs",
            "cookies": 0,
            "fingerprinting": 0,
            "subdomains": [
                "a"
            ],
            "apis": {},
            "sites": 18,
            "prevalence": 0.000245,
            "cnames": [],
            "responseHashes": [],
            "type": "XHR",
            "firstPartyCookies": {},
            "firstPartyCookiesSent": {},
            "exampleSites": [
                "repubblica.it",
                "bologna.repubblica.it",
                "finanza.repubblica.it",
                "firenze.repubblica.it",
                "ilpiccolo.gelocal.it",
                "mattinopadova.gelocal.it",
                "messaggeroveneto.gelocal.it",
                "milano.repubblica.it",
                "napoli.repubblica.it",
                "necrologie.repubblica.it",
                "necrologie.messaggeroveneto.gelocal.it",
                "oroscopo.d.repubblica.it",
                "palermo.repubblica.it",
                "quotidiano.repubblica.it",
                "roma.repubblica.it",
                "torino.repubblica.it",
                "tribunatreviso.gelocal.it",
                "video.repubblica.it"
            ]
        },
        {
            "rule": "gedidigital\\.it\\/tlh\\.js",
            "cookies": 0.000109,
            "fingerprinting": 1,
            "subdomains": [
                "tlh"
            ],
            "apis": {
                "Navigator.prototype.userAgent": 8,
                "Document.cookie getter": 7,
                "Date.prototype.getTime": 8,
                "Document.cookie setter": 8,
                "window.localStorage": 8
            },
            "sites": 8,
            "prevalence": 0.000109,
            "cnames": [],