{
    "domain": "geetest.com",
    "owner": {
        "name": "Wuhan Jiyi Network Technology Co., Ltd.",
        "displayName": "Wuhan Jiyi Network Technology"
    },
    "source": [
        "DuckDuckGo-US"
    ],
    "prevalence": 0.000436,
    "sites": 32,
    "subdomains": [
        "static",
        "api",
        "api-na",
        "gcaptcha4"
    ],
    "cnames": [],
    "fingerprinting": 3,
    "resources": [
        {
            "rule": "geetest\\.com\\/static\\/tools\\/gt\\.js",
            "cookies": 0,
            "fingerprinting": 1,
            "subdomains": [
                "static"
            ],
            "apis": {
                "Navigator.prototype.userAgent": 5
            },
            "sites": 8,
            "prevalence": 0.000109,
            "cnames": [],
            "responseHashes": [
                "da99a9fcec62584a8a85aaea4d27997d16ab4dea57b80d04a84428d4ec9d5f25"
            ],
            "type": "Script",
            "firstPartyCookies": {},
            "firstPartyCookiesSent": {},
            "exampleSites": [
                "binance.com",
                "accounts.binance.com",
                "www.aerlingus.com",
                "www.colruyt.be",
                "www.dreamland.be",
                "www.logitravel.com",
                "www.logitravel.pt",
                "www.logitravel.it"
            ]
        },
        {
            "rule": "geetest\\.com\\/gettype\\.php",
            "cookies": 0.000368,
            "fingerprinting": 0,
            "subdomains": [
                "api",
                "api-na"
            ],
            "apis": {},
            "sites": 27,
            "prevalence": 0.000368,
            "cnames": [],
            "responseHashes": [
                "45f82dba1593a1e6d2719b5f02c25c3d2dd522018397222f7ef27d4e8b549887",
                "d68c34b78543800f9b48bc512faf75f9efbfa03850b7c4617e767a0b78544fa6",
                "994a2cb0580aa1dbd8717caea7f09f906b806136e620bf88b25fa68ebf658838",
                "9917e4fc3126717999ebbc28f0589e92a41caa77b44231891ea18f753dc27699",
                "1075b5e4e3f95c5ada235165c3b687e62b6ece785753d1a4d11d065dbf3f03ce",
                "3c0451d43c20fa2763a69b81d76a46aa46c139b69db4c77538cba10a6307af42",
                "7d8d8a90298f3f626ef0c60d7506c11dc6ebb99589d28351f481acf9c096eb8d",
                "f948858a526c62c99f96b1286b0e4547de1f1cd857ced309f79a0ec2fb61c1c9",
                "eac587e5f72f230aaca1e93f904d4ad5162eb7dd1db6f3e92d0befdbfd420b5a",
                "227bdb4744819164a6322525261d3d52489962e37984719af92e014f4ee78f19",
                "a26be2bc9fe8728acb48abc34f92087e5fff1bad0d2cf3c08ebcc2eb2aaf8766",
                "d4ed7238f8a8872a887af6fb3e1a129a07b078e936787a5c4c76ca1711fc9316",
                "00315aab633c540bc2085560c81d4294defacd52787c22dbd9bd13b337b02b26",
                "b9450e3e948582f4735d27b62a673cf82397eda6a0cd44179dc6f94398b8c451",
                "10e2a6cd547211ecb49dfc71cbe8b8e528c51638c813f645ecda043c29a6870f",
                "2af65395b78faa4c2ab8e9294dadb0d415be6f87ee5eb6e215ee5d6785f5fc7c",
                "76abbe49c785e0d0a96c1e4367307c4d600bb55c829a5cf036613e0cefd689c3",
                "d7df4708325357ca93983606686ef7fe6aa8aa6d61250d4c5a5ec04ea22b2dcf",
                "ed841885ae1ecf170c98504fc49ee6e6df6ee33d8be825bbdeafc7f311a7c7f6",
                "647740620223907e227a26d6da3799a2226a272fb41fb67daeb35490cc445234",
                "be76066c3d7d0601339e63c61f75172fbb4cc869e997eb6b5742a513be607758",
                "1f3032eecc68f300b46aa451f63a5d714c438722357492e9c7a4d7cf37b68610",
                "f96c96a3fd972f6e0f5f4ee77a73a57ffb35d3f75697e7a3a0485bc07cb2679e",
                "9fcb7c6141c7d44084000643d03e176f01a69491d1591528f0462effc3f3ed32",
                "19d46860f4b3b35ef71275ac384a9b0969c6bf8b1d7c24580d35e1acb9d981d6",
                "eaed85ac37bf780e503bba01bca10121d46beaec375039041221a5431480bcd3"
            ],
            "type": "Script",
            "firstPartyCookies": {},
            "firstPartyCookiesSent": {},
            "exampleSites": [
                "www.ouest-france.fr",
                "voilesetvoiliers.ouest-france.fr",
                "www.flytap.com",
                "space.bilibili.com",
                "www.aerlingus.com",
                "www.colruyt.be",
                "www.logitravel.com",
                "citations.ouest-france.fr",
                "programmetv.ouest-france.fr",
                "www.blueapron.com",
                "www.logitravel.it",
                "binance.com",
                "www.mobiledirect.ro",
                "www.logitravel.pt",
                "www.taylormadegolf.com",
                "www.kogan.com",
                "fr.igraal.com",
                "www.smythstoys.com",
                "www.atu.de",
                "www.agriaffaires.es"
            ]
        },
        {
            "rule": "geetest\\.com\\/get\\.php",
            "cookies": 0.000354,
            "fingerprinting": 0,
            "subdomains": [
                "api",
                "api-na"
            ],
            "apis": {},
            "sites": 27,
            "prevalence": 0.000368,
            "cnames": [],
            "responseHashes": [
                "e38181c1b300723acd13c27692cd52d402dd3fcd3f4991e80b6e98cc64f76b8e",
                "d071263170999cb0ed271a04f6b796267378e22cd1eaf4257df92eb4eb7aaf57",
                "43874e409ddec1af1621143655eaf621b639d76573a422c611a9e2238469f9da",
                "5b99a7106891b182811ce96ebae445e5b6ec2b0420fe64d884cf7482ab61621f",
                "7622847739e377a4d90444a70bf82f32292ad03add6fbc032045cc8648b319ee",
                "7a81520703ad96d19b61b3a959039f5014982c3ac98dd4ecae617b82f1574ddc",
                "9b1ac2948b17c015dfb6bea6d2693d0fed10807eeb0e094aae4f322beac1b37b",
                "40b469f1f8983bd874b410206b5f402f915a3856cb6bab47d50cbbe5c316e7c6",
                "481e5f5bf02f7a7646000692dd641b54a50ac1519509d98bd26c20edeaad54b2",
                "9f34c1848028d1b59978f78339c5d898e9e3f5c48113acddc9cc3e1fb21d05b7",
                "fde8629fee2cbd0c28414ec880419845a9fba464f38eb112da54e12715190827",
                "a4f0ae5fd8a942377bf4a94f9ca43d5ac88bef40da75150ef5a3557e14802e0f",
                "7ca0a2a5a6fe62cbe1db19c76cbcd80d4f062b5fef0ce12372ee29d41bf949b5",
                "30ebd53b05fe5adcf783af8aeaf45e63ac1693ef20e8ae6e4664086733ea0857",
                "56689a2ec379822f3a755e3123f61a7db1e9e5a1c2e4d24ea20c5633332580c4",
                "e89390f4e48d67c47d950f1229f80be186c2bf81f077cdc4b017ec88b3b5bf2d",
                "c5cf07cf0377a188393d3a6223154c26cf68f33cbe22f3780e7d10a53f080dcf",
                "8372215960b065b29bf2f248ba3b7546d57c56229130f22459d0c2a216ad8795",
                "c1373f4226fb6bad338791e2ea7b92982ef7c16e6fa3bdb6f8ed3e9d00fa1327",
                "a6fc190ca11c2f885eea4fb59621f1d17b51e21c7256aadcc3ce5d938e53e79b",
                "94efb20951b5277beca2d62b5dbd6bbbbfc38f30e0435de13d903944b6b55bdd",
                "4b67db33ebe544d7d1c84da6673c61f907ab9702169832bcf5158c8212eab0e9",
                "793e32699a85acc463147cd4a56ba04692848896f10695a2f5d03692f2a6a0e5",
                "8668b7467c5feeaccac6614d61671faf765ff9122e21bac4e6f69d04634326a7",
                "7fa80eccf43ba60c592d6014beed275544b24ef776a160790eba1bf7ae265166"
            ],
            "type": "Script",
            "firstPartyCookies": {},
            "firstPartyCookiesSent": {},