{
    "domain": "geetest.com",
    "owner": {
        "name": "Wuhan Jiyi Network Technology Co., Ltd.",
        "displayName": "Wuhan Jiyi Network Technology"
    },
    "source": [
        "DuckDuckGo-US"
    ],
    "prevalence": 0.00056,
    "sites": 81,
    "subdomains": [
        "static",
        "api",
        "api-na"
    ],
    "cnames": [],
    "fingerprinting": 3,
    "resources": [
        {
            "rule": "geetest\\.com\\/static\\/tools\\/gt\\.js",
            "cookies": 0,
            "fingerprinting": 1,
            "subdomains": [
                "static"
            ],
            "apis": {
                "Navigator.prototype.userAgent": 9
            },
            "sites": 9,
            "prevalence": 0.0000623,
            "cnames": [],
            "responseHashes": [
                "da99a9fcec62584a8a85aaea4d27997d16ab4dea57b80d04a84428d4ec9d5f25",
                "34e9d6c69d110adceb78130dcde0fbee8c3f30e8d791f074a1c4b11a44fd9ecd"
            ],
            "type": "Script",
            "firstPartyCookies": {},
            "firstPartyCookiesSent": {},
            "exampleSites": [
                "binance.com",
                "marketplace.plantvsundead.com",
                "www.binance.us",
                "www.colruyt.be",
                "www.dreamland.be",
                "www.globalsources.com",
                "www.pionex.com",
                "www.ticketmaster.co.uk",
                "www.ticketmaster.ie"
            ]
        },
        {
            "rule": "geetest\\.com\\/gettype\\.php",
            "cookies": 0.000332,
            "fingerprinting": 0,
            "subdomains": [
                "api",
                "api-na"
            ],
            "apis": {},
            "sites": 48,
            "prevalence": 0.000332,
            "cnames": [],
            "responseHashes": [
                "2ad37e015ccacde301a9acbfc9cdd39a28fa7201aca3c850b3e7a77b2c784061",
                "23c7cc0841d2b1eefef9834d8a0a97689cc75a2cb830250f94131830407afdee",
                "d168404ac2e24b9744c40fd64cca84d71bfe502da48fffaf88d964474ee03685",
                "4d563d1b115da14d17e6b94265c8e7c6fa0e789a1856ea1c7427028caa6d2e41",
                "5f7f0079a19f44b4f765f4764f57cb58dd3461ae19a0f3aa845c7d2abea81861",
                "f12c3ee23bad2bd6f1f73f2db428962d78ea20ed1e01203f1d661315508a4f61",
                "0f9ab387b9f954645d6c894bf0eee33c89e45732e4967d77b541db859cc655bf",
                "6ac96947f0e1f064a2fc5073d3e91647b212b9c37c23493fa4250ff85f3bee9b",
                "c2a07821d812cd2adbe887026cb89ac5f8fc9b7b7bcfb7df25862708cc2e9a43",
                "1ea3c2ef75038231189d24cc5a910dc487a1e08f060aa9554e094082814c8901",
                "df3bad064ffaee14abe410a42f2f80eb1ebda84b0e36a0e8a8fb2bf2b57f670e",
                "e9d2f8e4a61b6c6360acbc268d75995b4cfe12ef5f4f0f7d7bc51c600f32c308",
                "1f2ca60fc24f376677a722aab429c1a81fd84c9e5360b2f82ad4a18928a60fd4",
                "af26bfc7f672d8b047290ab287a1407bdae78001792e1d039f89f629cbab920c",
                "81d13899448f180a9d054afc42e664bf6395e46df40c20a3d6747d975ea7de60",
                "cd952c47ac0bce8800cd078bc05ecff8ad2be81d049f5ee03eab37842d4da8cb",
                "5aa78800602552a28896fb1864189c2696c3b82f8ed1fb5f34dbf01568b6cd0e",
                "d49c67c1c1c581b85c710b1de5e749a7b285226b87b0b9833a2cb484e959f143",
                "725b71e3676629bfca7b2d024af452036b3910c042d6dda1370fb07b16acfd91",
                "6a32f8f4e3fd04d94bce7df329c70351649adf96a7e5c1245d3970147a756adb",
                "b6e49445d5895b0993d7f00ad8803e01226c94e1b534a2d5c9c5c67fa576f207",
                "e1568164ea3b8a998598a426aada077dbb96ec24c09a9d85393bddca39e44ffb",
                "6396bcc0fdd9e959eda01a67add857c2ce93851806436e6f9ff1ce1171e756f7",
                "230116cf7fdc3a6f5db570ed230ededa3d1c5a8b691dad0beae0a7e6e2956b12",
                "83ffd36b42419d45b8f2ab6f6830f6bc7acd0f3a096c277d03acce03814a3818",
                "9dbf314f0527272d04f40ea197a4b8168f7976ded31b100aee771e15351d2bd5",
                "a285277b541d5811ee329d8d90bb614f089bd1ba49fe4f94462201730eba6703",
                "591ef85a97a05172fffed4fc3e1c282182362dcf57294cb6486c4330a64c70fc",
                "2c95b812117c3f807bb8a1a5bdaeeb26aaad9ff9a1c33dcbdb20e226729e4856",
                "42e3b6ad3462568ded95e04a023f48fd28bfa1b52ba6f8133d786c7b6c69c212",
                "eac6c2e40333e74b43be2318037d4eaa77142938b4f081936e6dc2238635d33e",
                "1081a4172f582c6b1ea0ea3895da061c374f65f3e78f6755b31260ed81891dc2",
                "e08277f9f02f786783b14a76d82d9be31624755afa5cfcd49506cf942ccf2506",
                "ee5cae22e9963c4d60278bb8c83061416fbaabb3dccbda55f810b6214c24739b",
                "a5d8ab36eecd6ca631e7c666556021023a09598e62ca53d0a533b3022474d18d",
                "8147063c0a29f8d7620c0d0a444bb3abd8d0ed6af056606c51f1b2919eb5aa81",
                "2aeaf1a8c0049937afe44b20eb1663201c6e55673a26b111f5a77c1dd63e1d0f",
                "1e48820d5d19d8c9bc22ab9040e1170c5b4ff898c106ca2559fdd1841d66ac42",
                "27be93f342ed7b90cd60aabaaf2c62e5470abf49828e7a89ea97b0d6cf953c7f",
                "64c4de4fd1ef222c8db071aed8108f62d3ddf32e1b45c489339027bf7485baf1",
                "e79ac67c5dd25537806cb0d837f4f746a1062be4554ba0ca923d6846019663c0",
                "fa8631662dad4eed5e0f00d28632ebb06871651692becf1927f6f3f9d6e9b137",
                "feabcef37d85d36fadb288ac5215e517e505d86fae7486ab3418e14d8158881c",
                "485f002e8fe96bbf101d02814038874fe510171f175ebaab9bdfb4b7abf8bf8d",
                "d28241a9e0a2ce6077e7e75cd85357c9f1dce874873ff61d0011c1df3658e10d",
                "9cfb74ed43eaea548439c4cce4d72680ebdd3629433af926c4a69ac9046f9768",
                "a0c07d0902b57b097dfed620cb4f780d72f856b47e4e583c38fc9baf5543046f"
            ],
            "type": "Script",
            "firstPartyCookies": {},
            "firstPartyCookiesSent": {},
            "exampleSites": [
                "www.colruyt.be",
                "www.marlboro.com",
                "batteriesplus.com",
                "www.dreamland.be",
                "www.atu.de",
                "www.fr.fnac.be",
                "www.redbook.com.au",
                "www.fnac.pt",
                "www.alltrails.com",
                "www.coldsteel.com",
                "boomerbenefits.com",
                "www.ticketmaster.ie",
                "www.cairn.info",
                "binance.com",
                "www.caravancampingsales.com.au",
                "www.poloniex.com",
                "www.fr.fnac.ch",
                "www.taylormadegolf.com",
                "www.realclearpolitics.com",
                "www.seloger.com"
            ]
        },
        {
            "rule": "geetest\\.com\\/get\\.php",
            "cookies": 0.000332,
            "fingerprinting": 0,
            "subdomains": [
                "api",
                "api-na"
            ],
            "apis": {},
            "sites": 48,
            "prevalence": 0.000332,
            "cnames": [],