{
    "domain": "genieegroup.com",
    "owner": {},
    "source": [
        "DuckDuckGo-US"
    ],
    "prevalence": 0.000204,
    "sites": 15,
    "subdomains": [
        "s.fs"
    ],
    "cnames": [],
    "fingerprinting": 3,
    "resources": [
        {
            "rule": "genieegroup\\.com\\/2\\/394732\\/analytics\\.js",
            "cookies": 0,
            "fingerprinting": 0,
            "subdomains": [
                "s.fs"
            ],
            "apis": {},
            "sites": 15,
            "prevalence": 0.000204,
            "cnames": [],
            "responseHashes": [
                "2e734d12f4c3365c267bed644e9d165a503b9e234688bc529db4760e8443990a",
                "09c195752d323743141ad934e76393cec62d8878057b3ec3ca5b0ab92045d373",
                "352b2cb2f3b4ed7637c7626f57470eeac1b50cac317999eb84f0602249e1f1cd",
                "d4017b80f977c3f42ceb60793e1ee9cc1149e0792780c5f156b6fd3e65a94374",
                "9bde851cda9a29598651a4b9ec3ac57a3589af609f73c63030be99dac1164786",
                "fd07473e6b46609e71e7d03fb1e7e98642f3e51ce931a364e9cb949286b4333b",
                "2419496da4b5a6ef6da1cb7d9a4220193cf4c7a11f0d8aadddbd98d209e8597d",
                "342fb1268c3d4428efcbdc90dadb6209f963f3a2d1cff5ea5be2cc138034a0df",
                "88a5723082561d42ab75c9d73d0b033c01bb88717db7675b0cc768bec5abe6f7",
                "9384dbd891c83b3d99872e8065507016b85fd048447a3c364d790f1dd68310da",
                "8767e35f66e37e63923657f974444b79d72b1593effd838225001f038aa294bd",
                "d1d7ddeb0012ead9e22b47f002de25bfdadc8a70fd0bcab88d984f72fc600181",
                "79551acbe71bf9cdfbdd1810e3f76e348d6249ff09a4e58fbe90c0ed3d92e737",
                "e66872f1666895c570663120c06338ba7d7f8c80e1c362f7e53fcd71c530b86d"
            ],
            "type": "Script",
            "firstPartyCookies": {},
            "firstPartyCookiesSent": {},
            "exampleSites": [
                "hdmatch.xyz",
                "jakarta.tribunnews.com",
                "jateng.tribunnews.com",
                "kaltim.tribunnews.com",
                "kimcartoon.li",
                "medan.tribunnews.com",
                "memes.tw",
                "sumsel.tribunnews.com",
                "www.bolasport.com",
                "www.check4d.org",
                "www.cinema.com.my",
                "www.kompasiana.com",
                "www.malaysia-chronicle.com",
                "www.one2car.com",
                "www.tarladalal.com"
            ]
        },
        {
            "rule": "genieegroup\\.com\\/2\\/2\\.87\\.1\\/main\\.js",
            "cookies": 0,
            "fingerprinting": 3,
            "subdomains": [
                "s.fs"
            ],
            "apis": {
                "Navigator.prototype.vendor": 12,
                "Navigator.prototype.userAgent": 12,
                "Performance.prototype.memory": 12,
                "window.devicePixelRatio": 12,
                "window.name": 12,
                "console.memory": 12,
                "window.localStorage": 12,
                "Navigator.prototype.appCodeName": 12,
                "Navigator.prototype.languages": 12,
                "Navigator.prototype.onLine": 12,
                "Navigator.prototype.webdriver": 12,
                "Navigator.prototype.mediaDevices": 12,
                "Navigator.prototype.hardwareConcurrency": 12,
                "Navigator.prototype.deviceMemory": 12,
                "Navigator.prototype.plugins": 12,
                "window.innerWidth": 12,
                "window.innerHeight": 12,
                "Screen.prototype.availWidth": 12,
                "Screen.prototype.availHeight": 12,
                "Screen.prototype.width": 12,
                "Screen.prototype.height": 12,
                "Screen.prototype.colorDepth": 12,
                "Screen.prototype.pixelDepth": 12,
                "Screen.prototype.availLeft": 12,
                "Screen.prototype.availTop": 12,
                "Screen.prototype.orientation": 12,
                "window.screenX": 12,
                "window.screenY": 12,
                "window.screenLeft": 12,
                "window.screenTop": 12,
                "Navigator.prototype.platform": 12,
                "Navigator.prototype.maxTouchPoints": 12,
                "BarProp.prototype.visible": 12,
                "window.outerHeight": 12,
                "window.outerWidth": 12,
                "Navigator.prototype.connection": 12,
                "Date.prototype.getTime": 12,
                "Date.prototype.getTimezoneOffset": 12,
                "Intl.DateTimeFormat.prototype.resolvedOptions": 12,
                "Navigator.prototype.permissions": 11,
                "speechSynthesis.__proto__.getVoices": 8,
                "Notification.permission": 8,
                "OfflineAudioContext.prototype.constructor": 8,
                "AudioBuffer.prototype.getChannelData": 8,
                "Navigator.prototype.getBattery": 8,
                "URL.createObjectURL": 8,
                "NavigatorUAData.prototype.brands": 8,
                "NavigatorUAData.prototype.platform": 8,
                "NavigatorUAData.prototype.getHighEntropyValues": 8,
                "PerformanceTiming.prototype.navigationStart": 8,
                "Navigator.prototype.requestMediaKeySystemAccess": 1
            },
            "sites": 15,
            "prevalence": 0.000204,
            "cnames": [],
            "responseHashes": [
                "c80196cf0e91f54b3344d2552774499268d7ecb47d352097198da0401d6db93e"
            ],
            "type": "Script",
            "firstPartyCookies": {},
            "firstPartyCookiesSent": {},
            "exampleSites": [
                "hdmatch.xyz",
                "jakarta.tribunnews.com",
                "jateng.tribunnews.com",
                "kaltim.tribunnews.com",
                "kimcartoon.li",
                "medan.tribunnews.com",
                "memes.tw",
                "sumsel.tribunnews.com",
                "www.bolasport.com",
                "www.check4d.org",
                "www.cinema.com.my",
                "www.kompasiana.com",
                "www.malaysia-chronicle.com",
                "www.one2car.com",
                "www.tarladalal.com"
            ]
        },
        {
            "rule": "genieegroup\\.com\\/2\\/2\\.87\\.1\\/394732\\/Ab5a4qATBNdz9490\\/postback",
            "cookies": 0,
            "fingerprinting": 0,
            "subdomains": [
                "s.fs"
            ],
            "apis": {},
            "sites": 2,
            "prevalence": 0.0000272,
            "cnames": [],
            "responseHashes": [
                "e3b0c44298fc1c149afbf4c8996fb92427ae41e4649b934ca495991b7852b855"
            ],
            "type": "XHR",
            "firstPartyCookies": {},
            "firstPartyCookiesSent": {},
            "exampleSites": [
                "tribunnews.com",
                "jakarta.tribunnews.com"
            ]
        },
        {
            "rule": "genieegroup\\.com\\/2\\/2\\.87\\.1\\/394732\\/Ab5RgBsSBZNzsgRs\\/postback",
            "cookies": 0,
            "fingerprinting": 0,
            "subdomains": [
                "s.fs"
            ],
            "apis": {},
            "sites": 2,
            "prevalence": 0.0000272,
            "cnames": [],
            "responseHashes": [
                "e3b0c44298fc1c149afbf4c8996fb92427ae41e4649b934ca495991b7852b855"
            ],
            "type": "XHR",
            "firstPartyCookies": {},
            "firstPartyCookiesSent": {},
            "exampleSites": [
                "tribunnews.com",
                "jateng.tribunnews.com"
            ]
        },
        {
            "rule": "genieegroup\\.com\\/2\\/2\\.87\\.1\\/394732\\/Ab5GpWEHBAup8r6R\\/postback",
            "cookies": 0,
            "fingerprinting": 0,
            "subdomains": [
                "s.fs"
            ],
            "apis": {},
            "sites": 2,