{
    "domain": "getpublica.com",
    "owner": {},
    "source": [
        "DuckDuckGo-US"
    ],
    "prevalence": 0.000228,
    "sites": 33,
    "subdomains": [
        "sync",
        "usersync",
        "pbs"
    ],
    "cnames": [],
    "fingerprinting": 0,
    "resources": [
        {
            "rule": "getpublica\\.com\\/sync\\.js",
            "cookies": 0,
            "fingerprinting": 0,
            "subdomains": [
                "sync"
            ],
            "apis": {},
            "sites": 13,
            "prevalence": 0.0000899,
            "cnames": [],
            "responseHashes": [
                "91334cdcfe6d4d7383242be8d537d18b4287cc2dd5ed03686da1550601893ab6"
            ],
            "type": "Script",
            "firstPartyCookies": {},
            "firstPartyCookiesSent": {},
            "exampleSites": [
                "americasvoice.news",
                "mlb.mlb.com",
                "www.cbsnews.com",
                "www.cbssports.com",
                "www.drphil.com",
                "www.gentside.com",
                "www.insideedition.com",
                "www.last.fm",
                "www.maxpreps.com",
                "www.mlb.com",
                "www.rachaelrayshow.com",
                "www.startrek.com",
                "www.thedoctorstv.com"
            ]
        },
        {
            "rule": "getpublica\\.com\\/usersync",
            "cookies": 0.000083,
            "fingerprinting": 0,
            "subdomains": [
                "usersync"
            ],
            "apis": {},
            "sites": 12,
            "prevalence": 0.000083,
            "cnames": [],
            "responseHashes": [
                "aad786750ae61c2ff90e1b09c2edd50fe381885ab28f069fb83beb858342367e",
                "1299e79441cc4e8ecb292fd9d6065a67b66c4066f4907e36151a6005307bbcb6",
                "b5f6ab029d4dc5208640b9d254298f18f067e6abb6405bbf696aa5a83139e844",
                "100a2c25c00dcbd62e52b5889ddbc7cabf00217f09eb02480ab751bd341510e8",
                "441a71d2fa05a79a2d3d9ca0e81f022e15badafcbe60ff39201faa6105c5b310",
                "2ac6b1ca87bce7d0a24a3e31fe635b4ae8fa278c0dc5dfc5c23a059d104ca60e",
                "8ca673eac842a5f364462a3a631ab36e7f0844e6ff0f48000be44080d490b269",
                "3c988646a9dc44b8493e803c939a3a22f085ecc4cdfc4c17b3c07f1eb86a58a5",
                "2cb12c0285a03670f996931fa90161f3ac2696587b6047b80b572d29ca947c7b",
                "9253d64a9e32f253921e240c3d22a24b75f64349ddfddccd95a576a4777cfd09",
                "cffb01cc0f393debeb9404a4b2aba9a73ad157fc60332e017cbffc1c2309fd84"
            ],
            "type": "Document",
            "firstPartyCookies": {},
            "firstPartyCookiesSent": {},
            "exampleSites": [
                "americasvoice.news",
                "mlb.mlb.com",
                "www.cbsnews.com",
                "www.cbssports.com",
                "www.drphil.com",
                "www.insideedition.com",
                "www.last.fm",
                "www.maxpreps.com",
                "www.mlb.com",
                "www.rachaelrayshow.com",
                "www.startrek.com",
                "www.thedoctorstv.com"
            ]
        },
        {
            "rule": "getpublica\\.com\\/usermatch",
            "cookies": 0,
            "fingerprinting": 0,
            "subdomains": [
                "usersync"
            ],
            "apis": {},
            "sites": 12,
            "prevalence": 0.000083,
            "cnames": [],
            "responseHashes": [
                "e3b0c44298fc1c149afbf4c8996fb92427ae41e4649b934ca495991b7852b855"
            ],
            "type": "Image",
            "firstPartyCookies": {},
            "firstPartyCookiesSent": {},
            "exampleSites": [
                "americasvoice.news",
                "mlb.mlb.com",
                "www.cbsnews.com",
                "www.cbssports.com",
                "www.drphil.com",
                "www.insideedition.com",
                "www.last.fm",
                "www.maxpreps.com",
                "www.mlb.com",
                "www.rachaelrayshow.com",
                "www.startrek.com",
                "www.thedoctorstv.com"
            ]
        },
        {
            "rule": "getpublica\\.com\\/v1\\/s2s-hb",
            "cookies": 0,
            "fingerprinting": 0,
            "subdomains": [
                "pbs"
            ],
            "apis": {},
            "sites": 11,
            "prevalence": 0.0000761,
            "cnames": [],
            "responseHashes": [
                "4f53cda18c2baa0c0354bb5f9a3ecbe5ed12ab4d8e11ba873c2f11161202b945"
            ],
            "type": "XHR",
            "firstPartyCookies": {},
            "firstPartyCookiesSent": {
                "s_ppn": 0.000006917925729149372
            },
            "exampleSites": [
                "arstechnica.com",
                "pitchfork.com",
                "www.allure.com",
                "www.architecturaldigest.com",
                "www.bonappetit.com",
                "www.cntraveler.com",
                "www.epicurious.com",
                "www.glamour.com",
                "www.self.com",
                "www.vogue.com",
                "www.wired.com"
            ]
        }
    ],
    "categories": [],
    "performance": {},
    "cookies": 0.000138,
    "types": {
        "Script": 13,
        "Document": 12,
        "Image": 12,
        "XHR": 11
    },
    "nameservers": [
        "ns-111.awsdns-13.com",
        "ns-1495.awsdns-58.org",
        "ns-1776.awsdns-30.co.uk",
        "ns-757.awsdns-30.net"
    ]
}