{
    "domain": "getresponse.com",
    "owner": {},
    "source": [
        "DuckDuckGo-US"
    ],
    "prevalence": 0.000293,
    "sites": 43,
    "subdomains": [
        "app",
        "ga",
        "ga2"
    ],
    "cnames": [],
    "fingerprinting": 2,
    "resources": [
        {
            "rule": "getresponse\\.com\\/view_webform_v2\\.js",
            "cookies": 0.0000749,
            "fingerprinting": 1,
            "subdomains": [
                "app"
            ],
            "apis": {
                "window.innerWidth": 8,
                "window.innerHeight": 8,
                "Document.cookie getter": 8
            },
            "sites": 11,
            "prevalence": 0.0000749,
            "cnames": [],
            "responseHashes": [
                "e3b0c44298fc1c149afbf4c8996fb92427ae41e4649b934ca495991b7852b855",
                "c2d87565f617acf69837fb7b14f169db0dd055ada36a9b70e85e4ce9914b8399",
                "5afc036861af20b8420b8a086dee32da0bf40e5c791edaaea631361d24ca0335",
                "ed5c153ed2c0a1f6792d47e1c7a7b8a2501e3dd3c380d482ba737ab660ee4d44",
                "ae18b09966ac9ce5bd36b5236d5d947a8b6c9f74291bd208d86c9415fe533218",
                "10a38affab0ad4c2e3e1a2b22aca9d499040c2c11997ded829f3d015e9137d36",
                "85b3294a641969cd1a9f20eaba9200228c9ba3679e6008da22629fc3f65746e3",
                "41cf394a4f24fd988f57bbd9f06ff507e872d73048bfaeaaf4ce95a0683bc739"
            ],
            "type": "Script",
            "firstPartyCookies": {},
            "firstPartyCookiesSent": {},
            "exampleSites": [
                "andweknow.com",
                "m-strana.ru",
                "pmoflatline.com",
                "prepareforchange.net",
                "theasmr.com",
                "wakeup-world.com",
                "www.bubsngrubs.com.au",
                "www.immigrationspain.es",
                "www.legendsofamerica.com",
                "www.phrasemix.com",
                "www.strongfirst.com"
            ]
        },
        {
            "rule": "getresponse\\.com\\/stylesheets\\/core\\/pages\\/webFormV2\\/public\\/gr_wf_v2\\.css",
            "cookies": 0.0000681,
            "fingerprinting": 0,
            "subdomains": [
                "app"
            ],
            "apis": {},
            "sites": 10,
            "prevalence": 0.0000681,
            "cnames": [],
            "responseHashes": [
                "0c9ac233a87095c82fb409d77e1e8214461f3cffad4ddf119072b3f37caff6b1"
            ],
            "type": "Stylesheet",
            "firstPartyCookies": {},
            "firstPartyCookiesSent": {},
            "exampleSites": [
                "andweknow.com",
                "bloodpressureexplained.com",
                "pmoflatline.com",
                "prepareforchange.net",
                "www.best-microcontroller-projects.com",
                "www.bubsngrubs.com.au",
                "www.immigrationspain.es",
                "www.legendsofamerica.com",
                "www.phrasemix.com",
                "www.strongfirst.com"
            ]
        },
        {
            "rule": "getresponse\\.com\\/ruxitagentjs_ICA27QVfgjqrux_10235220309135426\\.js",
            "cookies": 0.0000681,
            "fingerprinting": 2,
            "subdomains": [
                "app"
            ],
            "apis": {
                "Navigator.prototype.cookieEnabled": 10,
                "Navigator.prototype.userAgent": 10,
                "Document.cookie getter": 10,
                "window.localStorage": 10,
                "window.sessionStorage": 10,
                "Document.cookie setter": 10,
                "Navigator.prototype.appName": 10,
                "Navigator.prototype.connection": 10,
                "window.innerWidth": 9,
                "window.innerHeight": 9,
                "Navigator.prototype.doNotTrack": 9,
                "Screen.prototype.width": 7,
                "Screen.prototype.height": 7
            },
            "sites": 10,
            "prevalence": 0.0000681,
            "cnames": [],
            "responseHashes": [
                "4a43430e1a7819f75bbcc653dbb2b05be990650dda72c80ffe424de57e11e2bc"
            ],
            "type": "Script",
            "firstPartyCookies": {},
            "firstPartyCookiesSent": {},
            "exampleSites": [
                "andweknow.com",
                "bloodpressureexplained.com",
                "pmoflatline.com",
                "prepareforchange.net",
                "www.best-microcontroller-projects.com",
                "www.bubsngrubs.com.au",
                "www.immigrationspain.es",
                "www.legendsofamerica.com",
                "www.phrasemix.com",
                "www.strongfirst.com"
            ]
        },
        {
            "rule": "getresponse\\.com\\/get_file_from_url\\.html",
            "cookies": 0.0000613,
            "fingerprinting": 0,
            "subdomains": [
                "app"
            ],
            "apis": {},
            "sites": 9,
            "prevalence": 0.0000613,
            "cnames": [],
            "responseHashes": [
                "42f34251a088a4178d0332357169d332769e859d180993392425aa145f6d4f99",
                "df14c80e02d3503b16a34ca1b805c81375a3fd491de3c5fb2683f08f63441f45",
                "4be4be71c8d74844838e244f9d09451bfa22ad1c3c8a27b7c834de96d5116359"
            ],
            "type": "Stylesheet",
            "firstPartyCookies": {},
            "firstPartyCookiesSent": {},
            "exampleSites": [
                "andweknow.com",
                "bloodpressureexplained.com",
                "pmoflatline.com",
                "prepareforchange.net",
                "www.bubsngrubs.com.au",
                "www.immigrationspain.es",
                "www.legendsofamerica.com",
                "www.phrasemix.com",
                "www.strongfirst.com"
            ]
        },
        {
            "rule": "getresponse\\.com\\/rb_bf70638ctp",
            "cookies": 0.0000681,
            "fingerprinting": 0,
            "subdomains": [
                "app"
            ],
            "apis": {},
            "sites": 10,
            "prevalence": 0.0000681,
            "cnames": [],
            "responseHashes": [
                "93a22fc81705f33c807c50510feab396f024febe99aa9f8f26bc9566e4eb0b93"
            ],
            "type": "XHR",
            "firstPartyCookies": {},
            "firstPartyCookiesSent": {},
            "exampleSites": [
                "andweknow.com",
                "bloodpressureexplained.com",
                "pmoflatline.com",
                "prepareforchange.net",
                "www.best-microcontroller-projects.com",
                "www.bubsngrubs.com.au",
                "www.immigrationspain.es",
                "www.legendsofamerica.com",
                "www.phrasemix.com",
                "www.strongfirst.com"
            ]
        },
        {
            "rule": "getresponse\\.com\\/script\\/ga\\.js",
            "cookies": 0.0000272,
            "fingerprinting": 1,
            "subdomains": [
                "ga"
            ],
            "apis": {
                "Document.cookie getter": 4,
                "Date.prototype.getTime": 4,
                "Document.cookie setter": 4,
                "Screen.prototype.width": 4,
                "Screen.prototype.height": 4
            },
            "sites": 4,
            "prevalence": 0.0000272,
            "cnames": [],
            "responseHashes": [
                "577547d4cdd5a3124668d923a794d33eab277827dffe72b326fb83ae09f626ad",
                "7b2ebea863373d9b0df3e29ea2c9851e195c0bd577f46a4fc2e0158ddf9aff6f",
                "343d045897c4171c4d83ce1b9addc6bbb48851c9e87cea3c1a33041be94654d9"
            ],
            "type": "Script",
            "firstPartyCookies": {
                "gaVisitorUuid": {
                    "ttl": 31536001,
                    "length": 36,