{
    "domain": "getsitectrl.com",
    "owner": {},
    "source": [
        "DuckDuckGo-US"
    ],
    "prevalence": 0.00107,
    "sites": 149,
    "subdomains": [
        "events"
    ],
    "cnames": [],
    "fingerprinting": 0,
    "resources": [
        {
            "rule": "getsitectrl\\.com\\/api\\/v1\\/events",
            "cookies": 0,
            "fingerprinting": 0,
            "subdomains": [
                "events"
            ],
            "apis": {},
            "sites": 83,
            "prevalence": 0.000593,
            "cnames": [],
            "responseHashes": [
                "f19b7b28b02b69e0a7608069ba55275688f43403b1f42b8a30d951be90dfe4c9",
                "8ec7384ab30c1bbbe91b65a95dad0781cfd299aeb56f6674688fa9746aa936e6",
                "a79ce401cb9bb33297da55cb5b81e2996b3843fd01335ba992f03b92f159ad42",
                "2ac9b9a4c1455d00441b878d79a20c5c33e4d96a53d07057063dd56f9393cffc",
                "4ae6cd0e4310e0878f6256401616be9cdf6a431ba0cdc960e7a9604ef2cfd3be",
                "b1eafbf25bf37a554bc858a0c9d40935355101716af6583b26ffe9f2f966306b",
                "64d74710d6f19a8eb5eeacec06a4533eaba937c5303e2ddbb6531c013551a232",
                "7f86bfc4666532ddfceb3d2376bb619f9fe0ecdc5cd7f324e2b7c5300609be96",
                "e71d654c309987f0457c7803df3c5d1d5e925e9a897581baa2a63a21c03db0fa",
                "989c0935a3d522befb35d9dfd68124eec89539222bbe2a570fea33455d7f3822",
                "dc59b696f49734bd987f163ebc01bdfc23f691ad04aef0cd66f3d0bd767a0f9d",
                "221fc1563898b16e4217feae69892cd67e63252a37321c74093ac635845d66e5",
                "2ef1799135c2d6f6c5ab6bf023d0ad4548471e74f75e0b22f4cc41bb4784db7d",
                "03877e44e39fedb1f8119fb936e16e578c22aa8d7e1ad003bccb30425b37098a",
                "b5a49bb08dc5b490f5d585dd0333e9c9b6986ba2507d2a3ec80cc11bd8aab4d7",
                "df3ab5a4ac817187b18e11d65186b31e68b877a1eac7b54b716e8234de7927c4",
                "645220ce857d8a8b3ad42a3ce07b65a403b89f1cdcfe0ff972ec5c771b000fe3",
                "b5fa9d8b1a941d3709aab69c6ddb781087673539031c850d26473598ab68804e",
                "79e5ff6cd62ea76fb16196ac17b14f665403c7c0572765e418e937be43e7641c",
                "9720b0f3e90f871e19d4d5df9e0e0d681983192ca5d469a2b739acfb50069c38",
                "b9f53f2ca5e6376d9143b95e9512f8eab167d2114fc8e4bd212d89068938cdd3",
                "78e25879f42294dbfb7acb794b1b651cddd0f7c5414a6fd3c43f13ed1bf5098c",
                "92d82893d650c7fe02aa0743612d81af12304ade98aa8d6ff5937dbc08c16a91",
                "850a4fa0ba06551612a21e2513364482a5c2e98ab873b025267023dd74ad4c10",
                "6c63faf0c09dc74fe6f6a1fb91fcf6767968439d92df852e0875974c9991a512",
                "a2c1b2ab592c620481df0b6379b51a94288e6308c9d9dbe74232fac29c06709b",
                "ff16e6e7eedbff5657a432b51592121cd4d64b9d0d6dfb150ab38fbec1b37042",
                "99178c38ae41e9a16d13c08b41071f9b6faf44b5c099008f08670d8244a45bcc",
                "6b30014ad52a80cd2506b204269e2ef786082bc8a6ab864cfd1592c335b399e9",
                "0c419fbbf40708326d74ef287ea1f1cc22ceccd09d011d527f4377d8c4776d85",
                "d3c30afc8383f50e50c27a624210731ebc8cca6e6ae347e66ae9a592c169e7d2",
                "d24062f3acf08254acf2e01419732e38f53c7b448857f175e319ca9d6b744dd1",
                "7b1ba3f7b72fc3bb9f6a6c35abe84baa7d0da5ff26131ee57b99ef316d6883d4",
                "d0edf6d1102f5c3c01ca8a597b9560eec7e6546dffbc8d1aa245ef99d275c96c",
                "1d9977209171815d6d67b5f7c45001bcbf8cc30fd0cc3854ce7c346d4649e460",
                "5700f592fefbf8d6ec4978f880ed9bd5e2031ec4fc87400328619c741a3b98b6",
                "e951dc25815f681c7c65a312586658b586ce2f1ad98487ebdf0fe9a78fd68c38",
                "65daa1e75ed1e14614e2ba2026b0009d1a9f2e5bbad0506f5a5a289785245aaa",
                "bb69c9003f6aa4dc669f397305258da89721f1555978a60e61101805500f2edc",
                "2da6516a596dfcd5e4da10407c0e4c298ce6e29b3249afba470eba572ca5a798",
                "e8112f983deb595f622e2de0667c45bfcbc896c9dd54d78baf889d6cc780f3d0",
                "5cf14fe67f0cc468dbc4241176af388803ba51ab5dcecad3dae9b591196757e4",
                "a035ca2df6385ce24ffff2a0ed1cb2807f84ca1ac0749c751049b7fc4b1a3417",
                "ea82de1308812d8faa2b8a2811779c682ccc47dd965f8dfc4cc0a32f476457f4",
                "91b79da7cc270e021b3852ce05a952de5376f8bc04341c679ba7a3f9fec10ac1",
                "2e4dd6dda2ebc13fb26e97accbe2683b0c51160b9c8eb80cf28fcb482bc571a9",
                "9d6a653f017690ec4d7079315263f9fc43d848908bed47a9608358ed13a9bdd1",
                "86f668960bb9cc9d2665705b2706770ac5da5c0127eeec9ad2583cd66302dd2b",
                "9aca9c24dd003449d6eb91aef8d2ff50770598bd9d099971ab810c8675c453a8",
                "d15205e10882e7e507f70a8655d98bf5bc64ae79eeb5425bb5a2b4713c523465",
                "424d54e192dd14a29d3e07a6a2233ff4ce8af57d721295ae49404fea2f6456d0",
                "b2dfe6e215401d6fad7ac934c78ce6a1b299cddb50b607d0f1cb6599c037daaa",
                "dd886c526d693ef06aba747d7b9928adec49096a94ed1ad1622f7521388b1fca",
                "14bfafb0687c53b4eb84181ccc2997135b889b2bca19573cc7a0aa9456faae94",
                "0034cebc6ef4104b0908d2dd07098789ba61733ea0ae7b8335c470ccc14fe611",
                "a32666debe492b62ce1d6684a238b37bf82f1c4074bb19721a59cb0ab562eb2d",
                "2f25e0c94216ad75281128f9c6f34708b0dccd810825ef898c2ca177af62ddeb",
                "51f56229dce8daee0ea0f6d320b93f77347d8c72ba0316904b3b662c16f268ed",
                "08c04f40f298b2250ba21c25ceb422ba6e7dbca9c2cb0ffaebb1da3387ddfd78",
                "4befe619ce87241a97674378e6d99feb0cd8a5950c954e63bda6515bca10a93a",
                "8643c191f554a0e7729d31cc8d9d7d98382d82d20ac8b7bec018c4c1c0be0fa9",
                "dba9b827d84cc54351aaa1b50a95c2696ea396560263c5d59bb4bbf6db8822f1",
                "4cdefd8f348e8462c28df13efd5b4dff4e5c7441614ebf570982da5fdf8c978d",
                "33ecd2fc428b6cd13b53564f14c408a9c1d882f4237614f7700eca3930b8de0a",
                "5560854440771054888a8530bdfc2b57545e8826de0f2a42e38016be53f8e038",
                "1ce22a28afa5fdee01b04223d71b7aaf6eafe1642bbcf815aab7955cb218af6d",
                "7f3097564a37c5ed35742675332d6687fd4ffe5dafbf6fab671315b774017d37",
                "966e46c8787088521b185ca0e2e4e5d0bb3cca6fc328d20d6c5ab672289273d2",
                "0701de8956236c3934e2d5c1bfb49c1ddadbc600c580188f738096da35470ad6",
                "4e34515627dbf8cb6eb374cf5fc74ea168e237224a5007c588d5d9b9eaaafe6f",
                "0b09124d0d20b327b1b5f41d07820f7e888d99aa1ab659d96bb55fdea89044c5",
                "a5fd8179c3b08fe65a9861e3dc2fe0ff55eb2c1b6bfd82552fde8db3b75a388a",
                "5bf68f0057a1e70e42fa7148724c83b06297c59ccfffb342d6269b9d9bd2aea1",
                "1125369755e7bfdd6e64674a1ba93e0adc4fa2004d0288abc5f466754c49abde",
                "f8b0cfff99e654e85233f879e78292f2a872d0a912fd67f1cc5288957cf0cb1b",
                "1ce299e433098d49ab030e97892e585603024a670b46aa176caa7fd092d8d735",
                "1d8284818c64e4265a26989000b1c74aa00c59e462495751afb5a7b50296db8d",
                "48e3e34052773ef65850e24c99928617dee0ac0f8776960b3cef4de24655099c",
                "2fede412d1abdf175b0f206b623304a099f366deb25b12815494419f41318dad",
                "4714ad185a9e5ab8c342a8ebb67b900f9f58157d126135f5fca7314d36969fb9",
                "7a7d8d231ca59902c23a89c6ac44c2182812f3a4bf65104febcf2cec5688d055"
            ],
            "type": "Fetch",
            "firstPartyCookies": {},
            "firstPartyCookiesSent": {},