{
    "domain": "gnpge.com",
    "owner": {},
    "source": [
        "DuckDuckGo-US"
    ],
    "prevalence": 0.000191,
    "sites": 14,
    "subdomains": [
        "dts",
        "dts6"
    ],
    "cnames": [],
    "fingerprinting": 0,
    "resources": [
        {
            "rule": "gnpge\\.com\\/ptmdP",
            "cookies": 0,
            "fingerprinting": 0,
            "subdomains": [
                "dts"
            ],
            "apis": {},
            "sites": 14,
            "prevalence": 0.000191,
            "cnames": [],
            "responseHashes": [
                "aee408847d35e44e99430f0979c3357b85fe8dbb4535a494301198adbee85f27"
            ],
            "type": "Ping",
            "firstPartyCookies": {},
            "firstPartyCookiesSent": {},
            "exampleSites": [
                "18joss1.com",
                "asusjoss5.com",
                "asusjoss1.com",
                "comjoss3.com",
                "dewijoss1.com",
                "iyfbodn.com",
                "lxjoss1.com",
                "ongjoss1.com",
                "petajoss5.com",
                "sinjoss1.com",
                "sqjoss3.com",
                "sqjoss5.com",
                "topedjoss1.com",
                "wazejoss1.com"
            ]
        },
        {
            "rule": "gnpge\\.com\\/cenw\\.js",
            "cookies": 0,
            "fingerprinting": 0,
            "subdomains": [
                "dts"
            ],
            "apis": {},
            "sites": 14,
            "prevalence": 0.000191,
            "cnames": [],
            "responseHashes": [
                "6fe56f0742ef1b37af5683170140ea015c6a4e247c44f10c4309bdda7c753330",
                "693e99f5a838b6e39b34ed4308e7d18a0eefaf77f3b61e8a3597d315fafd85fc",
                "6824afbe179cf1ae331d267d47bc928ddd7c0418f07becf9a32e28f219086abb",
                "20aff05581028d5dc97decac5bdfed2ca6a8e9e9c9a3b8d698fc926c4afd5901",
                "9b6a64f30c2560742d11003efc0758422b906c6b12f7d46e1299bacb630226f2",
                "d4fd1639080742d5f5029188f0fea372ea1724cbdefb682658477d4d01b91040",
                "28f03600ad9c9413656fae4fdd10a497100adf5e2b807fcaa119bca060dc1546",
                "0142b72d30f1795e00888aa96ac447be90f0f73a8f243bb8495b37ce3608abc7",
                "93b8dd4c9b66c52435538e884e1c31781175ff3f24909ef630a450c4a71f0db0",
                "1acdccbb84a1f2f7d4d913cc791108246dbdd0e7076b3795780625f7723fc0eb",
                "e7e1aa1a42a590fb2ee26c817b4c29eb0fda5b3467dabcea4b0a7d0190a315ec",
                "e6327fa01047514f6619d6e8592fe6cef15b7c0c1a37a96b0541c72dd9d5da8d",
                "3f784e1b8d9036b862dda91577fab0939c93927fc68e203a7170a9c2870f1952"
            ],
            "type": "XHR",
            "firstPartyCookies": {},
            "firstPartyCookiesSent": {},
            "exampleSites": [
                "18joss1.com",
                "asusjoss5.com",
                "asusjoss1.com",
                "comjoss3.com",
                "dewijoss1.com",
                "iyfbodn.com",
                "lxjoss1.com",
                "ongjoss1.com",
                "petajoss5.com",
                "sinjoss1.com",
                "sqjoss3.com",
                "sqjoss5.com",
                "topedjoss1.com",
                "wazejoss1.com"
            ]
        },
        {
            "rule": "gnpge\\.com\\/ptmdDual",
            "cookies": 0,
            "fingerprinting": 0,
            "subdomains": [
                "dts6"
            ],
            "apis": {},
            "sites": 14,
            "prevalence": 0.000191,
            "cnames": [],
            "responseHashes": [
                "245d6956c497d341ac5fd3a12ac5dac48a418af0d2308f6dc1355a15c6d0b1f9"
            ],
            "type": "Image",
            "firstPartyCookies": {},
            "firstPartyCookiesSent": {},
            "exampleSites": [
                "18joss1.com",
                "asusjoss5.com",
                "asusjoss1.com",
                "comjoss3.com",
                "dewijoss1.com",
                "iyfbodn.com",
                "lxjoss1.com",
                "ongjoss1.com",
                "petajoss5.com",
                "sinjoss1.com",
                "sqjoss3.com",
                "sqjoss5.com",
                "topedjoss1.com",
                "wazejoss1.com"
            ]
        },
        {
            "rule": "gnpge\\.com\\/ptmd",
            "cookies": 0,
            "fingerprinting": 0,
            "subdomains": [
                "dts"
            ],
            "apis": {},
            "sites": 14,
            "prevalence": 0.000191,
            "cnames": [],
            "responseHashes": [
                "245d6956c497d341ac5fd3a12ac5dac48a418af0d2308f6dc1355a15c6d0b1f9"
            ],
            "type": "Image",
            "firstPartyCookies": {},
            "firstPartyCookiesSent": {},
            "exampleSites": [
                "18joss1.com",
                "asusjoss5.com",
                "asusjoss1.com",
                "comjoss3.com",
                "dewijoss1.com",
                "iyfbodn.com",
                "lxjoss1.com",
                "ongjoss1.com",
                "petajoss5.com",
                "sinjoss1.com",
                "sqjoss3.com",
                "sqjoss5.com",
                "topedjoss1.com",
                "wazejoss1.com"
            ]
        }
    ],
    "categories": [],
    "performance": {},
    "cookies": 0,
    "topInitiators": [
        {
            "domain": "akamaihd.net",
            "prevalence": 1
        }
    ],
    "types": {
        "Ping": 14,
        "XHR": 14,
        "Image": 28
    },
    "nameservers": [
        "ns-1862.awsdns-40.co.uk",
        "ns-273.awsdns-34.com",
        "ns-1046.awsdns-02.org",
        "ns-620.awsdns-13.net"
    ]
}