{
    "domain": "goadopt.io",
    "owner": {},
    "source": [
        "DuckDuckGo-US"
    ],
    "prevalence": 0.000313,
    "sites": 46,
    "subdomains": [
        "tag",
        "disclaimer-api",
        "api"
    ],
    "cnames": [],
    "fingerprinting": 1,
    "resources": [
        {
            "rule": "goadopt\\.io\\/injector\\.js",
            "cookies": 0.00015,
            "fingerprinting": 1,
            "subdomains": [
                "tag"
            ],
            "apis": {
                "Document.cookie getter": 25,
                "window.localStorage": 25,
                "Date.prototype.getTime": 22,
                "Document.cookie setter": 22
            },
            "sites": 25,
            "prevalence": 0.00017,
            "cnames": [],
            "responseHashes": [
                "a276d2a7b9aa371d2c389f660ce85d35161bc18e315285ad5a32adebcbc16f1d",
                "32d233809d08a1e218335f9287f40019fcf32d8f5ab8b931067424545380cefd",
                "5da8b1e048c787710bb8bce81715daf40c3144f61150f6aa679876bf03285629",
                "ec074495ac3268497332e04b3316de8ab344481c0b30f5699a33a74646189a11",
                "17de137e339bc6ab12869d0f11e0e8ec0c4392bcf3568c25bfc391f9e727fe4e",
                "0ab9394334e9698b221e0233c13661be81edf3c73a0bb3ca6d8b9becb90a97e9",
                "ac882e39ec97c6145fbc330047f9a9f0cd891840177fc23dd101fef3a4fc19c0",
                "808b143d46d201df9337f8312b58ec200c1733621070b4a5c450bdbc52de334c",
                "86129ebbdc2934fad90c1f8810064fa1f090420716b36e9833ddd6f291b6efab",
                "174108343eac733bd8cedf0770ff004da6bb9bd5ab437a9401692581428334bc",
                "6a6c7ded534c40785993d4bdb7b651a5df8965e23947cb33d84aa8b48b771dab",
                "cf74a7ac0c9722a3c14c9908db4d4cd1f1e1678db9c663e4b64f28e539463252",
                "c84600e9b5b042332da98e2c426137c40918055685407f5c1fc4793396e83ae0",
                "f4d022c932483fd4ff14d3ee53a68c84545bca5cf8bdb2a70773e153d2b189be",
                "b5a661d6427f4e913184efc75186888bfbdbe46e014c90354e3fbcf972a249c4",
                "5552b490c3162a0c7c36362fab3dc65118c8efe8d71e5b59112ab1355bb9770f",
                "9695cc046d6a87b944050ddb7879bdda658bcbc5be6619ad016cc9e37606a1ae",
                "691e38f9759464edd233210f03a1b6b5f53919d255e76a6016ba0f9d35a40871",
                "9fa2a33c291a41a1e0f02c37c909a076c9bd5a2d081ab2dd7035d24a3499efe0"
            ],
            "type": "Script",
            "firstPartyCookies": {},
            "firstPartyCookiesSent": {},
            "exampleSites": [
                "www.clickjogos.com.br",
                "sempreupdate.com.br",
                "avell.com.br",
                "www.metropoles.com",
                "www.mensagenscomamor.com",
                "pipocasclub.com.br",
                "piaui.folha.uol.com.br",
                "f5.folha.uol.com.br",
                "diariodopoder.com.br",
                "www.horoscopovirtual.com.br",
                "conceitos.com",
                "www.aurum.com.br",
                "exame.com",
                "www.moto.com.br",
                "www.tecmundo.com.br",
                "www.astrocentro.com.br",
                "www.megacurioso.com.br",
                "www1.folha.uol.com.br",
                "m.horoscopovirtual.com.br",
                "www.folha.uol.com.br"
            ]
        },
        {
            "rule": "goadopt\\.io\\/api\\/tag\\/get-consent",
            "cookies": 0.000163,
            "fingerprinting": 0,
            "subdomains": [
                "disclaimer-api"
            ],
            "apis": {},
            "sites": 25,
            "prevalence": 0.00017,
            "cnames": [],
            "responseHashes": [
                "1a50cb0a9c85d6f5f20976830e96842d0dc39b68965c1362ff2268fe9182ba88",
                "a4819bc29c7fd372262c2282c41388162b394f04e340cd1d7eeedbdb8bb0f349",
                "97890607b0b875b670e94ff2839681b9db5de40f1a53ba59af7d2d721343b7cf",
                "8ecfbdc0d4e94a76c1e93d62d0ce724f3e0e5abd40a2856d036ef76647f3fbbb",
                "169460a5e83b5edd1c58252d40e1b31dc9d663a1f680b719e2b709c629336c1b",
                "1b378dce0b94d7aec52c52be373cd17e027fad13bb7d54ac888959de1f37f726",
                "41b4ea99304ffaec4272f0b0d101eb3faba97d3e57e810e752a48912a86b5738",
                "bc0331ac26138f96d13088e4e6b268ed50155e743f4c70cd70d0e4abe532b4d3",
                "29532f498b159122a49d0ce943343eb3bbe7266921e687db80b6ca94f9e679ba",
                "a89420e3236ad17296235181db74de7042f39ecd69062c0f03a89eb184786c0c",
                "8c636e68115df24a9fffa03f96c33c986e236af8bf7fad01cb68f92c33b680e6",
                "56a801c9d7228f6d9e199d704ba6ff36646f06d05ba9fff94f29281952e14917",
                "3a209076d0393b77827f98703f94fdd7939d7a5b8a2afd47d9ffac4005527b33",
                "526b040e7a84e01ccac530f779e6311b15a15e70335e84b23b41ae5616b87871",
                "1629eff57412901d3bf41cca86c327fe0d3fc6990603c9ebb2d80e5d59ad88ba",
                "fb17e7606c559893ce4ec73bbf6d4ebe5174a78a97e0e755bd9dbf5d0959f2c5",
                "ab7df67345c950ada2f4d506f67099037211898e168f26185ec4c5094190a417",
                "616c7db6f268b5a887daf957dbc827cb1d8b262fcf6db39d7422db919f9e41d3",
                "8b0ef7b738fa962048d2b041502d33724a26a9ee332a8e19c9e15cae19bde4d0",
                "e0c2b696b5f4e9fcc09b99f6cb91e0238f6ecdfb9b6b7c4e2af294e41711a3a1",
                "9dba458fc9474d4c4b56746b586759f76053b923993e0fcc83ffa7ba9eb02b50",
                "69a8dc2ccd195ac773e81fadb2128ca163b66ad8f314bd1afcb7d01271d219a9",
                "e1e51f6ba9fa66a1596e16bddb8fbac32944f20438b96123c8964d5f1cc7c577",
                "8c1faffb6b89a5c9d031eac56e34932e5f94c1e0976c1053c857c9105cd1325f"
            ],
            "type": "XHR",
            "firstPartyCookies": {},
            "firstPartyCookiesSent": {},
            "exampleSites": [
                "f5.folha.uol.com.br",
                "www.mensagenscomamor.com",
                "portaldeplanos.com.br",
                "www.clickjogos.com.br",
                "conceitos.com",
                "www.megacurioso.com.br",
                "sempreupdate.com.br",
                "pipocasclub.com.br",
                "m.baixaki.com.br",
                "www.aurum.com.br",
                "www.astrocentro.com.br",
                "simplesbet.com",
                "www.horoscopovirtual.com.br",
                "www.moto.com.br",
                "www.baixaki.com.br",
                "www.edivaldobrito.com.br",
                "diariodopoder.com.br",
                "www.metropoles.com",
                "www.tecmundo.com.br",
                "piaui.folha.uol.com.br"
            ]
        },
        {
            "rule": "goadopt\\.io\\/adopt\\/log\\/",
            "cookies": 0,
            "fingerprinting": 0,
            "subdomains": [
                "api"
            ],
            "apis": {},
            "sites": 22,
            "prevalence": 0.00015,
            "cnames": [],
            "responseHashes": [
                "b9267503a62d762b6f254d86082b81643a0c3bb195f177a59fb2fe267523383a"
            ],
            "type": "XHR",
            "firstPartyCookies": {},
            "firstPartyCookiesSent": {},