{
    "domain": "goadopt.io",
    "owner": {},
    "source": [
        "DuckDuckGo-US"
    ],
    "prevalence": 0.000449,
    "sites": 33,
    "subdomains": [
        "tag",
        "disclaimer-api"
    ],
    "cnames": [],
    "fingerprinting": 0,
    "resources": [
        {
            "rule": "goadopt\\.io\\/injector\\.js",
            "cookies": 0,
            "fingerprinting": 0,
            "subdomains": [
                "tag"
            ],
            "apis": {},
            "sites": 32,
            "prevalence": 0.000436,
            "cnames": [],
            "responseHashes": [
                "65407d7e92ff8eea5346cc94a1a1f7219ab73dd7af7285aaf1dc0c7bda1c8ad5",
                "73bd57bcc8201b8c35aa805ecf440593a7e8694646a91d1cd50a1c93ea66931f",
                "9be6acd5c9966a9c2bd0077e7ec6df15279022e180396735f1d8c62a498df6b5",
                "cb0700db97cbcd95b2ae28ec1fa60b0e485b3c0a9d5060592749569625a66945",
                "e56cc5895d66765c08f5dd62121dbf2b4e64c2bc25c3db62cc9d797b9ad73124",
                "77027aea28fff790f9d1b14bc631b0889570ba3ebcc796c126aa3f1f136524e2",
                "9e48f69867dff79897ba56aa447a61ffb4a753188a52bccb6271f435f83f48c0",
                "7c9bcedf106841d4d253beffc691b87fe1e122f1aee84eebafa7784bad12e7ed",
                "baaa1871b02190015a93b26a4ec560fa05fe4b32afa5f9a243ae5b476e25a2fa",
                "cebd58108827f6784891a3f5bcd6f3dffb91f0b59374ac42d627fdc85d7cc4ed",
                "d1c9c242d7c6445032884baff08bc3ca961507a16552badcbc4fc5aab10bef24",
                "1c7ab74eb796e3fa3bd72150241d7cb77e918dc22d7365330b41d6feede1f58a",
                "3ad45ca1e802ef760d2cc2e7ac3120eed565de4ba2781e578bc37a7a5990df33",
                "076065b9780d63d7b3ef70cb0b1a82bb5ce03a18c7959ea7554fce5b11238e66",
                "7f6ef1ce8edd71db7e1c6af95972d95a7cce26e9ead59720b2cfbbd2d726706f",
                "d43f9316b9196fc23f20af4364b2eddee8c2a994356c9802fda7a78e974fdf70",
                "fd7f68fae6af4e40b1bc0e16d0bebeccc3d52cb185270d244b275f34d23decf2",
                "33d8f850b9cb30d382d26b24422c22793daab592413fd6dace2bab0b965c8018",
                "e3b0c44298fc1c149afbf4c8996fb92427ae41e4649b934ca495991b7852b855",
                "18418f7cdda24699ac5c2e976596e8d68d119c4f7bfb488f6f76b8d86769156d",
                "2beb233ad05a885bc590252c452000bf96f1419300186a094be14eccd99c0f19",
                "4ed8dff386aab6ae40a092fbaa64241eb84c1b2d6e0ce82c5df55f51391286f3",
                "82718dfcd26576cc5099553f81978ddb1077710a3bde7bbdb6c6e890ab6b859a",
                "c3aea80b044b456a07b19832e16ee6c3384aa5079000c0a33a9e1a9e1c53a26c",
                "ed7910f9e17b88a03fb12f0d1f0f29af0405345a30da3aff32b22bdc7183ccb5",
                "43e2ba7fec2f86466925c3086e8d79df8fbbb0d97711ec4473a0e96365673bdc",
                "89cf2821afe5e543371bf155fb32b2c0edd58da044d7753a4e6c55b2b1b5ca3f",
                "caf3956671bb60a358284e5126dc6077cfb369c9717ccdbef1f24f72e1a51813",
                "d6bdd73aab232bbfd38fd08f74ddb07e90e923e304e94bf16d661d5c7f90ffaa",
                "964c9c92c0a2e1b5cb70fc92672311043ec508cab6f47dfb4080c8bbdad5f2b5"
            ],
            "type": "Script",
            "firstPartyCookies": {},
            "firstPartyCookiesSent": {},
            "exampleSites": [
                "www.lebes.com.br",
                "www.horoscopovirtual.com.br",
                "www.piccadilly.com.br",
                "tiny.com.br",
                "www.feiradamadrugadasp.com.br",
                "exame.com",
                "www.baixaki.com.br",
                "portaldoaluno.microlins.com.br",
                "deliverydireto.com.br",
                "xcapitalbank.com.br",
                "www.democrata.com.br",
                "m.zelo.com.br",
                "www.tnh1.com.br",
                "m.baixaki.com.br",
                "www.gigasena.com.br",
                "www.mensagenscomamor.com",
                "www.even3.com.br",
                "www.kipling.com.br",
                "www.megacurioso.com.br",
                "www.metropoles.com"
            ]
        },
        {
            "rule": "goadopt\\.io\\/api\\/tag\\/get-consent",
            "cookies": 0.000422,
            "fingerprinting": 0,
            "subdomains": [
                "disclaimer-api"
            ],
            "apis": {},
            "sites": 31,
            "prevalence": 0.000422,
            "cnames": [],
            "responseHashes": [
                "550356d4e2e8e445b8b3a425dfa268e4f6c37bff6e8bc372c8157302d4bbbf3c",
                "bef735ab872fa7e6dc10adcdbe554823307e5613d8487fda36d9ba533fc8b4a4",
                "2a77b7cc917092d16eb7bb67c14b99b3472347c747cb97a9879129c6ba365b76",
                "993130f8dbf8e08fc51f5a76c401c2478dc583e247237d138635fde9f4cf4e23",
                "1ad1ea96baf54261d4d7b9be40c7607f0099b020c0267e8cabf496b8de0d2ca4",
                "ce7f9852c6cd18941b53430c9bab86d1f0b3b78908c7240b3362379e121b714b",
                "8cb917d3facf3ff5aaaf2e305b186900846263c31c6151b76d4be01fa18192ed",
                "5fbbfbd9b3a29e54b735e61194c73ead6765f39192dd5651fb8302dc9f5e304d",
                "95cfb588af4fbf0d66d3d30f653eeacc2eecb6ee2baed540c86957ca556a7559",
                "7f3ac73ecbd770a5cf6320811e44689d64f6db52d64c21cc5085ebf32e628358",
                "72285e96dfb7901d46bea0dbc285e04e22da06e361be3dd63b3e82183c2460ae",
                "7982d0ceaa99e26c3eefb944798aa0a82f7d8a047620722c7c71a78828f8d124",
                "4c4f2fbefbd3493fe9ff9d75aeded52bfe18af7da1715edfb17b3fd3c5449b3d",
                "b0c0dc2168db488d31e52efda6fa98e8a2e5ea270dc45deb23f84b16b23902e4",
                "0f9d54f63338bcc303765c0890aabef16e1bdda8d2e86e6916b585c3c2911eb2",
                "e3b99a00cd265ea71d37886e6009b9ba8c2711458ab591267e7abfa277b0d370",
                "72bb3e53540f1a334aaba13829d9f8240b2989c69c62ca1056e66c6aa7385b7c",
                "9f6a825a836acaeef0b8bd46847ee9e373da1cc1e80970fbd2650ba15af131f5",
                "22a4e564ed26dffb183dd74df1482be81ec7723c2a7d7d3cf90f4bf81ab7a5a9",
                "0b5818c219631de9442141d2cfce0ad1e1e91587679875780c6cba4753513f28",
                "b4387d31f9999ea9f5ff0015924c2575ee99738aff2339c30ab38c2cb461888b",
                "2cccfefd94186bcd5a2719c5805f2c6ed2b97318c294751a585512b582763845",
                "e8b924c5f8f2f8abfb0ab9b2ea882bcc08dcd590c6a306272c79adfcb022bed7",
                "c1f2a626e61a77ca0b59e7e893b5a25b16c285605e367e3d1fca0baf12288fe0",
                "86d967b6c87d7938e4037e7ada98b2f372fcf9d384cf663b75628eb65e49695d",
                "8442f554f1ae3c8b1624432d4ee1aa9b0668e81c65ea9e628a113e59fc41d914",
                "e8bfcf0b82886c707e5636fc76254ac3c40470bb39337cad7cad64a95c9a2588",
                "efe76bb00f92eede5605a2607da64851c1a1f1ee3080f98df8f9bc245cc77d22",
                "291fb96126ff49e17ba336c43cabe096b05d08469aa5d7123110ccbf18278aea",
                "b58bc211e6017d4cec74862e75e65a5f68ddd9bb5cf9bb09d75817b70f5cdb53"
            ],
            "type": "XHR",
            "firstPartyCookies": {},
            "firstPartyCookiesSent": {},
            "exampleSites": [
                "www.plenitudedistribuidora.com.br",
                "tiny.com.br",
                "exame.com",
                "www.piccadilly.com.br",
                "www.mensagenscomamor.com",
                "www.tnh1.com.br",
                "www.horoscopovirtual.com.br",
                "portaldoaluno.microlins.com.br",
                "www.baixaki.com.br",
                "www.copafer.com.br",
                "www.feiradamadrugadasp.com.br",
                "www.even3.com.br",
                "xcapitalbank.com.br",
                "m.baixaki.com.br",
                "laudos.sabin.com.br",
                "www.tecmundo.com.br",
                "www.essentialnutrition.com.br",
                "www.centauro.com.br",
                "www.megacurioso.com.br",
                "m.zelo.com.br"
            ]
        }
    ],
    "categories": [],
    "performance": {},