{
    "domain": "granify.com",
    "owner": {
        "name": "Granify Inc.",
        "displayName": "Granify"
    },
    "source": [
        "DuckDuckGo-US"
    ],
    "prevalence": 0.000286,
    "sites": 21,
    "subdomains": [
        "cdn",
        "matching"
    ],
    "cnames": [],
    "fingerprinting": 2,
    "resources": [
        {
            "rule": "granify\\.com\\/assets\\/javascript\\.js",
            "cookies": 0.0000817,
            "fingerprinting": 2,
            "subdomains": [
                "cdn"
            ],
            "apis": {
                "Navigator.prototype.userAgent": 18,
                "window.localStorage": 18,
                "Date.prototype.getTime": 18,
                "window.innerHeight": 18,
                "window.innerWidth": 18,
                "Date.prototype.getTimezoneOffset": 18,
                "Document.cookie getter": 18,
                "PerformanceTiming.prototype.navigationStart": 18,
                "WebGLRenderingContext.prototype.getExtension": 18,
                "WebGLRenderingContext.prototype.getParameter": 18,
                "Document.cookie setter": 6,
                "window.sessionStorage": 1
            },
            "sites": 21,
            "prevalence": 0.000286,
            "cnames": [],
            "responseHashes": [
                "52c546ba29fde26cc15c7dd41832d1fa1d13e27cbc7a6bedc75a4f9d0758deac",
                "2db1fb7cb72d81b9d338179dca4ba68b758510dd09ff206cf164b3ee7a8025d3",
                "b1b06806822b4d1858225bc248a0bb7e230c5b0870882c665758639ceaf66c03",
                "ed051f0dfd3511ef9616d7f4311ac1d69c34ba309d8d87c2712e8e16ab3deb3b",
                "ff042d8b2a18c66db5ec70f68c8674ef7623ebca7455c471087b94781082eaf5",
                "0e6c2f893916df1a3eec9efa28501369227d145669de61d99d5d3347c38ae340",
                "55afb926a98db20a6d112eedd99373ee5bc228303be33ff4df3c2608e5ae001c",
                "f6c6df8fd39654305c32bb94ab82b97c71bf4d711a358d6ccd9b38c4d821ae95",
                "e3b0c44298fc1c149afbf4c8996fb92427ae41e4649b934ca495991b7852b855",
                "b81124a723311511a1dee68b9b2679dbe393956f872d182bec474614b6cfbbb6",
                "d8c0f16ddc142f72c12caa614f58f29faa954e7ed2d5b9af0bee88e6a4d32357",
                "f4c8f6a4e9291f337af03b12ddd548de606f1788466114b3ab25192a76087138"
            ],
            "type": "Script",
            "firstPartyCookies": {
                "granify.uuid": {
                    "ttl": 157680012,
                    "length": 36,
                    "prevalence": 0.00008167265599477295,
                    "uniqueness": 1
                },
                "granify.session.qivBM": {
                    "ttl": 157680014,
                    "length": 2,
                    "prevalence": 0.000013612109332462159,
                    "uniqueness": 1
                },
                "granify.new_user.qivBM": {
                    "ttl": 157680011,
                    "length": 4,
                    "prevalence": 0.000013612109332462159,
                    "uniqueness": 1
                },
                "granify.session.1447": {
                    "ttl": 157680013,
                    "length": 2,
                    "prevalence": 0.000013612109332462159,
                    "uniqueness": 1
                },
                "granify.new_user.1447": {
                    "ttl": 157680006,
                    "length": 4,
                    "prevalence": 0.000013612109332462159,
                    "uniqueness": 1
                },
                "granify.session.1244": {
                    "ttl": 157680018,
                    "length": 2,
                    "prevalence": 0.000013612109332462159,
                    "uniqueness": 1
                },
                "granify.new_user.1244": {
                    "ttl": 157680013,
                    "length": 4,
                    "prevalence": 0.000013612109332462159,
                    "uniqueness": 1
                },
                "granify.session.1245": {
                    "ttl": 157680030,
                    "length": 2,
                    "prevalence": 0.000013612109332462159,
                    "uniqueness": 1
                },
                "granify.new_user.1245": {
                    "ttl": 157680024,
                    "length": 4,
                    "prevalence": 0.000013612109332462159,
                    "uniqueness": 1
                },
                "granify.session.1402": {
                    "ttl": 157680019,
                    "length": 2,
                    "prevalence": 0.000013612109332462159,
                    "uniqueness": 1
                },
                "granify.new_user.1402": {
                    "ttl": 157680015,
                    "length": 4,
                    "prevalence": 0.000013612109332462159,
                    "uniqueness": 1
                },
                "granify.session.nJpuD": {
                    "ttl": 157680014,
                    "length": 2,
                    "prevalence": 0.000013612109332462159,
                    "uniqueness": 1
                },
                "granify.new_user.nJpuD": {
                    "ttl": 157680006,
                    "length": 4,
                    "prevalence": 0.000013612109332462159,
                    "uniqueness": 1
                }
            },
            "firstPartyCookiesSent": {},
            "exampleSites": [
                "www.etsy.com",
                "www.grandinroad.com",
                "oldnavy.gapcanada.ca",
                "www.hsn.com",
                "gap.com",
                "www.gap.com",
                "secure-oldnavy.gapcanada.ca",
                "bananarepublicfactory.gapfactory.com",
                "bananarepublic.gapcanada.ca",
                "bananarepublic.gap.com",
                "www.gapfactory.com",
                "www.express.com",
                "secure-bananarepublicfactory.gapfactory.com",
                "secure-oldnavy.gap.com",
                "www.gap.co.jp",
                "community.qvc.com",
                "secure-www.gap.com",
                "www.frontgate.com",
                "oldnavy.gap.com",
                "www.qvc.com"
            ]
        },
        {
            "rule": "granify\\.com\\/identifier\\.html",
            "cookies": 0,
            "fingerprinting": 1,
            "subdomains": [
                "cdn"
            ],
            "apis": {
                "Navigator.prototype.userAgent": 12,
                "window.localStorage": 11
            },
            "sites": 12,
            "prevalence": 0.000163,
            "cnames": [],
            "responseHashes": [
                "017ce5a67b27ef7f4097386a0cdad0bfc826e9caa46925bb25841a1c25f085ac"
            ],
            "type": "Document",
            "firstPartyCookies": {},
            "firstPartyCookiesSent": {},
            "exampleSites": [
                "gap.com",
                "bananarepublic.gap.com",
                "bananarepublicfactory.gapfactory.com",
                "bananarepublic.gapcanada.ca",
                "oldnavy.gapcanada.ca",
                "secure-bananarepublicfactory.gapfactory.com",
                "secure-oldnavy.gap.com",
                "secure-oldnavy.gapcanada.ca",
                "secure-www.gap.com",
                "www.gap.com",
                "www.gapcanada.ca",
                "www.gapfactory.com"
            ]
        },
        {
            "rule": "granify\\.com\\/match",
            "cookies": 0,
            "fingerprinting": 0,
            "subdomains": [
                "matching"
            ],
            "apis": {},
            "sites": 18,
            "prevalence": 0.000245,
            "cnames": [],