{
    "domain": "gscontxt.net",
    "owner": {},
    "source": [
        "DuckDuckGo-US"
    ],
    "prevalence": 0.00127,
    "sites": 93,
    "subdomains": [
        "sapo-ams",
        "wolterskluwer",
        "sevenwest",
        "mediacorp",
        "bellmedia-ash",
        "stuffnz-sydney",
        "le-monde-ams",
        "roularta-ams",
        "torstar",
        "step-dk",
        "adwebgr-fra",
        "hearst",
        "bbc",
        "hoopla-uk",
        "vmg-ash",
        "vmg-useast"
    ],
    "cnames": [],
    "fingerprinting": 0,
    "resources": [
        {
            "rule": "gscontxt\\.net\\/main\\/channels-json\\.cgi",
            "cookies": 0,
            "fingerprinting": 0,
            "subdomains": [
                "sapo-ams",
                "wolterskluwer"
            ],
            "apis": {},
            "sites": 21,
            "prevalence": 0.000286,
            "cnames": [],
            "responseHashes": [
                "49a1b82c925a7177e0d5a27dcd9c3dd90ff94f5a6841c34c23198bb5321f33c0",
                "829926e794ad006b7d60da0fc78635fe3b752968e71552a16ce147cbe7d426e8",
                "815f2bffcd6e290c5f8ff71004ed6ca4ef3a363a8a919f28c2c00c4feafb55a5",
                "af68a043c2482b3e690f7a062fe7d5b36513f3457885e286ecaf69ec6a6333b1",
                "38c9c595f441528b89899db852aed6e4cff8d050aad5474e871d6880e5fdef96",
                "4eca8395bfcb518cb38998962214ee833e8ba9202128ae0d2f5f2828358e58a4",
                "5ae16f8352c80e9134683bc44d51705a994f0587b3ccb304bc0867944bf0a437",
                "8ae97062d335f3e6f4a4968775ffc80a9b6ef525c9cf32a9fce378ea1758ff1e",
                "45718ac49fc49fd6e1743c93f25e46a8bb05dfde9c9b8a76dd1609e17f73fff8",
                "94098deb4b4c5d7a672f33b1a6e52dc4bd182b5b84b12ee2124b480f6aa74745",
                "9203bbe0ef8bed5e0c9638c86947b81281e82279312964365231c749a3e0e8f5",
                "72f8cc057ea4f29d917c971cd4617e5de07b572467c300bc262ccdcefabfc1ef",
                "e5d153e4768482ee232f495fa6a42994d79a4ac8cd01f9101159a9e608be4826",
                "cd0ae3afba7a32c0b527756d8c9d6aded97dc71e890274fb4861c63ce97a2848",
                "ba6497c18749a6642b8043118a35be2070af584da08bf1d66f1daec6e1b773c4",
                "acdc5fb747a7094a14ae679e481252386f4b22bd8fb707b25fd5a1546cf83243",
                "fa4f879099a8a61e41d1e0f28581b3314da30f77d2c703045f0741a88f5d7053",
                "7f495096cd7aa811c4b428c022337a736f466fc51e6d0f45dff18d2c0aa71664",
                "320603c18a0cb1be80c9225d7e570a8673f71bef58c639622a532789daef741b"
            ],
            "type": "XHR",
            "firstPartyCookies": {},
            "firstPartyCookiesSent": {},
            "exampleSites": [
                "journals.lww.com",
                "hrportugal.sapo.pt",
                "www.novagente.pt",
                "www.zerozero.pt",
                "activa.sapo.pt",
                "portal.fpa.pt",
                "lifestyle.sapo.pt",
                "www.sapo.pt",
                "desporto.sapo.pt",
                "www.noticiasaominuto.com",
                "sapo.pt",
                "eco.sapo.pt",
                "magg.sapo.pt",
                "foreveryoung.sapo.pt",
                "multinews.sapo.pt",
                "caras.sapo.pt",
                "holofote.sapo.pt",
                "pplware.sapo.pt",
                "emprego.sapo.pt",
                "mail.sapo.pt"
            ]
        },
        {
            "rule": "gscontxt\\.net\\/main\\/channels-json\\.cgi",
            "cookies": 0,
            "fingerprinting": 0,
            "subdomains": [
                "sevenwest",
                "mediacorp"
            ],
            "apis": {},
            "sites": 5,
            "prevalence": 0.0000681,
            "cnames": [],
            "responseHashes": [
                "b384d1004402df191796dfb77ce894ff3f8271944791bf48a8f23fee9c24eb89",
                "8f7562f1eba752b2569e6f293e49313fee1e577b29e4a573931e2ca1cc3de6d5",
                "babf5dddc0ed5c82244e70aa80b4ee079640f8a8ec13febe1faa61c4e9093b66",
                "9761545980752ffc8a0521bc3e9f4870ce151960abc45ad8cedd7bedb38be3ca"
            ],
            "type": "Fetch",
            "firstPartyCookies": {},
            "firstPartyCookiesSent": {
                "lotame_domain_check": 0.000040836327997386474,
                "_cb_svref": 0.000013612109332462159
            },
            "exampleSites": [
                "7news.com.au",
                "mothership.sg",
                "www.8days.sg",
                "www.channelnewsasia.com",
                "www.todayonline.com"
            ]
        },
        {
            "rule": "gscontxt\\.net\\/main\\/channels\\.cgi",
            "cookies": 0,
            "fingerprinting": 0,
            "subdomains": [
                "bellmedia-ash",
                "mediacorp",
                "stuffnz-sydney",
                "le-monde-ams",
                "roularta-ams",
                "torstar"
            ],
            "apis": {},
            "sites": 18,
            "prevalence": 0.000245,
            "cnames": [],
            "responseHashes": [
                "ec403c4ec6c385d1aede27389d1cd0032dd80aa7ef62e6e05104bb4fdcab9b5c",
                "0078843239d1b2b1f5fe6a030efb27da118c06f206113e80e85736abd31c22c3",
                "0becdbabaf0d077c2a98e92c69caa34f69239f85db25efe569f470487f01685d",
                "b6e39c9096f9ee9aa7e85ad6ce5a979ec7851bb9e4c450801b351c03808076f5",
                "60192d52403684bb733dae2dda2e468cdda6c3fc9e05ac638e4e23e755943cb1",
                "da6c2719e412d070cd5dd01cf1dd6546d8a6e80251091f86474fb2dab93755c6",
                "2ca1d333e9f85ae8cf45c73b23be9fdae654523eeb3dec9a4f76d4c7935b05c8",
                "66d0c98bc27e772d6b5a862f8c759ec6b430f3ca71fb304d24519a957beefe76",
                "5591c75c27154fda8fa7e98141afc7f427b939adf9a24a6ae21c03b5acdd200b",
                "5a95df2a4c99c90b005c1a606f829806324cc0d26a1438208e6b9c3d366a375a",
                "dbf9373651a7d4feced89929b36c76aca3041d9a24a421db0b15455ab3c8c308",
                "fafc190108767511543d8a34c67fdbafceb5d93a8678182758879355f07126fb",
                "259f2fd8d080c826902ddfef4d9974055f3a2f368c762d01f875406277000551",
                "0ebe651f317a101487f3d1fa865873ac5a8c717a561c8bf08c4d05bf38937fae",
                "41fc3996883fe0073e8a1d9bcfdb1a92ebbc6b87fa484b25cfee179135dc65c6",
                "a0f1f829e7fd8df3c863c9e311e9bbbd132e086ae69446988ba62a90153b459f"
            ],
            "type": "Script",
            "firstPartyCookies": {},
            "firstPartyCookiesSent": {
                "lotame_domain_check": 0.000027224218664924318,
                "_schn": 0.000013612109332462159
            },
            "exampleSites": [
                "ctvnews.ca",
                "entlife.8world.com",
                "i.stuff.co.nz",
                "london.ctvnews.ca",
                "ottawa.ctvnews.ca",
                "toronto.ctvnews.ca",
                "www.8world.com",
                "www.coniugazione.it",
                "www.ctvnews.ca",
                "www.francebleu.fr",
                "www.knack.be",
                "www.libelle-lekker.be",
                "www.noovomoi.ca",
                "www.rds.ca",
                "www.stuff.co.nz",
                "www.thespec.com",
                "www.thestar.com",
                "www.tsn.ca"
            ]
        },
        {
            "rule": "gscontxt\\.net\\/main\\/main\\/channels\\.cgi",
            "cookies": 0,
            "fingerprinting": 0,
            "subdomains": [
                "step-dk"
            ],
            "apis": {},
            "sites": 7,
            "prevalence": 0.0000953,
            "cnames": [],