{
    "domain": "headerlift.com",
    "owner": {},
    "source": [
        "DuckDuckGo-US"
    ],
    "prevalence": 0.000194,
    "sites": 28,
    "subdomains": [
        "pub",
        "ana",
        "wdg",
        "static"
    ],
    "cnames": [],
    "fingerprinting": 0,
    "resources": [
        {
            "rule": "headerlift\\.com\\/opphb",
            "cookies": 0,
            "fingerprinting": 0,
            "subdomains": [
                "pub"
            ],
            "apis": {},
            "sites": 17,
            "prevalence": 0.000118,
            "cnames": [],
            "responseHashes": [
                "a86e762a7ea5316d4fa39a71751df416baf9ca34cfb556a5c4c53bf2742c18f9",
                "8af4b90c340737127fab16c288139fd4652f6e910b522687efb2c59ef7a77db1",
                "497f7e8bc4565650870d96d8d3bc95643b4ebebaf951ad7382566a40f56bb772",
                "8a15eabfee03b18017184eb1b80c891e919bebdd7f3ff53495aa7306e4a07a38",
                "8571cbd4329fb6461a20aa3f33e77e65831a0bbabaa513e4ad1f9dd5fc8a6c7c",
                "a7efda1fd36e06620458f954306014a236b21b6677218c3cd560358b2a295264",
                "88ea2744cc70cb165b7d2a31d84a62b930a6441950cf2afecafa0767f232e2ce",
                "9b5a121aedd61b96422a758b25d558e89a33e31fe1ed4249ca393e6ca931c5e6",
                "37a4258038d573f8d6560a84ffeed3b5ea31555e33ae1959b2bb9d7a1f95ded3",
                "04e8d639b6db9f593bf69ff393ce3d5e699d1506fc2e7dee21277ec4380d0ea8",
                "f4b03ed2dd3a5fbc265886083a14bb7d95ca783b7a7d8aebbb6c91bc7006efb6",
                "19656c6bd7f375b2947c8169f5e58832a7eda259935a14f7354907c9df88966f",
                "cc0bfc9d1df533576ad2922762f191e02a85014e67a1d5a5136f6a736ea3f152",
                "82d68f6debf71ea455b43b1d86d4e8383a452476c56291e73d9a2108cb6541f8",
                "8cf390723cbc64d2d97d215b96817753ac05325f4d908682c070d284236ab68e",
                "51918e08777460099626b87b0290e23f849e5cf584c02699b79d8916eb03a346"
            ],
            "type": "Fetch",
            "firstPartyCookies": {},
            "firstPartyCookiesSent": {},
            "exampleSites": [
                "chicagotribune.com",
                "fun.chicagotribune.com",
                "html.rincondelvago.com",
                "kiz10.com",
                "kizi.com",
                "nieuws.nl",
                "tvblik.nl",
                "www.agame.com",
                "www.elkspel.nl",
                "www.friv-2017.com",
                "www.jetztspielen.ws",
                "www.mahjong.fr",
                "www.okokorecepten.nl",
                "www.openingsuren.com",
                "www.toolshero.com",
                "www.tvinfo.de",
                "www.viamichelin.de"
            ]
        },
        {
            "rule": "headerlift\\.com\\/event",
            "cookies": 0,
            "fingerprinting": 0,
            "subdomains": [
                "ana"
            ],
            "apis": {},
            "sites": 7,
            "prevalence": 0.0000484,
            "cnames": [],
            "responseHashes": [],
            "type": "Fetch",
            "firstPartyCookies": {},
            "firstPartyCookiesSent": {},
            "exampleSites": [
                "googlefeud.games",
                "html.rincondelvago.com",
                "kiz10.com",
                "www.jetztspielen.ws",
                "www.okokorecepten.nl",
                "www.openingsuren.com",
                "www.toolshero.com"
            ]
        },
        {
            "rule": "headerlift\\.com\\/assets",
            "cookies": 0,
            "fingerprinting": 0,
            "subdomains": [
                "wdg"
            ],
            "apis": {},
            "sites": 2,
            "prevalence": 0.0000138,
            "cnames": [],
            "responseHashes": [],
            "type": "Preflight",
            "firstPartyCookies": {},
            "firstPartyCookiesSent": {},
            "exampleSites": [
                "agame.com",
                "www.agame.com"
            ]
        },
        {
            "rule": "headerlift\\.com\\/assets",
            "cookies": 0,
            "fingerprinting": 0,
            "subdomains": [
                "wdg"
            ],
            "apis": {},
            "sites": 2,
            "prevalence": 0.0000138,
            "cnames": [],
            "responseHashes": [
                "320aa0eefa3694e6f642cfbdb0ef6cf0a524fd273103e6dd3c5936fd852d3214"
            ],
            "type": "XHR",
            "firstPartyCookies": {},
            "firstPartyCookiesSent": {},
            "exampleSites": [
                "agame.com",
                "www.agame.com"
            ]
        },
        {
            "rule": "headerlift\\.com\\/widget\\/img\\/b7dd6962-922c-47b4-9d50-e2c74d727691\\.jpg",
            "cookies": 0,
            "fingerprinting": 0,
            "subdomains": [
                "static"
            ],
            "apis": {},
            "sites": 2,
            "prevalence": 0.0000138,
            "cnames": [],
            "responseHashes": [
                "3cfbf6ab8135e5f192362f8922451e4e66ce9010bea31a222fdc046d7cb84b29"
            ],
            "type": "Image",
            "firstPartyCookies": {},
            "firstPartyCookiesSent": {},
            "exampleSites": [
                "agame.com",
                "www.agame.com"
            ]
        },
        {
            "rule": "headerlift\\.com\\/widget\\/img\\/7415689c-e5c9-4f4e-951b-a60538ac9b04",
            "cookies": 0,
            "fingerprinting": 0,
            "subdomains": [
                "static"
            ],
            "apis": {},
            "sites": 2,
            "prevalence": 0.0000138,
            "cnames": [],
            "responseHashes": [
                "9acd59d14b4ac1a81cb55497030467e2929bc468d878663a032e1c0c40ab0e4f"
            ],
            "type": "Image",
            "firstPartyCookies": {},
            "firstPartyCookiesSent": {},
            "exampleSites": [
                "agame.com",
                "www.agame.com"
            ]
        },
        {
            "rule": "headerlift\\.com\\/widget\\/img\\/327a4150-ea71-499e-bf46-992123d4c522\\.jpg",
            "cookies": 0,
            "fingerprinting": 0,
            "subdomains": [
                "static"
            ],
            "apis": {},
            "sites": 2,
            "prevalence": 0.0000138,
            "cnames": [],
            "responseHashes": [
                "e8fc03b4a6bdb0d79bf99f410095e12cacd06ca1b1e665d4ff10684918fa9db6"
            ],
            "type": "Image",
            "firstPartyCookies": {},
            "firstPartyCookiesSent": {},
            "exampleSites": [
                "agame.com",
                "www.agame.com"
            ]
        },
        {
            "rule": "headerlift\\.com\\/event",
            "cookies": 0,
            "fingerprinting": 0,
            "subdomains": [
                "ana"
            ],
            "apis": {},
            "sites": 3,
            "prevalence": 0.0000208,
            "cnames": [],
            "responseHashes": [
                "e3b0c44298fc1c149afbf4c8996fb92427ae41e4649b934ca495991b7852b855"
            ],
            "type": "Image",
            "firstPartyCookies": {},
            "firstPartyCookiesSent": {},
            "exampleSites": [
                "agame.com",
                "www.friv-2017.com",
                "www.jetztspielen.ws"
            ]
        }
    ],
    "categories": [],
    "performance": {},
    "cookies": 0,
    "types": {
        "Fetch": 24,
        "Preflight": 2,
        "XHR": 2,
        "Image": 9
    },
    "nameservers": [
        "max.ns.cloudflare.com",
        "mimi.ns.cloudflare.com"
    ]
}