{
    "domain": "helloretail.com",
    "owner": {},
    "source": [
        "DuckDuckGo-US"
    ],
    "prevalence": 0.0000817,
    "sites": 6,
    "subdomains": [
        "core"
    ],
    "cnames": [],
    "fingerprinting": 0,
    "resources": [
        {
            "rule": "helloretail\\.com\\/api\\/helloretailids\\/",
            "cookies": 0,
            "fingerprinting": 0,
            "subdomains": [
                "core"
            ],
            "apis": {},
            "sites": 6,
            "prevalence": 0.0000817,
            "cnames": [],
            "responseHashes": [
                "8772294ad778ce11ca82a130162eb0c5cbfcbb8c39d5f7442279dd494d24397c",
                "c46020ae438c362e7cfa7e92326123ca7e939c8cef6be8b2b0528df5536f20d2",
                "0de730836f8d1b8dae9902f8d4f4e0a04187aa0c4c9e6e83fc8c4675814003ae",
                "6a597391a6a6f6c621d0c1d667721bd5cb5108b04c549e1d19616c5cedcef8da",
                "51ea202c1cc4a7ec08492cd6ca5831e8005c1397dc9bbb1a353fb402c37e3409"
            ],
            "type": "XHR",
            "firstPartyCookies": {},
            "firstPartyCookiesSent": {},
            "exampleSites": [
                "vetzoo.se",
                "www.avxperten.dk",
                "www.coolshop.dk",
                "www.danskoutlet.dk",
                "www.engelsons.se",
                "www.partyhallen.se"
            ]
        },
        {
            "rule": "helloretail\\.com\\/serve\\/init",
            "cookies": 0,
            "fingerprinting": 0,
            "subdomains": [
                "core"
            ],
            "apis": {},
            "sites": 6,
            "prevalence": 0.0000817,
            "cnames": [],
            "responseHashes": [
                "b6e90e9951818177dba10aaf4a7c9f2d0cc2f3b4dd0d1f8f0a7668bbcc0fa6f3",
                "ebee3001f641128e103e40cccbf9de4193c31ec95590bb12ef0835dbe69e75e3",
                "1e50fc7d7b7884f99c854bbdd0e4a57f8c7c3fdb8165e232e7fee6b781d4ecf3",
                "c0ad9a202b9969c7a5b31319f350e6df706cb74e61455b87b04af60cac6d0fc6",
                "29712c89c2487827db7453e5e8bffaccc62c5b2beec24313df047fe5d1b10e7a"
            ],
            "type": "XHR",
            "firstPartyCookies": {},
            "firstPartyCookiesSent": {
                "_schn": 0.000013612109332462159
            },
            "exampleSites": [
                "vetzoo.se",
                "www.avxperten.dk",
                "www.coolshop.dk",
                "www.danskoutlet.dk",
                "www.engelsons.se",
                "www.partyhallen.se"
            ]
        },
        {
            "rule": "helloretail\\.com\\/serve\\/tracking\\/source",
            "cookies": 0,
            "fingerprinting": 0,
            "subdomains": [
                "core"
            ],
            "apis": {},
            "sites": 6,
            "prevalence": 0.0000817,
            "cnames": [],
            "responseHashes": [
                "93cd75adbc18e7320c3cc7e9529286087f8b352271072d55108d570f0119fb55"
            ],
            "type": "XHR",
            "firstPartyCookies": {},
            "firstPartyCookiesSent": {},
            "exampleSites": [
                "vetzoo.se",
                "www.avxperten.dk",
                "www.coolshop.dk",
                "www.danskoutlet.dk",
                "www.engelsons.se",
                "www.partyhallen.se"
            ]
        },
        {
            "rule": "helloretail\\.com\\/serve\\/setup",
            "cookies": 0,
            "fingerprinting": 0,
            "subdomains": [
                "core"
            ],
            "apis": {},
            "sites": 6,
            "prevalence": 0.0000817,
            "cnames": [],
            "responseHashes": [
                "dd5aa869c6e134b58062f9adf2e16e03fc02043e8087a0dd6906d0a8782ec2ef",
                "59660d7ba9696a6aec58b8ea012dd9d95badcfcdf6996b84fe3bd2e2dd73494f"
            ],
            "type": "Script",
            "firstPartyCookies": {},
            "firstPartyCookiesSent": {},
            "exampleSites": [
                "vetzoo.se",
                "www.avxperten.dk",
                "www.coolshop.dk",
                "www.danskoutlet.dk",
                "www.engelsons.se",
                "www.partyhallen.se"
            ]
        },
        {
            "rule": "helloretail\\.com\\/serve\\/collect\\/pageview",
            "cookies": 0,
            "fingerprinting": 0,
            "subdomains": [
                "core"
            ],
            "apis": {},
            "sites": 6,
            "prevalence": 0.0000817,
            "cnames": [],
            "responseHashes": [
                "e3b0c44298fc1c149afbf4c8996fb92427ae41e4649b934ca495991b7852b855"
            ],
            "type": "Ping",
            "firstPartyCookies": {},
            "firstPartyCookiesSent": {},
            "exampleSites": [
                "vetzoo.se",
                "www.avxperten.dk",
                "www.coolshop.dk",
                "www.danskoutlet.dk",
                "www.engelsons.se",
                "www.partyhallen.se"
            ]
        },
        {
            "rule": "helloretail\\.com\\/partner\\/init\\.html",
            "cookies": 0,
            "fingerprinting": 0,
            "subdomains": [
                "core"
            ],
            "apis": {},
            "sites": 6,
            "prevalence": 0.0000817,
            "cnames": [],
            "responseHashes": [
                "35db32742f7b2e721cebe2eeb4a295a05022baca266ed9dbaa3df79933ee6865",
                "20cfd4d318f95b98c1958782f8b5ee6bed073d61e26ca5852ddd97d31a2bceb3",
                "375ca63d1d70b0f726f1d2b102dc35e318a9839da41f99495ffd72d28fc97cf0",
                "e051412968eb201c3995add3be9a7169f5b8ee485b47a891d086dc40b3565011",
                "9b1ca042599e174cee0eb94f39097381a2ca47c62a4480f54d333cf68ec27300"
            ],
            "type": "XHR",
            "firstPartyCookies": {},
            "firstPartyCookiesSent": {},
            "exampleSites": [
                "vetzoo.se",
                "www.avxperten.dk",
                "www.coolshop.dk",
                "www.danskoutlet.dk",
                "www.engelsons.se",
                "www.partyhallen.se"
            ]
        },
        {
            "rule": "helloretail\\.com\\/api\\/v1\\/search\\/refreshData",
            "cookies": 0,
            "fingerprinting": 0,
            "subdomains": [
                "core"
            ],
            "apis": {},
            "sites": 6,
            "prevalence": 0.0000817,
            "cnames": [],
            "responseHashes": [
                "fe46583cd3ceedc31bab348a2e08e38186d9095aef844672da3df2faaccb5692",
                "f5f5ce9d4b1fbcaac0deda99e47455b08e0d3bd4a2336ff8238991de4d29e04e",
                "9279cafcf72a81afa88114fdc085c5f5ac667573288227e5a6a5e8e6884f842a",
                "817a7e60d4d211e7eaf8b28ff9ac353b520a2a6fb7565448fca68ea8bc188408",
                "1188cbd9b7ee6f341f8acae04cb38b3082e54f271529c0d16e87aaefdb146f45"
            ],
            "type": "XHR",
            "firstPartyCookies": {},
            "firstPartyCookiesSent": {},
            "exampleSites": [
                "vetzoo.se",
                "www.avxperten.dk",
                "www.coolshop.dk",
                "www.danskoutlet.dk",
                "www.engelsons.se",
                "www.partyhallen.se"
            ]
        },
        {
            "rule": "helloretail\\.com\\/partner\\/save\\.html",
            "cookies": 0,
            "fingerprinting": 0,
            "subdomains": [
                "core"
            ],
            "apis": {},
            "sites": 6,
            "prevalence": 0.0000817,
            "cnames": [],
            "responseHashes": [
                "5b031a51498767315627be333a982fe48b258e8396cb0e63b9d17d1382e4538a",
                "9d2f8dc56b417085ec1e3a3ec478661a7a33d4ce8fd402fb7e2da1fce3cdd865"
            ],
            "type": "XHR",