{
    "domain": "hrznads.com",
    "owner": {},
    "source": [
        "DuckDuckGo-US"
    ],
    "prevalence": 0.000107,
    "sites": 15,
    "subdomains": [
        "api"
    ],
    "cnames": [],
    "fingerprinting": 0,
    "resources": [
        {
            "rule": "hrznads\\.com\\/u\\/43\\/p093\\.js",
            "cookies": 0.0000643,
            "fingerprinting": 0,
            "subdomains": [
                "api"
            ],
            "apis": {},
            "sites": 9,
            "prevalence": 0.0000643,
            "cnames": [],
            "responseHashes": [
                "162fb4055348ad488a2384254104743a6a3ea526ca913d1c7bd797a157dbb7ec",
                "6547a2cf4777670c065085fc6bc3c1759e98cd9ce845a1ded17336adef5015a5",
                "31a1b83f8dc0c0e53cdb01f9d7797055953088399429ff1036f03d5d381c984f",
                "5d5c4588659ac54e9df3ec2d43634ab6d511975b923183eae627b322fa9c0823",
                "b4a95467cf92ae4e983794f6e6246e2515658b2d52b2285df1aed22e29fe1594",
                "deeb4f62a2d2f6c2d53ce2fa3af0db03ac4eecaa42aa515b6bf15260e0a9e0d0",
                "0fa463f0d5b11a3d5940784fa266dafcf03440796f3b816f7ae6064fe1c75b67",
                "1eaa7bb870ff1bb15bd73c09953fb9f76ca64a84bbc746969b0a3c1a727bc4a8"
            ],
            "type": "Script",
            "firstPartyCookies": {},
            "firstPartyCookiesSent": {},
            "exampleSites": [
                "banggood.com",
                "br.banggood.com",
                "deonibus.com",
                "nl.banggood.com",
                "uk.banggood.com",
                "usa.banggood.com",
                "www.banggood.in",
                "www.banggood.com",
                "www.stoodi.com.br"
            ]
        },
        {
            "rule": "hrznads\\.com\\/u\\/42\\/p093\\.js",
            "cookies": 0,
            "fingerprinting": 0,
            "subdomains": [
                "api"
            ],
            "apis": {},
            "sites": 9,
            "prevalence": 0.0000643,
            "cnames": [],
            "responseHashes": [
                "e3b0c44298fc1c149afbf4c8996fb92427ae41e4649b934ca495991b7852b855",
                "f4eef8263281c0b26486637831251059757bc3fdc4c3a48045a8ef8646b36e8f"
            ],
            "type": "Document",
            "firstPartyCookies": {},
            "firstPartyCookiesSent": {},
            "exampleSites": [
                "banggood.com",
                "br.banggood.com",
                "deonibus.com",
                "nl.banggood.com",
                "uk.banggood.com",
                "usa.banggood.com",
                "www.banggood.in",
                "www.banggood.com",
                "www.stoodi.com.br"
            ]
        }
    ],
    "categories": [],
    "performance": {},
    "cookies": 0.000107,
    "types": {
        "Script": 9,
        "Document": 9
    },
    "nameservers": [
        "ns-40.awsdns-05.com",
        "ns-734.awsdns-27.net",
        "ns-1119.awsdns-11.org",
        "ns-1848.awsdns-39.co.uk"
    ]
}