{
    "domain": "huggy.io",
    "owner": {},
    "source": [
        "DuckDuckGo-US"
    ],
    "prevalence": 0.0000817,
    "sites": 6,
    "subdomains": [
        "widget"
    ],
    "cnames": [],
    "fingerprinting": 1,
    "resources": [
        {
            "rule": "huggy\\.io\\/chat\\/configs\\/",
            "cookies": 0.0000817,
            "fingerprinting": 0,
            "subdomains": [
                "widget"
            ],
            "apis": {},
            "sites": 6,
            "prevalence": 0.0000817,
            "cnames": [],
            "responseHashes": [
                "60765ff00a639846293ea1ae283d98000e60af7c00d8bf5129ce61922884216f",
                "ef8db1bbfb25076d627d261d2de872f347f778bb83943f9732dace292f6005c6",
                "47ba73b921800aba649ae6dc87d7b47ae0f771b7ce039022b77c01a0e849745d",
                "799e7e05bff78aefd533b14145a28668fb7230621914a299df77b7f157ba53a1",
                "0d99cb22937ab2425cdb8e184caf4b414c8d2b1a978abaf4da90a0c2fbc64243"
            ],
            "type": "XHR",
            "firstPartyCookies": {},
            "firstPartyCookiesSent": {},
            "exampleSites": [
                "apliqueme.com.br",
                "www.gontijo.com.br",
                "www.supermuffato.com.br",
                "www.tokstok.com.br",
                "www.viamia.com.br",
                "www.vunesp.com.br"
            ]
        },
        {
            "rule": "huggy\\.io\\/chat\\/ping\\/",
            "cookies": 0.0000817,
            "fingerprinting": 0,
            "subdomains": [
                "widget"
            ],
            "apis": {},
            "sites": 6,
            "prevalence": 0.0000817,
            "cnames": [],
            "responseHashes": [
                "e04f7d39f2da1ffcf67ad55826186a8ee75ec3bb8271f5dd76a862445c372858",
                "90449399205cc5d0decc8525799b739a2ace302926a557d9b8466c3eb908ebcf",
                "faa5aad6ece0191b5a372413959d930e057cf4a8f7836121752a71816a242813",
                "1b0d89bf44190f5a71704eeb7676b4776d3642def9093651ac89fb5cacfc814e",
                "6ae599d014c8ffa796ff0bd86187c33664e0a61004bf89bb146ef957e0057641"
            ],
            "type": "XHR",
            "firstPartyCookies": {},
            "firstPartyCookiesSent": {},
            "exampleSites": [
                "apliqueme.com.br",
                "www.gontijo.com.br",
                "www.supermuffato.com.br",
                "www.tokstok.com.br",
                "www.viamia.com.br",
                "www.vunesp.com.br"
            ]
        },
        {
            "rule": "huggy\\.io\\/chat\\/list\\/",
            "cookies": 0.0000272,
            "fingerprinting": 0,
            "subdomains": [
                "widget"
            ],
            "apis": {},
            "sites": 2,
            "prevalence": 0.0000272,
            "cnames": [],
            "responseHashes": [
                "dd24e3e3d8e839c45839329818e9b8db0251ef6098bf8867708b76253b1c4053"
            ],
            "type": "XHR",
            "firstPartyCookies": {},
            "firstPartyCookiesSent": {},
            "exampleSites": [
                "apliqueme.com.br",
                "www.supermuffato.com.br"
            ]
        }
    ],
    "categories": [],
    "performance": {},
    "cookies": 0.0000817,
    "topInitiators": [
        {
            "domain": "huggy.chat",
            "prevalence": 0.7142857142857143
        },
        {
            "domain": "first party",
            "prevalence": 0.2857142857142857
        }
    ],
    "types": {
        "XHR": 14
    },
    "nameservers": [
        "kiki.ns.cloudflare.com",
        "rajeev.ns.cloudflare.com"
    ]
}