{
    "domain": "icarasia.com",
    "owner": {},
    "source": [
        "DuckDuckGo-US"
    ],
    "prevalence": 0.000123,
    "sites": 9,
    "subdomains": [
        "www"
    ],
    "cnames": [],
    "fingerprinting": 0,
    "resources": [
        {
            "rule": "icarasia\\.com\\/paths\\/paths\\.js",
            "cookies": 0.000123,
            "fingerprinting": 0,
            "subdomains": [
                "www"
            ],
            "apis": {},
            "sites": 9,
            "prevalence": 0.000123,
            "cnames": [],
            "responseHashes": [
                "22ef53da856b2fba83145be45fface2d7f87b4b6e12ac81a2cecbd81bae90e60",
                "d4b9ec06c3401dfad70cb67e2ba42b6593b4de3936f1f1196c39038662071664",
                "a84db4af55b2481b69fe753d4bb649a78979ac53173453033296c92b65449816",
                "b470581d6b88a29fb2bf4f00ae9e5721b38efaaa304d14017484962b19e744d3",
                "43b9b66cf1ef05ef7dd492ce3aa925a7457b4bfbb66659c3888fd16d6ac76d0a",
                "e74775f041b60be287f97fe8ea0cedf401743c37c027e1deaf3e5be1f05576c1",
                "d5ff64448aeefebc8090938c4bbb89c5be81127c2ac142e2c4106b8bd1190e73",
                "1f089b182794187a611dcffea5c8331f747ec3462194c0af9a8b0d8174554439"
            ],
            "type": "Script",
            "firstPartyCookies": {},
            "firstPartyCookiesSent": {},
            "exampleSites": [
                "autofun.co.id",
                "www.autofun.co.th",
                "www.carmudi.co.id",
                "www.carlist.my",
                "www.carsome.my",
                "www.carsome.id",
                "www.mobil123.com",
                "www.one2car.com",
                "www.wapcar.my"
            ]
        },
        {
            "rule": "icarasia\\.com\\/paths\\/path\\.js",
            "cookies": 0.000123,
            "fingerprinting": 0,
            "subdomains": [
                "www"
            ],
            "apis": {},
            "sites": 9,
            "prevalence": 0.000123,
            "cnames": [],
            "responseHashes": [
                "f8ed956aaaa58fc9046f0154fd86172c309cbab7a31cc94a0cb96e20f0c34059",
                "d7842b9b76ce7bfc7adaa3fb78fde296cb2309cd68a4b9919cab95e64ead2cbc",
                "ea8b0391c743cfee3be7e6cfa8da465218743d8a48ea77479e3d35a48c6771fe",
                "0fd2fb648f1341aa67f2e747851732b9bfa64b9c9b33f6e27fe2cc9a0f1da6a1",
                "dc6638d781444329387f05e249f9d797a470ad38b7df07d9c11859010358dd31",
                "e494bcb94296e859f12c162313349687b50c3b26b76aeb183c4d4e5973851301",
                "08efb715cf85a4c569094ae7c4a28b2b7ae55b66a92a11b45c2280bc0a25e5a7",
                "a420108971e281e7d723204e1aa3a245001446f64b178dc277e059c6d5f72649"
            ],
            "type": "Script",
            "firstPartyCookies": {},
            "firstPartyCookiesSent": {},
            "exampleSites": [
                "autofun.co.id",
                "www.autofun.co.th",
                "www.carmudi.co.id",
                "www.carlist.my",
                "www.carsome.my",
                "www.carsome.id",
                "www.mobil123.com",
                "www.one2car.com",
                "www.wapcar.my"
            ]
        }
    ],
    "categories": [],
    "performance": {},
    "cookies": 0.000123,
    "topInitiators": [
        {
            "domain": "first party",
            "prevalence": 0.8888888888888888
        },
        {
            "domain": "googletagmanager.com",
            "prevalence": 0.1111111111111111
        }
    ],
    "types": {
        "Script": 18
    },
    "nameservers": [
        "ns-cloud-e1.googledomains.com",
        "ns-cloud-e2.googledomains.com",
        "ns-cloud-e3.googledomains.com",
        "ns-cloud-e4.googledomains.com"
    ]
}