{
    "domain": "impactify.media",
    "owner": {},
    "source": [
        "DuckDuckGo-US"
    ],
    "prevalence": 0.00114,
    "sites": 84,
    "subdomains": [
        "sonic",
        "ad",
        "dvr"
    ],
    "cnames": [],
    "fingerprinting": 2,
    "resources": [
        {
            "rule": "impactify\\.media\\/bidder",
            "cookies": 0,
            "fingerprinting": 0,
            "subdomains": [
                "sonic"
            ],
            "apis": {},
            "sites": 14,
            "prevalence": 0.000191,
            "cnames": [],
            "responseHashes": [
                "dc2553f55a3cbdc52a613b4f26ae2b5ec75a17f1881886c867f30b11edff1249",
                "4c58edadd23e788d80f4281f32b786c346d984f398eb2c4877ba833687d30140",
                "42aa2db159302b73509ab5ae69ed5a3c37f853cb7d8a9719bff97561caed3623",
                "8ce8a78c6c9c8d0499d35ebbdd26ab97a3eb70af635cd7c24e42b58fc6db88d7",
                "90a0f7f07d90d5064e8f2d1ef1b2f1d725c79ca291f0a9c039cc012f132d01f9",
                "17f17027ddf500f366c7a7465bc09c055dba919c294996c7c4ca3d91eda1de50",
                "fc695804f137afc56c3c1ab082bc121d571bc2bb7c08affa3b8ebc131c8c0dcf",
                "82760d3a1618acfe2e427263f869d048f5d07170c0d12bc2564616721bf7d6b6",
                "f1e178042fd5da7bb575b2921a31dc7fd22f5e87d677c77d1585ca47a5f5fd1f",
                "dc05978ef16c8c9b30b4e70f44f38a13253e729ca9a39b7402756969d4a606af",
                "3898e5e846e519ab8f784bfdbee942e347cadec67b7ca0b7fc22161b29125be5",
                "2e29ffd523b029e6c69aab04da3b55633cce3362881786e149e8434a79577407",
                "1c3cf961d65af06772f0ecf299529627d8a298bc4959c272c61b1295afe8b6a4"
            ],
            "type": "XHR",
            "firstPartyCookies": {},
            "firstPartyCookiesSent": {},
            "exampleSites": [
                "app-liv.jp",
                "cocokara-next.com",
                "entnavi.com",
                "kabuyoho.ifis.co.jp",
                "libae.jp",
                "melos.media",
                "newswitch.jp",
                "utaten.com",
                "web.motormagazine.co.jp",
                "www.at-s.com",
                "www.chibanippo.co.jp",
                "www.chugoku-np.co.jp",
                "www.saitama-np.co.jp",
                "www.tvkingdom.jp"
            ]
        },
        {
            "rule": "impactify\\.media\\/static\\/cookie_sync\\.html",
            "cookies": 0,
            "fingerprinting": 0,
            "subdomains": [
                "sonic"
            ],
            "apis": {},
            "sites": 59,
            "prevalence": 0.000803,
            "cnames": [],
            "responseHashes": [
                "280b57a57e08af36875437fd24f32086a15be46cc6facb69cb6aa695eebc04db"
            ],
            "type": "Document",
            "firstPartyCookies": {},
            "firstPartyCookiesSent": {},
            "exampleSites": [
                "portalpurwokerto.pikiran-rakyat.com",
                "www.lampungnesia.com",
                "www.saitama-np.co.jp",
                "www.aleqt.com",
                "www.insulteng.com",
                "www.tvkingdom.jp",
                "melos.media",
                "www.indyturk.com",
                "latinus.us",
                "www.malayalamnewsdaily.com",
                "larecette.net",
                "web.motormagazine.co.jp",
                "libae.jp",
                "versus.lanacion.com.py",
                "www.abchannel.id",
                "korii.slate.fr",
                "www.techno-science.net",
                "www.jurnalnews.id",
                "entnavi.com",
                "cuisine-addict.com"
            ]
        },
        {
            "rule": "impactify\\.media\\/cookie_sync",
            "cookies": 0,
            "fingerprinting": 0,
            "subdomains": [
                "sonic"
            ],
            "apis": {},
            "sites": 51,
            "prevalence": 0.000694,
            "cnames": [],
            "responseHashes": [
                "e89d79b3be98abbd3f6e7b6bc3a804ac0504a8001131957b6f4a5ab4b800d5e5"
            ],
            "type": "XHR",
            "firstPartyCookies": {},
            "firstPartyCookiesSent": {},
            "exampleSites": [
                "www.motoservices.com",
                "melos.media",
                "radarkudus.jawapos.com",
                "portalsulut.pikiran-rakyat.com",
                "www.chibanippo.co.jp",
                "cuisine-addict.com",
                "www.chugoku-np.co.jp",
                "renote.net",
                "www.f1actu.com",
                "fajar.co.id",
                "sukoharjo.pikiran-rakyat.com",
                "cocokara-next.com",
                "tasikmalaya.pikiran-rakyat.com",
                "www.chassepassion.net",
                "beritadiy.pikiran-rakyat.com",
                "www.techno-science.net",
                "www.at-s.com",
                "portalkotamobagu.pikiran-rakyat.com",
                "www.slate.fr",
                "www.tvkingdom.jp"
            ]
        },
        {
            "rule": "impactify\\.media\\/setuid",
            "cookies": 0.000613,
            "fingerprinting": 0,
            "subdomains": [
                "sonic"
            ],
            "apis": {},
            "sites": 45,
            "prevalence": 0.000613,
            "cnames": [],
            "responseHashes": [
                "e3b0c44298fc1c149afbf4c8996fb92427ae41e4649b934ca495991b7852b855"
            ],
            "type": "Image",
            "firstPartyCookies": {},
            "firstPartyCookiesSent": {},
            "exampleSites": [
                "versus.lanacion.com.py",
                "larecette.net",
                "app-liv.jp",
                "www.pikiran-rakyat.com",
                "kabuyoho.ifis.co.jp",
                "www.indyturk.com",
                "fajar.co.id",
                "korii.slate.fr",
                "radarkudus.jawapos.com",
                "www.aljamila.com",
                "libae.jp",
                "www.motoservices.com",
                "www.chugoku-np.co.jp",
                "utaten.com",
                "www.chibanippo.co.jp",
                "www.malayalamnewsdaily.com",
                "www.techno-science.net",
                "www.saitama-np.co.jp",
                "www.cyclismactu.net",
                "prsoloraya.pikiran-rakyat.com"
            ]
        },
        {
            "rule": "impactify\\.media\\/static\\/ad\\/v5-1\\.9\\.64\\/screen\\.js",
            "cookies": 0,
            "fingerprinting": 2,
            "subdomains": [
                "ad"
            ],
            "apis": {
                "window.sessionStorage": 58,
                "Screen.prototype.width": 58,
                "window.innerWidth": 58,
                "Navigator.prototype.userAgent": 58,
                "Intl.DateTimeFormat.prototype.resolvedOptions": 58,
                "window.localStorage": 58,
                "Event.prototype.timeStamp": 15,
                "Navigator.prototype.language": 42,
                "Date.prototype.getTimezoneOffset": 38,
                "Navigator.prototype.doNotTrack": 39,
                "window.matchMedia(\"prefers-color-scheme\")": 41,
                "window.innerHeight": 41,
                "Date.prototype.getTime": 41,
                "Document.cookie getter": 3,
                "Screen.prototype.height": 1
            },
            "sites": 70,
            "prevalence": 0.000953,
            "cnames": [],
            "responseHashes": [
                "f28c8ace7655a9d4990eb9abea42a4649474670bd04fb97a26bd24f067df0c20"
            ],
            "type": "Script",
            "firstPartyCookies": {},
            "firstPartyCookiesSent": {},