{
    "domain": "impressionmonster.com",
    "owner": {
        "name": "Network Gateway Solutions",
        "displayName": "Network Gateway Solutions"
    },
    "source": [
        "DuckDuckGo-US"
    ],
    "prevalence": 0.0000692,
    "sites": 10,
    "subdomains": [
        "delivery"
    ],
    "cnames": [],
    "fingerprinting": 1,
    "resources": [
        {
            "rule": "impressionmonster\\.com\\/sync\\.php",
            "cookies": 0.0000553,
            "fingerprinting": 1,
            "subdomains": [
                "delivery"
            ],
            "apis": {
                "Document.cookie getter": 7,
                "Date.prototype.getTime": 4,
                "Document.cookie setter": 4
            },
            "sites": 8,
            "prevalence": 0.0000553,
            "cnames": [],
            "responseHashes": [
                "a3483a3850f184201135356a7269d962bb33d292b134c6efbf8c18c38ee27da8",
                "d3bcfdca52b52a8a6dc96d689930bafe3f5aa3cf6aef0fd333b5625ccecf76e3",
                "f52e11de60f0ed82a42a9508ebea5b371edfb6cd1b15d50e68d34494f5935b9a",
                "e09c3dc2224b8f141d3afd14cba72da22bc1a3c413d16338400b835ac56f82d0",
                "d7d7493d1b27525e0ee2e37319162495942f4f5dcccef076995bbc6e3c9adbb6",
                "9bc370e7f3e3c965aeb4b6acf544d9a9f088a71d4a5c93c31e56e7d9dedd7392",
                "d0b07f1755b442c7ee78ed3177426c5b019313bd721a6d1ea6b61492b409cf9b"
            ],
            "type": "Script",
            "firstPartyCookies": {
                "sppc_uuid": {
                    "ttl": 31536003,
                    "length": 36,
                    "prevalence": 0.000027671702916597487,
                    "uniqueness": 1
                }
            },
            "firstPartyCookiesSent": {
                "sppc_uuid": 0.000027671702916597487,
                "tf_flbk_uuid": 0.000013835851458298743
            },
            "exampleSites": [
                "hdsex.org",
                "desibp.com",
                "dirtydrawing.com",
                "it.eporner.com",
                "jizzbunker.com",
                "sex-xxx.video",
                "thehun.net",
                "www.sex-hd.xxx"
            ]
        }
    ],
    "categories": [],
    "performance": {},
    "cookies": 0.0000692,
    "types": {
        "Script": 8
    },
    "nameservers": [
        "ns0.reflected.net",
        "ns1.reflected.net"
    ]
}