{
    "domain": "ingage.tech",
    "owner": {},
    "source": [
        "DuckDuckGo-US"
    ],
    "prevalence": 0.000574,
    "sites": 83,
    "subdomains": [
        "ex"
    ],
    "cnames": [],
    "fingerprinting": 0,
    "resources": [
        {
            "rule": "ingage\\.tech\\/v1\\/openrtb",
            "cookies": 0,
            "fingerprinting": 0,
            "subdomains": [
                "ex"
            ],
            "apis": {},
            "sites": 59,
            "prevalence": 0.000408,
            "cnames": [],
            "responseHashes": [
                "19d400728714e57a0088b66fb2aaf66f2c8bf5155d0828199296f5722255e87d",
                "7b19546e172572722af3063784475a192d84b78da7aad0286e17241cee405054",
                "7fa77509c8b663e528527eb9dc0d087106c0888290be9c404a347865df510afe",
                "686f30ae7d752a6c8fd60ad463b5807e3c195efeac0d01e60d8869ec40d0ee48",
                "3922cf7a52291d82a2361fb0f4bfd6000ff603b10c8ca89f6070155e8c8fb8e6",
                "df6231ce7e1e6e0b91bbff78b23aa7295b5c5ac4a9bda82184717875957d30c7",
                "bfa22f5cd804ae39522884d63f965f00a45ed22175abbb911bdedb0d9fab4cf8",
                "f6bb427b4fa66c324c7ec0b92b54d92bae2c313fa6d6a25138e235f3bc117935",
                "7bcec9fa17ccd540799a58dfdaa48d50ababd24d531a78956604ed506f4b78d0",
                "bb48119551ae29eb5931a76708df050f300516f1616fef021980b9f9ae5373db",
                "1fdb06d84694b89bada35e5b777b4a9f9c95fe62d508afe9dbaa163fdec07304",
                "40d6cec63e9910f55ec4f8a0928dfd302ea6f5230688b6427058e73dadd5eedc",
                "4d6a86ba6f901cb7f12a4a2c1ee3d78088f5195bebc819bb31f20d4833a07607",
                "5bb756ac94d24f5a8fa8f3d1461ecbca9beb89862db6089bbbfc9303eee1be01",
                "b0dc3f907328b04a4ab6c6a6436827907a73880492312b8c54e9b8954b61c59e",
                "4e7e93cda7034d11ff9384efb3dcf1c6facb4af915485e822e1789328dbf4da9",
                "e0b4c1503965e6ea140d258582d991e7ca00d5528378de149cf9e6821b5e0167",
                "d7c448e4962ad3484060532e9e1afba1fabf7aedeff09018cf9460606a7bce5b",
                "7c814cfb663467d8b07cb5954b91e31ace2114f2b01b1ca80fb67f130ad1c344",
                "54f4805962fc42ea8796c2a64e7d3bf6a97ba10c0d8306cc969da0688bed6f96",
                "e42e16d7682d07f2611df9b5bae730f8a623c520ca1a5253cbe35c3c1d76dfad",
                "a21e59869a42fe7ff4edc1cfc3058ac0bc8424016c48f1bddff29bc3893a2824",
                "8dedf9ed21dd006db493e098a3adab1bf2770323dc11f4695c595d7f36cce4a2",
                "7181f85d372fbc452210c93108adc602dc09e2429d8f80760cda36dfff078a11",
                "8c399e8cb4ea6ff0e095e241048a0b71b940ca32a44af7455d84df4e51aeb38c",
                "14e768ac0e7aaf269ba55d58d61a45aa6f4e53b33103b8789af5ce5dc59ed645",
                "084f5f8caf083e914c45776d499a46dc5195deb03daee2a7a4159b0e729e5656",
                "01ba30258017e9a7dcb64b6e38ea6c5c695640ad46bc214391cf33f31e22546b",
                "291b9cb0ce69fb544acc696ebb4eb944df3a574ea4dc9ade8e7b9edc4cc96424",
                "e3b0c44298fc1c149afbf4c8996fb92427ae41e4649b934ca495991b7852b855",
                "040b02a669d2ba1e2e4db476cda591404fa9494f6bba21026221506e2298a4c7",
                "de0751abd65ff0c15133954e4de1c7fb530578ab32ca46008b4f807281f3dbe4",
                "84948a366802562ceb35939c8559e139c9a927cab075c0e3203936b80fe55d50",
                "6fb4abacbcb199b5bc345f0ab45de55fc0462a385320285a7c8cffdbc636346e",
                "541fe4c8c682f3234e0a7f66111085e72b64f87364e16d2aa4e9b26096715a35",
                "1d3ace03a4ee4da03641fc45ab9af9f92a895586887cd67058859c433a26cfc4",
                "37ed79522b5c2e9383f655f45bc4880a3a50a798d0e4ff854662a80c4caa2312",
                "a00c07fdf7aa7680210730daa433a48e6305c196c0ec34a2e1a26715c392a03a",
                "88900c3025f69a710065e62b685f0d74e5f88542fe83c0cc48a1ab26d9b350c3",
                "0266161b917d6ea42ddc833813922154631bceb737dc60da0a6611273ff05e59",
                "e058da506db487691b00dff36556396916119094518581b4241ec36ab9ff340c",
                "cb61b1dab15701c42ff7271b6d808ca717790b76bece1defae5154854e18a1fa",
                "be0b439e0a1613da6431855bc0875588b40cca091d55c1ac5fe7a4f478bcabfc",
                "e7f51a128484117654b462366e52ef4bcd6fca8fa58145b33d45f39124c13a7b",
                "77260f54c43f703dec783661b485e75b77622ca4505a7518e8fd71c41ca48857",
                "2f5f95d66e3ebe800720e131ef8d97d2cd9748034de6e65509979b7440dfa1aa",
                "6e62dc325908bfa9ef707e4e3ae31798bc3996253d9770b892e9651a5bfeb104",
                "58525e6541409873d7efc4f122cbea06de3023a06c08645d4a31c32468fd4acb",
                "7bfd13178e621bb95614e2118f0788328827dfdd9b9c09a4f7a440566fdaa33e",
                "7fd4794162f53a5ae47bda0d323273c8d69f4d1757033f79d642d274d3bed6b4",
                "d2e067cd8a3306612eae1a9ca36122e3d70019b9597913f18c818741fd4e159d",
                "edb50b84bb5b7cf49a25b3855d64b199fc0b4f252aedf52a8c2acaffafc1c190",
                "167a4e29c84f88785a3ec0ee6e5db6aa161293b03de628faf9ef2c99e9424663",
                "f151e0b505bd3c977341c26da6938625029bbc4f36efecff9d84c87cdc0aba2a",
                "0ea99937273cc25328fc61f212c72e3805270541e0634d9921d1c7aa53fa2376",
                "043f164847c34a0af51417edeebc0e67e3201ee6cb451721a10b7a659979d591"
            ],
            "type": "XHR",
            "firstPartyCookies": {},
            "firstPartyCookiesSent": {},
            "exampleSites": [
                "mydramalist.com",
                "www.ownedcore.com",
                "phoneky.com",
                "www.metronomeonline.com",
                "www.uscho.com",
                "www.purdueexponent.org",
                "thatgrapejuice.net",
                "www.huskermax.com",
                "sonichits.com",
                "nichegamer.com",
                "pittsburghsportsnow.com",
                "home.suddenlink.net",
                "cyclonefanatic.com",
                "www.birthdaymessages.net",
                "www.ringtv.com",
                "stocktwits.com",
                "www.hawaiitribune-herald.com",
                "obits.staradvertiser.com",
                "www.realclearhistory.com",
                "www.sidereel.com"
            ]
        },
        {
            "rule": "ingage\\.tech\\/v1\\/openrtb",
            "cookies": 0.0000138,
            "fingerprinting": 0,
            "subdomains": [
                "ex"
            ],
            "apis": {},
            "sites": 59,
            "prevalence": 0.000408,
            "cnames": [],
            "responseHashes": [],
            "type": "Preflight",
            "firstPartyCookies": {},
            "firstPartyCookiesSent": {},
            "exampleSites": [
                "www.ringtv.com",
                "www.westernjournal.com",
                "www.liveoutdoors.com",
                "weather-and-climate.com",
                "nichegamer.com",
                "classifieds.ksl.com",
                "portal.tds.net",
                "www.opednews.com",
                "techraptor.net",
                "home.suddenlink.net",
                "www.sidereel.com",
                "www.dogtime.com",
                "ijr.com",
                "ksl.com",
                "phoneky.com",
                "www.sheffieldforum.co.uk",
                "www.old-friends.co",
                "hfboards.mandatory.com",
                "www.huskermax.com",
                "www.stack.com"
            ]
        },
        {
            "rule": "ingage\\.tech\\/v1\\/sync\\/bidswitch\\/",
            "cookies": 0,
            "fingerprinting": 0,
            "subdomains": [
                "ex"
            ],
            "apis": {},
            "sites": 24,
            "prevalence": 0.000166,
            "cnames": [],
            "responseHashes": [
                "e3b0c44298fc1c149afbf4c8996fb92427ae41e4649b934ca495991b7852b855"
            ],
            "type": "Image",
            "firstPartyCookies": {},
            "firstPartyCookiesSent": {},