{
    "domain": "ingage.tech",
    "owner": {},
    "source": [
        "DuckDuckGo-US"
    ],
    "prevalence": 0.000307,
    "sites": 43,
    "subdomains": [
        "ex"
    ],
    "cnames": [],
    "fingerprinting": 1,
    "resources": [
        {
            "rule": "ingage\\.tech\\/v1\\/openrtb",
            "cookies": 0,
            "fingerprinting": 0,
            "subdomains": [
                "ex"
            ],
            "apis": {},
            "sites": 30,
            "prevalence": 0.000214,
            "cnames": [],
            "responseHashes": [
                "59dab5ba517ab51facba31b3c114b58db08fdcf2a733651e60819b1d8cc6caaf",
                "d192b6bbeccc203190a285b59ec5d2a3c2eb3e28cc9606afd61cd95c3469975b",
                "c6507edffb1c38dc650a1fb19a4bec6fcc7224099471a7ae86645beff80eee4d",
                "9b8a96858ba4e084416f74216e367a5e4d059296ead8e8130e32336937be9085",
                "ef3ca599705c85cdc330bf7033abc196adb5308bb3d464e8ea475682cd05997d",
                "72b8140082cbb83afb14559b6b6dc2265bc59a5ea4ea90eb88743bb2434c6ac0",
                "40d18736f2b10136167541b8c1c48ef7d6c74906875ce90f05144a52c8c34911",
                "738034f7cde49434e95ba24d5be654731ab78b9587cb7c9e0a3c67ba956722d1",
                "635f93cf1265fe6f7d26cfd6772fa210ce99d1efb13ec5bce347257c3126e608",
                "70880241bd5860eff5c5f77b55c49f7b2c803e511d5941d7a177b68339fb9384",
                "17b27002ca7cfe56af46a3e26138cb785b2086b6020515efcc2c4f3cfe8e7a67",
                "cbf5dc2ad1f8ea6fbd8db3b5b48fc228f2148289646e556f0e7fca5bc1944d5a",
                "a577733de047ef0c64d9f162751ee701c81a820c4e2e0dbeeaa8cb5613d44c40",
                "5c8eb22d79352689c2e242ec46124333a39ba21bea0b113ed2bde98b357c2fa9",
                "6548b345771daeafd320367a53a610c22c357a27dadb7b3ce915496fa918d3b9",
                "450d4497a1888fe1d1b95a78378f65b8a2dcf734be60588ec0fdb242fccb0ee6",
                "12bbf23a5e97f22e242ea1b7ee07df337868e56723cfc70765bfd264e1e73df4",
                "3f6fc1c84ea5476da7c5e2f97ea6bc14d295d31e50b4a45e78ee9bfd56f4de35",
                "968469b9875b90702f3cbb90ed5f645d695ae04bb3a9d7d10a636f8ecf6c2b77",
                "a4a51bf92cc41ffce070c72ed8f0f2c622c74c96a0ca734e14d5a8e009a3c1a6",
                "02a9d46876f062cb04051c84e7f34f2fea9fa566183b1e37252d886628a834ab",
                "2fc532061ca16f526f9a257f157820d420e85a33be73258a2c0e69f73ecaa091",
                "72f6d261bc6c05fbcfb6034f6b464595d88f25b0b04e213e00fc736f502cdf30",
                "a205ad4ab8d86f338a0981ba9d544021d89024967f879196e8c2889de8a63a22",
                "2d01483f539150eefda16b44c64d3791e3805d5ec8d5ebb813166d1ef38bbecf",
                "d62b4306adad3d3a32a2366544bc516c01359c3733608b2573899cb0c6ca9769",
                "95effee7097fff4a3561b27d19b2ef648419b0b3128951e5979edb98d60f2c29",
                "25d0ee754b9501bf23e3cf8fa880a4c5893d015606fd1344b74c02f997b61b49"
            ],
            "type": "XHR",
            "firstPartyCookies": {},
            "firstPartyCookiesSent": {},
            "exampleSites": [
                "www.song-lyrics-generator.org.uk",
                "www.owlstalk.co.uk",
                "www.washingtontimes.com",
                "www.chordie.com",
                "www.thedesertreview.com",
                "nichegamer.com",
                "www.airportia.com",
                "forums.rlfans.com",
                "mydramalist.com",
                "rlfans.com",
                "www.sheffieldforum.co.uk",
                "matrix.reshish.com",
                "www.elnacional.com",
                "www.travelgay.com",
                "www.scales-chords.com",
                "www.eliteprospects.com",
                "www.birthdaymessages.net",
                "www.getthedata.com",
                "slippedisc.com",
                "holdtoreset.com"
            ]
        },
        {
            "rule": "ingage\\.tech\\/v1\\/openrtb",
            "cookies": 0,
            "fingerprinting": 0,
            "subdomains": [
                "ex"
            ],
            "apis": {},
            "sites": 30,
            "prevalence": 0.000214,
            "cnames": [],
            "responseHashes": [],
            "type": "Preflight",
            "firstPartyCookies": {},
            "firstPartyCookiesSent": {},
            "exampleSites": [
                "www.travelgay.com",
                "rlfans.com",
                "holdtoreset.com",
                "www.eliteprospects.com",
                "www.chordie.com",
                "www.sherdog.com",
                "www.getthedata.com",
                "www.activityvillage.co.uk",
                "www.elnacional.com",
                "www.thedesertreview.com",
                "www.stack.com",
                "www.sheffieldforum.co.uk",
                "www.besteveralbums.com",
                "greenwichmeantime.com",
                "www.thebeachguide.co.uk",
                "www.washingtontimes.com",
                "www.motaclarity.co.uk",
                "www.airportia.com",
                "www.song-lyrics-generator.org.uk",
                "weather-and-climate.com"
            ]
        },
        {
            "rule": "ingage\\.tech\\/v1\\/sync\\/bidswitch\\/",
            "cookies": 0,
            "fingerprinting": 0,
            "subdomains": [
                "ex"
            ],
            "apis": {},
            "sites": 5,
            "prevalence": 0.0000357,
            "cnames": [],
            "responseHashes": [
                "e3b0c44298fc1c149afbf4c8996fb92427ae41e4649b934ca495991b7852b855"
            ],
            "type": "Image",
            "firstPartyCookies": {},
            "firstPartyCookiesSent": {},
            "exampleSites": [
                "nichegamer.com",
                "slippedisc.com",
                "www.activityvillage.co.uk",
                "www.stack.com",
                "www.thebeachguide.co.uk"
            ]
        },
        {
            "rule": "ingage\\.tech\\/v1\\/syncPage\\/rubicon",
            "cookies": 0.0000572,
            "fingerprinting": 1,
            "subdomains": [
                "ex"
            ],
            "apis": {
                "window.localStorage": 2
            },
            "sites": 8,
            "prevalence": 0.0000572,
            "cnames": [],
            "responseHashes": [
                "5d048d1ba1fb1f78e38c3e0cc432db86fb8138d98d4b61242b1b7951f62208b1"
            ],
            "type": "Document",
            "firstPartyCookies": {},
            "firstPartyCookiesSent": {
                "hb_insticator_uid": 0.00005719923925011797
            },
            "exampleSites": [
                "nichegamer.com",
                "www.besteveralbums.com",
                "www.eliteprospects.com",
                "www.elnacional.com",
                "www.sherdog.com",
                "www.stack.com",
                "www.thedesertreview.com",
                "www.washingtontimes.com"
            ]
        }
    ],
    "categories": [],
    "performance": {},
    "cookies": 0.0000786,
    "types": {
        "XHR": 30,
        "Preflight": 30,
        "Image": 5,
        "Document": 8
    },
    "nameservers": [
        "mona.ns.cloudflare.com",
        "beau.ns.cloudflare.com"
    ]
}