{
    "domain": "innity.com",
    "owner": {},
    "source": [
        "DuckDuckGo-US"
    ],
    "prevalence": 0.000236,
    "sites": 33,
    "subdomains": [
        "avd",
        "as",
        "optimize"
    ],
    "cnames": [],
    "fingerprinting": 0,
    "resources": [
        {
            "rule": "innity\\.com\\/dc\\/cb\\/",
            "cookies": 0.0000929,
            "fingerprinting": 0,
            "subdomains": [
                "avd"
            ],
            "apis": {},
            "sites": 16,
            "prevalence": 0.000114,
            "cnames": [],
            "responseHashes": [
                "9821e5e4bc83cf4d8cb6b258a4df878fc963cf9a1f988fba0882eead77f3cdf6",
                "cc2576a24685c9526a14f291b69e969a3685fda89ca3eadd6ab1316fadd4398e",
                "f1ca30a0586f3be06fd5bb90c53e8e989ddd5f91e20eb9754388df2c2c0e14aa",
                "17c9df7560f530ba5b1be9f5927061641d9f279ae33578c8df86d54b9385f61d",
                "f234edd73faf42eaf2c72c4668f9140197743aca43a82042d6d60be0e1add013",
                "e0df3de8fbdec4989f77178e52a7e988756e7e5801d15ea42c84e095a255cbeb",
                "e1a05006f772cff34ad08af50a9e7a545b03431c885adc32ffd14fbada38b797",
                "86fef3f782894d5dbcf6e4789a2cb3b06afd2660ed60af12fc5a92b1ef91506f",
                "929650c96cefb17a86496e22abb7e441e9c6acfbf9d8224974ee5b10b473621b",
                "177329ec229a50096f722a47abce92388ca22150bcc38452faabd7cf7c18bfd0",
                "f48e5a6151346467d5e02732b203f9b82c1802013387e9bec1d43886554707f2",
                "acdb7133b4b7185e4cac10c073ae46e838af8fc05a2e793a135bdaee07f5848f",
                "88b9ac3c88028b0948eca118f70bc706dc617505f6099d58688a867599c83e00",
                "e3b1c91d429dc16af3776aaf4aaa6fd87578a5973e5c14aed567611b8298b8b1",
                "72080300085a5119dc772384d2c16eff82a3b2214b9b27c7e43a748483cdd927"
            ],
            "type": "Script",
            "firstPartyCookies": {},
            "firstPartyCookiesSent": {},
            "exampleSites": [
                "ruliweb.com",
                "bbs.ruliweb.com",
                "lifestyle.inquirer.net",
                "m.kaskus.co.id",
                "m.malaysiakini.com",
                "newsinfo.inquirer.net",
                "pantip.com",
                "worldofbuzz.com",
                "www.adelaide.edu.au",
                "www.hottg.com",
                "www.inquirer.net",
                "www.kaskus.co.id",
                "www.rojakpot.com",
                "www.techarp.com",
                "www.theedgemarkets.com",
                "www.toomics.com"
            ]
        },
        {
            "rule": "innity\\.com\\/dc\\/",
            "cookies": 0.0000643,
            "fingerprinting": 0,
            "subdomains": [
                "avd"
            ],
            "apis": {},
            "sites": 16,
            "prevalence": 0.000114,
            "cnames": [],
            "responseHashes": [
                "e963e7196beb9123059ec3534b042ebcd1ef0a470fa568bfbebfeab2f33c4fda",
                "e3b0c44298fc1c149afbf4c8996fb92427ae41e4649b934ca495991b7852b855"
            ],
            "type": "Image",
            "firstPartyCookies": {},
            "firstPartyCookiesSent": {
                "iUUID": 0.00011439847850023595,
                "innity.dmp.462.sess.id": 0.000014299809812529493,
                "innity.dmp.0.sess.id": 0.00005004933434385323,
                "innity.dmp.170.sess.id": 0.000014299809812529493,
                "innity.dmp.6.sess.id": 0.000007149904906264747,
                "innity.dmp.254.sess.id": 0.000007149904906264747,
                "innity.dmp.206.sess.id": 0.000007149904906264747,
                "innity.dmp.465.sess.id": 0.000007149904906264747,
                "innity.dmp.849.sess.id": 0.000007149904906264747
            },
            "exampleSites": [
                "ruliweb.com",
                "bbs.ruliweb.com",
                "lifestyle.inquirer.net",
                "m.kaskus.co.id",
                "m.malaysiakini.com",
                "newsinfo.inquirer.net",
                "pantip.com",
                "worldofbuzz.com",
                "www.adelaide.edu.au",
                "www.hottg.com",
                "www.inquirer.net",
                "www.kaskus.co.id",
                "www.rojakpot.com",
                "www.techarp.com",
                "www.theedgemarkets.com",
                "www.toomics.com"
            ]
        },
        {
            "rule": "innity\\.com\\/sync\\/",
            "cookies": 0,
            "fingerprinting": 0,
            "subdomains": [
                "avd"
            ],
            "apis": {},
            "sites": 16,
            "prevalence": 0.000114,
            "cnames": [],
            "responseHashes": [
                "e963e7196beb9123059ec3534b042ebcd1ef0a470fa568bfbebfeab2f33c4fda"
            ],
            "type": "Image",
            "firstPartyCookies": {},
            "firstPartyCookiesSent": {
                "iUUID": 0.00011439847850023595
            },
            "exampleSites": [
                "ruliweb.com",
                "bbs.ruliweb.com",
                "lifestyle.inquirer.net",
                "m.kaskus.co.id",
                "m.malaysiakini.com",
                "newsinfo.inquirer.net",
                "pantip.com",
                "worldofbuzz.com",
                "www.adelaide.edu.au",
                "www.hottg.com",
                "www.inquirer.net",
                "www.kaskus.co.id",
                "www.rojakpot.com",
                "www.techarp.com",
                "www.theedgemarkets.com",
                "www.toomics.com"
            ]
        },
        {
            "rule": "innity\\.com\\/synd\\/",
            "cookies": 0.0000429,
            "fingerprinting": 0,
            "subdomains": [
                "as"
            ],
            "apis": {},
            "sites": 6,
            "prevalence": 0.0000429,
            "cnames": [],
            "responseHashes": [
                "06b93a88d020d77eca5a7f5541d4c85db5dbc160d1ea3cfd93e4686e627f89a6",
                "75f47b8d0bdb709ee1abbe0c0109fdcfaffb45a4cc9e7f49d94dd7b9a601a547",
                "18cd488606a97044df4aecbd880631bc2a482209da3c662376eb87291ff4ea18",
                "c048b9c93b74ca8e0fc6f281d614c68b4a117c9a2a6bbca424f9b52f5b8d09eb",
                "58c8ced0e59115d2b6c0a8f06b84e578b00f1a5e39765739ef244509a50c835d"
            ],
            "type": "Script",
            "firstPartyCookies": {},
            "firstPartyCookiesSent": {
                "lotame_domain_check": 0.000007149904906264747
            },
            "exampleSites": [
                "coconuts.co",
                "mb.com.ph",
                "www.esquiremag.ph",
                "www.hottg.com",
                "www.rojakpot.com",
                "www.techarp.com"
            ]
        },
        {
            "rule": "innity\\.com\\/",
            "cookies": 0,
            "fingerprinting": 0,
            "subdomains": [
                "optimize"
            ],
            "apis": {},
            "sites": 6,
            "prevalence": 0.0000429,
            "cnames": [],
            "responseHashes": [
                "e963e7196beb9123059ec3534b042ebcd1ef0a470fa568bfbebfeab2f33c4fda"
            ],
            "type": "Image",
            "firstPartyCookies": {},
            "firstPartyCookiesSent": {},
            "exampleSites": [
                "coconuts.co",
                "mb.com.ph",
                "www.esquiremag.ph",
                "www.hottg.com",
                "www.rojakpot.com",
                "www.techarp.com"
            ]
        },
        {
            "rule": "innity\\.com\\/synd\\/",
            "cookies": 0.0000286,
            "fingerprinting": 0,
            "subdomains": [
                "as"
            ],
            "apis": {},
            "sites": 4,
            "prevalence": 0.0000286,
            "cnames": [],