{
    "domain": "inskinad.com",
    "owner": {},
    "source": [
        "DuckDuckGo-US"
    ],
    "prevalence": 0.000572,
    "sites": 42,
    "subdomains": [
        "mfad",
        "cdn",
        "t"
    ],
    "cnames": [],
    "fingerprinting": 1,
    "resources": [
        {
            "rule": "inskinad\\.com\\/api\\/v2",
            "cookies": 0.000272,
            "fingerprinting": 0,
            "subdomains": [
                "mfad"
            ],
            "apis": {},
            "sites": 21,
            "prevalence": 0.000286,
            "cnames": [],
            "responseHashes": [
                "3a4ef40f19b73a6af5fb2a8f8a527fcecd94c014fe67b3384d5635293ef8af21",
                "8985fff96e46ebe45d9e3d2261c930b359b11a6f23a2f54773e02db00f62c900",
                "71927925910dbb473ebd97cd9b7bb235d461051648ef6f35387bf9d6981aec5d",
                "a0d4d25a26ec416a416bfa74b59c66c32caaed0a9e6cff5a4c933051c1d7c00b",
                "065441eb85457793ea2c74677c416dbf577515a973c7ba1b4b896ae1aa3d8b72",
                "a2a23f5bdb2cef458ce1288fa726c527e7471275ff4964a077ac4d9a206a633d",
                "a257b90cdcee04026124088f44c2ddb57ea1cb16df029a4a3798ac13156c4f0c",
                "494f308a6403583cc9af1ce523b8747972858c91cc7bcc5b618a9a2cf0d55f58",
                "2e99fd8c92a5d6a4a98aebfe21bd0059a4c662c800123bfd0d46f06bd2421049",
                "f8b8963f9c71532955a39b10bbc708eaa9ba2a85bfd42577204418354d0f966c",
                "a25f8b8ac03e5210e30b917c3a8cfbe6060b9e243397de7ff2a5a8e29f070716",
                "47e23b1a02f202a8e4213d558d0fc00501a164141a6ff2017022c93017b711c2",
                "bdbd381a31e8561462ac47da38ef0e92abf0a2cef123ad3b0f398d37edc2b405",
                "20f3da26d00e8f58623ddcf326877848866c09c8922e64d3a17851df33cd5b5c",
                "1049a5787e45f47de8e0776c16dba9614e3ea24a5fe0f31d0afb3f2125a807fd",
                "013c9f06e609ff36b30eeb57651f4265ac06653321ba99467fe33517ad5f14db",
                "64d1a8bfb1d45d738f7b176e9922692c8db08e71e1c73b6fc320454b750a77ff",
                "b8a162cd305ec78bd85f8e1b5a31a3e2c944fd560aa5f0e17e6b76de4c008e6b",
                "9e0e0f85710fe4ac8781a8f1439361cdc516464d14fa30e2b99c7b11e2000528",
                "f01ce77e0b6f0e78b9a2de010576cb1eaea210dc2361873851dea5a1c5c180bc"
            ],
            "type": "XHR",
            "firstPartyCookies": {},
            "firstPartyCookiesSent": {},
            "exampleSites": [
                "metro.co.uk",
                "www.crash.net",
                "www.taste.com.au",
                "www.premiere.fr",
                "www.dailytelegraph.com.au",
                "www.boerse-online.de",
                "www.universfreebox.com",
                "www.couriermail.com.au",
                "www.golfmagic.com",
                "www.bestrecipes.com.au",
                "www.adelaidenow.com.au",
                "www.at5.nl",
                "www.theaustralian.com.au",
                "www.visordown.com",
                "siraplimau.com",
                "www.news.com.au",
                "www.escape.com.au",
                "www.skynews.com.au",
                "www.heraldsun.com.au",
                "www.ajaxshowtime.com"
            ]
        },
        {
            "rule": "inskinad\\.com\\/udb\\/9874\\/sync\\/i\\.gif",
            "cookies": 0.000231,
            "fingerprinting": 0,
            "subdomains": [
                "mfad"
            ],
            "apis": {},
            "sites": 17,
            "prevalence": 0.000231,
            "cnames": [],
            "responseHashes": [
                "d346801abbf9bb4e9e9a055239053d4ab5596514304f601a6c70604187acb744"
            ],
            "type": "Image",
            "firstPartyCookies": {},
            "firstPartyCookiesSent": {},
            "exampleSites": [
                "metro.co.uk",
                "www.adelaidenow.com.au",
                "www.at5.nl",
                "www.bestrecipes.com.au",
                "www.boerse-online.de",
                "www.couriermail.com.au",
                "www.crash.net",
                "www.dailytelegraph.com.au",
                "www.escape.com.au",
                "www.golfmagic.com",
                "www.heraldsun.com.au",
                "www.kidspot.com.au",
                "www.news.com.au",
                "www.skynews.com.au",
                "www.taste.com.au",
                "www.theaustralian.com.au",
                "www.visordown.com"
            ]
        },
        {
            "rule": "inskinad\\.com\\/isfe\\/4\\.1\\/js\\/integration\\/base\\.js",
            "cookies": 0,
            "fingerprinting": 1,
            "subdomains": [
                "cdn"
            ],
            "apis": {
                "Date.prototype.getTime": 3,
                "Navigator.prototype.userAgent": 3,
                "Screen.prototype.width": 3,
                "Screen.prototype.height": 3,
                "window.innerWidth": 3,
                "window.localStorage": 3,
                "Document.cookie getter": 3
            },
            "sites": 22,
            "prevalence": 0.000299,
            "cnames": [],
            "responseHashes": [
                "56d25b586376c8351628383d8df8b7ce56af3330af6c955b2c3076a3468d4ee0"
            ],
            "type": "Script",
            "firstPartyCookies": {},
            "firstPartyCookiesSent": {},
            "exampleSites": [
                "www.eveningnews24.co.uk",
                "www.theargus.co.uk",
                "www.heraldscotland.com",
                "www.ipswichstar.co.uk",
                "www.eadt.co.uk",
                "www.lancashiretelegraph.co.uk",
                "www.thenational.scot",
                "www.echo-news.co.uk",
                "www.glasgowtimes.co.uk",
                "www.nwemail.co.uk",
                "www.universfreebox.com",
                "siraplimau.com",
                "www.warringtonguardian.co.uk",
                "www.thetelegraphandargus.co.uk",
                "www.edp24.co.uk",
                "www.yorkpress.co.uk",
                "www.oxfordmail.co.uk",
                "www.southwalesargus.co.uk",
                "www.thenorthernecho.co.uk",
                "www.bournemouthecho.co.uk"
            ]
        },
        {
            "rule": "inskinad\\.com\\/g",
            "cookies": 0,
            "fingerprinting": 0,
            "subdomains": [
                "t"
            ],
            "apis": {},
            "sites": 11,
            "prevalence": 0.00015,
            "cnames": [],
            "responseHashes": [
                "b3ac0e9a26172448e27ce5226a123e950c44a0f1c0df570e3ca5a706d544d983"
            ],
            "type": "XHR",
            "firstPartyCookies": {},
            "firstPartyCookiesSent": {},
            "exampleSites": [
                "siraplimau.com",
                "www.bournemouthecho.co.uk",
                "www.eadt.co.uk",
                "www.edp24.co.uk",
                "www.eveningnews24.co.uk",
                "www.glasgowtimes.co.uk",
                "www.ipswichstar.co.uk",
                "www.premiere.fr",
                "www.southwalesargus.co.uk",
                "www.universfreebox.com",
                "www.watfordobserver.co.uk"
            ]
        },
        {
            "rule": "inskinad\\.com\\/rec",
            "cookies": 0,
            "fingerprinting": 0,
            "subdomains": [
                "t"
            ],
            "apis": {},
            "sites": 3,
            "prevalence": 0.0000408,
            "cnames": [],
            "responseHashes": [
                "e3b0c44298fc1c149afbf4c8996fb92427ae41e4649b934ca495991b7852b855"
            ],
            "type": "XHR",
            "firstPartyCookies": {},
            "firstPartyCookiesSent": {},