{
    "domain": "interstitial-07.com",
    "owner": {},
    "source": [
        "DuckDuckGo-US"
    ],
    "prevalence": 0.000708,
    "sites": 99,
    "subdomains": [],
    "cnames": [],
    "fingerprinting": 2,
    "resources": [
        {
            "rule": "interstitial-07\\.com\\/",
            "cookies": 0.000422,
            "fingerprinting": 2,
            "subdomains": [],
            "apis": {
                "Navigator.prototype.userAgent": 52,
                "Screen.prototype.orientation": 56,
                "Screen.prototype.width": 56,
                "Screen.prototype.height": 56
            },
            "sites": 59,
            "prevalence": 0.000422,
            "cnames": [],
            "responseHashes": [
                "530d8e39c8ff3d13858edad6c896407ac2469f9aea5df077134130315889f2e9",
                "6a3b6151dfdaa76ae17247719372a330a728d19c9d1b8044d1f14ce61ad2e718",
                "4184935abbd698861f8a2d0f6c67f9ce3915eac796e0b79e7d43e49c739f0d4b",
                "ac23575bdb081dc23e2a1bb2f6a14ce0148672b7205d7a0c43719ef0d03af994",
                "f36aaa65c1ee2c914dccdd44b1567fc411097612845f37c07f17470a85a74e1a",
                "37a1bbd6053b430c0de3ec2ce75c13a7a09e0cec2698b2f9371cecca035b1f61",
                "03ef367aa9758018e0ab8acca73678de6b16204fbb6fa299105da51886f24e30",
                "67ea29a1149ae5aeef2986e8e2c6e7352d6b17d8259b6320aa02f9a5f9119e01",
                "49f7ab55f703ef9d89ee3582e11609443b8163bea5f29d0490fed8aa33a73eb3",
                "ca57c2cb6697e3623601271a22c7364cbe26f4647917836c5861a1757858bbd2",
                "dbe7bdc18774a91bd8eca08018164d3da54dcc559f6885160285e28bbc0bed84",
                "92b886dbe811f598d73d0bd803a688974627aba7ef3b9c359bee1bf69be6949a",
                "eef1c85846a12f34cf4297ad8da8b04f40bcc49c09742f33adf7c64f1a6eb041",
                "b3258e13468a550d23f9dd70fb979ae5e7130deab70d8f63f28fcf5d83c39cf6",
                "da2b57a871546cf30e358d91a2e7a0074ef1437d1c9bc6030dafc16f22d4dca3",
                "aa3db4013965e3eae6e97724f2485881b3c7b53b052d1e4260585696cfad4ef4",
                "a5ec4249d02265f46cc595d0cb95be0310b6bf64b5cff4aa64c2833dec1c3f43",
                "d6fc56058998f346c72584b132650add7a3aeb9542a205531649ce2710efcbbc",
                "75ef2fdea16b82dd4f6538ba26e81688ddb0b4e139868b31b5e0666425ce20b9",
                "f14964cec7e7d31dcb6edebd38d94fbcbb30768d90cec937804c5b316bbafe0a",
                "96a76197ef8bfb2a517e4ee34e03cf345997cc989b1ae10586f27ea5b2aaa1f6",
                "68421a7f1c53b0b9bb7771cf94322584ae27654874c4263801fe82fe7911e292",
                "b414015ff185ec36d3366260bc3b3bbf52d30ca37b54c941526ce4ccd91bb174",
                "5682ffeb874d0fc827f046f25da74dd024b2e74eb80d218adb035b3e1def0c27",
                "35f4f32f53872d9928a2e2e7ca88b0809a4a0335eab8f267677213ca10fffb48",
                "e0e2d272fc210e54b10e7752e6214a5a6afdb9c6021833e9ea20ace675e2cc49",
                "93c3934a34bf314a23dbd049c7ed181b05aaeb74c1a9faf502b49c78501839d7",
                "7aba5ac2d0ea764a0382d2295002e5dcf1e72566e8e9c3d668e6b55031a34f23",
                "e05961c62a5736eb1a3fc8f54bdd6ee9741e0e3337eb2726897d8c34dac809be",
                "c894cf46d5ae4b0d1782baf352543e7330c77ffbfd143371de2ae21bc77129cd",
                "5823bba3964fff1d2cd5b86e70309ae31842b97f7d43069bb3695b0db962b3e7",
                "d1505e3b7fb18a00257134de24ad9681f362a29b51073a02557c50030110c8a7",
                "7ebe794d2f1d43776454460ee7ea4aba92ecfef915316d863ae76ee01143c3cd",
                "170439d5a14191adcf6b7fada717b8a92733e1a6fe9049aae4d71486529ed1dd",
                "9182225142e5756b7528471aeff2e8e66cf5e443c3c2ad7beac7076be6b2c319",
                "23f97ddad174bc829a3500df98e5de8ad7c879665fc78967b098aa4f149b52f8",
                "41a4a7d7ac83738a7c1fa88f1abc9e0c0be0bc414eaf52637d9189f6e3cf62a1",
                "95abb96add1b6122107dc5cf797176a3d91b5a85a8220e33bc89cc183fddfa4c",
                "a201140d122f03427486413fb26d09efa9eae84e9fcfc9747ba36a8aebfae0b8",
                "d52c234ba011afed51b4f08b23367ff1742800af02954ee8232bd5fd020cbde0",
                "367896e748a3fd8ea553bcb56a5ee146dacd20ca119d0ead884cdf30d900d236",
                "f41510d57b3f320d835d04ec15a66788484879f645a59cb7a8a88535e27ec4dc",
                "796c56af9449cc3eb6a9dcd10dc12e2524d0290c65e427f5b3af72d28232bcc6",
                "af36e67d5a24f6f7c1ca59d2a7bad0edb14fcda73eae10f9719bd60eff368351",
                "1d5afca0b75ad8a4507f1c2bd81bb075cc5f6c787f8866828d1cb51b4b494d5d",
                "a17c34aee38e5b1d991022e61edf268b0bc27227bdbcb41797d2d24b8ccf1ef5",
                "6e43094805f04ab3f77d3244f1ff1c78caa0bd6004f1efe7c6a13e1052d417ef",
                "df98f3d40be2f74f76d5c796eeb2241e6229725903121555145cc996086b837d",
                "b3aa104c98482031b72c54ed3f8d2ef2565aafb5d923718d1c3da91de74d4be1",
                "ac17b8732c19afeb50b20513bff9eccc08f61cdb086ed541aa533706180543d2",
                "c5e8ab4662e4fa95049919e8790048aa2caa33a31343ffc8a2ac4a0465a55764",
                "c5971010fefdfb31909ec5006c3fd31ab10598938daf04b9fc4a234c50417ac8",
                "504f8986ec358d881d18e6c157c267d2b95c8669855f7496470fc50278e32342",
                "6bcfd2c6bf35df583665999afefef348c9cdc7ea7d2d0e0bdffb89a5d7c36b6c",
                "493f06433b764cc26a2b3a5f65c21c59c124f641f292abf665686945cc13452c",
                "d30ba2433eb2fc08f4d54debd70c219409c850416a0e47d8f774959315168b29",
                "565c50f2c70a759f054c5bad9da53669e41951c49f7d396009b7b15449918334"
            ],
            "type": "Document",
            "firstPartyCookies": {},
            "firstPartyCookiesSent": {},
            "exampleSites": [
                "wikibit.me",
                "rom3ds.download",
                "msecure.crictime.com",
                "www.ukphotosafari.org",
                "themoviesflix.us.com",
                "uwatchfree.netlify.app",
                "romps3.download",
                "3sk.work",
                "m.egyshare.cc",
                "www.thiramala.icu",
                "www.series9.me",
                "isaimini.sbs",
                "www.flibusta.site",
                "roupasdeacademias.com",
                "nagalandstatelottery.in",
                "www.antarvasnastory.org",
                "www.television-libre.com",
                "pictolic.com",
                "b7st.com",
                "chi-photography.com"
            ]
        },
        {
            "rule": "interstitial-07\\.com\\/contents\\/s\\/2d\\/3f\\/7f\\/35d1f144fa688a67ba834d0931\\/0100657458245\\.jpeg",
            "cookies": 0,
            "fingerprinting": 0,
            "subdomains": [],
            "apis": {},
            "sites": 59,
            "prevalence": 0.000422,
            "cnames": [],
            "responseHashes": [
                "25c87b90f3f9c37d31df33e15e8e5f84e556acb31f0379254160441545beba63"
            ],
            "type": "Image",
            "firstPartyCookies": {},
            "firstPartyCookiesSent": {},
            "exampleSites": [
                "wikibit.me",
                "esseq.co",
                "filmyzilla.biz",
                "www.television-libre.com",
                "kuttymovies7.xyz",
                "cortinapersiana.com.br",
                "nagalandstatelottery.in",
                "filmlek.com",
                "3sk.work",
                "www.ukphotosafari.org",
                "desimaalhd.com",
                "criarapps.com",
                "www.series9.me",
                "themoviesflix.us.com",
                "www.thiramala.icu",
                "bedavayoutubemp4indir.com",
                "blackboardway.com",
                "doramasflixs.com",
                "romswitch.download",
                "kwaiapk.com"
            ]
        },
        {
            "rule": "interstitial-07\\.com\\/contents\\/s\\/54\\/58\\/11\\/b0a815692a6ca16dd9a46924ab\\/0933414948049\\.jpeg",
            "cookies": 0,
            "fingerprinting": 0,