{
    "domain": "intellimizeio.com",
    "owner": {},
    "source": [
        "DuckDuckGo-US"
    ],
    "prevalence": 0.000114,
    "sites": 16,
    "subdomains": [
        "117469143",
        "117259316",
        "117259305",
        "117351982",
        "117763859",
        "117290365",
        "117583536",
        "117776529"
    ],
    "cnames": [],
    "fingerprinting": 1,
    "resources": [
        {
            "rule": "intellimizeio\\.com\\/storage\\.html",
            "cookies": 0,
            "fingerprinting": 1,
            "subdomains": [
                "117469143",
                "117259316",
                "117259305",
                "117351982",
                "117763859",
                "117290365",
                "117583536",
                "117776529"
            ],
            "apis": {
                "window.localStorage": 7
            },
            "sites": 10,
            "prevalence": 0.0000715,
            "cnames": [],
            "responseHashes": [
                "bfdca3fe1d88adbb9dae97415890e11e799ede844a3d366fde520f83a48de9e4",
                "34f4e2bfed403337a49ffbfa99f6da69b9c40ca0c7d128d5a91e725aa099a570",
                "1afa65fa66bd85ec50b49004e9c60c5c6dc511c21d91b30b9aa2305895496741",
                "e26b0104e85768854f901dd60c41ffd9dec302221223a8567a2ed59e3934a67b",
                "f5012aec836a4840bec730cb4bc99202a59df2b5daa8afc7c66e4b4e55987de6",
                "d2f0ce43e24b2608076f10c2cda3b662fa3f95c799a76ad197c4a6827165f455",
                "58a97b39ffd86c12ce62d781cdfe6468412606644fa146c619191340fbb40d97"
            ],
            "type": "Document",
            "firstPartyCookies": {},
            "firstPartyCookiesSent": {},
            "exampleSites": [
                "malwarebytes.com",
                "help.tableau.com",
                "kb.tableau.com",
                "www.builddirect.com",
                "www.okta.com",
                "www.sisense.com",
                "www.snowflake.com",
                "www.sumologic.com",
                "www.tableau.com",
                "www.whoop.com"
            ]
        }
    ],
    "categories": [],
    "performance": {},
    "cookies": 0,
    "types": {
        "Document": 10
    },
    "nameservers": [
        "ns-605.awsdns-11.net",
        "ns-441.awsdns-55.com",
        "ns-1974.awsdns-54.co.uk",
        "ns-1481.awsdns-57.org"
    ]
}