{
    "domain": "intellimizeio.com",
    "owner": {},
    "source": [
        "DuckDuckGo-US"
    ],
    "prevalence": 0.000208,
    "sites": 30,
    "subdomains": [
        "117848515",
        "117259316",
        "117234114",
        "117626863",
        "117259329",
        "117936053",
        "117784744",
        "117259328",
        "117962851",
        "117351982",
        "117885762",
        "117290365",
        "117967172",
        "117583536",
        "117205077",
        "117776529"
    ],
    "cnames": [],
    "fingerprinting": 1,
    "resources": [
        {
            "rule": "intellimizeio\\.com\\/storage\\.html",
            "cookies": 0,
            "fingerprinting": 1,
            "subdomains": [
                "117848515",
                "117259316",
                "117234114",
                "117626863",
                "117259329",
                "117936053",
                "117784744",
                "117259328",
                "117962851",
                "117351982",
                "117885762",
                "117290365",
                "117967172",
                "117583536",
                "117205077",
                "117776529"
            ],
            "apis": {
                "window.localStorage": 13
            },
            "sites": 17,
            "prevalence": 0.000118,
            "cnames": [],
            "responseHashes": [
                "c112d44c63eb952b8bc43250cce0f9590f7d64d17f0e82b90f57fa3e637c6a6e",
                "10fafdbd0c949eeecdd928131ede299a4891220d86da8c9bd3cbe768331fc1c0",
                "9792e0f2fe7b50696b4836802f148b5bdabd00b0919510b0ce8383b3341e73ce",
                "dc0d9da7a288fd5605e3428b53303a9da2ed2d60c91d505d7ee88e959d7fa32c",
                "cf09f9371fa8849e44694563d501115f5da697443858d014008daf263a67062d",
                "de8673489bf867b94a860ff1f2bbe9b1a6005a564cb9e3977ccdac24a70b13be",
                "c15b16f33029ae4f7058c0ead115e168ecaa17312398db627fd279bb78531f00",
                "33b14e24a371ea21fdc9f5854834e7921c95ba245ffe874fc2161339a9d27ec1",
                "1afa65fa66bd85ec50b49004e9c60c5c6dc511c21d91b30b9aa2305895496741",
                "f7470ada72621411082b4eefa05887df7601450455580dda09855e6f7f9e6354",
                "760841c58120feaab933a53610dbc911bc27a13c31e7d652e5a226093de42f5c",
                "ce9dc5975c1b8e057e7b042d880f8dccf64b6b9a2ea821da77e26b544b19a57d",
                "d2f0ce43e24b2608076f10c2cda3b662fa3f95c799a76ad197c4a6827165f455",
                "c5345718d0615d45886b22007dcad3fa50fe8d4d06682bd3c40b0aaca0cf5e2e",
                "0646ebc6f81e9f59a9059cdfcf74288e806613fee4b4c9036ed5443a1c672519"
            ],
            "type": "Document",
            "firstPartyCookies": {},
            "firstPartyCookiesSent": {},
            "exampleSites": [
                "databricks.com",
                "help.tableau.com",
                "sunbasket.com",
                "www.avant.com",
                "www.blackriflecoffee.com",
                "www.clio.com",
                "www.gehealthcare.com",
                "www.genealogybank.com",
                "www.inman.com",
                "www.okta.com",
                "www.ringcentral.com",
                "www.snowflake.com",
                "www.splunk.com",
                "www.sumologic.com",
                "www.tableau.com",
                "www.tonal.com",
                "www.whoop.com"
            ]
        }
    ],
    "categories": [],
    "performance": {},
    "cookies": 0,
    "types": {
        "Document": 17
    },
    "nameservers": [
        "ns-1481.awsdns-57.org",
        "ns-1974.awsdns-54.co.uk",
        "ns-441.awsdns-55.com",
        "ns-605.awsdns-11.net"
    ]
}