{
    "domain": "inventoryalarm.com",
    "owner": {},
    "source": [
        "DuckDuckGo-US"
    ],
    "prevalence": 0.000123,
    "sites": 18,
    "subdomains": [
        "dashboard"
    ],
    "cnames": [],
    "fingerprinting": 1,
    "resources": [
        {
            "rule": "inventoryalarm\\.com\\/inventoryalarm\\/notifyme\\/dialog\\.js\\/",
            "cookies": 0,
            "fingerprinting": 1,
            "subdomains": [
                "dashboard"
            ],
            "apis": {
                "Navigator.prototype.userAgent": 10
            },
            "sites": 10,
            "prevalence": 0.0000681,
            "cnames": [],
            "responseHashes": [
                "d474f3e4990784d0757b88f22e5e5ebbed30a9d4686720a8b69d0058dc9bdf9d",
                "3f8ab074ade37d07fa811a019badde1b80cc21d5b6fe59c9776dd92983f62456",
                "44d096d170adddf8136e18e2179de3140553d69adade87cbcb98984fcd08c8f1",
                "8867abb34ca81ee6156b69959b46e84f2f9d7ca3ea839015568db0202d973199",
                "5e92b48a0f3783e65aa2abea2064783e26512d9354b966bdc97e65775af68c87",
                "cbac73c6a8c4083e0de50dbad73c85bf3b8d7395f3a2ec906900a8d61c619b42",
                "147bdd5752b7de77fd777800904a48e0391e659a3312fe7d870d8f4151c06f13",
                "09c13ba2bc0de3730c31bac7c2e42ac6dd95f202d39a792670bc7fe25be7e37b",
                "518bbfbdf9079b2b2457816f3dff70fc9ee284756ab17874ecc005df0268b8f4"
            ],
            "type": "Script",
            "firstPartyCookies": {},
            "firstPartyCookiesSent": {},
            "exampleSites": [
                "bikeroutfit.nl",
                "www.bikeroutfit.nl",
                "www.feestbazaar.nl",
                "www.fietsonderdelenoutlet.nl",
                "www.glutenvrijemarkt.com",
                "www.into-led.com",
                "www.mijnonderdelenhuis.nl",
                "www.nltactical.nl",
                "www.spirituelewinkel.nl",
                "www.vuurenrook.nl"
            ]
        }
    ],
    "categories": [],
    "performance": {},
    "cookies": 0,
    "types": {
        "Script": 10
    },
    "nameservers": [
        "ns1.transip.nl",
        "ns0.transip.net",
        "ns2.transip.eu"
    ]
}