{
    "domain": "ip-api.com",
    "owner": {},
    "source": [
        "DuckDuckGo-US"
    ],
    "prevalence": 0.00297,
    "sites": 415,
    "subdomains": [
        "pro"
    ],
    "cnames": [],
    "fingerprinting": 0,
    "resources": [
        {
            "rule": "ip-api\\.com\\/json\\/",
            "cookies": 0,
            "fingerprinting": 0,
            "subdomains": [
                "pro"
            ],
            "apis": {},
            "sites": 105,
            "prevalence": 0.000751,
            "cnames": [],
            "responseHashes": [
                "f1abc290667eeae65f875c6cd76ccb0985ff0b3b741d8c63d8f35fe0e554d6f1",
                "5b354266dad12c877693197f292398b76cc4c1ef34dc22fba3344f2394b9fa59",
                "627012dbec1bb7e99026e91e0e06a814f17698fcf7af190c50deafab897f99be",
                "440fb6816a04463bb8ccb1b0122363553729e9ffd84b66fe2eb14bcc7dab7e22",
                "f9d3f3e85eb937aeb3619f0b3466fca8e2e777202e948aa220daf5ab6027426c",
                "fa29e32d1a5a7ebe45e49fa7e941085590a36aa3d25de7a86f259743a57ef0c5",
                "93dd575a78fdd64cd40b90f3afe727ac5d032fa1d099afa02738ceac912006dd",
                "56ebb8f1efeb623ee43807007a3a33fda3d7d7beb6a988d6fdfe93e813fc6028",
                "26f9fa0d8d31a488f23274069beb8a83f205143aedcda7b1dd94398b31f34bf6",
                "61fd702060224daad1fa949b448fcbebb9d3bc8628ffb942b44e8fa63dbd4c87",
                "0801b3387a7da5860e221fe0cdc0bf16e4638c9011258c461e9a41ff7fce1cfe",
                "d8a4c4df6b51bdf43755d2a8bc0b43f5cbe5edac550449910510019f3318692e",
                "f16cf49caea55ba2f57468e34e35f2ede3d46dacd549b448806cf04c6b03a15f",
                "d05c0e909bdedac17a489ae6824edc81386259c6567d7dabe4123b6312024024"
            ],
            "type": "XHR",
            "firstPartyCookies": {},
            "firstPartyCookiesSent": {},
            "exampleSites": [
                "www.miracare.com",
                "thesaurus.yourdictionary.com",
                "yourdictionary.com",
                "grammar.yourdictionary.com",
                "pt-br.sexlog.com",
                "login.bluehost.com",
                "www.bluehost.com",
                "www.sakshi.com",
                "www.atlantis.com",
                "menglish.sakshi.com",
                "www.inquirer.com",
                "literature.rockwellautomation.com",
                "www.canon.se",
                "frenchicpaint.co.uk",
                "www.atkins.com",
                "www.ukworkshop.co.uk",
                "www.grandepremio.com.br",
                "iporntv.net",
                "www.iporntv.net",
                "about.americanexpress.com"
            ]
        },
        {
            "rule": "ip-api\\.com\\/csv\\/",
            "cookies": 0,
            "fingerprinting": 0,
            "subdomains": [
                "pro"
            ],
            "apis": {},
            "sites": 13,
            "prevalence": 0.0000929,
            "cnames": [],
            "responseHashes": [
                "bb3ed8e221f126485c19e64177e515a79931618305f8b6c7e04324830850457f",
                "781b3323a2e44d937037d81739c80a1e1184f98960c3dd706168b97cf23c59ea"
            ],
            "type": "XHR",
            "firstPartyCookies": {},
            "firstPartyCookiesSent": {},
            "exampleSites": [
                "audiokarma.org",
                "pastelink.net",
                "untappd.com",
                "www.arboristsite.com",
                "www.audizine.com",
                "www.beeradvocate.com",
                "www.frommers.com",
                "www.homebrewtalk.com",
                "www.omanair.com",
                "www.rogerebert.com",
                "www.salongeek.com",
                "www.toyota-4runner.org",
                "www.unknowncheats.me"
            ]
        },
        {
            "rule": "ip-api\\.com\\/json",
            "cookies": 0,
            "fingerprinting": 0,
            "subdomains": [
                "pro"
            ],
            "apis": {},
            "sites": 63,
            "prevalence": 0.00045,
            "cnames": [],
            "responseHashes": [
                "f1abc290667eeae65f875c6cd76ccb0985ff0b3b741d8c63d8f35fe0e554d6f1",
                "440fb6816a04463bb8ccb1b0122363553729e9ffd84b66fe2eb14bcc7dab7e22",
                "f9e0a6db2a6442dcfa8a3530228f363a7ccca35681c08ac81ddaf05fa4f01e8d"
            ],
            "type": "Fetch",
            "firstPartyCookies": {},
            "firstPartyCookiesSent": {},
            "exampleSites": [
                "www.pcworld.com",
                "www.legalcheek.com",
                "www.macworld.co.uk",
                "studentshare.org",
                "www.mcdonaldjoneshomes.com.au",
                "www.kiwa.com",
                "qawithexperts.com",
                "audiosolace.com",
                "www.birite.com.au",
                "www.westenddj.co.uk",
                "www.insidegoldcoast.com.au",
                "supersport.com",
                "worldscholarshipforum.com",
                "www.brl.se",
                "neilpatel.com",
                "www.acritica.com",
                "www.techadvisor.fr",
                "klikaanklikuit.nl",
                "tasmania.com",
                "www.techhive.com"
            ]
        },
        {
            "rule": "ip-api\\.com\\/json\\/",
            "cookies": 0,
            "fingerprinting": 0,
            "subdomains": [
                "pro"
            ],
            "apis": {},
            "sites": 19,
            "prevalence": 0.000136,
            "cnames": [],
            "responseHashes": [
                "4927aecb7492eba0bd3bb28888a8cfdc5d3ee68e7d543ec2af3d209140475e72",
                "670f6f0bed3c44df0823a6e1d9f52804031b99b54ecc28bfe4ae9ee5da97eaa6",
                "501c28785ead91048151d307ca397516a073dfdf43b37febde58e9e9ce5e8077",
                "6d164f582e61092d355fa9bbe30c8a51764188abb416afe432707aa6daeef57e",
                "0abdb09c82d221e7acd4952484da7b4c35b8121237376cc068075d9f51d48d3b",
                "f59fc2bd1431e9b28fa323f3a8412d1bcccc8b1e60a6410ea5c4cafb323ee6d3",
                "ee691d1f533a5d93b0a73fe9d71d11328524b8d7141513f9ea3b0fef222f0dd9",
                "2f0b5b619e5709fc85ff4466b4e85065bc5ebdd5e80e5d780a892d2c3554afd6",
                "9f51e870da717d62da261fc448d8d228e5a77851ed64c22b34cfe8a3cbb3e227",
                "29a12ef81b89c47cd5200b558e8a32c0722859f233f2f04fd89ff71a1aefef85",
                "327f134c9dd66c853b4297d58d7fd0d8c22e53022ec5f9fafa0ebeeb1d715f08",
                "169bbc6f53d5f145fa702cd0e7d4aef3c697426a01ef9a2e9017a27bf3846e11",
                "dad2f6a7fa537fdd368f021b257f7e308b73e5a21ff0b6c3dcb8170a0395285d",
                "3ce2befc9aec245648f17bfe118c0c28bb686a9c69ac53c47d90539014db1eda",
                "9bb003a779b807b989f7fe707fce14afda065331e09124cfd8449ac5696ac628",
                "59c6394d8f5d5bfd8f53a52d6368d91d9bddcb3d386604f80d345420ef115d87",
                "7b34d994f54757d9bbf6f78da54fecc4375dbd670db32b4e1bd1c3395adb9f1d",
                "e3b0c44298fc1c149afbf4c8996fb92427ae41e4649b934ca495991b7852b855"
            ],
            "type": "Script",
            "firstPartyCookies": {},
            "firstPartyCookiesSent": {},