{
    "domain": "ip-api.com",
    "owner": {},
    "source": [
        "DuckDuckGo-US"
    ],
    "prevalence": 0.00288,
    "sites": 423,
    "subdomains": [
        "pro"
    ],
    "cnames": [],
    "fingerprinting": 0,
    "resources": [
        {
            "rule": "ip-api\\.com\\/json\\/",
            "cookies": 0,
            "fingerprinting": 0,
            "subdomains": [
                "pro"
            ],
            "apis": {},
            "sites": 103,
            "prevalence": 0.000701,
            "cnames": [],
            "responseHashes": [
                "f1abc290667eeae65f875c6cd76ccb0985ff0b3b741d8c63d8f35fe0e554d6f1",
                "5b354266dad12c877693197f292398b76cc4c1ef34dc22fba3344f2394b9fa59",
                "627012dbec1bb7e99026e91e0e06a814f17698fcf7af190c50deafab897f99be",
                "0cb244995bee3a714bf80279a897a8d7ab218acae5537c2d9398310be3bddc70",
                "f9d3f3e85eb937aeb3619f0b3466fca8e2e777202e948aa220daf5ab6027426c",
                "440fb6816a04463bb8ccb1b0122363553729e9ffd84b66fe2eb14bcc7dab7e22",
                "93dd575a78fdd64cd40b90f3afe727ac5d032fa1d099afa02738ceac912006dd",
                "56ebb8f1efeb623ee43807007a3a33fda3d7d7beb6a988d6fdfe93e813fc6028",
                "26f9fa0d8d31a488f23274069beb8a83f205143aedcda7b1dd94398b31f34bf6",
                "d05c0e909bdedac17a489ae6824edc81386259c6567d7dabe4123b6312024024",
                "264aef6c92d7b2aacf480ff319df756deaadae9265305299abb94ca89bdfb856",
                "61fd702060224daad1fa949b448fcbebb9d3bc8628ffb942b44e8fa63dbd4c87",
                "0801b3387a7da5860e221fe0cdc0bf16e4638c9011258c461e9a41ff7fce1cfe",
                "d8a4c4df6b51bdf43755d2a8bc0b43f5cbe5edac550449910510019f3318692e",
                "f16cf49caea55ba2f57468e34e35f2ede3d46dacd549b448806cf04c6b03a15f"
            ],
            "type": "XHR",
            "firstPartyCookies": {},
            "firstPartyCookiesSent": {},
            "exampleSites": [
                "login.bluehost.com",
                "m.kaskus.co.id",
                "www.kaskus.co.id",
                "news.abs-cbn.com",
                "beekeepingforum.co.uk",
                "philco.com.br",
                "about.americanexpress.com",
                "www.idntimes.com",
                "www.farfetch.com",
                "www.blindsdirect.co.uk",
                "bxblue.com.br",
                "www.przepisy.pl",
                "www.indiatvnews.com",
                "wordfinder.yourdictionary.com",
                "www.inquirer.com",
                "www.intersena.com.br",
                "www.princesspolly.com.au",
                "www.atkins.com",
                "www.careersinmusic.com",
                "www.diabetes.org"
            ]
        },
        {
            "rule": "ip-api\\.com\\/json",
            "cookies": 0,
            "fingerprinting": 0,
            "subdomains": [
                "pro"
            ],
            "apis": {},
            "sites": 63,
            "prevalence": 0.000429,
            "cnames": [],
            "responseHashes": [
                "f1abc290667eeae65f875c6cd76ccb0985ff0b3b741d8c63d8f35fe0e554d6f1",
                "440fb6816a04463bb8ccb1b0122363553729e9ffd84b66fe2eb14bcc7dab7e22",
                "627012dbec1bb7e99026e91e0e06a814f17698fcf7af190c50deafab897f99be",
                "f9e0a6db2a6442dcfa8a3530228f363a7ccca35681c08ac81ddaf05fa4f01e8d"
            ],
            "type": "Fetch",
            "firstPartyCookies": {},
            "firstPartyCookiesSent": {},
            "exampleSites": [
                "www.pcworld.com",
                "www.macworld.es",
                "foyr.com",
                "tasmania.com",
                "immigrationandmigration.com",
                "www.westenddj.co.uk",
                "www.smarthomeweb.nl",
                "www.computerworld.com",
                "www.jpost.com",
                "www.macwelt.de",
                "www.cio.com",
                "www.stanley1913.com",
                "mrmindblowing.com",
                "klikaanklikuit.nl",
                "www.instrumentchoice.com.au",
                "globalbanks.com",
                "unboundsolar.com",
                "www.legalcheek.com",
                "www.yogapedia.com",
                "www.facinghistory.org"
            ]
        },
        {
            "rule": "ip-api\\.com\\/json\\/",
            "cookies": 0,
            "fingerprinting": 0,
            "subdomains": [
                "pro"
            ],
            "apis": {},
            "sites": 26,
            "prevalence": 0.000177,
            "cnames": [],
            "responseHashes": [
                "e2b2c7524eeca3c15de421298884d532270ffea580f84d8dd1a3d1dcf6b9b83e",
                "99046b2d6654fb8b18b46e2934ed341827c820252133b6ad986898ee123c9e2d",
                "a5b214c4dca8c3d65d0bc45d9d07ca640032ec4e97a96c8c7428477ed6c12dbd",
                "41b754ef242f3110edd02566094c40058bb50f91f0a4d71eeee8f62a6e5cd552",
                "a5c6a0bba4f3f89180e57396e17cf8a59be68a52bab36fca28edccdb937e507d",
                "e6bc740d690fb9a72710cbfcfec0c48cc255a0c8697a8609d965adc4e75b8982",
                "47cdce553cd0a7e805db826029db3a3300ada7f3abf98ae08a169e72fd345fb3",
                "f5ee2ecbdb00e0191be6bac617181cbc1c9115d4e4214f83455c5a4ce3d845e5",
                "e38490f43e8f7555d33e4c54abd85a45f41eb6d8f6f31fe5a210956b373a9754",
                "b17c9e99bd4f73c347289161d5eedefd574c4eea005632c08bae18f1e2c2c1bf",
                "d7ab1a9ace1d3c9ea8e4a0969d3f96352c5cc9c34e024cf11e3a61cfddec333f",
                "a2ff07592efa12f758e9ad88e4838bb7b81ace00e3d7e12edddfd57e61c8a5c1",
                "9b17c4bb2e9a6b45a1e874bc66b38a01a703e569b0fc61454124e4eed8e621ab",
                "9cc92e905902832d298bee2c462340d70ec5abcd1fcb4978f487d72e944efadc",
                "e994435eab7aa40f4f56a4dad84c585462e6149fd02acaafe5bfa1ddb5602801",
                "3ddcc6d44e4c3a68cffeb96cda04cae2acd74e2dd4ff3bc7f27339a8ce953d0f",
                "ead4d5bbb14ed6ed3a772fb4b5eedf0df3cf28b77b092c9b6688c1b333d4cbb6",
                "01cd8d2bf1379d919f83a7c8e5f26d39910fe43d6a3997d7bf4df20f2f879d85",
                "dad2f6a7fa537fdd368f021b257f7e308b73e5a21ff0b6c3dcb8170a0395285d",
                "b0de3609c3db4ba9b74f6705806a959d3e85b193cf83f2c2761a89e2f043cc15",
                "726528363a15962700af311ff8bd9442656e6000e8f51cb5e95a3fb8b3436419",
                "365e73e93f11e2099c7422583ca2145a4e35c895cae4154c7f1fc9ea457d4ecd",
                "12ad29ec90d4d0ce6a7006ed64d14d639e492a4b676eecd050f76eaaaefada9f",
                "1f462ce428b5644c6a1bee598262bb95b56e2c4a1f9fa580a2633f6305c1607e",
                "e3b0c44298fc1c149afbf4c8996fb92427ae41e4649b934ca495991b7852b855"
            ],
            "type": "Script",
            "firstPartyCookies": {},
            "firstPartyCookiesSent": {},
            "exampleSites": [
                "theayurvedaexperience.com",
                "www.biscuiteers.com",
                "bagarenochkocken.se",
                "www.sailingtoday.co.uk",
                "www.tourism.net.nz",
                "www.fortnox.se",
                "www.racecar-engineering.com",
                "www.airtm.com",
                "www.e-ville.com",
                "tvshop.com.au",
                "lekmer.se",
                "www.babyshop.se",
                "www.theenglishgarden.co.uk",
                "www.pnjakt.se",
                "www.teknikdelar.se",
                "www.przepisy.pl",
                "www.eldirekt.se",
                "www.blublox.com",
                "www.officedepot.se",
                "www.burtonroofing.co.uk"
            ]
        },
        {
            "rule": "ip-api\\.com\\/json\\/",
            "cookies": 0,
            "fingerprinting": 0,
            "subdomains": [
                "pro"
            ],
            "apis": {},
            "sites": 22,
            "prevalence": 0.00015,
            "cnames": [],