{
    "domain": "ipdata.co",
    "owner": {},
    "source": [
        "DuckDuckGo-US"
    ],
    "prevalence": 0.000279,
    "sites": 39,
    "subdomains": [
        "api"
    ],
    "cnames": [],
    "fingerprinting": 0,
    "resources": [
        {
            "rule": "ipdata\\.co\\/",
            "cookies": 0,
            "fingerprinting": 0,
            "subdomains": [
                "api"
            ],
            "apis": {},
            "sites": 7,
            "prevalence": 0.00005,
            "cnames": [],
            "responseHashes": [
                "90630e2055021125e99385f674f12fc5ae15a84033f116c9d919f8cb1e059b1f",
                "d4bbcfe8deed3d63c46824c3a7e822dc20428955225bc7b792ccb23f8db6aaac",
                "1b2bff6a17d0a9a7e1e796305b8a5250e5d27b0a6e38925564495d17c4b90e18",
                "6e5de489530cfe0d6a4310d1874afbded5dd4729082baef7444c1707fb76092a",
                "1d65303465903670ccc80b12f71c483b67ca1583e7a4f47fa4c16ed2dfba4571",
                "c84d4d82fc0b06f037f60dbf606bde635bf634a41a0241897cec8d0d7a3e2a13"
            ],
            "type": "Fetch",
            "firstPartyCookies": {},
            "firstPartyCookiesSent": {},
            "exampleSites": [
                "gymshark.com",
                "au.gymshark.com",
                "australiansuper.com",
                "portal.australiansuper.com",
                "uk.gymshark.com",
                "www.australiansuper.com",
                "www.gymshark.com"
            ]
        },
        {
            "rule": "ipdata\\.co\\/",
            "cookies": 0,
            "fingerprinting": 0,
            "subdomains": [
                "api"
            ],
            "apis": {},
            "sites": 10,
            "prevalence": 0.0000715,
            "cnames": [],
            "responseHashes": [
                "87a751670c8525b87bb6ef58331bdfb58a4e3baf5e7426fc0e6154d582abfd3b",
                "96744643669871d46d8ac8f396683259e22ee08e2e01cc61b00e8ae126bcd55d",
                "3a4dbb498baeb837110c908bb6aad694b2576ba38a75c558ab6dbd93afab37dc",
                "f4c169b3479146f3d64884bf3c01d84dec5417d3829e81455ceb51ac79576dbb",
                "53f600313d79e1a4919ece29cc33c6f749f3d473ba3969e6fbeccf88510880ee",
                "1a2281813b2b44aaf24e168427475e57b89c32292802b6ddebc91b6527bb23ef",
                "155f937922323b4fcdc0b846fde13caef37485f3ef65931b9872cd4e8ae00fab",
                "dab8414918f989771a200cac07e6debf1416d9009fa130e36a41dd7fa7263c64"
            ],
            "type": "XHR",
            "firstPartyCookies": {},
            "firstPartyCookiesSent": {},
            "exampleSites": [
                "amp.com.au",
                "secure.amp.com.au",
                "www.amp.com.au",
                "www.atomos.com",
                "www.deccanherald.com",
                "www.getkisi.com",
                "www.hrw.org",
                "www.inthestyle.com",
                "www.pontotel.com.br",
                "www.solar.com"
            ]
        },
        {
            "rule": "ipdata\\.co\\/",
            "cookies": 0,
            "fingerprinting": 0,
            "subdomains": [
                "api"
            ],
            "apis": {},
            "sites": 6,
            "prevalence": 0.0000429,
            "cnames": [],
            "responseHashes": [
                "e3b0c44298fc1c149afbf4c8996fb92427ae41e4649b934ca495991b7852b855",
                "6679c5505a3f25ed2ded0a083405d1d2165516a92ab2f17060e99289fdb4757c",
                "6d8a4a5ab5fc3626c054fb0678de9fd07f4c9eb89d028a1800d1a225f68638f9",
                "c4b0eca66c460e5d17cb9e350ef58fcaaf224a2abdd2d3eb82902e38410e3b1d"
            ],
            "type": "Script",
            "firstPartyCookies": {},
            "firstPartyCookiesSent": {},
            "exampleSites": [
                "bicyclesonline.com.au",
                "www.bicyclesonline.com.au",
                "www.careerlauncher.com",
                "www.doggingonline.com.au",
                "www.responsibletravel.com",
                "www.superloop.com"
            ]
        }
    ],
    "categories": [],
    "performance": {},
    "cookies": 0,
    "types": {
        "Fetch": 7,
        "XHR": 10,
        "Script": 6
    },
    "nameservers": [
        "ns-1132.awsdns-13.org",
        "ns-1668.awsdns-16.co.uk",
        "ns-272.awsdns-34.com",
        "ns-851.awsdns-42.net"
    ]
}