{
    "domain": "ipgeolocation.io",
    "owner": {},
    "source": [
        "DuckDuckGo-US"
    ],
    "prevalence": 0.000259,
    "sites": 38,
    "subdomains": [
        "api"
    ],
    "cnames": [],
    "fingerprinting": 0,
    "resources": [
        {
            "rule": "ipgeolocation\\.io\\/ipgeo",
            "cookies": 0.0000545,
            "fingerprinting": 0,
            "subdomains": [
                "api"
            ],
            "apis": {},
            "sites": 12,
            "prevalence": 0.0000817,
            "cnames": [],
            "responseHashes": [
                "bffff7b454238a2bd097e5a9de39121060e7c4a6980a524012b7a771a64b91d0",
                "787886a7d778042f4cbc47d3e4b652d9badf62b6416dd8ddb0c77bad96da30ee",
                "be2404af5a9afa9ec4cfd3b004cb969d11181b74371e4561eca819d4ba888ca1",
                "de15bcbee8210187b459536665660a4ae3f3245287eb2ac2f35f4a8a8fcf5c66",
                "e67dc2114809a937443b6429519f5515529e81585185bb0fea8256b0b1a6ce06",
                "4606ef8283f0cceeadad5bab9eb478bd50aa3fd430ab9ecacf0de16a502f0a52",
                "848d4d60780a4669a9d193f31d8f61417dae1a704fb2c0b4b3a24573d8a99b02",
                "ecd8e590b14f20f09780aebe1467cfa33a6f798fb9392c6af4466d2d74efa496",
                "2df6028fb289f2b436defdd08ef484e8ca4031f9290ea1a68a6d2b2e91876278",
                "22d3a0c256a1a2f448625df64735c8ebe77627a53d0ea4580daeacad4c80b72a"
            ],
            "type": "XHR",
            "firstPartyCookies": {},
            "firstPartyCookiesSent": {},
            "exampleSites": [
                "suse.com",
                "documentation.suse.com",
                "fairplayforwomen.com",
                "www.calculators.tech",
                "www.keessmit.nl",
                "www.lelo.com",
                "www.masteringthemix.com",
                "www.panpacific.com",
                "www.performancelab.com",
                "www.suse.com",
                "www.transgendertrend.com",
                "www.westernaustralia.com"
            ]
        },
        {
            "rule": "ipgeolocation\\.io\\/ipgeo",
            "cookies": 0,
            "fingerprinting": 0,
            "subdomains": [
                "api"
            ],
            "apis": {},
            "sites": 4,
            "prevalence": 0.0000272,
            "cnames": [],
            "responseHashes": [],
            "type": "Preflight",
            "firstPartyCookies": {},
            "firstPartyCookiesSent": {},
            "exampleSites": [
                "goodhoodstore.com",
                "www.bremont.com",
                "www.josephjoseph.com",
                "www.ohpolly.com"
            ]
        },
        {
            "rule": "ipgeolocation\\.io\\/ipgeo",
            "cookies": 0,
            "fingerprinting": 0,
            "subdomains": [
                "api"
            ],
            "apis": {},
            "sites": 9,
            "prevalence": 0.0000613,
            "cnames": [],
            "responseHashes": [
                "acf93bca9b7406a4c4cd5726c5c4f1e891b96db8d003d9f294324b62b2bf2526",
                "d3ef15e60736e6584febb1292d8788c11e0b2a9a41a530c6aa968aa9215cec17",
                "dbca4d5d1f39ecc08dceadf53dd464f6ac8e75a06ef36f584516a9490c97012b",
                "95cbfa04e1f9055da0c552c5cab43c70bdfef35ac86392b44d1e2c312b8754ef",
                "20cb159f77e920d098fbbc30492a6cdf2182318d0d9b25514f3bd3fb0ce5fd2b",
                "ed97ea6864a4d7090262f243e7a0d55f3dcf2dfee679a430ffe93afa72139418",
                "f43512179d340d59af6f81fcde3a45c34a457fe42a5dd296ce4239f1268f7dd8"
            ],
            "type": "Fetch",
            "firstPartyCookies": {},
            "firstPartyCookiesSent": {},
            "exampleSites": [
                "goodhoodstore.com",
                "uk.manscaped.com",
                "www.bremont.com",
                "www.feedinco.com",
                "www.gozney.com",
                "www.josephjoseph.com",
                "www.manscaped.com",
                "www.ohpolly.com",
                "www.vpncheck.org"
            ]
        },
        {
            "rule": "ipgeolocation\\.io\\/static\\/flags\\/us_64\\.png",
            "cookies": 0,
            "fingerprinting": 0,
            "subdomains": [],
            "apis": {},
            "sites": 2,
            "prevalence": 0.0000136,
            "cnames": [],
            "responseHashes": [
                "9dfe03d59d9189aae88cc6cf9b4856e36c3f567549258798cf361ee5af89e2b4"
            ],
            "type": "Image",
            "firstPartyCookies": {},
            "firstPartyCookiesSent": {},
            "exampleSites": [
                "josephjoseph.com",
                "www.josephjoseph.com"
            ]
        }
    ],
    "categories": [],
    "performance": {},
    "cookies": 0.0000885,
    "types": {
        "XHR": 12,
        "Preflight": 4,
        "Fetch": 9,
        "Image": 2
    },
    "nameservers": [
        "nash.ns.cloudflare.com",
        "cheryl.ns.cloudflare.com"
    ]
}