{
    "domain": "ipgeolocation.io",
    "owner": {},
    "source": [
        "DuckDuckGo-US"
    ],
    "prevalence": 0.000249,
    "sites": 36,
    "subdomains": [
        "api"
    ],
    "cnames": [],
    "fingerprinting": 0,
    "resources": [
        {
            "rule": "ipgeolocation\\.io\\/ipgeo",
            "cookies": 0.000083,
            "fingerprinting": 0,
            "subdomains": [
                "api"
            ],
            "apis": {},
            "sites": 17,
            "prevalence": 0.000118,
            "cnames": [],
            "responseHashes": [
                "9806c3aa42e8d41347b46f418f3ac064cd74ef25a5577c6fcdd6d7bc6d013cb9",
                "09e2a3bed38bd96433d1a7c32976c287115e519aa80f87beddf09680bb18b1ab",
                "0916aa182225fde0bd64b8209c620f83f8bed9741603f26790a214e0c74c0d41",
                "1f1cc7acd94d3083ab4a80fe5f8e03098fe69173c553078f83c05b75c7dd7c8e",
                "14d3b887134e574967fa5ed02b8a06b74cd24cb3381944294adfcefb86d79966",
                "b04158c74ac5995c3996617f4473d7db89d493f1c01957c34b9799d00b2c8de4",
                "eb282af7b394d49a4a922863b0d39dffec81c99728b31541f4788d2ad819b49f",
                "be2404af5a9afa9ec4cfd3b004cb969d11181b74371e4561eca819d4ba888ca1",
                "ceb504a0658f58d0fa99f32740230c45dbc9831c58b2aa78b1ba37be9673afa2",
                "3c3b2a3022645fa1698d1a836c89b54d7362b88d80c1327fb51ec8a37d861cc0",
                "015a668e59bd417d0f31b41c155ad80cc730a645f482c6d15a34781366566326",
                "6a4141308d2a720f11b8b80797ac84450dd92a70ae401bbe53b24916288a0a00",
                "c52a5d0b6a0f1bd0b99d7071f2bd5e42a1c2db03dcc0f8dbc7f98b08633d412b",
                "2de03af71be0cc4f117a6a6fbb4a4ef7e034dac8954e9a18ce2926bd506d189c",
                "f5a544eec3fae6605ea11e88c9632b5405bcb17d784260bd9fa52caecce740ab",
                "0f98c167dd309a6ce915058ec9581eeb7156729d1ea8c1f3208e1adb77479ac2"
            ],
            "type": "XHR",
            "firstPartyCookies": {},
            "firstPartyCookiesSent": {},
            "exampleSites": [
                "coinmarketfees.com",
                "documentation.suse.com",
                "echelonfit.com",
                "navage.com",
                "thcphysicians.com",
                "whiteprivilegeisntreal.org",
                "www.airthings.com",
                "www.bokksu.com",
                "www.calculators.tech",
                "www.dmv.ca.gov",
                "www.lelo.com",
                "www.medicarefaq.com",
                "www.pandaexpress.com",
                "www.performancelab.com",
                "www.suse.com",
                "www.tenthousand.cc",
                "www.trulieve.com"
            ]
        },
        {
            "rule": "ipgeolocation\\.io\\/ipgeo",
            "cookies": 0,
            "fingerprinting": 0,
            "subdomains": [
                "api"
            ],
            "apis": {},
            "sites": 2,
            "prevalence": 0.0000138,
            "cnames": [],
            "responseHashes": [],
            "type": "Preflight",
            "firstPartyCookies": {},
            "firstPartyCookiesSent": {},
            "exampleSites": [
                "airthings.com",
                "www.airthings.com"
            ]
        },
        {
            "rule": "ipgeolocation\\.io\\/ipgeo",
            "cookies": 0,
            "fingerprinting": 0,
            "subdomains": [
                "api"
            ],
            "apis": {},
            "sites": 3,
            "prevalence": 0.0000208,
            "cnames": [],
            "responseHashes": [
                "dbc44370fb11d2ab49851d030c6f456f9f79aa664f5ad9fcc2a84a4c27007375",
                "27464c6b3ce7ba0ecaf9b47a89544c572ff0db11736201461518c8b94e8dd114"
            ],
            "type": "Fetch",
            "firstPartyCookies": {},
            "firstPartyCookiesSent": {},
            "exampleSites": [
                "manscaped.com",
                "www.manscaped.com",
                "www.orientwatchusa.com"
            ]
        }
    ],
    "categories": [],
    "performance": {},
    "cookies": 0.000152,
    "types": {
        "XHR": 17,
        "Preflight": 2,
        "Fetch": 3
    },
    "nameservers": [
        "nash.ns.cloudflare.com",
        "cheryl.ns.cloudflare.com"
    ]
}