{
    "domain": "ipp-meredith.com",
    "owner": {},
    "source": [
        "DuckDuckGo-US"
    ],
    "prevalence": 0.0000681,
    "sites": 5,
    "subdomains": [
        "cookie-stream"
    ],
    "cnames": [],
    "fingerprinting": 0,
    "resources": [
        {
            "rule": "ipp-meredith\\.com\\/v1\\/s",
            "cookies": 0.0000681,
            "fingerprinting": 0,
            "subdomains": [
                "cookie-stream"
            ],
            "apis": {},
            "sites": 5,
            "prevalence": 0.0000681,
            "cnames": [],
            "responseHashes": [
                "3e9abc777c77f6bc590088280934c5094b4d1c84415f53a988a50d0b9470c0fa"
            ],
            "type": "Script",
            "firstPartyCookies": {},
            "firstPartyCookiesSent": {
                "muuid_origin": 0.00006806054666231079,
                "muuid_source": 0.000040836327997386474,
                "muuid_date": 0.00006806054666231079,
                "first_request_id": 0.00006806054666231079,
                "globalTI_SID": 0.00006806054666231079,
                "muuid_link": 0.00006806054666231079,
                "muuid_session": 0.00006806054666231079,
                "muuid_channel": 0.00006806054666231079,
                "muuid_current_channel": 0.00006806054666231079,
                "_li_dcdm_c": 0.000040836327997386474
            },
            "exampleSites": [
                "ew.com",
                "peopleenespanol.com",
                "www.eatingwell.com",
                "www.marthastewart.com",
                "www.myrecipes.com"
            ]
        }
    ],
    "categories": [],
    "performance": {},
    "cookies": 0.0000681,
    "topInitiators": [
        {
            "domain": "googletagmanager.com",
            "prevalence": 1
        }
    ],
    "types": {
        "Script": 5
    },
    "nameservers": [
        "ns-452.awsdns-56.com",
        "ns-1005.awsdns-61.net",
        "ns-1629.awsdns-11.co.uk",
        "ns-1235.awsdns-26.org"
    ]
}