{
    "domain": "ipp-meredith.com",
    "owner": {},
    "source": [
        "DuckDuckGo-US"
    ],
    "prevalence": 0.000311,
    "sites": 45,
    "subdomains": [
        "cookie-stream"
    ],
    "cnames": [],
    "fingerprinting": 0,
    "resources": [
        {
            "rule": "ipp-meredith\\.com\\/v1\\/s",
            "cookies": 0.000152,
            "fingerprinting": 0,
            "subdomains": [
                "cookie-stream"
            ],
            "apis": {},
            "sites": 25,
            "prevalence": 0.000173,
            "cnames": [],
            "responseHashes": [
                "3e9abc777c77f6bc590088280934c5094b4d1c84415f53a988a50d0b9470c0fa",
                "e3b0c44298fc1c149afbf4c8996fb92427ae41e4649b934ca495991b7852b855"
            ],
            "type": "Script",
            "firstPartyCookies": {},
            "firstPartyCookiesSent": {
                "muuid_origin": 0.00013835851458298743,
                "muuid_date": 0.00013835851458298743,
                "first_request_id": 0.00013835851458298743,
                "globalTI_SID": 0.00017986606895788366,
                "_pbjs_userid_consent_data": 0.0001452764403121368,
                "OptanonConsent": 0.00016603021749958492,
                "ajs_anonymous_id": 0.00016603021749958492,
                "_gcl_aw": 0.0001452764403121368,
                "_gcl_au": 0.0001452764403121368,
                "_pnxd": 0.0000968509602080912,
                "muuid_link": 0.00015911229177043555,
                "muuid_session": 0.00015911229177043555,
                "muuid_channel": 0.00015911229177043555,
                "muuid_current_channel": 0.00015911229177043555,
                "muuid_source": 0.000020753777187448115,
                "_li_dcdm_c": 0.00008301510874979246,
                "mt.v": 0.000027671702916597487,
                "amplitude_idundefineddailypaws.com": 0.000006917925729149372,
                "optimizelyEndUserId": 0.000006917925729149372,
                "jumpstart-plugin-test-roll": 0.000006917925729149372,
                "_ga": 0.000013835851458298743,
                "_gid": 0.000013835851458298743,
                "_gac_UA-97981691-11": 0.000006917925729149372,
                "mt.g.5f640441": 0.000006917925729149372,
                "visit_ts": 0.000006917925729149372,
                "_gac_UA-97981691-19": 0.000006917925729149372,
                "trickviewScrubber-ab-id": 0.000006917925729149372
            },
            "exampleSites": [
                "people.com",
                "www.allrecipes.com",
                "www.eatingwell.com",
                "www.travelandleisure.com",
                "www.marthastewart.com",
                "www.shape.com",
                "ew.com",
                "www.realsimple.com",
                "www.midwestliving.com",
                "www.rachaelraymag.com",
                "www.instyle.com",
                "www.allpeoplequilt.com",
                "www.parenting.com",
                "www.southernliving.com",
                "www.agriculture.com",
                "peopleenespanol.com",
                "www.foodandwine.com",
                "www.cookinglight.com",
                "www.parents.com",
                "www.woodmagazine.com"
            ]
        }
    ],
    "categories": [],
    "performance": {},
    "cookies": 0.000284,
    "types": {
        "Script": 25
    },
    "nameservers": [
        "ns-452.awsdns-56.com",
        "ns-1005.awsdns-61.net",
        "ns-1629.awsdns-11.co.uk",
        "ns-1235.awsdns-26.org"
    ]
}