{
    "domain": "isenselabs.com",
    "owner": {},
    "source": [
        "DuckDuckGo-US"
    ],
    "prevalence": 0.000885,
    "sites": 65,
    "subdomains": [
        "gdpr.apps"
    ],
    "cnames": [],
    "fingerprinting": 0,
    "resources": [
        {
            "rule": "isenselabs\\.com\\/users\\/versioning",
            "cookies": 0,
            "fingerprinting": 0,
            "subdomains": [
                "gdpr.apps"
            ],
            "apis": {},
            "sites": 64,
            "prevalence": 0.000871,
            "cnames": [],
            "responseHashes": [
                "2ddb2e51bcc6c6c6a177f5e37552a55fd81e5a9d2bacc1e1c83d4ea99127e636",
                "b28d784f8b01bc4f6c6dcf7eda70662170b0c0b09bf04ed8efa9a8c7bb6e658a",
                "d7eb1339730df142e7d1fd6f16e93b6e2049beae83476b54f72712d211dd10e6",
                "3c609071e71e68ccc829079842a3c280201337f315552d70a68f7534582c6813",
                "f9b2e9307cef1b7a27db6ce1a47962cf8734f6ba969a0e5e75634cf3434d6656",
                "07e68de439f7f93ca4f1f388568aea6b95671e41eb9ac4e126fc28abfaf9102b",
                "fcc0b84ef098e7caf504a2ed5d7104c1485f319d7f013becde31281632f3a881",
                "6b522a3081dc8c13c4becf9bd15c1fb101c8b94e53e28f44038586e99490b64f",
                "8986607d0eb3e1fe7cada3dde7921e2d470ad48f6108099ed745785337fd619a",
                "3c1355c7cf8fe31794952a1091389557086848c1f0670a7d324451e613ad8600",
                "97e83bee3e8ea214ac6cea96c3372af6253bf02c79d79dd802a59519178d5662",
                "196cea28867282b88142ca366bd53a8a05f15a066f4dfc781eb9ff1caeed342c",
                "da37de735e8665760d4c0929b1940b5e0cef79195a6184eb691fbafeb22476b8",
                "0933e4915873f4ce0dcf9b2fd1161ee2010f318439fdf8fdb051e20d65d9a0b0",
                "5dbd81a0badefc7cbdce0784c75b8a7084130549db84a30a99b94d5316ddb637",
                "128af1a9ce2b933cef1ce3fa8c2e4c75a6337212fc8efdcdd0c6bafb7445d599",
                "0726724c902ddfdb823db63d6aab5ce8f64ac8184e2881a763657a6d44cc0048",
                "4667a79a1cf1aaa89eb71a40fed0ea5735a20da344a905f9933a197356c91768",
                "88e6922910c9bce0b2af2343c4aa3daa4031f1ced84920ed14260f71df99730d",
                "0d989b76b328d53abc33b3290d37d0d867867d5267da021ebb4520a74e4a4a83",
                "cd081dbc18093483f101afaf470f55f0dcabbc69c7f127aabeb17c7937003100",
                "1d3879c9429079a4f9e386539aef4a7e0996bc306c2e23ac7d520e57b6225068",
                "bc63938cb588f1707dbeb3a535e15b9939340add1e78cb488b42806ef28272d6",
                "e78564a1aa57f6352cd5f7a848f1cb529b17d323750502c9f9f36be697fd2b4e",
                "feae7c6678ffebabd1524ba81c3808f46b95bcd13b747fb8ce1a1f35d3bc8b58",
                "d86ffbcaeb3a7831219ec4d24e700b8eab339ba7c062391a8aa3f3f38b2aad50",
                "ddfbe52c3230b1d86ae78b5ac3cf52703472c59e590b962bb6e3e31516334555",
                "b100f1f333a0e3550fe62369a64c10ad9f2a86f36c6ad76f92da948beb6dabb4",
                "e91bc331abba03b1a44229b3fec1dc82fd5358bd48273509864ba253718e38d0",
                "14da5a036feacbc1984d17b649e52f6bba8606258b8359a051357e992eb77cab",
                "0a94c092dea996f6e546e584e118c074df636165ec028cd028ea417f18fc6f0e",
                "f36ce0bd5318d3d1e61747a10ca9978061bb393fb3c652e6c1aae4f9102b3887",
                "68b5ffff9428d22f6ade647c9e09d3a573d99c29497b59612b2a3c71e7c8d9be",
                "0ceb8bef16731ea858275789ff63eb0c4c1507fd7213e51910d48277a510982e",
                "cf6bf724b2189c63cb3c62f0662c9dac90f8947788c976de39ccc9911aa6ad70",
                "897b11a93705b7b3f4c4c2967b6c6d63e06614dde4e45257c39409a1871cfe35",
                "013750c1eb404bef1f33b50eed0cb89b3664c3373acf3610df62c071665d9ba1",
                "ff45671e3fc5fc0a7699963e6d7b7ccbd197ef3386a0de6ca2729615e62949d6",
                "9a2a12300775f63f5596a3d9e803aab6c81d29ceb44c80a1d7d5a17f26702842",
                "f1fd6048424625dcf9bbd183ee020095c49760966ee80c434df7b01782fb2cf3",
                "b1ad69d2e234bb57f5850d8c2eb670c5bcbbea15d53fc60d65201ac6c39efae4",
                "71fb4b73584ca1b641787e4a19120553eb1044f92ab3c870344299eedaba49f8",
                "725d3ff7b0f1909a97e895eedad2f5789d6f795ae4e295cc08b3261f9b314765",
                "086c33d8921803b5da26c16938b21170ead7141d520e31f1d6bfde2a0aaf5716",
                "70e61358bff95a744f8bfab6fb891e6f1d7a9c5763f0d37d68f5b12bcca13a3b",
                "67a43d748a84b688d764cc61ee0c4240173639bea118aeded0cdb95a2cfd7ebf",
                "d7eb88411d4bcdf2b4496a15ee5252bc48c17bbac8e23f773f956b91dd4b9979",
                "163942a77bdd2474688076c3713f2b8f8eefebbf9dc5bc44838e671493b3f191",
                "4fcc8024f825f8de3878c92f3f61e4e30eb2a3ac3403270f0e32ff8714bd9caa",
                "5d97420d44330315aefed0d4881db064ca3e5c10403c614d72bd7387a56e77b0",
                "15a2f929dc518290f33e3c12edc41413face786f6980e9190e5ea49b27a43690",
                "453e24a8372cd78dcac4215117cf78e4e15cd285bddc984a41376d499bebfbc3",
                "633a6268d8ad8c7ef5517279b64d3b14a28ddc2a4bb7b24ad961862a2cd5b6c8",
                "77033c4da586f46543cc1144d5ee4b47b0cb4d25533fb6d964046361d8da93b4",
                "02838dd0f8c483d05d7b93ec62c95fb3cbee77ea6d49dcab0e6b7adf0ad52737",
                "d31292a58d094d07bc2acc3d5458f56a411a42af8be041295765ae3399017e3b",
                "2c5540f1e722cc8e9581e4a1a31ac468d1ab614ba8ccc2e13447e5a7e6d45111",
                "f2d3abd25d3e23c4cab766eba24e2e94465f01a9256700261dd06a24de1220b4"
            ],
            "type": "Fetch",
            "firstPartyCookies": {},
            "firstPartyCookiesSent": {},
            "exampleSites": [
                "www.thefryecompany.com",
                "www.arhaus.com",
                "www.rarebeauty.com",
                "shop.hololivepro.com",
                "shopswankaposh.com",
                "www.holotaco.com",
                "www.altitude-sports.com",
                "www.alohas.io",
                "www.shopjustice.com",
                "pureromance.com",
                "uk.representclo.com",
                "www.thelasthunt.com",
                "www.farmergracy.co.uk",
                "pesoclo.com",
                "groovelife.com",
                "www.rihoas.com",
                "www.thegldshop.com",
                "fr.altitude-sports.com",
                "www.melissaanddoug.com",
                "jobalots.com"
            ]
        },
        {
            "rule": "isenselabs\\.com\\/users\\/getCookieConsentSettings",
            "cookies": 0,
            "fingerprinting": 0,
            "subdomains": [
                "gdpr.apps"
            ],
            "apis": {},
            "sites": 51,
            "prevalence": 0.000694,
            "cnames": [],