{
    "domain": "isenselabs.com",
    "owner": {},
    "source": [
        "DuckDuckGo-US"
    ],
    "prevalence": 0.000667,
    "sites": 98,
    "subdomains": [
        "gdpr.apps",
        "labelmaker.apps"
    ],
    "cnames": [],
    "fingerprinting": 0,
    "resources": [
        {
            "rule": "isenselabs\\.com\\/users\\/versioning",
            "cookies": 0,
            "fingerprinting": 0,
            "subdomains": [
                "gdpr.apps"
            ],
            "apis": {},
            "sites": 48,
            "prevalence": 0.000327,
            "cnames": [],
            "responseHashes": [
                "42bbf0688696d19c456c48eb3028c83656102b5873045db7a7c7cd35b4ebb0bf",
                "e78e3befa37e3fb2c01c47fd9a7571033dc8dc455c508c38d7d2e2b6985c3ca9",
                "80c59fca604f049fbebf0194e718bcfcfa37335496d62ceb647839c7674bc944",
                "1cefdac869477d6869336578b420f37cdc2c0dc3fe3c334d7272f64ff7cbed54",
                "f04ff1dc143db62948147007d17194c1258a6f4d933b57dd7a03f60208643428",
                "43f2fbd438b7da9f624e17fafbda6d6adaaee238e48416326afd10fac5639872",
                "96c939127ddd484cf52586a4e10860bd76fe0ab65abb0ebdd68e7d40358a0563",
                "86332473b3beb3b1eed14c702c3c723df6f3f8ef43312bae9b6dc9ca8d6c69b6",
                "b056623b204f858dcc0649357a523cddf1ea85e07c98dfad8e11dc0726821290",
                "a1796b454a9651ffd20ac3d70e3c209248bbb0a0a55ef6bf816560894ce75aa7",
                "83e46f76c722b71fdd69c43aa765072722298d00a44141ca8900bd45bca4a7fc",
                "5b8d980bf26079a57055ab94e530381c8cf34244d2d619a4d46beb37ff588d5d",
                "bdc7efb29424a24e0dd25de1cd9ed2cbcd782ef0d8fb7b204440587bdba2ca3e",
                "448de006bb74ef95dde442993798f304ad81881d6265069ee020178683afe5d0",
                "dc89c1a5cc62841137149ace310a94a7a83772cf48057f6f3f921f4533f1932c",
                "89f8e8acf8f957ddeaf07bb530c1b8607103638fb0cd4386ee75265c54036dff",
                "395b62514eebc2d87722b6fc6113461222326419e5aebb49800d68afe3db0f41",
                "d1306303ea160406e1f4e09b766f02ecea60d7b4ca75b404f92e4046b11f361c",
                "fbc26abdd9b7e043bee764b0c66b61c294872dc08219e199cfe745124e88e29c",
                "9288cfaa6b104f5116c7256beb9b16a89f6f5d9abd0bde78159c62f3ba85e306",
                "30ff60a79a73912040d0e83cd2ed99b09417a84054660cd2f37519af277736cc",
                "5e77b09a55b48cfdf1d61f2d29d42b9aadea67c67543025aca9c4419e2928a95",
                "0e21ea348705fc9f4fc74dccc3234cf6197976f93fc38f7c13f025a75503b723",
                "799f59d7bf24fd75727d941cf2821fc5c2c7ae2adda2114b991b1fa62cb7c576",
                "67b0244e78edde322dfd097793b8b600d8c239de997a9e552a44da1aa5956f45",
                "2b6be8c9327f2b6c4712ce95087daabaef0e9e0e4156ffdc7b399a7d84af17d8",
                "c7b3cb794c407f41bb7c9d640dfcdc7e9ef306ca25be499ec601778779e6323c",
                "b047916d344a354a0d496f5226420e624c2e457c5d8fe3f9036e906f5f612a5e",
                "e8aaefd9b4be765270e25c4f7971a97ca39b0523d58dfbe04a0ab5eca69362be",
                "3000bdaea902e057946636825f682452146a7e3f9e17b76e1e0f268349f2aafe",
                "a76b1a84297e33f3ab0945f5ed4c65527701a28425fa8ade123ec437cb668dfe",
                "a7a107ab393d952a760389e9d5cc92ab11079eddfb2ce66d100ad8e7003e2064",
                "b2fe80af005315c7e10fea97836691fc41294fce92412d399658b484a86b79a2",
                "496b90e0f396ee118f51b11ae60e59c28671d6306e47f9f5ae2108ccafbbbab2",
                "ab7f499893d771c65671a72e669cf706a6b447fb3171cedb5171dc0fa7198c45",
                "072269649e1689048687d3e0d228637cfb60b61eb3066f7c0f263b3cf1a6905a",
                "d63402957e3c9c8e85fcb4d45ef69c9b9c9ebaeb95b9bff5092b1c8c18865229",
                "b6b09b80cc3932210279121b8064d516a729f80f4402ef5751004e8be82114ae",
                "5f350661443b44b4f5fe179179b0f1e87118a57a6e665344c49135f7d2644f19",
                "1c93e16a3449f6a98709d5471898e1c770988438b76ca20602cef244c9206cd3",
                "eee037dea80eb3d818c58e467e1fc00b9b0434ad8c5dc575fa4a62d29a4af213",
                "f128090e1ee2f5a70c576e95296a4dfc0d0bd7113fae9fba2a0a532d4bf80118",
                "c6500482dd96ec4fc614ec3d4dc977bc62e86e92d106a4e8af32afe760f75d11",
                "626f92df818cc7390dbe7bde34cdfdc9a3f98fd994fe5a96ad703602ad73a17b",
                "111acdfd1e9b6bdf5153a6fd76cf277b7df3f1c17df88e5406a50f615cce47ba"
            ],
            "type": "XHR",
            "firstPartyCookies": {},
            "firstPartyCookiesSent": {},
            "exampleSites": [
                "www.pcgamingrace.com",
                "www.ledbulbs.co.uk",
                "medichecks.com",
                "www.quadlockcase.com.au",
                "www.honeybirdette.com",
                "artdiscount.co.uk",
                "mechboards.co.uk",
                "vegamour.com",
                "jaycotts.co.uk",
                "shop.swan-brand.co.uk",
                "www.burgonandball.com",
                "www.farmergracy.co.uk",
                "theayurvedaexperience.com",
                "www.myteadrop.com",
                "www.halti.fi",
                "www.yandy.com",
                "www.airconcentre.co.uk",
                "rhinoshield.io",
                "www.nettiapteekki.fi",
                "www.hario.co.uk"
            ]
        },
        {
            "rule": "isenselabs\\.com\\/users\\/isEnabledAll",
            "cookies": 0,
            "fingerprinting": 0,
            "subdomains": [
                "gdpr.apps"
            ],
            "apis": {},
            "sites": 48,
            "prevalence": 0.000327,
            "cnames": [],
            "responseHashes": [
                "c9a393d78728f6af0dff1e2fffa2d4d9b1f1677cdd76dbe17f478522bf1c8460",
                "812ea3d373ff38ab6f0c124e039c22c3dfd39262fc658d3fb7722f9942ebf87b",
                "70f03d21ca16ec7a7c01fc943aa547995d965fd67e587230996fe0e2e25fdb1c"
            ],
            "type": "XHR",
            "firstPartyCookies": {},
            "firstPartyCookiesSent": {},
            "exampleSites": [
                "satechi.net",
                "vegamour.com",
                "rhinoshield.io",
                "lancasterarchery.com",
                "medichecks.com",
                "www.pcgamingrace.com",
                "mediamarkt.pt",
                "tofubud.com",
                "www.run4it.com",
                "shop.swan-brand.co.uk",
                "www.farmergracy.co.uk",
                "jeanstore.co.uk",
                "unocasa.com",
                "uk.kef.com",
                "www.quadlockcase.com.au",
                "www.yandy.com",
                "www.gouletpens.com",
                "www.airconcentre.co.uk",
                "www.myteadrop.com",
                "www.scholl.co.uk"
            ]
        },
        {
            "rule": "isenselabs\\.com\\/users\\/getCookieConsentSettings",
            "cookies": 0,
            "fingerprinting": 0,
            "subdomains": [
                "gdpr.apps"
            ],
            "apis": {},
            "sites": 45,
            "prevalence": 0.000306,
            "cnames": [],