{
    "domain": "isenselabs.com",
    "owner": {},
    "source": [
        "DuckDuckGo-US"
    ],
    "prevalence": 0.000565,
    "sites": 79,
    "subdomains": [
        "gdpr.apps",
        "labelmaker.apps"
    ],
    "cnames": [],
    "fingerprinting": 0,
    "resources": [
        {
            "rule": "isenselabs\\.com\\/users\\/versioning",
            "cookies": 0,
            "fingerprinting": 0,
            "subdomains": [
                "gdpr.apps"
            ],
            "apis": {},
            "sites": 39,
            "prevalence": 0.000279,
            "cnames": [],
            "responseHashes": [
                "1fe93b1e1f1e99396e0862cfc1f2aca968e237a58bca9177115b499ee7ff7cf9",
                "42c3b84bc90e16a94fd4c8a923101e2dcdcaff3909caaece83000bd6ac27de37",
                "ef9c5b881cea945303654f07b40457f4b80fa8329822e341fa8a960506486ecd",
                "1e52413a2a05954c6eb7d687dd084d48c8a7143816ffd357e4a27f76df249f6f",
                "078e27568f5b7fdb8b6d73e5816f8601def7489889b970d48a4a24c383403a7d",
                "d4b7060c91aafd33944c9b6069025e3a92c7a36e0cb39feaa806438c55362091",
                "f74f1d269c4151cb8f80ffa8e0c2b7489622874ed285dce8df16be9edc5e1fbd",
                "1047fcc61ab75a3063a43d3ebdfc876e158aef54d235c30d75a1977213535b85",
                "ad54ee8e4f8181cb6822be4b38dfc5845d6185453c9bda1dffc50b502af36f42",
                "43af2d01c093d47d1a6a13346fb58984d6454fd9838cb36d30bf0b34775ee91e",
                "ba240329b949b1e9eec6ef94763357bd58047f981ed3f6ca9c3d896b5842f772",
                "739052857cf61b92f5ad69847b91591de5accad3d702a811e33cf5d8276621bd",
                "9cd60a708b7ab9f0503c5d8b29a6b89042cfc9f94279d6ecd6138bb20b6a88f7",
                "f29d23a81950191cc38c73adcfb081fc957cbc4309939b5dcd7ddf337886328f",
                "0a14eba2e2c2ce5974692749c576b885b363db4974b50a605948d1ce12a5f730",
                "6900eb556c163fc8b6962ee2c8d7d4dc38aefd5c0c5dc0c3d1317ee0de7ff2c4",
                "1dbf3c09a420907f7762532a14383485ec39ed6e7552c63fe4f8a6bee264d971",
                "4e14daaca934d7dadc00ca084a8463b840c1e844abdeb699240c0f45f6a61983",
                "2e86f8af3200efbe871b5de88a67f947a3ad5f1880930f6e49fee7aefc65dd4f",
                "befc1b36c9b14f81f4528ba2d1e01f680e50241181455db77af0140a94a84e4f",
                "773d5173a2ec1e276351f2f0df23502cf1ea62bd46612a9b8b5732bca7e93113",
                "554a782e28277857524bf7809864eef458b0aa3ff93e1780e904f2ce971f9abc",
                "4398bc75eb6ccb418ecc78b5f029cbe08f818a0d4fbfe6c7ebbebed1608b751e",
                "5c7839daf80dc87241efb8c36bc31772150caaa988b768bbb84dc9988ff21b7b",
                "98e9d09aa2273066ec193dedce3c43240bdc5c85746bfa8e1b934706682337ca",
                "b67395bb27fb48477a4caa002b133e43fca682be232d1b4951587fc943351725",
                "d8668958bbeb920e05cbc8c85f572e9f0487bacca9545763bc1676e3234761fe",
                "58907912ffc6363158ff123875e12a692ede7c1eede4a35296d61a30f90dedb8",
                "1624e1589213791c0b25877dbe3009c59c66bcd3dde4b5e0e295f5a6dfbea3ca",
                "59b160fe6be45b1693454718f442ee0e6ca122a5d02a076f258e344b928b9b0d",
                "8c47f1b0a6c8fd7a054ed99454fd3a5836b8cbdc52de6a9bc31bd3e8af5ebb3a",
                "21caedba5969df42951d022cdf31baa1b22cbfe30674d70f064e48d11d870a05",
                "606b041e4bee317be4eb72ab46c4ec3c7e420d80dda9226a17402845b671415d",
                "fbf24b7bfb38de408daede9705f0e43624b93485c897d38fc76940e7b6918f17",
                "84ec4f13c0bc1b79e8fa5d2962aa8813bd0f058c84d8d86d92cc97b92087b03b",
                "73466151c9d55745d7b74f253a9598b9d13d64d12ec21bb19ffbaac29c2841df",
                "045b195858bfbcaaac0b1c432ecdd9666f6134e5d26e351f12e47f0cb6c7a9c3",
                "d97b84acefbd1b7910149b8d6883be4317ca393e36624b7513334a128e2ed2c1"
            ],
            "type": "XHR",
            "firstPartyCookies": {},
            "firstPartyCookiesSent": {},
            "exampleSites": [
                "jeanstore.co.uk",
                "www.pieter-pot.nl",
                "theayurvedaexperience.com",
                "medichecks.com",
                "www.honeybirdette.com",
                "www.farmergracy.co.uk",
                "www.evesleep.co.uk",
                "mastertools.nl",
                "lancasterarchery.com",
                "www.pcgamingrace.com",
                "www.houseofplants.co.uk",
                "www.nettiapteekki.fi",
                "www.dakine.com",
                "www.yandy.com",
                "artdiscount.co.uk",
                "uk.olaplex.com",
                "laatukoru.fi",
                "coolcomponents.co.uk",
                "jaycotts.co.uk",
                "magicspoon.com"
            ]
        },
        {
            "rule": "isenselabs\\.com\\/users\\/isEnabledAll",
            "cookies": 0,
            "fingerprinting": 0,
            "subdomains": [
                "gdpr.apps"
            ],
            "apis": {},
            "sites": 39,
            "prevalence": 0.000279,
            "cnames": [],
            "responseHashes": [
                "70f03d21ca16ec7a7c01fc943aa547995d965fd67e587230996fe0e2e25fdb1c",
                "c9a393d78728f6af0dff1e2fffa2d4d9b1f1677cdd76dbe17f478522bf1c8460",
                "812ea3d373ff38ab6f0c124e039c22c3dfd39262fc658d3fb7722f9942ebf87b"
            ],
            "type": "XHR",
            "firstPartyCookies": {},
            "firstPartyCookiesSent": {},
            "exampleSites": [
                "www.yandy.com",
                "www.watchobsession.co.uk",
                "www.evesleep.co.uk",
                "uk.kef.com",
                "mastertools.nl",
                "jaycotts.co.uk",
                "www.mirasafety.com",
                "artdiscount.co.uk",
                "us.ohpolly.com",
                "www.pieter-pot.nl",
                "nukeproof.com",
                "uk.stepone.life",
                "coolcomponents.co.uk",
                "www.ledbulbs.co.uk",
                "theayurvedaexperience.com",
                "www.dakine.com",
                "rhinoshield.io",
                "www.gouletpens.com",
                "medichecks.com",
                "satechi.net"
            ]
        },
        {
            "rule": "isenselabs\\.com\\/users\\/getCookieConsentSettings",
            "cookies": 0,
            "fingerprinting": 0,
            "subdomains": [
                "gdpr.apps"
            ],
            "apis": {},
            "sites": 35,
            "prevalence": 0.00025,
            "cnames": [],
            "responseHashes": [
                "38b904a1cf83df048360fb2480571b749fd98d57e11f1afdffb5a74a78166fea",
                "c1b735529483fe719b8249c10ebe352be45d7e990623b114de26371ee7ec3f60",
                "d92275fb60054677183ccddc548c531e9d6774fdcd610e5e76106fb14568cbb1",
                "350cad024150264a6cd34b3c3f0dc66a321be85f6824d4cce3a7ee548296bdf3",
                "bbbb717ec634c6531a9de36204ace8148c01b125c863e2e903d524ca2bc48df7",
                "8bc6e05d7bd361413457b567c6ffdb7bd22517f8c4f4c63e6de75b13bdf70056",
                "1f7ea8267dd4a1562bc6ea3f6c0b303eb9bd09e9e5f21ceab65a7458c7a662bb"
            ],
            "type": "XHR",
            "firstPartyCookies": {},
            "firstPartyCookiesSent": {},