{
    "domain": "jdi5.xyz",
    "owner": {},
    "source": [
        "DuckDuckGo-US"
    ],
    "prevalence": 0.000123,
    "sites": 9,
    "subdomains": [
        "jscdn1"
    ],
    "cnames": [],
    "fingerprinting": 0,
    "resources": [
        {
            "rule": "jdi5\\.xyz\\/lib\\.js",
            "cookies": 0,
            "fingerprinting": 0,
            "subdomains": [
                "jscdn1"
            ],
            "apis": {},
            "sites": 9,
            "prevalence": 0.000123,
            "cnames": [],
            "responseHashes": [
                "0688994e919134e9870e2b516afc6ab2aeacf164fe1da213ebd03f1e4b947b93",
                "d08d93e63629a7cb365e7e1b9bb70433624f67eeb59f544893369195ee181f80",
                "704c7047a0f44021ee7fcea7668c7bb2f00f58ee490a716c655dcdd72f34eb66",
                "f4663a65380a1ae1696af08032b912b8ca78dffd374feb1007d892f95e7c987c",
                "1381b6674729257aa3e9cf8a3f733f7b5168c6b2100bb8e3349f48f753c8c0a2",
                "6a257dc6546faa3764a6073e6ed1caaae7811e155559616b295cb1c9cd7b4d70",
                "ffad2b855bfb013dc6316aef214905de4250f670f8e9c6e1c5fa17e4f8eeb0c0"
            ],
            "type": "Script",
            "firstPartyCookies": {},
            "firstPartyCookiesSent": {},
            "exampleSites": [
                "filmy4wap.dev",
                "filmy4wap.plus",
                "m.live4wap.xyz",
                "malayalamlivetv.com",
                "ww1.live4wap.xyz",
                "www.filmy4wap.org",
                "www.filmy4wap.boats",
                "www.filmy4wap.plus",
                "www.live4wap.click"
            ]
        }
    ],
    "categories": [],
    "performance": {},
    "cookies": 0,
    "topInitiators": [
        {
            "domain": "filmy4wap1.site",
            "prevalence": 0.4444444444444444
        },
        {
            "domain": "first party",
            "prevalence": 0.3333333333333333
        },
        {
            "domain": "live4wap.click",
            "prevalence": 0.2222222222222222
        }
    ],
    "types": {
        "Script": 9
    },
    "nameservers": [
        "sean.ns.cloudflare.com",
        "tani.ns.cloudflare.com"
    ]
}