{
    "domain": "jnxm2.com",
    "owner": {},
    "source": [
        "DuckDuckGo-US"
    ],
    "prevalence": 0.000327,
    "sites": 24,
    "subdomains": [],
    "cnames": [],
    "fingerprinting": 0,
    "resources": [
        {
            "rule": "jnxm2\\.com\\/vd",
            "cookies": 0,
            "fingerprinting": 0,
            "subdomains": [],
            "apis": {},
            "sites": 6,
            "prevalence": 0.0000817,
            "cnames": [],
            "responseHashes": [
                "4788d360302811d4bb60fc4cfbd141876242abfa6fb57a989e05664e5204b272",
                "d203b41e7d47b644d3f36f4485d181abfa883ff789b7679db785143322b8d989",
                "ea677d60a12d9dff9d14999dde3225e7e2f066f23418a1654495d2bb812dc2b7",
                "afa751ba4248258e0eb5f2a88f0b7c1738efed146fbfe22404cbb005f313a091"
            ],
            "type": "Document",
            "firstPartyCookies": {},
            "firstPartyCookiesSent": {
                "__pid": 0.000013612109332462159,
                "lotame_domain_check": 0.000013612109332462159
            },
            "exampleSites": [
                "elperiodico.com",
                "cgn.inf.br",
                "diariodeltriatlon.es",
                "kannada.mykhel.com",
                "www.hiiraan.com",
                "www.portalnet.cl"
            ]
        },
        {
            "rule": "jnxm2\\.com\\/cr",
            "cookies": 0,
            "fingerprinting": 0,
            "subdomains": [],
            "apis": {},
            "sites": 3,
            "prevalence": 0.0000408,
            "cnames": [],
            "responseHashes": [
                "e8c09408e6dceeb13782971b71bb4b01c168b6afc9ceec4f4eed1b5308aaac9e"
            ],
            "type": "Document",
            "firstPartyCookies": {},
            "firstPartyCookiesSent": {
                "__pid": 0.000013612109332462159,
                "lotame_domain_check": 0.000013612109332462159
            },
            "exampleSites": [
                "sport.es",
                "motorpi.com",
                "www.modhub.us"
            ]
        },
        {
            "rule": "jnxm2\\.com\\/sclk",
            "cookies": 0,
            "fingerprinting": 0,
            "subdomains": [],
            "apis": {},
            "sites": 2,
            "prevalence": 0.0000272,
            "cnames": [],
            "responseHashes": [
                "e5c5dd9b5e001cb5a94ae756d77308a50643751fb9feed67a9d97608d13cfaca"
            ],
            "type": "Document",
            "firstPartyCookies": {},
            "firstPartyCookiesSent": {},
            "exampleSites": [
                "diariodetransporte.com",
                "www.targatocn.it"
            ]
        },
        {
            "rule": "jnxm2\\.com\\/rnd",
            "cookies": 0,
            "fingerprinting": 0,
            "subdomains": [],
            "apis": {},
            "sites": 5,
            "prevalence": 0.0000681,
            "cnames": [],
            "responseHashes": [
                "3f2cd8ddfc68bee7749c7c5fba27f5d721236cf84d0fe00a3f3d963dbe96df5a",
                "4611cf98e4859a6484ff17c5576c79de69c1e02dcc07bb197a28ec48929e3dbf",
                "1e7ddc1d17d23759d662f19a794c060b9fd7c1753cdfdc33d2bed4c186165a37",
                "9d4a293b4b3f46f375bd86a549e1d8c90882bcc2d7a8fdb18dc29a593ff00e74"
            ],
            "type": "Document",
            "firstPartyCookies": {},
            "firstPartyCookiesSent": {
                "lotame_domain_check": 0.000013612109332462159
            },
            "exampleSites": [
                "raskakcija.lt",
                "www.a24.com",
                "www.fcbarca.com",
                "www.levante-emv.com",
                "www.mundoplus.tv"
            ]
        },
        {
            "rule": "jnxm2\\.com\\/gclk",
            "cookies": 0,
            "fingerprinting": 0,
            "subdomains": [],
            "apis": {},
            "sites": 3,
            "prevalence": 0.0000408,
            "cnames": [],
            "responseHashes": [
                "d8d443a2d9d9ec3f6b9539cdef4701813663bc63aff6af7f97c18d349085ef16",
                "6a48a9cb81fb426aaf01ab282cb17f0a7640d0cf4454512e5d032fbefd835a1c"
            ],
            "type": "Document",
            "firstPartyCookies": {},
            "firstPartyCookiesSent": {
                "__pid": 0.000013612109332462159
            },
            "exampleSites": [
                "diariouno.com.ar",
                "www.elperiodico.com",
                "www.todotest.com"
            ]
        },
        {
            "rule": "jnxm2\\.com\\/prts",
            "cookies": 0,
            "fingerprinting": 0,
            "subdomains": [],
            "apis": {},
            "sites": 5,
            "prevalence": 0.0000681,
            "cnames": [],
            "responseHashes": [
                "5b5e889e23479d3d0b35ca6366d2b41192aaee8ac4b13d2bdc457c0be02fea7b",
                "11c2d2ed5bc66473a8095f0aec7934175ad03f6e2f1c343cdabeb7094b8f65c1"
            ],
            "type": "Document",
            "firstPartyCookies": {},
            "firstPartyCookiesSent": {
                "lotame_domain_check": 0.000027224218664924318,
                "__pid": 0.000013612109332462159
            },
            "exampleSites": [
                "investorvillage.com",
                "www.newsbiella.it",
                "www.perfil.com",
                "www.polovniautomobili.com",
                "www.sport.es"
            ]
        }
    ],
    "categories": [],
    "performance": {},
    "cookies": 0,
    "topInitiators": [
        {
            "domain": "servg1.net",
            "prevalence": 0.2916666666666667
        },
        {
            "domain": "servingcdn.net",
            "prevalence": 0.25
        },
        {
            "domain": "servedbysmart.com",
            "prevalence": 0.125
        },
        {
            "domain": "megadeliveryn.com",
            "prevalence": 0.125
        },
        {
            "domain": "vastserved.com",
            "prevalence": 0.125
        },
        {
            "domain": "adlightning.com",
            "prevalence": 0.08333333333333333
        }
    ],
    "types": {
        "Document": 24
    },
    "nameservers": [
        "ns-190.awsdns-23.com",
        "ns-748.awsdns-29.net",
        "ns-1668.awsdns-16.co.uk",
        "ns-1285.awsdns-32.org"
    ]
}