{
    "domain": "jnxm2.com",
    "owner": {},
    "source": [
        "DuckDuckGo-US"
    ],
    "prevalence": 0.000214,
    "sites": 31,
    "subdomains": [],
    "cnames": [],
    "fingerprinting": 1,
    "resources": [
        {
            "rule": "jnxm2\\.com\\/vd",
            "cookies": 0,
            "fingerprinting": 1,
            "subdomains": [],
            "apis": {
                "Document.cookie getter": 5
            },
            "sites": 6,
            "prevalence": 0.0000415,
            "cnames": [],
            "responseHashes": [
                "452747134e73913cd4977651e1c6bacc3be9b6a2a56b2ddf28db6a81cbb04384",
                "9f03ae5b748e74792438f2c55ece24fce5d8e510c3c933ce332e7b1f0487832b",
                "ff011faaadc07304cbf6a12c4a0ea68ba4667550c9d40cd034530aa37f9e493d",
                "222e9a1b42eb7b845d29213476614ebf67ff6c7db7081e02f79f7d5bfba206e4",
                "3f6a883558b5e675ffc79e3ec6bb5bae362e9d46da455b218b66f74e22b7a74c"
            ],
            "type": "Document",
            "firstPartyCookies": {},
            "firstPartyCookiesSent": {
                "get_top_level_domain_cookie": 0.000006917925729149372
            },
            "exampleSites": [
                "conservativeinstitute.org",
                "horoscoponegro.com",
                "www.demilked.com",
                "www.lanazione.it",
                "www.oroscopodioggiedomani.it",
                "www.perfil.com"
            ]
        },
        {
            "rule": "jnxm2\\.com\\/sclk",
            "cookies": 0,
            "fingerprinting": 1,
            "subdomains": [],
            "apis": {
                "Document.cookie getter": 2
            },
            "sites": 6,
            "prevalence": 0.0000415,
            "cnames": [],
            "responseHashes": [
                "0b395f29c5244253709e0c798c95f6f5418949a83837530bd13cec7fddf1fa52",
                "ab6015e76067a3e60c8ee7bda6aac36d7e18791c6b080d983f0635125975ea25",
                "39c9f790374ff5ee130ffa02e5dd242f9cd8f86bc964df1e476d23e21c37609f",
                "a5a056fe7f8c150dda9a70dcf6c0aa1f28136f679d6d51f4e38c9b2c402d71fb"
            ],
            "type": "Document",
            "firstPartyCookies": {},
            "firstPartyCookiesSent": {
                "get_top_level_domain_cookie": 0.000006917925729149372
            },
            "exampleSites": [
                "diario.mx",
                "www.alertadigital.com",
                "www.kompasiana.com",
                "www.lifeder.com",
                "www.parlamentnilisty.cz",
                "www.quotidiano.net"
            ]
        },
        {
            "rule": "jnxm2\\.com\\/gclk",
            "cookies": 0,
            "fingerprinting": 1,
            "subdomains": [],
            "apis": {
                "Document.cookie getter": 2
            },
            "sites": 3,
            "prevalence": 0.0000208,
            "cnames": [],
            "responseHashes": [
                "307fa0d48a96bd05860f16d5e72c4d05dc81c6e54107138f6185cbba563454ee",
                "a7553593916cd08e30f738cdc9cc95556ac933e6a46f9f7f6fc6fdfd4f7a0313"
            ],
            "type": "Document",
            "firstPartyCookies": {},
            "firstPartyCookiesSent": {},
            "exampleSites": [
                "economipedia.com",
                "horoscoponegro.com",
                "www.parlamentnilisty.cz"
            ]
        },
        {
            "rule": "jnxm2\\.com\\/rnd",
            "cookies": 0,
            "fingerprinting": 1,
            "subdomains": [],
            "apis": {
                "Document.cookie getter": 6
            },
            "sites": 7,
            "prevalence": 0.0000484,
            "cnames": [],
            "responseHashes": [
                "ee1cbe1fcf6df75ffbfea4a717fba98df540930b7329938328b30ad4b24de9e4",
                "a10d9c59bfb54d009bfac666194a83d384a9b5f6f1f41df95b10ed0f05ce458c",
                "983b0f6169915216a2e719c8b869a6710950dac1fe6fffc9cd456c3937e27420",
                "49e047798f1cd0cb2285823ae22493ed3b47df1e5a0057d681289a83dbf36830",
                "359aba76a8bdd1448e3bdb74373614492fc09f41d908b767a228a6f5425e4723"
            ],
            "type": "Document",
            "firstPartyCookies": {},
            "firstPartyCookiesSent": {
                "get_top_level_domain_cookie": 0.000006917925729149372
            },
            "exampleSites": [
                "forumdacasa.com",
                "klse.i3investor.com",
                "m.forocoches.com",
                "www.em.com.br",
                "www.ilgiorno.it",
                "www.medicitalia.it",
                "www.sport.es"
            ]
        },
        {
            "rule": "jnxm2\\.com\\/cr",
            "cookies": 0,
            "fingerprinting": 1,
            "subdomains": [],
            "apis": {
                "Document.cookie getter": 4
            },
            "sites": 4,
            "prevalence": 0.0000277,
            "cnames": [],
            "responseHashes": [
                "902df2725c45ef3908261a93e6667fb722d07a8d4acd4a136c33883451e2ca25",
                "2692741f5e02f84b6a96d0e86347a0329e3a5e6e237309f1647c2e92a472509d",
                "93cb5cd6fee82132b3308a8164ae7aa56a17dbf86c9e0a64c4c24eb999c67629"
            ],
            "type": "Document",
            "firstPartyCookies": {},
            "firstPartyCookiesSent": {
                "paywall_last_article_domain": 0.000006917925729149372
            },
            "exampleSites": [
                "kompas.com",
                "www.firma.egospodarka.pl",
                "www.forocoches.com",
                "www.perfil.com"
            ]
        },
        {
            "rule": "jnxm2\\.com\\/prts",
            "cookies": 0,
            "fingerprinting": 1,
            "subdomains": [],
            "apis": {
                "Document.cookie getter": 5
            },
            "sites": 5,
            "prevalence": 0.0000346,
            "cnames": [],
            "responseHashes": [
                "c7fa2984a2b826d472b781d14169cf3efc8975ed53804afd86945ea76a7efe49",
                "532104fa981d09e1afa4a8736309d4f12242f3b96263ebc3254cc19516791b28",
                "e739391a5859b63cbe6f9cf2dcc2e8af201bfbc6e90738b102a34b23036acd1b",
                "359aba76a8bdd1448e3bdb74373614492fc09f41d908b767a228a6f5425e4723"
            ],
            "type": "Document",
            "firstPartyCookies": {},
            "firstPartyCookiesSent": {
                "get_top_level_domain_cookie": 0.000006917925729149372
            },
            "exampleSites": [
                "egospodarka.pl",
                "www.ilrestodelcarlino.it",
                "www.noticiasdegipuzkoa.eus",
                "www.portalnet.cl",
                "www.sport.es"
            ]
        }
    ],
    "categories": [],
    "performance": {},
    "cookies": 0,
    "types": {
        "Document": 31
    },
    "nameservers": [
        "ns-190.awsdns-23.com",
        "ns-748.awsdns-29.net",
        "ns-1668.awsdns-16.co.uk",
        "ns-1285.awsdns-32.org"
    ]
}