{
    "domain": "jscrambler.com",
    "owner": {},
    "source": [
        "DuckDuckGo-US"
    ],
    "prevalence": 0.000187,
    "sites": 27,
    "subdomains": [
        "ele26126",
        "klm-ea"
    ],
    "cnames": [],
    "fingerprinting": 1,
    "resources": [
        {
            "rule": "jscrambler\\.com\\/cc\\/1588655105\\.js",
            "cookies": 0.0000692,
            "fingerprinting": 1,
            "subdomains": [
                "ele26126",
                "klm-ea"
            ],
            "apis": {
                "window.localStorage": 18,
                "window.sessionStorage": 18,
                "Document.cookie getter": 10,
                "Document.cookie setter": 10
            },
            "sites": 18,
            "prevalence": 0.000125,
            "cnames": [],
            "responseHashes": [
                "38c3f4ba0b6dce46039c8d56dfb764dd7a3d509f33095d425e56320a6540eff9",
                "351bb4b97a2d517cb385bc3cd2bf338c314fe81be22dc9b77c0b6f6dec4cda38",
                "698a133645841c2bdee65ace667abb53ad504369fb8c81204b99237b158b978d",
                "1307cf31bc35af8538f08524f9c86790bad65d6bf2fe01e1a840668dafd1b6af",
                "23b794ac23c86ca6e74a2ef2fd7bbc32277d1e1ea6640b2a16f601123dc1be27",
                "b7fbd796568c4fc5a2c8ed53cf0775821ea34fe824b0ce9a912af76e02874320",
                "429152c7dbcefe812e2f8e399aa2e76f0fb0877a4c85627c2a8efdf70fac214a",
                "914a8839304e329f83cfce82d01e29f855b433e371d234e678feb3be5ba0e40f",
                "e099d1fa2d59a1bf8e743ca9d25d4397bbbbb301b222484afacf178d4ff81bd6",
                "f5f13318f1123349a781263adde03b1a355f759f26abc3d593d17ff0fdf6623a"
            ],
            "type": "Script",
            "firstPartyCookies": {
                "_uetsid": {
                    "ttl": 86404,
                    "length": 32,
                    "prevalence": 0.00003458962864574686,
                    "uniqueness": 1
                },
                "_uetvid": {
                    "ttl": 33696004,
                    "length": 32,
                    "prevalence": 0.00003458962864574686,
                    "uniqueness": 1
                },
                "_gcl_aw": {
                    "ttl": 7776008,
                    "length": 23,
                    "prevalence": 0.00006917925729149372,
                    "uniqueness": 1
                },
                "_gcl_au": {
                    "ttl": 7776005,
                    "length": 25,
                    "prevalence": 0.00005534340583319497,
                    "uniqueness": 1
                },
                "mp_gapinc_mixpanel": {
                    "ttl": 31536004,
                    "length": 140,
                    "prevalence": 0.000020753777187448115,
                    "uniqueness": 1
                },
                "_br_uid_2": {
                    "ttl": 3153600005,
                    "length": 60,
                    "prevalence": 0.000027671702916597487,
                    "uniqueness": 1
                },
                "_fbc": {
                    "ttl": 7776005,
                    "length": 27,
                    "prevalence": 0.00006917925729149372,
                    "uniqueness": 1
                },
                "_fbp": {
                    "ttl": 7776005,
                    "length": 28,
                    "prevalence": 0.00006917925729149372,
                    "uniqueness": 1
                },
                "fs_uid": {
                    "ttl": 31536004,
                    "length": 68,
                    "prevalence": 0.00006917925729149372,
                    "uniqueness": 1
                },
                "RES_TRACKINGID": {
                    "ttl": 34164004,
                    "length": 17,
                    "prevalence": 0.00003458962864574686,
                    "uniqueness": 1
                },
                "_pin_unauth": {
                    "ttl": 31536011,
                    "length": 70,
                    "prevalence": 0.00003458962864574686,
                    "uniqueness": 1
                },
                "cd_user_id": {
                    "ttl": 31536011,
                    "length": 59,
                    "prevalence": 0.00006917925729149372,
                    "uniqueness": 1
                },
                "_sctr": {
                    "ttl": 34186719,
                    "length": 15,
                    "prevalence": 0.00004150755437489623,
                    "uniqueness": 0.3333333333333333
                },
                "_scid": {
                    "ttl": 34186702,
                    "length": 36,
                    "prevalence": 0.000027671702916597487,
                    "uniqueness": 1
                },
                "RES_SESSIONID": {
                    "ttl": 1804,
                    "length": 17,
                    "prevalence": 0.000020753777187448115,
                    "uniqueness": 1
                },
                "ResonanceSegment": {
                    "ttl": 5184004,
                    "length": 1,
                    "prevalence": 0.000020753777187448115,
                    "uniqueness": 0.3333333333333333
                },
                "mp_gapinc_ca_mixpanel": {
                    "ttl": 31536006,
                    "length": 140,
                    "prevalence": 0.000006917925729149372,
                    "uniqueness": 1
                },
                "__gads": {
                    "ttl": 33696009,
                    "length": 2,
                    "prevalence": 0.000013835851458298743,
                    "uniqueness": 0.5
                },
                "CONSENTMGR": {
                    "ttl": 7776017,
                    "length": 12,
                    "prevalence": 0.000013835851458298743,
                    "uniqueness": 0.5
                },
                "utag_main": {
                    "ttl": 31536023,
                    "length": 270,
                    "prevalence": 0.000013835851458298743,
                    "uniqueness": 1
                },
                "badges": {
                    "ttl": 31536017,
                    "length": 6,
                    "prevalence": 0.000013835851458298743,
                    "uniqueness": 1
                },
                "s_fid": {
                    "ttl": 157766417,
                    "length": 33,
                    "prevalence": 0.000013835851458298743,
                    "uniqueness": 1
                },
                "s_depth": {
                    "ttl": 1817,
                    "length": 1,
                    "prevalence": 0.000013835851458298743,
                    "uniqueness": 1
                },
                "s_ghn": {
                    "ttl": 1822,
                    "length": 1,
                    "prevalence": 0.000013835851458298743,
                    "uniqueness": 1
                },
                "s_gpn": {
                    "ttl": 1822,
                    "length": 1,
                    "prevalence": 0.000013835851458298743,
                    "uniqueness": 1
                },
                "_attn_": {
                    "ttl": 315360007,
                    "length": 163,
                    "prevalence": 0.000006917925729149372,
                    "uniqueness": 1
                },
                "__attentive_id": {
                    "ttl": 1892160000,
                    "length": 32,
                    "prevalence": 0.000006917925729149372,
                    "uniqueness": 1
                },
                "__attentive_cco": {
                    "ttl": 1892160000,
                    "length": 13,
                    "prevalence": 0.000006917925729149372,
                    "uniqueness": 1
                },
                "__attentive_pv": {
                    "ttl": 108007,
                    "length": 1,
                    "prevalence": 0.000006917925729149372,