{
    "domain": "kdmttk.com",
    "owner": {},
    "source": [
        "DuckDuckGo-US"
    ],
    "prevalence": 0.000327,
    "sites": 24,
    "subdomains": [],
    "cnames": [],
    "fingerprinting": 0,
    "resources": [
        {
            "rule": "kdmttk\\.com\\/get_data",
            "cookies": 0.000191,
            "fingerprinting": 0,
            "subdomains": [],
            "apis": {},
            "sites": 24,
            "prevalence": 0.000327,
            "cnames": [],
            "responseHashes": [
                "e3b0c44298fc1c149afbf4c8996fb92427ae41e4649b934ca495991b7852b855",
                "6d655454ed86a38b8f36a2e476d716ecae1b5bec984cc06d68000cbf9ce7c126",
                "96fea3be3e1a8c05a6c147d121555ebeb8439f2e820580211b3e2135476c4127",
                "0da6869d337e6a8bf88f5f1a00a77d538146ffbd770216d311cfae0e26d8457e",
                "91b8dd633f327291093bd72aa3c1bdca74d0b64b81574e15a74d064ace585b1c",
                "08eade0fc1203510646751c1c5fde63336941b1365e5a47270670e02b842963a",
                "7990437cb7069dbfd44c01d6da12440819973f7962f83cfdf81f3da35dcea53a",
                "1db4dbf38205c84d7177b564b6082048d323710fb3264958b6b216066601bb68",
                "95432099be57ef74a19ebf3dbe65d3440e4394ea539a38f5e0eb63db9384113c",
                "862894dccfcedd709265e5eb3ad283955e41cd8dcbe0478ee36e68b1a1b8cb2d",
                "1645222558584f5c87c36be9bc07b112d7b01b8433132d95d1d028bf84124ee1",
                "1b499d02300f0388adb7bec86bc1e9da6d21f93d28c72b06df62f83a829dfc81"
            ],
            "type": "XHR",
            "firstPartyCookies": {},
            "firstPartyCookiesSent": {},
            "exampleSites": [
                "memepedia.ru",
                "www.forumhouse.ru",
                "ucrazy.ru",
                "readli.net",
                "fapl.ru",
                "muzlada.net",
                "www.goha.ru",
                "mp3bob.ru",
                "angl-gdz.ru",
                "www.euroki.org",
                "muzrecord.com",
                "m.bombardir.ru",
                "musictouch.ru",
                "www.u-mama.ru",
                "s-krovi.net",
                "doramatv.live",
                "litrekon.ru",
                "topliba.com",
                "obuchonok.ru",
                "top-mods.ru"
            ]
        },
        {
            "rule": "kdmttk\\.com\\/setuid",
            "cookies": 0.0000272,
            "fingerprinting": 0,
            "subdomains": [],
            "apis": {},
            "sites": 2,
            "prevalence": 0.0000272,
            "cnames": [],
            "responseHashes": [
                "1ee70acbd3b0edaf32c0d04341fe602fb7fd51d8924cd737287696b26f0ecae3"
            ],
            "type": "Image",
            "firstPartyCookies": {},
            "firstPartyCookiesSent": {},
            "exampleSites": [
                "fapl.ru",
                "www.anilibria.tv"
            ]
        }
    ],
    "categories": [],
    "performance": {},
    "cookies": 0.000191,
    "topInitiators": [
        {
            "domain": "yandex.ru",
            "prevalence": 1
        }
    ],
    "types": {
        "XHR": 24,
        "Image": 2
    },
    "nameservers": [
        "pns102.cloudns.net",
        "pns101.cloudns.net",
        "pns103.cloudns.net",
        "pns104.cloudns.net"
    ]
}