{
    "domain": "kiosked.com",
    "owner": {},
    "source": [
        "DuckDuckGo-US"
    ],
    "prevalence": 0.000256,
    "sites": 37,
    "subdomains": [
        "scripts",
        "events"
    ],
    "cnames": [],
    "fingerprinting": 2,
    "resources": [
        {
            "rule": "kiosked\\.com\\/loader\\/kiosked-loader\\.js",
            "cookies": 0,
            "fingerprinting": 2,
            "subdomains": [
                "scripts"
            ],
            "apis": {
                "window.localStorage": 25,
                "Navigator.prototype.userAgent": 25,
                "window.sessionStorage": 25,
                "Date.prototype.getTime": 25,
                "Document.cookie getter": 25,
                "Navigator.prototype.appVersion": 18,
                "Navigator.prototype.platform": 18,
                "Navigator.prototype.doNotTrack": 10,
                "Screen.prototype.height": 12,
                "Screen.prototype.width": 12,
                "Navigator.prototype.language": 10
            },
            "sites": 25,
            "prevalence": 0.000173,
            "cnames": [],
            "responseHashes": [
                "3a47686d399282434a0569e32ffa268ada4aef3de0f6f630ce9ad1f92f527bb6",
                "eee7751042e78efd6f90d5f605e5fa146c27ef0dfc56de951bc6ec8a78257162",
                "cd334916ae1d27cb975667b5876546e78ac3bc13d2ddfccc868aa63cec0080e6",
                "290889bf497d5036fdc60b3e2099afa9fe3f9a0f0590a295973fc16c4e2bec7d",
                "2ae476cbd41a83b584dc7e1f9b85de5a9ea4b48a91cde4945b1e9b8f428f5ee6",
                "b88250f25475f1739faadb1cb38c5261690a0f12a3272b1eea0c944888eec1cf",
                "fe01e2df776af75a351a5cbba901dd5b504cacfd58109efb51c73fa1e026d678",
                "f14ea562309a9b60864a4e0cc7ee8edc52bda28ab46c9eb3262b3b66e7674242",
                "5aed1dd41d6cb0ef7391a9851739c2f98eb68c77595c1fdb21a496e63a9d5b0b",
                "8ffc4979f0a5d96692d1a53a3d5ac938ec0b234e60ec8803e49ed8b10f0a7ac6",
                "444f142c1fe301c1ec9fd93596d3c579783525ef65378e0e06b22545e69dbff7",
                "e142b83a3a479f7b27808adb6c47d206ebf4cdc245eba88f67ed18202979e216",
                "fe02c3e083449d99ba1c89cb48e083f30490b8cdbcfa2ab604e9cfc681fe8991",
                "7641af78a9498101c83a449f3739cdfcc21a6ed6d3686cec01331706c383a089",
                "622db325ec0604e605e8c92a2d8f6d87265561fe8e93129173275a5a34aa764c",
                "8b66f314062a9c0a484e02ae22dc55f55a293ac857f98ee167a5932bf1ea8659",
                "717f2d06df21447980e2ddb24e690d5358a70a3368ccf0cfce39ad0ed87ffe8d",
                "9b7cb78170fa84d7cc1601136bbb283ddc233123ad4c879de4223e6093eab168",
                "b87e3627fad1c29fa1c96ae51d920067ef2e48fd3ee65ea7d661f392ae176799",
                "7f4c61b5e4eeca44f34fefa0aef224ea432c9316426df6d0c20ce8f9f8e7c794",
                "3c870c3f83ef44acac4736985fea30667133e0bd9bb1957912584360644564da",
                "34e9bdf41c25196f5ea9e929dbd773da5b1113f2436e611a78bc952935fff2f7",
                "0705d5f3281686250fbe1eac86500f8cf1517324eb51fd9e92839598d443bdea",
                "dcc28366ced89a9f5f6199b6c4f5e4e58cf7c6432e8a9c773353c144498234c3"
            ],
            "type": "Script",
            "firstPartyCookies": {},
            "firstPartyCookiesSent": {},
            "exampleSites": [
                "www.clublexus.com",
                "www.mrfood.com",
                "www.mavikadin.com",
                "www.cookstr.com",
                "www.internethaber.com",
                "www.couriermail.com.au",
                "www.corvetteforum.com",
                "t24.com.tr",
                "www.allfreeknitting.com",
                "www.pauladeen.com",
                "nerdist.com",
                "www.bodyandsoul.com.au",
                "www.allfreechristmascrafts.com",
                "honda-tech.com",
                "www.animenewsnetwork.com",
                "www.greenbot.com",
                "www.yotatech.com",
                "www.techhive.com",
                "www.wimp.com",
                "militarymachine.com"
            ]
        },
        {
            "rule": "kiosked\\.com\\/u",
            "cookies": 0,
            "fingerprinting": 0,
            "subdomains": [
                "events"
            ],
            "apis": {},
            "sites": 4,
            "prevalence": 0.0000277,
            "cnames": [],
            "responseHashes": [
                "ac554a4ea8b34bbb80db013e14be195ebc986f82f24e5b18b0ea9032ef561f57"
            ],
            "type": "XHR",
            "firstPartyCookies": {},
            "firstPartyCookiesSent": {},
            "exampleSites": [
                "t24.com.tr",
                "www.cookstr.com",
                "www.mavikadin.com",
                "www.techhive.com"
            ]
        }
    ],
    "categories": [],
    "performance": {},
    "cookies": 0,
    "types": {
        "Script": 25,
        "XHR": 4
    },
    "nameservers": [
        "ns-88.awsdns-11.com",
        "ns-789.awsdns-34.net",
        "ns-1172.awsdns-18.org",
        "ns-1982.awsdns-55.co.uk"
    ]
}