{
    "domain": "kiynew.com",
    "owner": {},
    "source": [
        "DuckDuckGo-US"
    ],
    "prevalence": 0.00344,
    "sites": 481,
    "subdomains": [],
    "cnames": [],
    "fingerprinting": 0,
    "resources": [
        {
            "rule": "kiynew\\.com\\/er",
            "cookies": 0,
            "fingerprinting": 0,
            "subdomains": [],
            "apis": {},
            "sites": 12,
            "prevalence": 0.0000858,
            "cnames": [],
            "responseHashes": [],
            "type": "Fetch",
            "firstPartyCookies": {},
            "firstPartyCookiesSent": {},
            "exampleSites": [
                "erotom.com",
                "fapdig.com",
                "flagrasamadoresbrasileiros.com",
                "latinohentai.com",
                "severeporn.com",
                "thesextube.net",
                "vip.pornbraze.com",
                "www.telugusrungaram.com",
                "www.zoox18.com",
                "zoojizz.com",
                "zootrex.com"
            ]
        },
        {
            "rule": "kiynew\\.com\\/cuload",
            "cookies": 0,
            "fingerprinting": 0,
            "subdomains": [],
            "apis": {},
            "sites": 12,
            "prevalence": 0.0000858,
            "cnames": [],
            "responseHashes": [
                "4f53cda18c2baa0c0354bb5f9a3ecbe5ed12ab4d8e11ba873c2f11161202b945",
                "c93db46f41021ec65f537cb6a7ac65275b255a89b4bc6641bc6cd328343fec26",
                "2eb80bcc5715220f12b8346ba410da39ef64f0589be7f8dd6e7872990afbc1bb",
                "31b3357013ad4a456d2494429837dd703be5df78f3cdcc135961bf03d866b87f",
                "f4e333a7005b2780a78e8c242e6919e033cf4abd0737463a727805acaf51dcb7",
                "09238026d7bbc0ea0d413f0a74b37cc92b77b553183fb7bb73ff2b8bf3fe2120",
                "d3910fd40f553799d2add447c0aa2d44002e02b6f14b441f4243c1ef359f698e",
                "de1e687489b699b36e40daf5ac9ccf414cfd07b13983b9105ad229119f490cf3",
                "f5e6def6db3ffde1340f4480eadac0ee35cf2670a3374ecc2f37c5512cb43403"
            ],
            "type": "Fetch",
            "firstPartyCookies": {},
            "firstPartyCookiesSent": {},
            "exampleSites": [
                "erotom.com",
                "fapdig.com",
                "flagrasamadoresbrasileiros.com",
                "latinohentai.com",
                "severeporn.com",
                "thesextube.net",
                "vip.pornbraze.com",
                "www.telugusrungaram.com",
                "www.zoox18.com",
                "zoojizz.com",
                "zootrex.com"
            ]
        },
        {
            "rule": "kiynew\\.com\\/trt",
            "cookies": 0,
            "fingerprinting": 0,
            "subdomains": [],
            "apis": {},
            "sites": 12,
            "prevalence": 0.0000858,
            "cnames": [],
            "responseHashes": [],
            "type": "Fetch",
            "firstPartyCookies": {},
            "firstPartyCookiesSent": {},
            "exampleSites": [
                "erotom.com",
                "fapdig.com",
                "flagrasamadoresbrasileiros.com",
                "latinohentai.com",
                "severeporn.com",
                "thesextube.net",
                "vip.pornbraze.com",
                "www.telugusrungaram.com",
                "www.zoox18.com",
                "zoojizz.com",
                "zootrex.com"
            ]
        },
        {
            "rule": "kiynew\\.com\\/admc",
            "cookies": 0,
            "fingerprinting": 0,
            "subdomains": [],
            "apis": {},
            "sites": 272,
            "prevalence": 0.00194,
            "cnames": [],
            "responseHashes": [],
            "type": "Fetch",
            "firstPartyCookies": {},
            "firstPartyCookiesSent": {},
            "exampleSites": [
                "tamilsex.desi",
                "nudostar.tv",
                "rechub.tv",
                "www.chinese-porn.me",
                "japanesexxx.me",
                "masalaseen.net",
                "stolenfans.com",
                "pornjapanese.biz",
                "animalpornvideos.com",
                "vintagepornvideos.net",
                "buceteiro.com",
                "xxxpornvideo.me",
                "www.teen-pussy.pro",
                "xxx-sexy-video.com",
                "backpagegals.com",
                "scatsite.com",
                "mydesi.net",
                "hornyxxx.win",
                "xxx-full-movie.com",
                "www.ixxx.wtf"
            ]
        }
    ],
    "categories": [],
    "performance": {},
    "cookies": 0,
    "types": {
        "Fetch": 308
    },
    "nameservers": [
        "ns1.kiphost.ru",
        "ns2.kiphost.ru"
    ]
}