{
    "domain": "kiz.one",
    "owner": {},
    "source": [
        "DuckDuckGo-US"
    ],
    "prevalence": 0.000123,
    "sites": 9,
    "subdomains": [
        "limetorrents"
    ],
    "cnames": [],
    "fingerprinting": 0,
    "resources": [
        {
            "rule": "kiz\\.one\\/submit\\.php",
            "cookies": 0,
            "fingerprinting": 0,
            "subdomains": [
                "limetorrents"
            ],
            "apis": {},
            "sites": 9,
            "prevalence": 0.000123,
            "cnames": [],
            "responseHashes": [
                "ac03b241013f29a29e2960d28b74ac3a15da00d084cc70fbb4595a0e4b734a3d"
            ],
            "type": "Document",
            "firstPartyCookies": {},
            "firstPartyCookiesSent": {},
            "exampleSites": [
                "filmy4wap.dev",
                "filmy4wap.plus",
                "m.live4wap.xyz",
                "malayalamlivetv.com",
                "ww1.live4wap.xyz",
                "www.filmy4wap.org",
                "www.filmy4wap.boats",
                "www.filmy4wap.plus",
                "www.live4wap.click"
            ]
        },
        {
            "rule": "kiz\\.one\\/",
            "cookies": 0.000123,
            "fingerprinting": 0,
            "subdomains": [
                "limetorrents"
            ],
            "apis": {},
            "sites": 9,
            "prevalence": 0.000123,
            "cnames": [],
            "responseHashes": [
                "7ef9ff409835bf3836894d155924734e3e8d5c83a41562209778b0ef65c35421",
                "634acbd012741d95021429c219de9be9cfdeb239894b96c84a2bbe4fa20f1241",
                "655f0c0ae2ac3030b940605d2b976f3d11d794c696f5d23ac24f99fcb27c1b64",
                "985d2e837c46e223e8ebcacba24ce02347bfb3bf89f4e9b02b4af5df4ec3ec46",
                "7302e91fa479b5e689c8258c36ddd240b66c611de5395376fbb5d911f5fc8c65",
                "b2460912d2b7055abb09cae6525a0ca842627e9396f7973a99007b1100a1b94b",
                "6b9bd63dd54906c9c3137149309a3f71ae096c883c0f8288bb601e0a85070f11",
                "950faada3d62f9e1d01b410c1a3913db91e076ef49b9749fecd3cbdb82d7954c"
            ],
            "type": "Document",
            "firstPartyCookies": {},
            "firstPartyCookiesSent": {},
            "exampleSites": [
                "filmy4wap.dev",
                "filmy4wap.plus",
                "m.live4wap.xyz",
                "malayalamlivetv.com",
                "ww1.live4wap.xyz",
                "www.filmy4wap.org",
                "www.filmy4wap.boats",
                "www.filmy4wap.plus",
                "www.live4wap.click"
            ]
        }
    ],
    "categories": [],
    "performance": {},
    "cookies": 0.000123,
    "topInitiators": [
        {
            "domain": "jdi5.xyz",
            "prevalence": 0.3333333333333333
        },
        {
            "domain": "filmy4wap1.site",
            "prevalence": 0.2962962962962963
        },
        {
            "domain": "first party",
            "prevalence": 0.2222222222222222
        },
        {
            "domain": "live4wap.click",
            "prevalence": 0.14814814814814814
        }
    ],
    "types": {
        "Document": 18
    },
    "nameservers": [
        "tani.ns.cloudflare.com",
        "sean.ns.cloudflare.com"
    ]
}