{
    "domain": "kount.net",
    "owner": {},
    "source": [
        "DuckDuckGo-US"
    ],
    "prevalence": 0.000235,
    "sites": 34,
    "subdomains": [
        "shopify",
        "shopify.test"
    ],
    "cnames": [],
    "fingerprinting": 1,
    "resources": [
        {
            "rule": "kount\\.net\\/js",
            "cookies": 0,
            "fingerprinting": 1,
            "subdomains": [
                "shopify",
                "shopify.test"
            ],
            "apis": {
                "Document.cookie getter": 18
            },
            "sites": 18,
            "prevalence": 0.000125,
            "cnames": [],
            "responseHashes": [
                "35ef1d9b72770e8dc4e783965997b2594ebf4b2a27f2500bda3171a801a075f6",
                "5384d803a006e012ea99f86511b67419c2f3908821120932a860e0549078bb9f",
                "4cc1e7b5f38cafc4387f0fa1daa860e496239d013b05a7b5b3fc6b6f72eb1266",
                "a013161dc19edadc6b2e66792f7c79e3e46a8d31fff2a3f842ee4e46b01c923a",
                "f45536a41cd3205fa73ad1f851f972ef4d9649afb17af5f0ecf425debbfcb36c",
                "ecad4257373e9243c0105a3d6b8451817c09ad3c6d864ede0f7c3ad730860419",
                "efca0c51fcc36497bb97751e5f12033f299fdcdd1b838d17d97c55e72678462b",
                "2ae698e28b4b8d297359511993be7957fd41f09efc0090d30eb2df357981d38a",
                "ea1f97784c3cc9059b138ba6e6649c11e855768ab8a3596105a4e6c3f107f1dd",
                "ce17ab5101c689314b5ba950b7c1e2b4f1887d36b687c395c4cf2c077270b220",
                "d862287b4f9ddff62854761f40c6951238bd9f3c0b2b87c8ed9305fae6cd5cb7",
                "84bdc6224e302d4175f1d4a1a65a00b7a133e24daaf1484d3cd1ede97f7d29fb",
                "943fd2035f55385c61279de96ae4129393a30db534faf68bab0c11a6b3055a2f"
            ],
            "type": "Script",
            "firstPartyCookies": {},
            "firstPartyCookiesSent": {},
            "exampleSites": [
                "4patriots.com",
                "buy.gazelle.com",
                "fashionablecanes.com",
                "hoover.com",
                "lancasterarchery.com",
                "oreck.com",
                "shop.ccs.com",
                "tommyjohn.com",
                "us.honeybirdette.com",
                "www.adriannapapell.com",
                "www.bureauengros.com",
                "www.honeybirdette.com",
                "www.lorex.com",
                "www.lorextechnology.com",
                "www.peets.com",
                "www.staples.ca",
                "www.vapor.com",
                "www.wholelattelove.com"
            ]
        }
    ],
    "categories": [],
    "performance": {},
    "cookies": 0,
    "types": {
        "Script": 18
    },
    "nameservers": [
        "daisy.ns.cloudflare.com",
        "lex.ns.cloudflare.com"
    ]
}