{
    "domain": "leadintel.io",
    "owner": {},
    "source": [
        "DuckDuckGo-US"
    ],
    "prevalence": 0.000122,
    "sites": 17,
    "subdomains": [],
    "cnames": [],
    "fingerprinting": 1,
    "resources": [
        {
            "rule": "leadintel\\.io\\/login-check",
            "cookies": 0,
            "fingerprinting": 1,
            "subdomains": [],
            "apis": {
                "Document.cookie getter": 2
            },
            "sites": 14,
            "prevalence": 0.0001,
            "cnames": [],
            "responseHashes": [
                "2beb9f379e472ae38eaa6ff3715d1e8bedd9dcf00e7cf40f88c88e03cf38c022",
                "d600dd343d523908392205243c52f8cf2b09e75995a58aa265ee8009a7238506",
                "710b379ace0dc08700ba0f35e7f201218a8cb279fb2b24c1ab2bc4655be92130",
                "0a3fcdb673b65ef904cc73b823b0a12fe2d6ff0fb353fa98625a097bb93b0fd2",
                "6050860e23f678b12cafdb6d965cf465828197fbc095e4b114aa375aa7bf202c",
                "49d6d08d20e20237ddff83d0ba0b3634a956828e5f3c23858b0fe34a41df388f",
                "599e09a7b07d32059a3ad5c68fcf86171a253e1aa3a5faefa4f75fa7cdf553a6",
                "6df55bd6b7597f1f2c854861e8deea0bf104088dfa007902f78a94b848363ee6"
            ],
            "type": "Script",
            "firstPartyCookies": {},
            "firstPartyCookiesSent": {
                "cookies.js_dtest": 0.00005719923925011797,
                "parsely_uuid": 0.00005719923925011797
            },
            "exampleSites": [
                "horseandhound.co.uk",
                "forums.horseandhound.co.uk",
                "forums.ybw.com",
                "www.countrylife.co.uk",
                "www.decanter.com",
                "www.homebuilding.co.uk",
                "www.homesandgardens.com",
                "www.mbr.co.uk",
                "www.mixonline.com",
                "www.shootinguk.co.uk",
                "www.thefield.co.uk",
                "www.wallpaper.com",
                "www.whathifi.com",
                "www.yachtingmonthly.com"
            ]
        },
        {
            "rule": "leadintel\\.io\\/track",
            "cookies": 0.0001,
            "fingerprinting": 0,
            "subdomains": [],
            "apis": {},
            "sites": 14,
            "prevalence": 0.0001,
            "cnames": [],
            "responseHashes": [
                "c55446bfe53a270a3ca24b752ee995ac285f7a19374d426fff59420507370a69",
                "59d7899365c59433791d331f3aba6e3084a9170ee54325730a58bff829b5a077",
                "5a349e2bbebb529f5e84f6ac28007ba87577b302090a25015e9fd6be22b38b15",
                "39d8a52944f63354ef5a071e99a1296fcd6206b27746ffbd1f3242b75a0782d5",
                "311bdcc3df565c61a5a4365f53c288d265a5f2ec3593d3e13bcea530730ae322",
                "32c551953f203ff45e5505485afb2f5c075dd6bd85ef2ced5bfecf2d51d79bf6",
                "6bea3b1fa9c457a09fd3dee63cd643daa88e7f4d609c4e918048acb01b6b49fd",
                "b2e959359a13c9bb4a31757816e60bc71bd9a592e2de0742a685182341ef9576",
                "d769b5726fd191699f9908b31b9fe9d7d67bf9939ee955ee3f28e887d3ba9d99",
                "a0ad09b6f72d6cfe83cebe534cfa817623ca89ec3d98401d2442260b493253ba",
                "a5aea0e7ccc1714bfe3c4e7891c03532a0e10a1a1b65961e7e268fe83cdbeb42",
                "021a82f2a0036b354287caef9cef34344f0c0f8abbd83588cfa706e6a6fc5a56",
                "348a77f78f5425ddfa25f4427128aa8cefddc4d17a5c12d3992a245e13390121"
            ],
            "type": "Script",
            "firstPartyCookies": {},
            "firstPartyCookiesSent": {
                "cookies.js_dtest": 0.00005719923925011797,
                "parsely_uuid": 0.00005719923925011797,
                "get_top_level_domain_cookie": 0.000007149904906264747,
                "_li_dcdm_c": 0.000014299809812529493,
                "_cats": 0.000007149904906264747
            },
            "exampleSites": [
                "horseandhound.co.uk",
                "forums.horseandhound.co.uk",
                "forums.ybw.com",
                "www.countrylife.co.uk",
                "www.decanter.com",
                "www.homebuilding.co.uk",
                "www.homesandgardens.com",
                "www.mbr.co.uk",
                "www.mixonline.com",
                "www.shootinguk.co.uk",
                "www.thefield.co.uk",
                "www.wallpaper.com",
                "www.whathifi.com",
                "www.yachtingmonthly.com"
            ]
        }
    ],
    "categories": [],
    "performance": {},
    "cookies": 0.000122,
    "types": {
        "Script": 28
    },
    "nameservers": [
        "ns-31.awsdns-03.com",
        "ns-887.awsdns-46.net",
        "ns-1508.awsdns-60.org",
        "ns-1841.awsdns-38.co.uk"
    ]
}