{
    "domain": "liaisondegreedaughters.com",
    "owner": {},
    "source": [
        "DuckDuckGo-US"
    ],
    "prevalence": 0.0000544,
    "sites": 4,
    "subdomains": [],
    "cnames": [],
    "fingerprinting": 1,
    "resources": [
        {
            "rule": "liaisondegreedaughters\\.com\\/2b\\/d8\\/d3\\/2bd8d300136a6fd50bcb5a7f3f4a12fa\\.js",
            "cookies": 0.0000272,
            "fingerprinting": 1,
            "subdomains": [],
            "apis": {
                "Document.cookie getter": 2,
                "Document.cookie setter": 2,
                "window.innerWidth": 2,
                "Navigator.prototype.language": 1
            },
            "sites": 2,
            "prevalence": 0.0000272,
            "cnames": [],
            "responseHashes": [
                "80c3d8a5b5f16381a82047ca5c872a72a11cfb4a85e8909cd656000e522a81b6"
            ],
            "type": "Script",
            "firstPartyCookies": {
                "dom3ic8zudi28v8lr6fgphwffqoz0j6c": {
                    "ttl": 604800,
                    "length": 44,
                    "prevalence": 0.000027224218664924318,
                    "uniqueness": 1
                },
                "sb_page_2bd8d300136a6fd50bcb5a7f3f4a12fa": {
                    "ttl": 2881,
                    "length": 1,
                    "prevalence": 0.000027224218664924318,
                    "uniqueness": 0.5
                },
                "sb_idelay_2bd8d300136a6fd50bcb5a7f3f4a12fa": {
                    "ttl": 0,
                    "length": 1,
                    "prevalence": 0.000027224218664924318,
                    "uniqueness": 0.5
                },
                "sb_delay_2bd8d300136a6fd50bcb5a7f3f4a12fa": {
                    "ttl": 0,
                    "length": 1,
                    "prevalence": 0.000027224218664924318,
                    "uniqueness": 0.5
                },
                "sb_onpage_2bd8d300136a6fd50bcb5a7f3f4a12fa": {
                    "ttl": null,
                    "length": 1,
                    "prevalence": 0.000027224218664924318,
                    "uniqueness": 0.5
                },
                "sb_main_2bd8d300136a6fd50bcb5a7f3f4a12fa": {
                    "ttl": 2881,
                    "length": 1,
                    "prevalence": 0.000027224218664924318,
                    "uniqueness": 0.5
                },
                "sb_count_2bd8d300136a6fd50bcb5a7f3f4a12fa": {
                    "ttl": 2881,
                    "length": 1,
                    "prevalence": 0.000027224218664924318,
                    "uniqueness": 0.5
                },
                "pbpr0tpuw4isk85t8yg3jb2lj5vqf": {
                    "ttl": 11,
                    "length": 24,
                    "prevalence": 0.000027224218664924318,
                    "uniqueness": 1
                }
            },
            "firstPartyCookiesSent": {},
            "exampleSites": [
                "bestjavporn.com",
                "www4.bestjavporn.com"
            ]
        }
    ],
    "categories": [],
    "performance": {},
    "cookies": 0.0000544,
    "topInitiators": [
        {
            "domain": "cloudflare.com",
            "prevalence": 1
        }
    ],
    "types": {
        "Script": 2
    },
    "nameservers": [
        "ns1.publicdnsservice.com",
        "ns2.publicdnsservice.com",
        "ns3.publicdnsservice.com",
        "ns4.publicdnsservice.com"
    ]
}