{
    "domain": "linkconnector.com",
    "owner": {
        "name": "LinkConnector Corporation",
        "displayName": "LinkConnector"
    },
    "source": [
        "DuckDuckGo-US"
    ],
    "prevalence": 0.00049,
    "sites": 72,
    "subdomains": [
        "www"
    ],
    "cnames": [],
    "fingerprinting": 1,
    "resources": [
        {
            "rule": "linkconnector\\.com\\/uts_lp\\.php",
            "cookies": 0.000252,
            "fingerprinting": 1,
            "subdomains": [
                "www"
            ],
            "apis": {
                "Document.cookie getter": 37,
                "window.localStorage": 36,
                "Date.prototype.getTime": 37,
                "Document.cookie setter": 37
            },
            "sites": 37,
            "prevalence": 0.000252,
            "cnames": [],
            "responseHashes": [
                "6c2f50392ed34eaf8dbf05bd7438cc682765af1997c8c2a3bb93c98c5adee44b",
                "e63c4b67bc85ea13f00a8cfa3c44adb245d33d9d38aad2b0d556d1197182e3cc",
                "fcbdde4449a517adf41ec47fbc88d64569ef1443a81d89fba8118cc19735033d",
                "2ae9d6116f450722b69c7c6cb5c286e066b16245665442c861aaafa484469be1",
                "d4463b4ea86a741a981115312de479d01683307090fcf8294f0f911f06eee73e",
                "d3080b7821c102b6fc9436a4d1daecb09eaa77d0a0e4a4edc458d4e928cc4696",
                "da84aaa326fc9a31679463150222ffefd2ea50ffd4a853952576f8ed979e97d0",
                "da835a3a555514a25c7385e1cab8eb6f52f9ff268c10998f565cad98f5830c3a",
                "dcddea139a7d35a00060a54bfe4ff909b3dced335d63a54d20810c45dcb4b279",
                "9c066b50f760092181e31c129133ddbd955e16f4bfc1fc2eb81deb02bece8ccc",
                "3f106719b575c9e1517692112d11980b145864a01bb809c8872d123eb012c2d8",
                "b657c9ff454c56fa26545674a67262f7dd8f64c008c40c0128c73e53ef60a8a2",
                "937efcdc521716301434dccb29a5cfa3dc2fd536c49312ffe446a6bf12aab160",
                "8846e0a76303088addb1efd036a8a06de1149b02d7dbdb35739bac02e429e551",
                "8d6f29d751e11d8c6b9db624955f9ae93afa95ada39f7a90fcf228e15d2c25d8",
                "72d1bab3d90fb485e767ffb92c3260cfa2ee60d035198b4d2b4e2e7b12dc705d",
                "8c98edf4653afd65ed11b9b0d6a4d4686bf16b1c2b5f146e190d9b26237617cd",
                "795f409e30983f58edee87ed26370781e902181aa8dc5d3943bee75ffa02f011",
                "e49a0dbd7026107968848163df7c24fc929d5cd6e8623ae98db8057e6952f305",
                "898f4754386b967419afcb8f38de17a6a368bfd3fd752a0050ddc858de24d3d4",
                "3ab3a97d996a3bf2cc84632995443238adf2a2ba5a664f11f66754546ff4842b",
                "0bcddd8374d8605358050da186f5e1a6cb970ab9fcf073e6ff0971103cd43b87",
                "d07bb13a2a7e096232fc296385d265e9e47ac44b85f85c05274591d76132875b",
                "747fa757ea24e394a5bfc187a6bc3e647d2e08bdd7411b17509979f3a64b9b1c",
                "16b645744eae1fc37cca33dc671272280840941ac96427a3fe56961808fd2511",
                "133cff20e3dfeec5abb227cc4b2ef95648cd5f8689109a9f4ffd63a12abf0287",
                "d1976a6e8b79708242c4d1b1d0b7c40b19f3038d89dcc38a7c5641021cb62160",
                "cb895939fdec7ae5689d6b0699974c66fcb1b3716fff4847a5602c251c376e9e",
                "d728dc7f610b1e1d337f02c0408bb03dfb3d98ae876a3dcfc733f690c52db0f0",
                "1eb313586e3c3c23d5b123b689fde11d65b64a7302a933727c7360ee9f667cd6",
                "8c3842bea9d452cafe2160133778420b2e3a46f0c60ee4451b0b9ac724c030ae",
                "de7227e63f49dc1b757de8d54d410c23253a8d7a63434b9e0c449a031ff6350f",
                "e7baf683c67a8202272ad1cd59a116b56f90351a5240249344859502608a6e79",
                "fa31aad38a7c274025320c1d1a53d8d53fb43d8e828589c0563374e89972c4dd",
                "1572bf7c03ecb4facecb41f820b2910ac207b7a7544d6db7368e63cdd7fc90cd",
                "eca20c04bf32da0000aa822a171ecb25839390ecb738143ecff73676c871fe04"
            ],
            "type": "Script",
            "firstPartyCookies": {
                "uts_id": {
                    "ttl": 157680000,
                    "length": 17,
                    "prevalence": 0.00023822326284193547,
                    "uniqueness": 1
                },
                "LCUTS_UID_901015": {
                    "ttl": 3600,
                    "length": 6,
                    "prevalence": 0.00003403189469170507,
                    "uniqueness": 0.2
                },
                "LCUTS_UID_901602": {
                    "ttl": 3600,
                    "length": 6,
                    "prevalence": 0.000013612757876682026,
                    "uniqueness": 0.5
                },
                "LCUTS_UID_900133": {
                    "ttl": 3601,
                    "length": 6,
                    "prevalence": 0.00008848292619843317,
                    "uniqueness": 0.07692307692307693
                },
                "LCUTS_UID_901731": {
                    "ttl": 3600,
                    "length": 6,
                    "prevalence": 0.000006806378938341013,
                    "uniqueness": 1
                },
                "LCUTS_UID_900723": {
                    "ttl": 3601,
                    "length": 6,
                    "prevalence": 0.000006806378938341013,
                    "uniqueness": 1
                },
                "LCUTS_UID_901876": {
                    "ttl": 3601,
                    "length": 6,
                    "prevalence": 0.000006806378938341013,
                    "uniqueness": 1
                },
                "LCUTS_UID_901600": {
                    "ttl": 3601,
                    "length": 6,
                    "prevalence": 0.000006806378938341013,
                    "uniqueness": 1
                },
                "LCUTS_UID_901548": {
                    "ttl": 3600,
                    "length": 6,
                    "prevalence": 0.000006806378938341013,
                    "uniqueness": 1
                },
                "LCUTS_UID_901594": {
                    "ttl": 3600,
                    "length": 6,
                    "prevalence": 0.000006806378938341013,
                    "uniqueness": 1
                },
                "LCUTS_UID_901518": {
                    "ttl": 3601,
                    "length": 6,
                    "prevalence": 0.000013612757876682026,
                    "uniqueness": 0.5
                },
                "LCUTS_UID_901826": {
                    "ttl": 3599,
                    "length": 6,
                    "prevalence": 0.000006806378938341013,
                    "uniqueness": 1
                },
                "LCUTS_UID_901889": {
                    "ttl": 3600,
                    "length": 6,
                    "prevalence": 0.000006806378938341013,
                    "uniqueness": 1
                },
                "LCUTS_UID_900216": {
                    "ttl": 3600,
                    "length": 6,
                    "prevalence": 0.000006806378938341013,
                    "uniqueness": 1
                },
                "LCUTS_UID_901207": {
                    "ttl": 3600,
                    "length": 6,
                    "prevalence": 0.000006806378938341013,
                    "uniqueness": 1
                },
                "LCUTS_UID_901229": {
                    "ttl": 3601,
                    "length": 6,
                    "prevalence": 0.000006806378938341013,
                    "uniqueness": 1
                },
                "LCUTS_UID_901808": {
                    "ttl": 3599,
                    "length": 6,
                    "prevalence": 0.000006806378938341013,
                    "uniqueness": 1
                },
                "LCUTS_UID_901746": {
                    "ttl": 3600,
                    "length": 6,
                    "prevalence": 0.000006806378938341013,
                    "uniqueness": 1
                },
                "LCUTS_UID_901609": {
                    "ttl": 3600,