{
    "domain": "linkconnector.com",
    "owner": {
        "name": "LinkConnector Corporation",
        "displayName": "LinkConnector"
    },
    "source": [
        "DuckDuckGo-US"
    ],
    "prevalence": 0.000515,
    "sites": 72,
    "subdomains": [
        "www"
    ],
    "cnames": [],
    "fingerprinting": 1,
    "resources": [
        {
            "rule": "linkconnector\\.com\\/uts_lp\\.php",
            "cookies": 0.000272,
            "fingerprinting": 1,
            "subdomains": [
                "www"
            ],
            "apis": {
                "Document.cookie getter": 36,
                "window.localStorage": 35,
                "Date.prototype.getTime": 38,
                "Document.cookie setter": 36
            },
            "sites": 38,
            "prevalence": 0.000272,
            "cnames": [],
            "responseHashes": [
                "dcf8865efff2c0c8b7bd0306580f0ae05048f2d7a71bd3e447fb426eb908f32a",
                "e82d30894355d7f79e67b70840e224e87cb85eb72fefffb348f13cb9482d1384",
                "fea712bf99d8aef2d023ea36b05db4c7a520447e110f7390472ebfa666e1eae5",
                "ea0be8632a82d487c9b9cd3355437aef0ede2c7e53878e2bc4afa1189fbba440",
                "d54b583ff7e0a870df5d7cb64e7618e8a04698a8d141c5b356d16f0dc7137843",
                "2ccd30d91a32154a91c799fa4dd6d307beb2d7012adca95e9a47d6f31cf71b51",
                "bcb46f967053800de4db3d1b718d347d556779724927965ced31672cd6e340b3",
                "433caf0e7b1b5e2b4a570f8eac87d8d892ab25f2c4252ec34d2ae1471842ed76",
                "0b3b9c03cd49b80601174201f8e96abbc6d6f66f7a3bb4e922260083b25b4f73",
                "a348a22f9ef14c7bc698900691310ebcfb78231b8012bbd3eb65a48773086996",
                "8983c1e285c4a1f1a5c2159f9086b4f7c5db89167a59466cfc36727724182649",
                "5bee79be8020ecb4303fe64bb4053982b0b513b886e47efd940db1b63b8130be",
                "3b2680da45dc98c341192d66b876b8cb383a21a4e161f405076ee9beae3e003f",
                "a7a22f7774ce87c6b5cff33cad24ac29c9971fc71356148973d1af0dc8d16e96",
                "9ee567854d8bb2d4654d5a1608fac99b66f93a9c36daafc2a6bbf04d634148e0",
                "81fa3bb03e3254eb907609b1e8d285988fbe441c0cea1421a6cf5da4b83e8348",
                "4684c429ef14ece1aff854c07017206f806a4a9530726191438e1e03ed2a599b",
                "90871a877af357cd83dbdbfb08b31599ee5bed95df13f72d44b5fcd6d9ed8403",
                "2c8ac629955fdd820c96eb0dfbca409d34920a3c7a1d56166d7a7404c964bbaf",
                "6655f5ac050985f34ef1d988761a39d12285a784dd8e88f38d1ad6921f7c8529",
                "67e0f44fe541962004bcbcdb86f16232251a7f6c22211aa0d43f12d2eddf5473",
                "635b2f68a6e4f989ab41be246ec2e85465f68e9b671187d35bb1c1cc15b9238e",
                "e7c0bcaf620d587e1baf560846d19dab8b0bd8081ff35f1a7da2190b09e635c8",
                "7294ea1f3b85a8b16f78b02486835716c480efb4869af7a70601f4d4027beaec",
                "7ae690c3bde6a9f447a99af91ad7d186459482a5e47a3fa1c4bfb7c770719ca0",
                "2253fe2a11d2598eade0f44d472667ab2ad10ef419a3293c8685a97fbe04744e",
                "677469244807ca8674713c9436a3bacca5d63e61456eb740090b439c9fc30264",
                "3b970d79122eb1bbdecb62ce31cdc513dd23f8c49d9fe7dc8bc8b6d36543320d",
                "8b3681bd287381ad79642f977dfb4afc83946fce701a599c70171bc9684976c1",
                "d96e27300c159c0650c473dd85fb8cccda41c358550e241c83ee5f6187761214",
                "2c6549bc090be55362a4f376478706c9fdfc6b76c0c6dcc2b0bb7a664ae86d28",
                "adc2525cec17db24f6363293946f06be9fc308f847d663c44aaf4f1caec82550",
                "8b62f1813d8d2f7dcde7cefeca837916f932ad9ae534000f3dba476a837fdbda",
                "c9de1cd284716aeaad6af7ce2f68cbd8c251a56676b3f25a2ead90f148bb255b",
                "8d8b8fb9bfb9e37eb7c8d55893f6bcffa21ac279aa399050662c10b4d4b0395b",
                "d71b420e4b6565359294e4f8f8e9c68e815b7c49684d96fbb4a5d39e5087f88e",
                "714129f1471978253b73d50880a33dd8dd1598d5c3063e27ca3eb45c1ab3d02d"
            ],
            "type": "Script",
            "firstPartyCookies": {
                "uts_id": {
                    "ttl": 157680001,
                    "length": 17,
                    "prevalence": 0.00024309676681300138,
                    "uniqueness": 1
                },
                "LCUTS_UID_901015": {
                    "ttl": 3601,
                    "length": 6,
                    "prevalence": 0.000028599619625058987,
                    "uniqueness": 0.25
                },
                "LCUTS_UID_901602": {
                    "ttl": 3601,
                    "length": 6,
                    "prevalence": 0.000014299809812529493,
                    "uniqueness": 0.5
                },
                "LCUTS_UID_900133": {
                    "ttl": 3603,
                    "length": 6,
                    "prevalence": 0.00010009866868770646,
                    "uniqueness": 0.07142857142857142
                },
                "LCUTS_UID_901731": {
                    "ttl": 3600,
                    "length": 6,
                    "prevalence": 0.000007149904906264747,
                    "uniqueness": 1
                },
                "LCUTS_UID_900723": {
                    "ttl": 3602,
                    "length": 6,
                    "prevalence": 0.000007149904906264747,
                    "uniqueness": 1
                },
                "LCUTS_UID_901876": {
                    "ttl": 3612,
                    "length": 6,
                    "prevalence": 0.000007149904906264747,
                    "uniqueness": 1
                },
                "LCUTS_UID_901600": {
                    "ttl": 3601,
                    "length": 6,
                    "prevalence": 0.000007149904906264747,
                    "uniqueness": 1
                },
                "LCUTS_UID_901548": {
                    "ttl": 3601,
                    "length": 6,
                    "prevalence": 0.000007149904906264747,
                    "uniqueness": 1
                },
                "LCUTS_UID_901594": {
                    "ttl": 3601,
                    "length": 6,
                    "prevalence": 0.000007149904906264747,
                    "uniqueness": 1
                },
                "LCUTS_UID_901518": {
                    "ttl": 3602,
                    "length": 6,
                    "prevalence": 0.000014299809812529493,
                    "uniqueness": 0.5
                },
                "LCUTS_UID_901826": {
                    "ttl": 3601,
                    "length": 6,
                    "prevalence": 0.000007149904906264747,
                    "uniqueness": 1
                },
                "LCUTS_UID_901889": {
                    "ttl": 3600,
                    "length": 6,
                    "prevalence": 0.000007149904906264747,
                    "uniqueness": 1
                },
                "LCUTS_UID_900216": {
                    "ttl": 3600,
                    "length": 6,
                    "prevalence": 0.000007149904906264747,
                    "uniqueness": 1
                },
                "LCUTS_UID_901207": {
                    "ttl": 3601,
                    "length": 6,
                    "prevalence": 0.000007149904906264747,
                    "uniqueness": 1
                },
                "LCUTS_UID_901229": {
                    "ttl": 3603,
                    "length": 6,
                    "prevalence": 0.000007149904906264747,
                    "uniqueness": 1
                },
                "LCUTS_UID_901746": {
                    "ttl": 3600,
                    "length": 6,
                    "prevalence": 0.000007149904906264747,
                    "uniqueness": 1
                },
                "LCUTS_UID_901609": {
                    "ttl": 3600,
                    "length": 6,
                    "prevalence": 0.000007149904906264747,