{
    "domain": "listtrac.com",
    "owner": {},
    "source": [
        "DuckDuckGo-US"
    ],
    "prevalence": 0.0000969,
    "sites": 14,
    "subdomains": [
        "code"
    ],
    "cnames": [],
    "fingerprinting": 1,
    "resources": [
        {
            "rule": "listtrac\\.com\\/monitor\\.ashx",
            "cookies": 0.0000623,
            "fingerprinting": 1,
            "subdomains": [
                "code"
            ],
            "apis": {
                "Date.prototype.getTime": 9,
                "Navigator.prototype.userAgent": 2
            },
            "sites": 9,
            "prevalence": 0.0000623,
            "cnames": [],
            "responseHashes": [
                "9307f96a983211106b5baa15a033b1c8289c06d73be452ecca2a270f83e7bdff",
                "b23d112ccfbe0d94277df68bc2f356b475027f0ee3ca619b0cedb90bed969f80",
                "d6b737eca422ba4ea36e0b507be2b31d9e075884706acff6fa4d543208ec8d25",
                "f773e7e46eefbd5ee0940a2a35a8e169816a0d546dfec55a53e35074193b089c",
                "585164538956d3c128b1058f79c3683320f5d41177c8c87bcd7764f7d353e956",
                "8990451540291c327673abd9b8a12aaca558c16265d5caa8336bfac39a82f19a",
                "97e7a7f7484547bd53e2bc13b766887e7d687926ad2fb8ba135eaa996f56b87d",
                "e6bf31d7e8a3e0d396e87f9da4d4ddb261962229a7783f3163a98894f5c0915e"
            ],
            "type": "Script",
            "firstPartyCookies": {},
            "firstPartyCookiesSent": {},
            "exampleSites": [
                "century21.com",
                "commercial.century21.com",
                "www.century21.com",
                "www.christiesrealestate.com",
                "www.corcoran.com",
                "www.georgiamls.com",
                "www.howardhanna.com",
                "www.lakehomes.com",
                "www.rofo.com"
            ]
        }
    ],
    "categories": [],
    "performance": {},
    "cookies": 0.0000969,
    "types": {
        "Script": 9
    },
    "nameservers": [
        "ns1.dnsbycomodo.net",
        "ns2.dnsbycomodo.net",
        "ns1-02.azure-dns.com",
        "ns2-02.azure-dns.net",
        "ns3-02.azure-dns.org",
        "ns4-02.azure-dns.info"
    ]
}