{
    "domain": "livejasmin.com",
    "owner": {
        "name": "DOCLER IP S.A R.L.",
        "displayName": "Docler IP"
    },
    "source": [
        "DuckDuckGo-US"
    ],
    "prevalence": 0.000599,
    "sites": 44,
    "subdomains": [
        "crprt",
        "crmt",
        "ccs"
    ],
    "cnames": [],
    "fingerprinting": 1,
    "resources": [
        {
            "rule": "livejasmin\\.com\\/post\\/play",
            "cookies": 0.000286,
            "fingerprinting": 1,
            "subdomains": [
                "crprt"
            ],
            "apis": {
                "Date.prototype.getTime": 20,
                "window.innerHeight": 3,
                "window.innerWidth": 3
            },
            "sites": 21,
            "prevalence": 0.000286,
            "cnames": [],
            "responseHashes": [
                "9ad416cee71f9d78e81387994737844aa2ada4517d7fcf718686fff17fe89b88",
                "18f07532e42869fa357796c903edee8efed2998a25dd1709371a982183c7f59e",
                "edc1c6cae5c89e397a3204e55984331899e0565d6d0950ca287306061274038f",
                "6902bc54ddeec631cfb323de18e890a30a436aab4d68376204906141ce305e4c",
                "285d95ce11c24dee06bbecf58884b42bdd97d7bf364105b7a3685ba99e67439d",
                "cd00ad9e8877028691f86a97b1c9d88f81f54b1c11fcf54281a42134594a3493",
                "cbb72031377557290a95d64620e6028c99633ec4c46312002b63ceed2053526a",
                "27d0053a2bc20ad18bd0177ccce465791284a2972f2237986a2358edb5bde0f5",
                "58c400a6cb317db1952752192604ee0aa235dfd9bf8f9e6db95f1d58e2126326",
                "a90bfd559c0bf3a5658f1833bdb28982a6bc494d3e4341287518dc3fda1affdf",
                "61083a76bc12eeaf0997874ab9532e6a368bd49bba1f4a4d7b192a9fc5f2789c",
                "6172eb2cb39ee956b26b092d32ebd557afb5e73948a325db69193d4b347af60d",
                "3d079fbb390f03b7ea6352d2f142e4d54718a9f55d31a075066cfe6e6926040e",
                "faef69302abac979a9bb25b1d5cc62583c7910079c37f5c061c17911e8099724",
                "70d5d8f530dfae8ab66e1e14dbed0337cd99d457f85279ec06b20723dd909aea",
                "f4b272041ba0dbf3bdb03d26a149b4d820abe2d6860f4f650201654e47706f39",
                "fb8dc1728c4217ef54c460e4b0ceb7a55c2e55df1a0a84c2117982bcc0b4a4a4",
                "92ef60725d7ed2356c1af00c633ba91c4861e70795d42f5b601be0921d8d506d",
                "17313207ab1c32ade9b3974b39f2ea432158b19c5a0cca354c3eb433688f9b27"
            ],
            "type": "Document",
            "firstPartyCookies": {},
            "firstPartyCookiesSent": {},
            "exampleSites": [
                "m.tnaflix.com",
                "www.tnaflix.com",
                "hdsex.org",
                "fr.hdsex.org",
                "max.porn",
                "m.4tube.com",
                "ok.porn",
                "pornstars.tube",
                "ok.xxx",
                "www.ebony8.com",
                "www.freeporn8.com",
                "www.spankingtube.com",
                "www.pornhat.one",
                "www.tranny.one",
                "la.spankbang.com",
                "www.amateur8.com",
                "hello.porn",
                "www.bigwank.com",
                "www.empflix.com",
                "www.4tube.com"
            ]
        },
        {
            "rule": "livejasmin\\.com\\/vast\\/v3",
            "cookies": 0.000136,
            "fingerprinting": 0,
            "subdomains": [
                "crprt",
                "crmt"
            ],
            "apis": {},
            "sites": 10,
            "prevalence": 0.000136,
            "cnames": [],
            "responseHashes": [
                "b989df529a03f03735e6f5db53946ea8565689cdafddf209435b1439ac69ce25",
                "2a1baeb239cd8ee701997951e2beb122e34d7f5e986749eaa8d93a5cba09b80f",
                "e93348c6bff2c2184de38a532818e43cbafd4128546947afa6cef7204ac5cd47",
                "a8c5a56e3f2751138d4e48666845f8bc858be947577dc57a419adfcbad3bb7c5",
                "c7956092e7966cf26dcb4fc1ebbd0b44c5b45d25d22f01a0697be0a8fdb6bac0",
                "d8a2b41dbdaaa1d869fa3d38568cc4766bee1cb7efab39af1e51cbfcac7302a1",
                "130e1a9a1ce091dda1cc064bc92e5c58b256ea216967fb815434d5bcee05fccd",
                "b8b76d072d455c409a7670763f283717639a4a8b0e84d3d5f2c0da7079853f95",
                "aff918269d75f54a67a40b4077b0f913534298156a54c05fa736c213f2489400"
            ],
            "type": "Fetch",
            "firstPartyCookies": {},
            "firstPartyCookiesSent": {},
            "exampleSites": [
                "gay.bingo",
                "de.gay.bingo",
                "hi.faperoni.com",
                "homemade.xxx",
                "wikiporn.tv",
                "www.asianpornfilms.com",
                "www.bigwank.com",
                "www.xozilla.com",
                "www.xozilla.xxx",
                "www.xtits.com"
            ]
        },
        {
            "rule": "livejasmin\\.com\\/vast\\/v3",
            "cookies": 0.0000681,
            "fingerprinting": 0,
            "subdomains": [
                "crmt",
                "crprt"
            ],
            "apis": {},
            "sites": 5,
            "prevalence": 0.0000681,
            "cnames": [],
            "responseHashes": [
                "e429b52b529cca9badc98de376d59fedd34293a77086d00ab228ee07b224b6d0",
                "2960a82fb7da17584472b86b649f4378655463db29f5adf766cdea8eb32d1da4",
                "944290fbac461339a393068ccf8fc4aa00cb779f0e46c3a74c53f2343e4338c8",
                "43290828d3d009b5de24fa854628546c830881c677d322f7e72c0034fef67e3b"
            ],
            "type": "XHR",
            "firstPartyCookies": {},
            "firstPartyCookiesSent": {},
            "exampleSites": [
                "imagefap.com",
                "vintage-erotica-forum.com",
                "www.imagefap.com",
                "www.planetsuzy.org",
                "yu.viraltiktok2021.site"
            ]
        },
        {
            "rule": "livejasmin\\.com\\/ccs\\.php",
            "cookies": 0.000109,
            "fingerprinting": 0,
            "subdomains": [
                "ccs"
            ],
            "apis": {},
            "sites": 8,
            "prevalence": 0.000109,
            "cnames": [],
            "responseHashes": [
                "cf0a319afc8675c841dca7b2cd84d39a6e399ee332c0fcc22fcd4009ea4821c8"
            ],
            "type": "Image",
            "firstPartyCookies": {},
            "firstPartyCookiesSent": {},
            "exampleSites": [
                "gay.bingo",
                "pl.spankbang.com",
                "www.amateur8.com",
                "www.bigwank.com",
                "www.ebony8.com",
                "www.freeporn8.com",
                "www.porntry.com",
                "yu.viraltiktok2021.site"
            ]
        },
        {
            "rule": "livejasmin\\.com\\/post\\/play\\/vip\\/tic",
            "cookies": 0.0000544,
            "fingerprinting": 1,
            "subdomains": [
                "crprt"
            ],
            "apis": {
                "Date.prototype.getTime": 4,
                "window.innerHeight": 1,
                "window.innerWidth": 1
            },
            "sites": 4,
            "prevalence": 0.0000544,
            "cnames": [],
            "responseHashes": [
                "66d2885a5fdcd0e2d4c676a35240262780d4c58439fa4ca7638c39da5d5af54e",
                "69ec78e251f3b28a979c0c7c5892bc1677d17b743e7aa2de45853e371a9d4f66",
                "377faeb35d7102913c304dc4ac538cd101e2f0ad54a151fb83f7e59dd40987de"
            ],
            "type": "Document",
            "firstPartyCookies": {},
            "firstPartyCookiesSent": {},
            "exampleSites": [
                "hdsex.org",
                "pl.spankbang.com",
                "www.porntube.com",
                "www.porntry.com"
            ]
        }
    ],
    "categories": [],
    "performance": {},
    "cookies": 0.000599,