{
    "domain": "logbor.com",
    "owner": {},
    "source": [
        "DuckDuckGo-US"
    ],
    "prevalence": 0.000109,
    "sites": 8,
    "subdomains": [
        "u"
    ],
    "cnames": [],
    "fingerprinting": 1,
    "resources": [
        {
            "rule": "logbor\\.com\\/p\\/",
            "cookies": 0,
            "fingerprinting": 1,
            "subdomains": [
                "u"
            ],
            "apis": {
                "Date.prototype.getTime": 4
            },
            "sites": 8,
            "prevalence": 0.000109,
            "cnames": [],
            "responseHashes": [
                "38be302a8200d2df12dd150b7582ca520d29db7214813a55d563ee81ffa43189",
                "20f941648c5c6770e7b43deb644c8fc18a6bf2800efc766ba61927f52fd395a7",
                "eb8db8b4a4f026e96dacab7d4bb9fe3de09462bd37998401d473a8eb269c0713",
                "1b33fb80a30f77f3ace9daa74260bd7e4d48ca22d10bdfe2bca8df00a8e3e6b5",
                "293d3486d60da4a7b13bc6a525dd6b82ec9569b0e99ef2d72c6cb225c11a9bb0",
                "517738457462527c6aeda0cada8495944355a6c9962d5a03d1f75ce473f0bd1f"
            ],
            "type": "Script",
            "firstPartyCookies": {},
            "firstPartyCookiesSent": {},
            "exampleSites": [
                "blissim.fr",
                "m.bebeboutik.com",
                "m.fram.fr",
                "m.promovacances.com",
                "www.cadeaux.com",
                "www.dreivip.com",
                "www.lelo.com",
                "www.spliiit.com"
            ]
        },
        {
            "rule": "logbor\\.com\\/tcs",
            "cookies": 0,
            "fingerprinting": 0,
            "subdomains": [
                "u"
            ],
            "apis": {},
            "sites": 8,
            "prevalence": 0.000109,
            "cnames": [],
            "responseHashes": [
                "e3b0c44298fc1c149afbf4c8996fb92427ae41e4649b934ca495991b7852b855",
                "7716b058fd21a2462624a2e0c3708925f51a295b12f088ac46020d3dbc30e686",
                "3e5090b1ce5724bab2661f531a72aad8a474221f0fa4c5c17e2d65879cc49ffb",
                "ccce56b2439349dd9640e948ae605a4afc16b696823a85512b168f78e9acc405"
            ],
            "type": "Script",
            "firstPartyCookies": {},
            "firstPartyCookiesSent": {},
            "exampleSites": [
                "blissim.fr",
                "m.bebeboutik.com",
                "m.fram.fr",
                "m.promovacances.com",
                "www.cadeaux.com",
                "www.dreivip.com",
                "www.lelo.com",
                "www.spliiit.com"
            ]
        }
    ],
    "categories": [],
    "performance": {},
    "cookies": 0,
    "topInitiators": [
        {
            "domain": "appdynamics.com",
            "prevalence": 0.46153846153846156
        },
        {
            "domain": "googletagmanager.com",
            "prevalence": 0.3076923076923077
        },
        {
            "domain": "first party",
            "prevalence": 0.23076923076923078
        }
    ],
    "types": {
        "Script": 16
    },
    "nameservers": [
        "ns-245-a.gandi.net",
        "ns-202-b.gandi.net",
        "ns-253-c.gandi.net"
    ]
}