{
    "domain": "luxcdn.com",
    "owner": {},
    "source": [
        "DuckDuckGo-US"
    ],
    "prevalence": 0.000558,
    "sites": 41,
    "subdomains": [],
    "cnames": [],
    "fingerprinting": 0,
    "resources": [
        {
            "rule": "luxcdn\\.com\\/hbadx\\/",
            "cookies": 0,
            "fingerprinting": 0,
            "subdomains": [],
            "apis": {},
            "sites": 37,
            "prevalence": 0.000504,
            "cnames": [],
            "responseHashes": [
                "b9ec62645ff2046bec7952b57a6f2d50a3afc3ae5c399755560c4c55f9193912",
                "b6597c5f43a19e36d936aed4280438f1e92068a3b7946aaf23f1cfeee9fecf7a",
                "2f626bb2132b92a25621acad8dbee9bb5bde3879d1f988ae0ef95c1a08c81198",
                "679e98ffd07eb53558133330f6119b6e6cde3956459399fde63939ffd199323b",
                "87a297da98707d570fd3b78219fec58a9792685bb645bd74ebde266d201cf0c7",
                "681164e0718e3fdac6fe7ece51b2014c9e73e89ff3c726d3db47c002e6a276f8",
                "3a2f7da465a153c0a4687b0597219575b592c16639d01a3c9f4c9be350ab7e70",
                "6f4cd3da8e7c2f190468858d957c25f296b5cd59d34722b62167ebf9907adf2b",
                "2a6af8fb5d25dcbe52e94976212a4b9aa85ec0393fb3972c057f22fde0eb541e",
                "021b929d5a4b7b1a79292ecbf03aa550cbe9ebf4195803303a9b5599cfe284c6",
                "c31529591f2d218769b047f756c19a65d375184ac1ea82b16b11d81047dc05aa",
                "66b6df283011e631d832291c4ca6d5b90cd604cda300f9ab76afa36e86551a11",
                "7bb717c602373317879ff2bf682a177e0d7fa05b75f44c33a018349e8b741176",
                "84911c999d0374c15a135cc5c0d6ee70907513e611015ee858ebc2205e8f36cf",
                "39dea2502f2882f23180647eaeab8fde16f180d284d17e16a53991338b3f6146",
                "f84942056beea6b71fb82bb8ecb9f27b799f68c32611d913b0ef343828c35050",
                "6f0b3e75f0cd999ce6151f035bdef02dc68c9179a47239b94136229a2c64f1fe",
                "78eceb71f82cb6f314d6778c4dd1499cebc7019bfbb1c9ba6b4c18bc8146a05d",
                "443d70c68e37c254d51dc5658ec4aa4aca327c8fa6eba17824fa76f3c3005bcb",
                "9e6a9ce2392e36fd877be72de341ed16514881df261e6174522be73627dae702",
                "1623ac38ecc3e78938fdc5ab9dfca9ae990202e46d138fc3d43bedd51ce7fc1a",
                "ba67c00587ef2f99ba5262b720414f3cc7b02a60bab4c0c952b8ba9315f01988",
                "38255fc72dbd8eee6d6cd75bd0e5789f3124cf73f5ef79d77ad4fd8110237054",
                "00b84b3237b2bb9a0cfa79f0c7f1ffa6b71fd281c4c88472cd858efb0c48183b",
                "9ed4c2c4143078fa846705f2d0dab7044942517cc9456ea3d9fb7d6e86479129",
                "a10dff4c8976de82f990585b6590fed62eb6641f378e853a338e2d4332dbc532",
                "7611be9e3f5809d46ccaa98e9cc93456b8d31963c861da052d2c16fd7bff397b",
                "9f496e823bea9c790333864835edd9ac9557f578d67219ab6c7159172af155dd",
                "7faeb0844846cc1d1b49f4e2a897790bed212661fbfbc7a19ca988edb55ab201",
                "a1386ea943c74d9edbb73478594e5f75f15e6c8aed50015cdf091afdd09f1719",
                "245ef25a6c968374b0173179543e31f7bf9b977348cd81f5ee449ba0dd06d506",
                "80d6bbd00e6dfc15cca2f96d96cc31b429ce7893489a2e989b4dec93d3f32020",
                "1d2300bdb7ceb8c211d27f50e6523f0e5cb0b2fede39d8f9c0505411e1257ce7",
                "36c6043edf065b206d8d66862fd83555b552662da86a13ea7b0c1c1e41464ade"
            ],
            "type": "Script",
            "firstPartyCookies": {},
            "firstPartyCookiesSent": {},
            "exampleSites": [
                "pic2.me",
                "souspark.ru",
                "hlebopechka.ru",
                "mixnews.lv",
                "www.zarplata-online.ru",
                "fapl.ru",
                "konkurent.ru",
                "www.gazeta-unp.ru",
                "www.calend.ru",
                "showgamer.com",
                "www.koolinar.ru",
                "alimero.ru",
                "ru.citaty.net",
                "names.neolove.ru",
                "goroskop365.ru",
                "forum.awd.ru",
                "rifme.net",
                "vkuso.ru",
                "deti-online.com",
                "allboxing.ru"
            ]
        },
        {
            "rule": "luxcdn\\.com\\/clickiotag_log\\/",
            "cookies": 0,
            "fingerprinting": 0,
            "subdomains": [],
            "apis": {},
            "sites": 22,
            "prevalence": 0.000299,
            "cnames": [],
            "responseHashes": [
                "aeb8b2949092d0a753bc048dfe74f82ab0ffdbd68dcbe5984ca03a61bf65d91e",
                "71b5921a5e2deaef683f153a4b7c8b5850c562ad6e4a73f5bf447e972d39f3e0",
                "778d42adadce634f4eb669b38659c02b64c59ba55b12292e3b374571a20860d8",
                "76281b66964226cfb03707184c0d3ee9154c781bffab22006bafc43d534948b1",
                "3c2d383de8d67381f196f4be5ddf3c5b6e11bacf3dcbca7b3b6455d16d1acbbd",
                "449ae70607a39f63665f034ac0aa0fcd714e5dec54064fe3dafd76967b632141",
                "f235b0e62630b6e09e6ae02df1ff977aa3817687b5877b8e8c19f4d727bfd17b",
                "70678b0ea8a004a7b254953cc5f8cf2c57b68b886fccf18df94e15198cff2b57",
                "57ba51d7ea68198393ccf3ad05a8072f965b38f71d9284782023ffc8662fc4b4",
                "83b65390fbeb700d11287c1e37a39846e2291fb3cc5d37f65ed60a14f9f0a327",
                "826161ae17786c8961ef7d8a5c2bf7a7ee024d64ef83935e86a11e69b4f380db",
                "61eccad3d967aa7f4df37df8a49b8be024a696b12f50403ffcbb1a1ba18b71b9",
                "710b8c253da0dea49b83ad7d92539a216a07bdb9211543f9d5c28f8a769d0646",
                "edeb454b9262cebbf8c5e3300daedaf3ad4f64d525ba6a74ff73956f45876448",
                "edcbc6e7ec156c7acd596451e974ce3c9e51fe240d8384f0bc4c8de3271abcc6",
                "1f0df13fbd0fd4f9de47e0ea41deb269fc3a7f0bad1a7c4865f68bcb3541c12d",
                "29b8bec23eabb63e7fc636b220441b1816f5cd0a45fb967f7b00f490400af863",
                "d3599001adc58a03454ffb8abab252fade5d65b47458adc7039b78cc4fc5ac5f",
                "460712588ee334bc5ddac924c936bc0665a735035075e2822547909dcd427bce",
                "cebe0500435c6b56e53cadd938eec30d36ab5e86217300dd5a803b74cc3192c8",
                "fdd843ac5f43052141f9d64a0ccaed4be667a5ca76c3bf34e530e3fa3466378c"
            ],
            "type": "Script",
            "firstPartyCookies": {},
            "firstPartyCookiesSent": {},
            "exampleSites": [
                "names.neolove.ru",
                "gotovim-doma.ru",
                "fanat1k.ru",
                "deti-online.com",
                "showgamer.com",
                "www.hmn.ru",
                "souspark.ru",
                "kartaslov.ru",
                "www.irk.ru",
                "www.calend.ru",
                "pic2.me",
                "mixnews.lv",
                "fapl.ru",
                "www.astromeridian.ru",
                "goroskop365.ru",
                "forum.awd.ru",
                "www.yesasia.ru",
                "gamesisart.ru",
                "allboxing.ru",
                "sinonim.org"
            ]
        }
    ],
    "categories": [],
    "performance": {},
    "cookies": 0,
    "topInitiators": [
        {
            "domain": "clickiocdn.com",
            "prevalence": 0.5301837270341208
        },
        {
            "domain": "luxupcdnc.com",
            "prevalence": 0.4671916010498688
        },
        {
            "domain": "first party",
            "prevalence": 0.0026246719160104987
        }
    ],
    "types": {
        "Script": 59
    },
    "nameservers": [
        "ns1.luxcdn.com",
        "ns2.luxcdn.com",
        "ns3.luxcdn.com"
    ]
}