{
    "domain": "madkudu.com",
    "owner": {},
    "source": [
        "DuckDuckGo-US"
    ],
    "prevalence": 0.0000681,
    "sites": 5,
    "subdomains": [
        "cdn"
    ],
    "cnames": [],
    "fingerprinting": 1,
    "resources": [
        {
            "rule": "madkudu\\.com\\/madkudu\\.js\\/v1\\/6119129a960dcee023e3f7e22c891cd9\\/madkudu\\.min\\.js",
            "cookies": 0.0000408,
            "fingerprinting": 1,
            "subdomains": [
                "cdn"
            ],
            "apis": {
                "window.localStorage": 3,
                "Navigator.prototype.userAgent": 3,
                "Document.cookie setter": 3,
                "Document.cookie getter": 3
            },
            "sites": 3,
            "prevalence": 0.0000408,
            "cnames": [],
            "responseHashes": [
                "ee540bfa700c610ce96da624b787809a129bec64abe4ee2b1954d0a8435b3b8d"
            ],
            "type": "Script",
            "firstPartyCookies": {
                "__tld__": {
                    "ttl": 14,
                    "length": 4,
                    "prevalence": 0.000040836327997386474,
                    "uniqueness": 0.3333333333333333
                },
                "mkjs%3Atest": {
                    "ttl": 14,
                    "length": 4,
                    "prevalence": 0.000040836327997386474,
                    "uniqueness": 0.3333333333333333
                },
                "mkjs%3Acookies": {
                    "ttl": 14,
                    "length": 4,
                    "prevalence": 0.000040836327997386474,
                    "uniqueness": 0.3333333333333333
                },
                "mkjs_user_id": {
                    "ttl": 31536013,
                    "length": 4,
                    "prevalence": 0.000040836327997386474,
                    "uniqueness": 0.3333333333333333
                },
                "mkjs_group_id": {
                    "ttl": 31536011,
                    "length": 4,
                    "prevalence": 0.000040836327997386474,
                    "uniqueness": 0.3333333333333333
                }
            },
            "firstPartyCookiesSent": {},
            "exampleSites": [
                "mongodb.com",
                "cloud.mongodb.com",
                "www.mongodb.com"
            ]
        },
        {
            "rule": "madkudu\\.com\\/madkudu\\.js\\/v1\\/953fb06151462a677ff5ff352cda680d\\/madkudu\\.min\\.js",
            "cookies": 0.0000272,
            "fingerprinting": 1,
            "subdomains": [
                "cdn"
            ],
            "apis": {
                "window.localStorage": 2,
                "Navigator.prototype.userAgent": 2,
                "Document.cookie setter": 2,
                "Document.cookie getter": 2
            },
            "sites": 2,
            "prevalence": 0.0000272,
            "cnames": [],
            "responseHashes": [
                "52d24e15ed85160e9e0687e8bd820baf07e18af3ea8fc69bf19363a2a97b1678"
            ],
            "type": "Script",
            "firstPartyCookies": {
                "__tld__": {
                    "ttl": 0,
                    "length": 4,
                    "prevalence": 0.000027224218664924318,
                    "uniqueness": 0.5
                },
                "mkjs%3Atest": {
                    "ttl": 0,
                    "length": 4,
                    "prevalence": 0.000027224218664924318,
                    "uniqueness": 0.5
                },
                "mkjs%3Acookies": {
                    "ttl": 0,
                    "length": 4,
                    "prevalence": 0.000027224218664924318,
                    "uniqueness": 0.5
                },
                "mkjs_user_id": {
                    "ttl": 31536000,
                    "length": 4,
                    "prevalence": 0.000027224218664924318,
                    "uniqueness": 0.5
                },
                "mkjs_group_id": {
                    "ttl": 31536000,
                    "length": 4,
                    "prevalence": 0.000027224218664924318,
                    "uniqueness": 0.5
                }
            },
            "firstPartyCookiesSent": {},
            "exampleSites": [
                "convertkit.com",
                "unsubscribe.convertkit.com"
            ]
        }
    ],
    "categories": [],
    "performance": {},
    "cookies": 0.0000681,
    "topInitiators": [
        {
            "domain": "first party",
            "prevalence": 0.6
        },
        {
            "domain": "segment.com",
            "prevalence": 0.4
        }
    ],
    "types": {
        "Script": 5
    },
    "nameservers": [
        "ns-385.awsdns-48.com",
        "ns-867.awsdns-44.net",
        "ns-1161.awsdns-17.org",
        "ns-1828.awsdns-36.co.uk"
    ]
}