{
    "domain": "main-ti-hub.com",
    "owner": {},
    "source": [
        "DuckDuckGo-US"
    ],
    "prevalence": 0.000229,
    "sites": 32,
    "subdomains": [
        "cs11",
        "cs12",
        "cs10",
        "cs09"
    ],
    "cnames": [],
    "fingerprinting": 1,
    "resources": [
        {
            "rule": "main-ti-hub\\.com\\/bens\\/vinos5\\.js",
            "cookies": 0,
            "fingerprinting": 1,
            "subdomains": [],
            "apis": {
                "Document.cookie getter": 11,
                "window.localStorage": 11,
                "Navigator.prototype.userAgent": 11,
                "Screen.prototype.width": 11
            },
            "sites": 12,
            "prevalence": 0.0000858,
            "cnames": [],
            "responseHashes": [
                "702cea4dcfdae7adaa438aa4c871fb28aeaae2393a5c9ebcbe5417de0ef7fd18",
                "aca3c70e54943d7bd92bba3b9222fcebd1fc56458fc2420df7a15990455aa6d4",
                "662230ae0c6e7003c2cc70f6883781a73ce701a19830b64cc6456c3ac5ec047e",
                "697ad4c47fab555d0a4b9104ea9a4a6a437980c8606a26f7c5c6c290ac526351",
                "ecce95e3adf9cae95200143f14d3ce3027d3edc589c905d542c1b9284edef5ba",
                "75864e036995ce1c4f400683fcedd1a1ae2c7c13d610222dea56d931a6631aab"
            ],
            "type": "Script",
            "firstPartyCookies": {},
            "firstPartyCookiesSent": {},
            "exampleSites": [
                "4ertik.ink",
                "boobsis.com",
                "bufera.club",
                "devahy.org",
                "nagih.biz",
                "peepeebabes.org",
                "photochki.pro",
                "porno-aziatki.tv",
                "progolyh.com",
                "sisigo.info",
                "siskins.club",
                "telochki.org"
            ]
        },
        {
            "rule": "main-ti-hub\\.com\\/bens\\/vinos\\.js",
            "cookies": 0.0001,
            "fingerprinting": 1,
            "subdomains": [],
            "apis": {
                "window.localStorage": 14
            },
            "sites": 14,
            "prevalence": 0.0001,
            "cnames": [],
            "responseHashes": [
                "2e6d624470843ffcc0c0201753055cd2dc59ffb0f2ea5a4c9afb024db8ae14a7",
                "0050a64efbf5536886e61f871daaf2f421098a464a0eaa78be81a3f75b812663",
                "0917b3e341fe72ab1f0102e98c72e0155182c82de1597fca0c11568f2ebea9a9",
                "6fc44b2999554f287681341109f67734568d9d757490fc6899a1d7893a9f137a",
                "7eedc32d87d0bf4e9627f685d5eebd00484409babf1233117022381fb5c7148c",
                "130c714bd2b246054050cc873325a8657c5ffd329a81cc828194d723e6040323",
                "8970f7638b1e5ea6e9f92a4f8cc387bda03b9ce46b334d3dc38e4be9d2c38426",
                "26766946ce1ac0b6617bd4b200f643d68828272f89cf0940574384957668e617",
                "144d1efd3cf26fefc4bf149918fb5bf6aab3fb643d5ad124d21a7645f5c1b543",
                "c543fb9f79e10959ab2d90515938d081dd106aa62779e18d64406d3c9f7f4b9a",
                "ae1281a50061bdf067d95d70e119b38f0e25329502ae46e60da8d34c295402be",
                "033c10f04005ac8cc57563cbdd576f8431a1b00255e00e6794f961ba5d9ca324",
                "200b2080dda6f29cc5ea0c78817e6f6078e43128ce4df588ef3fed386985f7e8"
            ],
            "type": "Script",
            "firstPartyCookies": {},
            "firstPartyCookiesSent": {},
            "exampleSites": [
                "boobsis.com",
                "bufera.club",
                "devahy.org",
                "hdporno720.info",
                "nagih.biz",
                "peepeebabes.org",
                "photochki.pro",
                "porno-aziatki.tv",
                "pornoledi.me",
                "progolyh.com",
                "sexovidos.com",
                "sisigo.info",
                "siskins.club",
                "telochki.org"
            ]
        },
        {
            "rule": "main-ti-hub\\.com\\/files\\/audio\\.mp3",
            "cookies": 0,
            "fingerprinting": 0,
            "subdomains": [
                "cs11",
                "cs12",
                "cs10",
                "cs09"
            ],
            "apis": {},
            "sites": 14,
            "prevalence": 0.0001,
            "cnames": [],
            "responseHashes": [
                "9ca782cb813e213f891191259000cde4ca01bf93b75c0775d74162f1eef24c76"
            ],
            "type": "XHR",
            "firstPartyCookies": {},
            "firstPartyCookiesSent": {},
            "exampleSites": [
                "boobsis.com",
                "bufera.club",
                "devahy.org",
                "hdporno720.info",
                "nagih.biz",
                "peepeebabes.org",
                "photochki.pro",
                "porno-aziatki.tv",
                "pornoledi.me",
                "progolyh.com",
                "sexovidos.com",
                "sisigo.info",
                "siskins.club",
                "telochki.org"
            ]
        },
        {
            "rule": "main-ti-hub\\.com\\/content\\/57168\\/3302720\\.gif",
            "cookies": 0,
            "fingerprinting": 0,
            "subdomains": [
                "cs12",
                "cs11"
            ],
            "apis": {},
            "sites": 2,
            "prevalence": 0.0000143,
            "cnames": [],
            "responseHashes": [
                "21abb291f107e75c684b416be9177055a833d4922e368f78a3b8144ee164574e"
            ],
            "type": "Image",
            "firstPartyCookies": {},
            "firstPartyCookiesSent": {},
            "exampleSites": [
                "boobsis.com",
                "telochki.org"
            ]
        },
        {
            "rule": "main-ti-hub\\.com\\/content\\/57168\\/3302720_2\\.jpg",
            "cookies": 0,
            "fingerprinting": 0,
            "subdomains": [
                "cs12",
                "cs11"
            ],
            "apis": {},
            "sites": 2,
            "prevalence": 0.0000143,
            "cnames": [],
            "responseHashes": [
                "036c2d72385362fa58b3f43a92643420b8b1d67f56c2699f9748571682ad764c"
            ],
            "type": "Image",
            "firstPartyCookies": {},
            "firstPartyCookiesSent": {},
            "exampleSites": [
                "boobsis.com",
                "telochki.org"
            ]
        },
        {
            "rule": "main-ti-hub\\.com\\/files\\/inpage\\/number\\.png",
            "cookies": 0,
            "fingerprinting": 0,
            "subdomains": [
                "cs11",
                "cs12",
                "cs10",
                "cs09"
            ],
            "apis": {},
            "sites": 11,
            "prevalence": 0.0000786,
            "cnames": [],
            "responseHashes": [
                "a5332ad98c114f7b90ba7f401ff3a16753bd81355abb06b42d5ef76ae9d15f7f"
            ],
            "type": "Image",
            "firstPartyCookies": {},
            "firstPartyCookiesSent": {},
            "exampleSites": [
                "boobsis.com",
                "bufera.club",
                "devahy.org",
                "nagih.biz",
                "peepeebabes.org",
                "photochki.pro",
                "porno-aziatki.tv",
                "progolyh.com",
                "sisigo.info",
                "siskins.club",
                "telochki.org"
            ]
        },
        {
            "rule": "main-ti-hub\\.com\\/files\\/inpage\\/sprite\\.svg",
            "cookies": 0,
            "fingerprinting": 0,
            "subdomains": [
                "cs11",
                "cs12",
                "cs10"
            ],
            "apis": {},
            "sites": 9,
            "prevalence": 0.0000643,
            "cnames": [],
            "responseHashes": [
                "13dbf87dd28bf5ef81ffa7ca883bb2b10ccca4544534a758f55d69808089b7e0"
            ],