{
    "domain": "marphezis.com",
    "owner": {},
    "source": [
        "DuckDuckGo-US"
    ],
    "prevalence": 0.00163,
    "sites": 239,
    "subdomains": [
        "brightcombid",
        "cdn"
    ],
    "cnames": [],
    "fingerprinting": 2,
    "resources": [
        {
            "rule": "marphezis\\.com\\/hb",
            "cookies": 0,
            "fingerprinting": 0,
            "subdomains": [
                "brightcombid"
            ],
            "apis": {},
            "sites": 77,
            "prevalence": 0.000524,
            "cnames": [],
            "responseHashes": [
                "e3b0c44298fc1c149afbf4c8996fb92427ae41e4649b934ca495991b7852b855",
                "ada06be38f5b2194e8f595b71a98a65cd17ef3ce7a87c4048ca161a32e285ba2",
                "3fca3d81e8e00f454eb2875e90baad4a1b4416e4775727f137badf5839ec7db9",
                "946bf31fc0e0d34305fbb8b88fa567ecb348b77bd95e1fc475107af89a6e6756",
                "55e144e312adf99df77798364a2475e3c27f6bd61eeaf1caec39b66333bedac4",
                "7e24e9765028e37135db4a9c2d550409099922fc4526dd4cc62173a49c0683a5",
                "19efdee0f1c2f024d6157ef3883f00f8599763ec514b0c0fa58499ca502cf54a",
                "ff01d460a0a2a35305dcff392279eb06c93be3abbba742d2c700b4667f1b49ad",
                "75f868ecac6a439e0ad51a668fc57f7cea98aef62e276ed5b9d6a0922e192fdf",
                "fd7875b5c465531024f022d626cb2f0a1123a52ea64132d7a298bd37770509d9",
                "4f95d21543649d76f694e9a85c2bf9c3b7f6bde08572a84b5d622a74ce82e8cf",
                "5b5be1ec971f9e697738cc5147ef93fc3bb87c39cc14c7193f57cd110a5f0069",
                "a8b7283ec2faf5ecaa1d9f4f17df8fd5692125cc2ba40e53ea962e12968349bb",
                "075102f9bd661dad15da4eba010d713d955c0b8403485e3ba667fbbadb952476",
                "3de174cb9ce457edd9fb3e3101a7f8bb196be5ba9b31fcea600030f8883b6526",
                "5187cb619f7c25f33a62539b3cb8909fd9621b8da525e9d46fce9686066580f4",
                "fb635479b9cbad07df9704c72a6c9d399e4c49cfd159b9896ddbe1d0eb581f0e"
            ],
            "type": "XHR",
            "firstPartyCookies": {},
            "firstPartyCookiesSent": {},
            "exampleSites": [
                "flightaware.com",
                "www.biblegateway.com",
                "www.wral.com",
                "bossip.com",
                "nextshark.com",
                "es.flightaware.com",
                "hypebeast.com",
                "www.bestplaces.net",
                "tappedout.net",
                "news.sky.com",
                "futurism.com",
                "clark.com",
                "www.eluniverso.com",
                "www.flyertalk.com",
                "www.doityourself.com",
                "100percentbest.com",
                "www.smart-words.org",
                "www.inspiredtaste.net",
                "www.girlfriend.com.au",
                "memesbams.com"
            ]
        },
        {
            "rule": "marphezis\\.com\\/cmpp\\/index\\.js",
            "cookies": 0,
            "fingerprinting": 1,
            "subdomains": [
                "cdn"
            ],
            "apis": {
                "Date.prototype.getTime": 55,
                "Date.prototype.getTimezoneOffset": 55,
                "window.innerWidth": 48,
                "window.innerHeight": 48,
                "Navigator.prototype.userAgent": 3
            },
            "sites": 64,
            "prevalence": 0.000436,
            "cnames": [],
            "responseHashes": [
                "af8f57db133e31d832d6e154e61c4829e55228ac4a27d1c3a27f6ce590270f8d",
                "5c06a954e2758332a5c7f1dc145415490bdd2fe3fb2fadc3c619a5c1e7edf731",
                "fc4323125735aa05e0adeb411ac510cfb3db68d2fa043836755c3a80aea3adef",
                "3f2ed9d6ad45d47e8e8a5dcef9226c0fc505f2d183f07f88d2e7cb0d3e1a438c"
            ],
            "type": "Script",
            "firstPartyCookies": {},
            "firstPartyCookiesSent": {},
            "exampleSites": [
                "thefreedictionary.com",
                "dictionary.reverso.net",
                "idioms.thefreedictionary.com",
                "mobile-dictionary.reverso.net",
                "patient.info",
                "www.thefreedictionary.com",
                "www.webmd.com",
                "www.whitepages.com",
                "www.xe.com",
                "chess24.com",
                "m.dw.com",
                "konjugator.reverso.net",
                "thediplomat.com",
                "www.cesarsway.com",
                "www.fool.com",
                "www.motor1.com",
                "www.autotrader.ca",
                "www.paginasiete.bo",
                "dictionnaire.reverso.net",
                "kannada.oneindia.com"
            ]
        },
        {
            "rule": "marphezis\\.com\\/banners\\/ravner_728x90\\.jpg",
            "cookies": 0,
            "fingerprinting": 0,
            "subdomains": [
                "cdn"
            ],
            "apis": {},
            "sites": 24,
            "prevalence": 0.000163,
            "cnames": [],
            "responseHashes": [
                "b3cb708462e54b6f392f6c58c06e9cc1356b224ddbe8517229f542713a317595"
            ],
            "type": "Image",
            "firstPartyCookies": {},
            "firstPartyCookiesSent": {},
            "exampleSites": [
                "dictionary.reverso.net",
                "www.whitepages.com",
                "no.thefreedictionary.com",
                "dicionario.reverso.net",
                "conjugador.reverso.net",
                "tamil.oneindia.com",
                "www.timeout.com",
                "www.fool.com",
                "conjugator.reverso.net",
                "kannada.oneindia.com",
                "hindi.oneindia.com",
                "dictionnaire.reverso.net",
                "diccionario.reverso.net",
                "konjugator.reverso.net",
                "www.xe.com",
                "www.timeout.pt",
                "chess24.com",
                "conjugueur.reverso.net",
                "www.slobodna-bosna.ba",
                "es.thefreedictionary.com"
            ]
        },
        {
            "rule": "marphezis\\.com\\/cmpp\\/cst\\.min\\.js",
            "cookies": 0,
            "fingerprinting": 1,
            "subdomains": [
                "cdn"
            ],
            "apis": {
                "Date.prototype.getTime": 23,
                "Date.prototype.getTimezoneOffset": 23,
                "window.innerWidth": 21,
                "window.innerHeight": 21,
                "Navigator.prototype.userAgent": 3
            },
            "sites": 24,
            "prevalence": 0.000163,
            "cnames": [],
            "responseHashes": [
                "5c06a954e2758332a5c7f1dc145415490bdd2fe3fb2fadc3c619a5c1e7edf731",
                "af8f57db133e31d832d6e154e61c4829e55228ac4a27d1c3a27f6ce590270f8d",
                "fc4323125735aa05e0adeb411ac510cfb3db68d2fa043836755c3a80aea3adef"
            ],
            "type": "Script",
            "firstPartyCookies": {},
            "firstPartyCookiesSent": {},