{
    "domain": "maturecodes-ip.com",
    "owner": {},
    "source": [
        "DuckDuckGo-US"
    ],
    "prevalence": 0.00034,
    "sites": 25,
    "subdomains": [
        "cs11",
        "cs09",
        "cs10"
    ],
    "cnames": [],
    "fingerprinting": 1,
    "resources": [
        {
            "rule": "maturecodes-ip\\.com\\/bens\\/vinos5\\.js",
            "cookies": 0.000109,
            "fingerprinting": 1,
            "subdomains": [],
            "apis": {
                "Document.cookie getter": 24,
                "window.localStorage": 24,
                "Navigator.prototype.userAgent": 24,
                "Screen.prototype.width": 24,
                "Date.prototype.getTime": 8,
                "Document.cookie setter": 8
            },
            "sites": 25,
            "prevalence": 0.00034,
            "cnames": [],
            "responseHashes": [
                "e10e37560a4180de528065d85bb69e3f127dc04c0605ae4d6920462b95976ead",
                "bc49c2616d07937b9144967d408b8087258d49a8c5b4c25c37556bb86427326f",
                "046a4eda04d7d3444ca100e5263f66f48124d544399b64e78a700e5f9481ac3f",
                "af661c65cb5c3d010974c736b7752ceabc60ff865405eeb9d29819ccb121f812",
                "0e14f291109d24403cd7bf5936023f59bd2ce7ed2a06c138926b03c15c03fffc",
                "0dc7d1f2767bb5113b686c68fcb4001a2326085f462a12d98a44b85a2be05570",
                "8d23b9d66ec4fd49b5724680bbdee3e4125430aecab87d3f6f1d91a78a7904c2",
                "328522cbbf34a52d710cfa2e00a443003a8e0686b1c1ba0d44009990fe94aa5b",
                "a0bfcd638dfff348fe3aad442d725b9a2b9b42fbe211d2466d4c7e0ad68b5da8",
                "8d1fe6192987dc5eedc5fd6a6a60ab917ef6933bdfe638a330429c4306a172d9",
                "5460c9f4ef7c2a7bde4f33876d765a3c25901ad0e7609299a65af00b40221c15",
                "9410702325bd6511c3e02732791ec5ed701c8a8a0a61d11117afc4201775c8eb"
            ],
            "type": "Script",
            "firstPartyCookies": {
                "e9e99ef21e_view_1": {
                    "ttl": 43201,
                    "length": 2,
                    "prevalence": 0.000013612109332462159,
                    "uniqueness": 1
                },
                "ed2e1f9706_view_1": {
                    "ttl": 3608,
                    "length": 2,
                    "prevalence": 0.000027224218664924318,
                    "uniqueness": 0.5
                },
                "e0ba60d878_view_1": {
                    "ttl": 86412,
                    "length": 2,
                    "prevalence": 0.000013612109332462159,
                    "uniqueness": 1
                }
            },
            "firstPartyCookiesSent": {},
            "exampleSites": [
                "me.giperporno.com",
                "1pornodojki.com",
                "domashka.one",
                "mx.tizam.pw",
                "porn365.click",
                "bumboobs.net",
                "balda.cc",
                "azbukaporno.cc",
                "pornoland.net",
                "pornrusskoe.click",
                "ebasex.me",
                "protinok.cc",
                "mm.rutubex.com",
                "toppornovideo.top",
                "xcelebs.ru",
                "etotop.one",
                "zrelki.click",
                "sex-videochat.club",
                "ananasik.net",
                "sex-doma.click"
            ]
        },
        {
            "rule": "maturecodes-ip\\.com\\/bens\\/vinos\\.js",
            "cookies": 0.00034,
            "fingerprinting": 1,
            "subdomains": [],
            "apis": {
                "window.localStorage": 24
            },
            "sites": 25,
            "prevalence": 0.00034,
            "cnames": [],
            "responseHashes": [
                "edd29ddc895881e9058bde7a7ab91a9f109a3bbe7cf74f326eea8bd6d6da6f1e",
                "396acb9524662f0c6ac4fda88d250bfdfc6391be663842f69713d6e7813a5b0b",
                "5cd201ab6419165a89597117ed4a937ebb0b39803ea4bde5a0da4a10e3f4e371",
                "45212285f5066bf5a28e5c465ccf2da8db2fdfd43ef6ec5899aa8b96065f05cd",
                "70834b4f5168839503bf7e23dffdfa345e1b70ec6465743b63b50fd71210cb3a",
                "e85ba6c32f0d735eb13562ed6588a4c9c5995a95583251451d104c91ce2fa249",
                "4723580cf0d8cd1b7af7985e6dc744b0938bad57ea32ed2b1e6b526ba956012d",
                "d41a5af5f320405419ae74615570e03eb28e01925494f9dc1f90fdb40a544c9c",
                "2fdd9cb9760a9ce7194ebe889f150b3afb8fe40e21597b6d085cf0b4b7950840",
                "fdacc83e97f595ba832141b54b9044cfe072e408a599435a19b5833203f95134",
                "f663643df16735da9b28749229d80f971673d694062f3580aebcbf7b0fb244a0",
                "0d82b1122dc1a8dacc14ae530e760374f6267c3f735590483df14e1caa44ae78",
                "e0ce6e2ce2f33c4abcc63f76e7b5b8b61602f17bb0cb41254d93e7d21a3e0159",
                "7f54d9ec7e55dcbbd70fbaa6dcf103c1ba1f66afce8ec7978a3b2385fb2a36dc",
                "af0b76ec220fd5dd4617de81cb0fbf5b3b61d4d500a261089ae8ca14575fcb61",
                "0f9735c3c8786016fc585cde80583474bd11fd9d8d1d95e810a7a61cc4a2e540",
                "ee7ae2a6b9cf4675694c28a48268abf3af954121f5b1e61a2bfe0d23ada6fd88",
                "e84fd1589f6b86588196c414eccf0cd479b1034cf075119f299f665eedb0df34",
                "cb4e00b5fe0656730f5a93e5016ed764e3815d8e769fc90c2e577eb6064300bd",
                "90e4731b0a552d1d5350c8d376860a0e5097f0af1934fb4404dbd2950db9b839",
                "38fe380d24b2a2253ebc3cdeb116fa15092a873461bf65d0294d364419ef019b",
                "9b1fef5fca1896dd118ba79fbdd8e0f7e32489395e8c2f8fba7aa1c84d4c95a9",
                "64a0196e26e3c0de7a0ce05732d2c8822942298b3486887222d0b9d4925eb30a",
                "42abcf90544145b15986e10e381fb99b19cb1253d040320b4449124c70081da2"
            ],
            "type": "Script",
            "firstPartyCookies": {},
            "firstPartyCookiesSent": {},
            "exampleSites": [
                "azbukaporno.cc",
                "ebasex.me",
                "me.giperporno.com",
                "labporno.me",
                "my.tizam.pw",
                "pornoland.net",
                "protinok.cc",
                "porn365.click",
                "etotop.one",
                "mm.rutubex.com",
                "labporno.net",
                "bumboobs.net",
                "sex-doma.click",
                "pornrusskoe.click",
                "balda.cc",
                "domashka.one",
                "frhdporn.cc",
                "mm.pornougar.cc",
                "sex-videochat.club",
                "1pornodojki.com"
            ]
        },
        {
            "rule": "maturecodes-ip\\.com\\/files\\/audio\\.mp3",
            "cookies": 0,
            "fingerprinting": 0,
            "subdomains": [
                "cs11",
                "cs09",
                "cs10"
            ],
            "apis": {},
            "sites": 25,
            "prevalence": 0.00034,
            "cnames": [],
            "responseHashes": [
                "9ca782cb813e213f891191259000cde4ca01bf93b75c0775d74162f1eef24c76"
            ],
            "type": "XHR",
            "firstPartyCookies": {},
            "firstPartyCookiesSent": {},