{
    "domain": "maturecodes.com",
    "owner": {},
    "source": [
        "DuckDuckGo-US"
    ],
    "prevalence": 0.000204,
    "sites": 15,
    "subdomains": [
        "cs10",
        "cs11",
        "cs09"
    ],
    "cnames": [],
    "fingerprinting": 1,
    "resources": [
        {
            "rule": "maturecodes\\.com\\/bens\\/vinos\\.js",
            "cookies": 0.000204,
            "fingerprinting": 1,
            "subdomains": [],
            "apis": {
                "window.localStorage": 14
            },
            "sites": 15,
            "prevalence": 0.000204,
            "cnames": [],
            "responseHashes": [
                "8c182ca928b915f79695a414104a2359420f9694089a125054965815656cb3f6",
                "2b25b1de19726823befc8ce07e27151091d8c1f3915b5dd2694f79d216cfad54",
                "96511a5e09553e85d9689eed47c2d228d40226190dda5189fe80a5516e660f94",
                "14ea00e73f2a7f9b0f842b9f4279b1a5a49a7cc5222e0dd75ebf4dfb19e496de",
                "46191392ab87c194fa747c43bfb83dbe4c0bbdd45181ec7f949ff1e25635f9d5",
                "de76cefbf12c92720b346bf31e99e7edadc0efb4e6cb6d6e85d6dc223d7030cc",
                "a78e2d680ba483981c13879f2860449bb5d75c0d50f91316db415f81d14c90d6",
                "1c9a8467e8b6a204e0bfbdb7ec30716e5d91c64f1c292c12c6668b26adc7d7b4",
                "f84fd02a8444e29baa8c04434cbb9fecabd57f9039ee58b213ae2cc3ec044dfb",
                "50d05e9a04171f10243adaa53e190639588b5e4ad78249ff1ab74eb504e1ec08",
                "e2dc81c2a595701c107d7a534b4785b182e52a818abc6bf966e81021be82efce",
                "35ed299b8a3960f8f24d5af55511b31dfd747cfcc4011a5f66d0b60b0aafd906",
                "4079e63da7908bbd1a3f97d32a8c32b1edd4a98c567034f3b6e2feffa6f2b23f",
                "83f294828b64e680a1c7c573900f736d0b7b04fd17589a77cde8f6ec9b559c41"
            ],
            "type": "Script",
            "firstPartyCookies": {},
            "firstPartyCookiesSent": {},
            "exampleSites": [
                "bestweapon.ru",
                "chohanpohan.com",
                "ero.pornogo.tube",
                "mir-porno.org",
                "mx.tizam.pw",
                "my.tizam.pw",
                "pejnya.me",
                "sex.onporn.fun",
                "sex.pornline.porn",
                "sex.vporno.video",
                "sex.zorox.sex",
                "shpilivili.cc",
                "xcelebs.ru",
                "yaebus8.ru",
                "you-stories.com"
            ]
        },
        {
            "rule": "maturecodes\\.com\\/content\\/58094\\/3362332\\.jpg",
            "cookies": 0,
            "fingerprinting": 0,
            "subdomains": [
                "cs10"
            ],
            "apis": {},
            "sites": 2,
            "prevalence": 0.0000272,
            "cnames": [],
            "responseHashes": [
                "1b3863d66ecbebba4872b726dcc885e460a30ee42806a52d99419dacb0627a7c"
            ],
            "type": "Image",
            "firstPartyCookies": {},
            "firstPartyCookiesSent": {},
            "exampleSites": [
                "bestweapon.ru",
                "pejnya.me"
            ]
        },
        {
            "rule": "maturecodes\\.com\\/content\\/58094\\/3233554\\.gif",
            "cookies": 0,
            "fingerprinting": 0,
            "subdomains": [
                "cs10",
                "cs11"
            ],
            "apis": {},
            "sites": 3,
            "prevalence": 0.0000408,
            "cnames": [],
            "responseHashes": [
                "18413fb7cc7011536d39a9435be26c1d8d0213759185fcbfb75b0c1753291388"
            ],
            "type": "Image",
            "firstPartyCookies": {},
            "firstPartyCookiesSent": {},
            "exampleSites": [
                "chohanpohan.com",
                "shpilivili.cc",
                "you-stories.com"
            ]
        },
        {
            "rule": "maturecodes\\.com\\/content\\/58094\\/3363769\\.gif",
            "cookies": 0,
            "fingerprinting": 0,
            "subdomains": [
                "cs11",
                "cs09"
            ],
            "apis": {},
            "sites": 2,
            "prevalence": 0.0000272,
            "cnames": [],
            "responseHashes": [
                "6466e278c3022f54bd7e4550d1a6c592b1f810017bb84a226ebf15c2fd1f4e14"
            ],
            "type": "Image",
            "firstPartyCookies": {},
            "firstPartyCookiesSent": {},
            "exampleSites": [
                "chohanpohan.com",
                "shpilivili.cc"
            ]
        },
        {
            "rule": "maturecodes\\.com\\/content\\/58094\\/3134176\\.jpeg",
            "cookies": 0,
            "fingerprinting": 0,
            "subdomains": [
                "cs10",
                "cs11"
            ],
            "apis": {},
            "sites": 3,
            "prevalence": 0.0000408,
            "cnames": [],
            "responseHashes": [
                "c1980d89b34691dbd910baa9d86c5d8b9322a95f5ce833ec308a0b7c482016d8"
            ],
            "type": "Image",
            "firstPartyCookies": {},
            "firstPartyCookiesSent": {},
            "exampleSites": [
                "chohanpohan.com",
                "pejnya.me",
                "shpilivili.cc"
            ]
        },
        {
            "rule": "maturecodes\\.com\\/content\\/58094\\/3388648\\.jpg",
            "cookies": 0,
            "fingerprinting": 0,
            "subdomains": [
                "cs10"
            ],
            "apis": {},
            "sites": 2,
            "prevalence": 0.0000272,
            "cnames": [],
            "responseHashes": [
                "6ba35ada405401e3b8384353fa1b8d62e6f71b23f741a6478fc79e207798c900"
            ],
            "type": "Image",
            "firstPartyCookies": {},
            "firstPartyCookiesSent": {},
            "exampleSites": [
                "chohanpohan.com",
                "shpilivili.cc"
            ]
        },
        {
            "rule": "maturecodes\\.com\\/content\\/58094\\/3363766\\.gif",
            "cookies": 0,
            "fingerprinting": 0,
            "subdomains": [
                "cs10",
                "cs11"
            ],
            "apis": {},
            "sites": 2,
            "prevalence": 0.0000272,
            "cnames": [],
            "responseHashes": [
                "9a6ce3649b456d9e6186dbd4642e4255add116b6359115935171018b7eefc89e"
            ],
            "type": "Image",
            "firstPartyCookies": {},
            "firstPartyCookiesSent": {},
            "exampleSites": [
                "chohanpohan.com",
                "shpilivili.cc"
            ]
        },
        {
            "rule": "maturecodes\\.com\\/content\\/58094\\/3374200\\.gif",
            "cookies": 0,
            "fingerprinting": 0,
            "subdomains": [
                "cs09",
                "cs10"
            ],
            "apis": {},
            "sites": 3,
            "prevalence": 0.0000408,
            "cnames": [],
            "responseHashes": [
                "2c024f1ba13ef6c909974577971392a8b6d9bc09efd01d079e18a245e16a6634"
            ],
            "type": "Image",
            "firstPartyCookies": {},
            "firstPartyCookiesSent": {},
            "exampleSites": [
                "chohanpohan.com",
                "shpilivili.cc",
                "you-stories.com"
            ]
        },
        {
            "rule": "maturecodes\\.com\\/content\\/58094\\/3362329\\.gif",
            "cookies": 0,
            "fingerprinting": 0,
            "subdomains": [
                "cs09",
                "cs10"
            ],
            "apis": {},
            "sites": 3,
            "prevalence": 0.0000408,
            "cnames": [],
            "responseHashes": [
                "85dfc2b86018a66eff4277befa32a91a6b4f32fa043aabe9171d7e14150d8969"
            ],
            "type": "Image",