{
    "domain": "maxonclick.com",
    "owner": {},
    "source": [
        "DuckDuckGo-US"
    ],
    "prevalence": 0.0000613,
    "sites": 9,
    "subdomains": [
        "www"
    ],
    "cnames": [],
    "fingerprinting": 1,
    "resources": [
        {
            "rule": "maxonclick\\.com\\/a\\/display\\.php",
            "cookies": 0,
            "fingerprinting": 1,
            "subdomains": [
                "www"
            ],
            "apis": {
                "Navigator.prototype.userAgent": 8,
                "Navigator.prototype.mimeTypes": 8,
                "window.innerWidth": 8,
                "window.innerHeight": 8
            },
            "sites": 10,
            "prevalence": 0.0000681,
            "cnames": [],
            "responseHashes": [
                "4f140e831892674f6dafccd20cb8470b95f30c16019af89ba4393016a0d3d017",
                "94850d7d2b0f3aa376ae9b8b80aa9f64380665378d072b9f9877415295b550cc",
                "f764cd3e59e0f11e38b520fcf69c821628cb43b9cb35b618d565acd4dcfc8b14",
                "70bde68b83fedba5315c6f7647298812ab61039032246bfd7ecee4c4dde72c67",
                "e3b0c44298fc1c149afbf4c8996fb92427ae41e4649b934ca495991b7852b855",
                "ff537c09d6262fc0bfcc10996c0a6f1a6539d6c21cf550f0e6b9922f9720e7ac",
                "a0bb2fa2e14fceb109e21397255e0bbe040be5af3d8fbefa0191679d9a577859",
                "194a9b4eb24250f4630c234e929992874309208806465d470bd226ffe7927788"
            ],
            "type": "Script",
            "firstPartyCookies": {},
            "firstPartyCookiesSent": {},
            "exampleSites": [
                "zippyshare.com",
                "www10.zippyshare.com",
                "www106.zippyshare.com",
                "www108.zippyshare.com",
                "www118.zippyshare.com",
                "www16.zippyshare.com",
                "www3.zippyshare.com",
                "www60.zippyshare.com",
                "www8.zippyshare.com",
                "www95.zippyshare.com"
            ]
        },
        {
            "rule": "maxonclick\\.com\\/ad\\/display\\.php",
            "cookies": 0,
            "fingerprinting": 0,
            "subdomains": [
                "www"
            ],
            "apis": {},
            "sites": 8,
            "prevalence": 0.0000545,
            "cnames": [],
            "responseHashes": [],
            "type": "Document",
            "firstPartyCookies": {},
            "firstPartyCookiesSent": {},
            "exampleSites": [
                "zippyshare.com",
                "www10.zippyshare.com",
                "www106.zippyshare.com",
                "www108.zippyshare.com",
                "www118.zippyshare.com",
                "www3.zippyshare.com",
                "www60.zippyshare.com",
                "www95.zippyshare.com"
            ]
        }
    ],
    "categories": [],
    "performance": {},
    "cookies": 0,
    "types": {
        "Script": 10,
        "Document": 8
    },
    "nameservers": [
        "hank.ns.cloudflare.com",
        "lady.ns.cloudflare.com"
    ]
}