{
    "domain": "megaphone.fm",
    "owner": {},
    "source": [
        "DuckDuckGo-US"
    ],
    "prevalence": 0.000157,
    "sites": 23,
    "subdomains": [
        "playlist",
        "player"
    ],
    "cnames": [],
    "fingerprinting": 2,
    "resources": [
        {
            "rule": "megaphone\\.fm\\/",
            "cookies": 0.000109,
            "fingerprinting": 1,
            "subdomains": [
                "playlist"
            ],
            "apis": {
                "Date.prototype.getTime": 15,
                "Navigator.prototype.userAgent": 11,
                "Navigator.prototype.connection": 3,
                "PerformanceTiming.prototype.navigationStart": 5
            },
            "sites": 16,
            "prevalence": 0.000109,
            "cnames": [],
            "responseHashes": [
                "e0ecfae30848ed82ebb84ef9fbbf66ef979573c83e82aed58ca2ca13fbc030be",
                "3b989d00dd9ed6a09c0d17ba3fa9ac6c1ae9b29ce62b6914e1de5d0355115325",
                "0e8d2c3d5974f434ed3423e2bd8db482b2b3a8228f9349421f0f37b042e29c92",
                "2b7d16bb1d59315e1a6a8fa089f978eebde95763e8107dd3d7cd9e11d9da9f7a",
                "9ff393ecb5c6fb9f8a0a27556622af84f4c55abbd16ea9669c6a5031a5658725",
                "aab521b06bf03095694630aedfcd3c52b85055517ecbc3d06c135c3e44927ca5",
                "e4e7e4f8e78a72a9d96dbda42e6ac9b9d84b78c1b72ac7d63257b6dc6fbbe7e9",
                "409d96ca923852450a63bfb774e84cc73bf24a15873817e29b8802c63298074f",
                "a3c042587f3047ca1ab69e301a4be0dae378eb9e64161a6174c7d8be829c2556",
                "5bd490419a7f147d2c94319c65bd8520a16f7f9df565760bc0aeceb32cbfa246",
                "3b884cd8ad21384f745b91c3da6df2488ccd0daf760e24ba1fe7cf487d3119cc",
                "121c509820e87d617eb5ff8610d6db8409d6330c0a4b41fc6694328160dcadbb",
                "57eba62d6834fc6dd5a3300774d07d271579dd5546a3ebacfeb3321125d0dc15",
                "f960f90b0f4e3f7621d69c965f217a644b5e71373ac7295aba6862a82ed5af54"
            ],
            "type": "Document",
            "firstPartyCookies": {},
            "firstPartyCookiesSent": {},
            "exampleSites": [
                "babynames.com",
                "blacksportsonline.com",
                "clark.com",
                "constitutioncenter.org",
                "dennismichaellynch.com",
                "michaelsavage.com",
                "sporticos.com",
                "thecommonsenseshow.com",
                "www.barcablaugranes.com",
                "www.biznews.com",
                "www.crimeonline.com",
                "www.fanbyte.com",
                "www.hubspot.com",
                "www.outsports.com",
                "www.rotowire.com",
                "www.tmz.com"
            ]
        },
        {
            "rule": "megaphone\\.fm\\/assets\\/application-f1a3a754d63b9ae8b7cf81deff64626804eed7fe33cab37ee78260a47e13705c\\.css",
            "cookies": 0,
            "fingerprinting": 0,
            "subdomains": [
                "playlist"
            ],
            "apis": {},
            "sites": 16,
            "prevalence": 0.000109,
            "cnames": [],
            "responseHashes": [
                "55da13acb8d04242f2dd963cf03512c67052cf49210ce23739d5ce90a57c6a73"
            ],
            "type": "Stylesheet",
            "firstPartyCookies": {},
            "firstPartyCookiesSent": {},
            "exampleSites": [
                "babynames.com",
                "blacksportsonline.com",
                "clark.com",
                "constitutioncenter.org",
                "dennismichaellynch.com",
                "michaelsavage.com",
                "sporticos.com",
                "thecommonsenseshow.com",
                "www.barcablaugranes.com",
                "www.biznews.com",
                "www.crimeonline.com",
                "www.fanbyte.com",
                "www.hubspot.com",
                "www.outsports.com",
                "www.rotowire.com",
                "www.tmz.com"
            ]
        },
        {
            "rule": "megaphone\\.fm\\/packs\\/js\\/application-61915424301c75aa622b\\.js",
            "cookies": 0,
            "fingerprinting": 2,
            "subdomains": [
                "playlist"
            ],
            "apis": {
                "Navigator.prototype.userAgent": 16,
                "Navigator.prototype.mimeTypes": 15,
                "Navigator.prototype.product": 15,
                "window.localStorage": 15,
                "Navigator.prototype.language": 15,
                "Date.prototype.getTime": 15,
                "Document.cookie getter": 4,
                "Event.prototype.timeStamp": 15
            },
            "sites": 16,
            "prevalence": 0.000109,
            "cnames": [],
            "responseHashes": [
                "30dafc20eb6b2c1330af6e6b8e6a18cb6c9151a87e9a05d2994d039398eb4633"
            ],
            "type": "Script",
            "firstPartyCookies": {},
            "firstPartyCookiesSent": {},
            "exampleSites": [
                "babynames.com",
                "blacksportsonline.com",
                "clark.com",
                "constitutioncenter.org",
                "dennismichaellynch.com",
                "michaelsavage.com",
                "sporticos.com",
                "thecommonsenseshow.com",
                "www.barcablaugranes.com",
                "www.biznews.com",
                "www.crimeonline.com",
                "www.fanbyte.com",
                "www.hubspot.com",
                "www.outsports.com",
                "www.rotowire.com",
                "www.tmz.com"
            ]
        },
        {
            "rule": "megaphone\\.fm\\/assets\\/fonts\\/pnply-font-medium-a1cea68670c4e014901a22c81c785f58ff9f9b9632f3cddbf3486447f42b1aaa\\.woff",
            "cookies": 0,
            "fingerprinting": 0,
            "subdomains": [
                "playlist"
            ],
            "apis": {},
            "sites": 16,
            "prevalence": 0.000109,
            "cnames": [],
            "responseHashes": [
                "ad84a47bb45bfeca5a9031d3c59db9527da4b283aa9a841f5905806abf5bee56"
            ],
            "type": "Font",
            "firstPartyCookies": {},
            "firstPartyCookiesSent": {},
            "exampleSites": [
                "babynames.com",
                "blacksportsonline.com",
                "clark.com",
                "constitutioncenter.org",
                "dennismichaellynch.com",
                "michaelsavage.com",
                "sporticos.com",
                "thecommonsenseshow.com",
                "www.barcablaugranes.com",
                "www.biznews.com",
                "www.crimeonline.com",
                "www.fanbyte.com",
                "www.hubspot.com",
                "www.outsports.com",
                "www.rotowire.com",
                "www.tmz.com"
            ]
        },
        {
            "rule": "megaphone\\.fm\\/assets\\/fonts\\/pnply-icons-94567b58b439d33ac5bb282ecec90da242e4d9c2f6b8e021d2c67b78d550dbea\\.woff",
            "cookies": 0,
            "fingerprinting": 0,
            "subdomains": [
                "playlist"
            ],
            "apis": {},
            "sites": 16,
            "prevalence": 0.000109,
            "cnames": [],
            "responseHashes": [
                "df04689ee0e4b8a9fabf1812d89d66c02f407f7b89d7bb575ef3d05768a2161b"
            ],
            "type": "Font",
            "firstPartyCookies": {},
            "firstPartyCookiesSent": {},