{
    "domain": "meredithcorp.io",
    "owner": {},
    "source": [
        "DuckDuckGo-US"
    ],
    "prevalence": 0.000265,
    "sites": 39,
    "subdomains": [
        "imagesvc",
        "metadata.video"
    ],
    "cnames": [],
    "fingerprinting": 1,
    "resources": [
        {
            "rule": "meredithcorp\\.io\\/v3\\/mm\\/image",
            "cookies": 0,
            "fingerprinting": 0,
            "subdomains": [
                "imagesvc"
            ],
            "apis": {},
            "sites": 21,
            "prevalence": 0.000143,
            "cnames": [],
            "responseHashes": [
                "1cdaa3f75523763d90221c441095c936ca4ec08a18aef9cbb155d0903268683a",
                "08346bc58720b9048a63a36206148f1a247cebc77abc9510230fee6535d43497",
                "c5958c29bc5a07593a5713398c27747237a9fa761aa2602cba32f1ad2580fa3f",
                "1ae5228c130e0709174a75638c0933e225037da0d9fd6830a6bab1ec855ca0ce",
                "488921d6e1b65994f407833073a615afb7a66935d0b3ffc7376b09173883cfea",
                "2420917d6ec86cfc536bf6bbe0b72ff090815df16f3dfc551d50a3bf50fcd8de",
                "33c1261fad3e4a7c9a5bcb9fe2a8a793feca8a414b03e76dbbecb098f8d79c37",
                "fd9282eb9e79f5ebcbf0c0454e15ea5644866e477bb2d3363b0795b604b616c9",
                "7d88cb2293d2ed7f8d0a1e8995b6735a323885332c08492aebdd5e0c5e8dc5df",
                "1d561ce40a8436294be1c219ad3905710276e60c3bcb5276228d7dfd5ddb1b56",
                "b4cc034af3d3af24e4c2b6681530faf5b04ee3e4ea44910b82f2528ddbfe4dfd",
                "3983cf95a4c10f801994427f46caec34f544126517cd142e8bb774a90b768498",
                "9598b33cdffe009df9b6ba391355372ba12fd2cfc8a79bd8f68d5fe0872a8497",
                "2b46a6a1fa17471c0c2eb27566fe8f34ff611c8cd0d83a6ae16e24fade7b39de",
                "362565144f4eac8d1064005cb513fadb3119ccaea2d412606295f07212149333",
                "945092d11c3d57310ac3096bfe6c3e2c952e56c7fd37ad4ad7d89fb5f58735bc",
                "4e3274d9c8b263eae227877e87bbcb5e07e4e32aa7da5faed0b341dd9ab7085b",
                "c4efe96b7154acf99acf432f2470ef38a8e740106e34f07594d56ccecd687dda",
                "5971923f3d88e76c956326c5c77287f1faeb1d040e7aa32ea093a5aeb4ccadbb",
                "96080cd8c9c46f819bbd7682ae74cf420833260a8b5c170412213baa42efbeec"
            ],
            "type": "Image",
            "firstPartyCookies": {},
            "firstPartyCookiesSent": {},
            "exampleSites": [
                "people.com",
                "www.allrecipes.com",
                "www.myrecipes.com",
                "www.lifenews.com",
                "www.shape.com",
                "www.realsimple.com",
                "www.bhg.com",
                "www.southernliving.com",
                "www.travelandleisure.com",
                "ew.com",
                "www.cookinglight.com",
                "www.foodandwine.com",
                "www.eatingwell.com",
                "www.health.com",
                "hellogiggles.com",
                "findpornface.com",
                "www.instyle.com",
                "www.parents.com",
                "www.marthastewart.com",
                "peopleenespanol.com"
            ]
        },
        {
            "rule": "meredithcorp\\.io\\/v3\\/jumpstartpure\\/image",
            "cookies": 0,
            "fingerprinting": 0,
            "subdomains": [
                "imagesvc"
            ],
            "apis": {},
            "sites": 10,
            "prevalence": 0.0000681,
            "cnames": [],
            "responseHashes": [
                "0b5c82974b2ff651ed6a1c1b6e2f974b9a3a6fd393435aa562e50f54730c8fa3",
                "7f2c7a1efa322562495fe49d671272a454fd65061f326e22c8710517f5591e6b",
                "fe02026a7db0ee8a1c8b1d6221a55597450c34a2e9b7cb338dad8e33d620124e",
                "0bda35743a0d490a73002a4b22644f84e2fc7b1579882c29e145325e3ef38d96",
                "583310f97ac1df2cdaa51b8c9b137bf07e84f7a86fb0569e32826f8c5f1ede84",
                "0ee32eced0feaaf77f0a3c4a822655f0cc57d0a6b8a926f55b31753b720f3b3e",
                "c79278e919d1e951a73c5f1c888fb4f380fbd3560f463a7881d3d692bd4bcc68",
                "f5c8e7691cfdadf16a13df5977663b5870fecf1be99ca6ed1799563926846432",
                "06b77d8dedab24784f066bc5d18825db172f20a8a6deecd60b8212ec02a3a43c"
            ],
            "type": "Image",
            "firstPartyCookies": {},
            "firstPartyCookiesSent": {
                "muuid_origin": 0.000006806378938341013,
                "_li_dcdm_c": 0.000006806378938341013
            },
            "exampleSites": [
                "ew.com",
                "people.com",
                "peopleenespanol.com",
                "www.health.com",
                "www.marthastewart.com",
                "www.myrecipes.com",
                "www.parents.com",
                "www.realsimple.com",
                "www.southernliving.com",
                "www.travelandleisure.com"
            ]
        },
        {
            "rule": "meredithcorp\\.io\\/",
            "cookies": 0,
            "fingerprinting": 0,
            "subdomains": [
                "metadata.video"
            ],
            "apis": {},
            "sites": 3,
            "prevalence": 0.0000204,
            "cnames": [],
            "responseHashes": [
                "f3a2bb9f0a98511a00f259974367fb0f66879bebb612e9726f9a0adbbe8a764f",
                "d1aeb115c81c292dc2dbc9e9bda762b8b042e95dd6370dddda2f6d70b3937c5a"
            ],
            "type": "XHR",
            "firstPartyCookies": {},
            "firstPartyCookiesSent": {},
            "exampleSites": [
                "health.com",
                "www.myrecipes.com",
                "www.parents.com"
            ]
        }
    ],
    "categories": [],
    "performance": {},
    "cookies": 0,
    "types": {
        "Image": 31,
        "XHR": 3
    },
    "nameservers": [
        "ns-61.awsdns-07.com",
        "ns-912.awsdns-50.net",
        "ns-1420.awsdns-49.org",
        "ns-1840.awsdns-38.co.uk"
    ]
}