{
    "domain": "metabet.io",
    "owner": {},
    "source": [
        "DuckDuckGo-US"
    ],
    "prevalence": 0.000123,
    "sites": 9,
    "subdomains": [
        "go",
        "sportingnews.hosted"
    ],
    "cnames": [],
    "fingerprinting": 1,
    "resources": [
        {
            "rule": "metabet\\.io\\/js\\/global\\.js",
            "cookies": 0,
            "fingerprinting": 1,
            "subdomains": [
                "go"
            ],
            "apis": {
                "window.localStorage": 8,
                "Date.prototype.getTime": 6
            },
            "sites": 9,
            "prevalence": 0.000123,
            "cnames": [],
            "responseHashes": [
                "5fcd7c7e9fe12010c04c8ca12b26fb69e12c3b45d7c6e5a7d7a10a24abe57ee6",
                "4654f0cca2d1e24d60ace400f197eb666e15092b04662d67b72ce0f6742456c0",
                "d8cdda8584b157988201a874cc32b4f9efcbe618bd195c0fd0df7fb37fbd6d09",
                "9ce8749793b12a2a9bff94f79ccd8702a58f22779710cf48393ce88888c5b98a",
                "72289266acce3496548203c13382f0866ee7f441f0d43196c201837ff0d5574d",
                "17799289bf8fab444380b6ff842f7a6e650d73ae09e02264b5e2a879d87168fe",
                "4776878dd337cbb946acd28f69d158bd99a855bdb25546c05fbcd2dfb16263d4",
                "28cca8ae12143e7f713335216f8c704a8a0b96afc9d94200ac7a656114e80496"
            ],
            "type": "Script",
            "firstPartyCookies": {},
            "firstPartyCookiesSent": {},
            "exampleSites": [
                "nba.com",
                "sportschatplace.com",
                "www.arrowheadpride.com",
                "www.bleedinggreennation.com",
                "www.bloodyelbow.com",
                "www.cagesideseats.com",
                "www.mmafighting.com",
                "www.mmamania.com",
                "www.sportingnews.com"
            ]
        },
        {
            "rule": "metabet\\.io\\/css\\/betsinabox\\.css",
            "cookies": 0,
            "fingerprinting": 0,
            "subdomains": [
                "sportingnews.hosted"
            ],
            "apis": {},
            "sites": 2,
            "prevalence": 0.0000272,
            "cnames": [],
            "responseHashes": [
                "c543b9bd4714daf25f2ad78452001795ca785b42a25dd98e57e8590cd10169c4"
            ],
            "type": "Stylesheet",
            "firstPartyCookies": {},
            "firstPartyCookiesSent": {},
            "exampleSites": [
                "nba.com",
                "www.sportingnews.com"
            ]
        },
        {
            "rule": "metabet\\.io\\/css\\/main\\.css",
            "cookies": 0,
            "fingerprinting": 0,
            "subdomains": [
                "go"
            ],
            "apis": {},
            "sites": 9,
            "prevalence": 0.000123,
            "cnames": [],
            "responseHashes": [
                "78f404380b31fa2ded2cb825585f38175c62db3734e4eef716174931e243371f",
                "991d5ca36653679675f693e7886e03e6814454075f47732afd199fba654c6b8a",
                "6a9d79d2d82c834e90f2bd55fa29d9e9b00f64cc2d27212fb787a7f866a29684"
            ],
            "type": "Stylesheet",
            "firstPartyCookies": {},
            "firstPartyCookiesSent": {},
            "exampleSites": [
                "nba.com",
                "sportschatplace.com",
                "www.arrowheadpride.com",
                "www.bleedinggreennation.com",
                "www.bloodyelbow.com",
                "www.cagesideseats.com",
                "www.mmafighting.com",
                "www.mmamania.com",
                "www.sportingnews.com"
            ]
        },
        {
            "rule": "metabet\\.io\\/img\\/sbnation-hosted-draftkings-watermark\\.png",
            "cookies": 0,
            "fingerprinting": 0,
            "subdomains": [
                "go"
            ],
            "apis": {},
            "sites": 2,
            "prevalence": 0.0000272,
            "cnames": [],
            "responseHashes": [
                "a673b40df41161231d5ae6231124be5907c1e6a60c2623bcf0de60b8292d41fa"
            ],
            "type": "Image",
            "firstPartyCookies": {},
            "firstPartyCookiesSent": {},
            "exampleSites": [
                "arrowheadpride.com",
                "www.bleedinggreennation.com"
            ]
        },
        {
            "rule": "metabet\\.io\\/img\\/sportsbooks\\/square\\/draftkings\\.svg",
            "cookies": 0,
            "fingerprinting": 0,
            "subdomains": [
                "go"
            ],
            "apis": {},
            "sites": 5,
            "prevalence": 0.0000681,
            "cnames": [],
            "responseHashes": [
                "79a1b8a42496bc679800b15722f8dd2518e20f70ded675cfce2af847e01e2ca4"
            ],
            "type": "Image",
            "firstPartyCookies": {},
            "firstPartyCookiesSent": {},
            "exampleSites": [
                "arrowheadpride.com",
                "www.bleedinggreennation.com",
                "www.bloodyelbow.com",
                "www.mmafighting.com",
                "www.mmamania.com"
            ]
        },
        {
            "rule": "metabet\\.io\\/img\\/logo-watermark\\.svg",
            "cookies": 0,
            "fingerprinting": 0,
            "subdomains": [
                "go"
            ],
            "apis": {},
            "sites": 5,
            "prevalence": 0.0000681,
            "cnames": [],
            "responseHashes": [
                "e69bf73acd1d60efdf5989f1d8a70181c3e4e8278eaa186814bc315f047e6413"
            ],
            "type": "Image",
            "firstPartyCookies": {},
            "firstPartyCookiesSent": {},
            "exampleSites": [
                "arrowheadpride.com",
                "www.bleedinggreennation.com",
                "www.bloodyelbow.com",
                "www.mmafighting.com",
                "www.mmamania.com"
            ]
        },
        {
            "rule": "metabet\\.io\\/themes\\/draftkings-light\\/img\\/logo\\.svg",
            "cookies": 0,
            "fingerprinting": 0,
            "subdomains": [
                "go"
            ],
            "apis": {},
            "sites": 5,
            "prevalence": 0.0000681,
            "cnames": [],
            "responseHashes": [
                "59a6fef881e9e6a34ae85ed55eaf0aaaa544dac32d036ce832283b1baecee2ed"
            ],
            "type": "Image",
            "firstPartyCookies": {},
            "firstPartyCookiesSent": {},
            "exampleSites": [
                "arrowheadpride.com",
                "www.bleedinggreennation.com",
                "www.bloodyelbow.com",
                "www.mmafighting.com",
                "www.mmamania.com"
            ]
        }
    ],
    "categories": [],
    "performance": {},
    "cookies": 0,
    "topInitiators": [
        {
            "domain": "first party",
            "prevalence": 0.8888888888888888
        },
        {
            "domain": "sportingnews.com",
            "prevalence": 0.1111111111111111
        }
    ],
    "types": {
        "Script": 9,
        "Stylesheet": 11,
        "Image": 17
    },
    "nameservers": [
        "ns-167.awsdns-20.com",
        "ns-755.awsdns-30.net",
        "ns-1163.awsdns-17.org",
        "ns-2040.awsdns-63.co.uk"
    ]
}