{
    "domain": "mhtr.be",
    "owner": {},
    "source": [
        "DuckDuckGo-US"
    ],
    "prevalence": 0.0001,
    "sites": 14,
    "subdomains": [
        "static",
        "prod",
        "prodh"
    ],
    "cnames": [],
    "fingerprinting": 1,
    "resources": [
        {
            "rule": "mhtr\\.be\\/public\\/tr\\/tracker\\.min\\.js",
            "cookies": 0.0000572,
            "fingerprinting": 1,
            "subdomains": [
                "static"
            ],
            "apis": {
                "Document.cookie getter": 8,
                "Date.prototype.getTime": 8,
                "window.localStorage": 8,
                "Document.cookie setter": 8,
                "Screen.prototype.width": 8,
                "Screen.prototype.height": 8
            },
            "sites": 8,
            "prevalence": 0.0000572,
            "cnames": [],
            "responseHashes": [
                "061f4e08f4c81ea577e47f458f8d94573f9cfeaa1c0794992182affc16863e4a"
            ],
            "type": "Script",
            "firstPartyCookies": {
                "_mhtc_cId": {
                    "ttl": 2678407,
                    "length": 36,
                    "prevalence": 0.00005719923925011797,
                    "uniqueness": 1
                }
            },
            "firstPartyCookiesSent": {},
            "exampleSites": [
                "hbvl.be",
                "m.hbvl.be",
                "m.standaard.be",
                "www.gva.be",
                "www.hbvl.be",
                "www.limburger.nl",
                "www.nieuwsblad.be",
                "www.standaard.be"
            ]
        },
        {
            "rule": "mhtr\\.be\\/v",
            "cookies": 0,
            "fingerprinting": 0,
            "subdomains": [
                "prod"
            ],
            "apis": {},
            "sites": 8,
            "prevalence": 0.0000572,
            "cnames": [],
            "responseHashes": [
                "d030b1421b0ca5e2a247471e397f19791f1a1892db394b16f5055589d81c78fc",
                "7da189c37da4d94b13d1e17e137f06c48875b372592e22794e31da3c3b345e2c",
                "ad7f4a047cee1677f05f4c2062cfd58dcd7e09830869002c10d5aa0e3ef2ad8f",
                "1e5030aeef43f53a606335110f8f2eb706a387f3c217ffae797fb368291eecb8",
                "efaa92898a332253d54e871dd4bc208f13bd33c2c35dcce5cf4afb79234bb7eb",
                "3a9c4b5159987505b7579259cea66bff75a3f34e4b447134e3e1ef5139dad035",
                "947b99805b74de03b9586484021b80060e65ba61f67cccef3b7c07f9ff13da46"
            ],
            "type": "XHR",
            "firstPartyCookies": {},
            "firstPartyCookiesSent": {},
            "exampleSites": [
                "hbvl.be",
                "m.hbvl.be",
                "m.standaard.be",
                "www.gva.be",
                "www.hbvl.be",
                "www.limburger.nl",
                "www.nieuwsblad.be",
                "www.standaard.be"
            ]
        },
        {
            "rule": "mhtr\\.be\\/h",
            "cookies": 0,
            "fingerprinting": 0,
            "subdomains": [
                "prodh"
            ],
            "apis": {},
            "sites": 5,
            "prevalence": 0.0000357,
            "cnames": [],
            "responseHashes": [
                "44136fa355b3678a1146ad16f7e8649e94fb4fc21fe77e8310c060f61caaff8a"
            ],
            "type": "XHR",
            "firstPartyCookies": {},
            "firstPartyCookiesSent": {},
            "exampleSites": [
                "hbvl.be",
                "www.gva.be",
                "www.hbvl.be",
                "www.limburger.nl",
                "www.nieuwsblad.be"
            ]
        }
    ],
    "categories": [],
    "performance": {},
    "cookies": 0.0001,
    "types": {
        "Script": 8,
        "XHR": 13
    },
    "nameservers": [
        "erin.ns.cloudflare.com",
        "elliot.ns.cloudflare.com"
    ]
}