{
    "domain": "mmapiws.com",
    "owner": {},
    "source": [
        "DuckDuckGo-US"
    ],
    "prevalence": 0.000558,
    "sites": 78,
    "subdomains": [
        "d-ipv6"
    ],
    "cnames": [],
    "fingerprinting": 0,
    "resources": [
        {
            "rule": "mmapiws\\.com\\/ant_squire",
            "cookies": 0,
            "fingerprinting": 0,
            "subdomains": [
                "d-ipv6"
            ],
            "apis": {},
            "sites": 44,
            "prevalence": 0.000315,
            "cnames": [],
            "responseHashes": [
                "6e3aed9fba307f41e82c4d744ce029fe51c326a340440fd0950804d38963503c",
                "df55d701e2cde73650b31808d34ba5f0cc6b2c4ba936b31612125cdb96eb3f8d",
                "2d0a1f6a774ad47305f780db51fc09ae8ac218f3c6af8a216bfeedc328981cd9",
                "8f5e9131abbe69f898c432d96138d978377fb58c09a36e4f495526584ec9ea7f",
                "2d9c337b8f584984cf39c0fca24632fdf93ccf1e39a08f254bb3b83f828af7e5",
                "f23083584fe57190d2a9cf1cdfc5e39181355a23a80224c2c6c93c024b301a8b",
                "2e31a6302c5c8b836d8270daccc9c652e0aa402d8f6580241c91f2d3857af871",
                "b9b5ec31e0d5e4fc674b4ac9ffc2aa8ee6a3815dcc11796231195b5c2ec5c7c6",
                "4604dcdab637eda3e8e94acb7e1b996e9d4d7fce5189c154cb668b07262dd200",
                "da3594e75ff2a4792d752f15876d116b24405dc3d83270174617cdb7154ac0b8",
                "771aec6b55ed6bfb33ea278deee42ed98852ee1820bebff3b2e84cb8da8bae97",
                "2d5424b440d98a8c75b5a810ec43c5bc776f987cb98c0fdbd27a5862da1cc9cb",
                "044696196bd75fa3134236c4c99b987728b10420c0c52e0dc0c1f784e7ce3f35",
                "47aff815f4152a023c751ca3cb32083fe57f21dd713cd5dbab63c56bc8231dea",
                "18c6a3706c980c9a3823f7d16eb4fe0c3927d9fd511c5ba888bc6b534a00aadc",
                "0c0d24773794ee0aa1ffc6166781adced7e4ad70b52a4ebe8c8ccaedf517c15a",
                "3a48cc1ebbfb99656669bb01440c351717e42b0e189b7b582e36487211a5dab9",
                "739ce093a5524b96fb2941e314887a9ed7baeb12a7426d64e03c144f144a37ec",
                "8c6b464e1c1c92ce90b87cc722fac1c4bfef7f5db08e1d728af25cc581b833ac",
                "85ceb60f6484ab5aad7d00df6e4f0a01e5e29f4c11d73d057477d8be7977d2ed",
                "0defbd037e7812c806a12014b9922f1a3c53d8e35564cdcaa72f9c73b2698abe",
                "2ec73765d017b6328dac4a85e723b5a7e6916aef6665e1806078b2f3d2584198",
                "49835423e657f92a11c97ea00437115032c82db7675c32c8d8f292b065669463",
                "75ea5c0016efec639985303357cae0ac97ef0ea910c46a48084f01f510833877",
                "6a3f76f0576781ef63cbde77b1e8fafe9d83219ef564b83f0aa74fe02e75ada6",
                "4fb6504642f9ff4f5acec0740f976de7ed90521ff8408cf5ba4f6cc535886d7f",
                "7803ac6b7b5a6a5b680bc870f3b65b236e877f257f7fc747a12c12d5066c0968",
                "861064bd064be93a0dd8f35a1d8c53729f8f7a70b6be4a6e34316acd7145ad17",
                "54e4c63daa1608d84fed2bbabebb76daeb677afa5a2c310e8fc450cc5f693339",
                "f37b03e103e0e153594a665af5a4b00e19e1be06f125c54bd5e5fdd70f8ca71d",
                "e6a2e9725998ca3b24ecbc92cb1ea06bdc5bb2ecaa86eed58b63553b72df59dd",
                "133a78e5f9b2295e1d440b09972e337710c67564ece305fb2f229b3da406a16f",
                "0e925396137e2a437d1f443d62bcfbb078de0a333df899bc0d1ec2d05d174056",
                "50f188b497e2132c8872715b4056293851ee6ec88ed01db9c5dec20cb4b49d64",
                "8650d94d63f966ee092a6dcb3ffbf4e41cc5b9f899240447bbce91801c6bace6",
                "2e23e64296c93e4a2cd12040d0d62c26b751eaae0859eb349a0ca97dc258808b",
                "76afcacb6deac9261a6c8d01da252df506f1cec52987757e05e2b64015693445",
                "a2f910add5469f880486a807c6022933d6ac1863801a042e5e23b4ed30c75d13",
                "11f5625e7d8dd0a3806bfe83ab1f980f6a16fc314091fa3a8d892999c80a4604",
                "c3b7fb3bec0581b1db5f9391f5df2d36d76ad11d4723520331473c1eb0d2f656",
                "7d7eed3c8fc797134af633391f003fdbc16902948c8eae1b30794463a6387571",
                "46c4e41848cc9dbd169cd44aec90cdaaa994f86674c9eea6f80ac8494a349db2",
                "b391bb9aa67655f654c5db5583019ab71930683107ccc7013f9742142a1f7727"
            ],
            "type": "XHR",
            "firstPartyCookies": {},
            "firstPartyCookiesSent": {},
            "exampleSites": [
                "www.trezoraustralia.com.au",
                "longislandwatch.com",
                "www.tiege.com",
                "proxyscrape.com",
                "www.pascoes.co.nz",
                "www.hotelplanner.com",
                "www.additudemag.com",
                "www.macfixit.com.au",
                "www.urbanindustry.co.uk",
                "www.prouds.com.au",
                "www.proxyscrape.com",
                "www.anguscoote.com.au",
                "www.cjs-cdkeys.com",
                "artiss.com.au",
                "www.mediafire.com",
                "www.lifespanfitness.com.au",
                "www.interserver.net",
                "curvage.org",
                "www.topmaq.co.nz",
                "return2health.com.au"
            ]
        }
    ],
    "categories": [],
    "performance": {},
    "cookies": 0,
    "types": {
        "XHR": 44
    },
    "nameservers": [
        "josh.ns.cloudflare.com",
        "kim.ns.cloudflare.com"
    ]
}