{
    "domain": "mmapiws.com",
    "owner": {},
    "source": [
        "DuckDuckGo-US"
    ],
    "prevalence": 0.000381,
    "sites": 28,
    "subdomains": [
        "d-ipv6"
    ],
    "cnames": [],
    "fingerprinting": 0,
    "resources": [
        {
            "rule": "mmapiws\\.com\\/ant_squire",
            "cookies": 0,
            "fingerprinting": 0,
            "subdomains": [
                "d-ipv6"
            ],
            "apis": {},
            "sites": 27,
            "prevalence": 0.000368,
            "cnames": [],
            "responseHashes": [
                "cc4d54a2d8d6a5651a5414797dcd38463d6e7819fdec1a43b2743d68899b6766",
                "8c0529e8230928e1741b2aa9987594fc0b1bd382eaf55817818c444dfea7a740",
                "6fbedd069853f1e9f38bd5dd310202714791c1a2dfa7edcc34a8ee3430227d14",
                "6f5b7335b7b841bf0f4a05f290fe3cccd326ccaa81dc5367b42a3a6bfa1afb21",
                "85ade262440002c770fc3c4937d08d2270aac4cdb51f303a21586d3568a2c779",
                "61b480d2e2ec96ee08504df97707ca17157d1251f86c1e6477bc37fad8e20798",
                "e6d4d29466d5ea4e767f3921ebed3902a4745a4d6693dec952f0d9a373961ac8",
                "87db91af1201521fd5b24a99dedb24b0f80ba19b2557d1b3156958279bc6ce19",
                "eb5433d5f70b75d322c66e0074601fec06fa18f758848630e7024df02cd54667",
                "02bccad3c2b059942584902d88e091847eb0a6350a4ce9ed5326343af09edbfc",
                "d267be46fc8b15de11a2e82517530d27a54bc0974a5e804be8d4a14e04f1f11c",
                "041ec2c9ee95879d168b34fa9befbef3a261520154a553e3f4a700869bedc693",
                "0872f49a704a221273194fd22f59f97ce3f2820847c7e65fab6479d0298361f2",
                "f0d827d5287b20583891ad2c3bdb00c44c235131b36468f97900028216870c3f",
                "23cac9e092a07edebf9689c2e9d9f33c712195046dba4de85d2b93f84fa559e1",
                "4fea64ab8910c5557fd6298a1a9f2b7ef99552ae157be857b259a46c30cc5d32",
                "42502e39bdf56ce7a72785f4d01a5789960adc850ce89597b88ba223298bf995",
                "f2da2328665d79f53d1116c09235d5098346bb53eb87d4813c6b0e102144483e",
                "e3dffb8ffde5136bc7132ca3541d43290378ac8560ff4625fa03d6ba798fa347",
                "959625656101165eda2a533ec50659f30e742c0790cffa6c95cc84f24bcc117f",
                "762b38107f474d33c26501a2b5bfb4a71054eecb83d0b2f8b75d8fb669a58e85",
                "f662dbc42ebd5a4432325f10d943cfc6ca8eed89b9a50e9530270078cbab3079",
                "33e7e2c04dc2f21fb551434e83ebc9cfd928fa5d4979142cc549974baaab43bc",
                "2ce7ea28cfa63959159755334a4be0c5f26b4b9b6fbb567b718ab2d6d9fffdf0",
                "67f051b6274453ce5679419c9836a47bbc478f70e1a9585de380e57caa1451fa",
                "4c02afad7ccabde716f5573e0e79ecd3c162eb994b0363f4624fb2a0745613cf"
            ],
            "type": "XHR",
            "firstPartyCookies": {},
            "firstPartyCookiesSent": {},
            "exampleSites": [
                "www.instantcheckmate.com",
                "www.paid-to-read-email.com",
                "www.themarathonclothing.com",
                "www.jrcigars.com",
                "grabagun.com",
                "eu.representclo.com",
                "uspoloassn.com",
                "uk.representclo.com",
                "my.textmagic.com",
                "curvage.org",
                "famoid.com",
                "www.patmcgrath.com",
                "dossier.co",
                "prod.kueskipay.com",
                "www.shopmissa.com",
                "rayconglobal.com",
                "www.bumper.com",
                "www.hotelplanner.com",
                "dailysale.com",
                "www.mediafire.com"
            ]
        }
    ],
    "categories": [],
    "performance": {},
    "cookies": 0,
    "topInitiators": [
        {
            "domain": "maxmind.com",
            "prevalence": 0.39285714285714285
        },
        {
            "domain": "shopify.com",
            "prevalence": 0.32142857142857145
        },
        {
            "domain": "first party",
            "prevalence": 0.10714285714285714
        },
        {
            "domain": "shopifyorderlimits.s3.amazonaws.com",
            "prevalence": 0.10714285714285714
        },
        {
            "domain": "kwai.net",
            "prevalence": 0.03571428571428571
        },
        {
            "domain": "datadoghq-browser-agent.com",
            "prevalence": 0.03571428571428571
        }
    ],
    "types": {
        "XHR": 27
    },
    "nameservers": [
        "josh.ns.cloudflare.com",
        "kim.ns.cloudflare.com"
    ]
}