{
    "domain": "mobage.jp",
    "owner": {},
    "source": [
        "DuckDuckGo-US"
    ],
    "prevalence": 0.000191,
    "sites": 14,
    "subdomains": [
        "connect",
        "cdn-connect"
    ],
    "cnames": [],
    "fingerprinting": 1,
    "resources": [
        {
            "rule": "mobage\\.jp\\/connect\\/1\\.0\\/services\\/authorize",
            "cookies": 0.000177,
            "fingerprinting": 0,
            "subdomains": [
                "connect"
            ],
            "apis": {},
            "sites": 13,
            "prevalence": 0.000177,
            "cnames": [],
            "responseHashes": [
                "60762e3c7f12f0731d253bcad5cee8dfec6fe255d422b5dd3f70b2176a5809ca",
                "9a1d190d40d20df2caea3aa7510c473ecd306fc196f4246dc53327ef0975e2e2",
                "5c153484cae925e412daaad4d0fa52c40895a480251e4cd5c5ef104e90a6116b",
                "f0aabd5cd50b534f5d83d039a9becc7045cddc7ed684ed1023d840426dfa7cfc",
                "92d28339df0146027a28b6124c7a796c085f2d9122cb555ce8ebc8268d325fa5"
            ],
            "type": "Document",
            "firstPartyCookies": {},
            "firstPartyCookiesSent": {},
            "exampleSites": [
                "mbga.jp",
                "g12013655.sp.pf.mbga.jp",
                "g12016891.sp.pf.mbga.jp",
                "g12017647.sp.pf.mbga.jp",
                "g12024505.sp.pf.mbga.jp",
                "g12015857.sp.pf.mbga.jp",
                "g12014648.sp.pf.mbga.jp",
                "g12017742.sp.pf.mbga.jp",
                "g12020713.sp.pf.mbga.jp",
                "g12026004.sp.pf.mbga.jp",
                "g12014827.sp.pf.mbga.jp",
                "g12010355.sp.pf.mbga.jp",
                "gbf.game.mbga.jp"
            ]
        },
        {
            "rule": "mobage\\.jp\\/login",
            "cookies": 0,
            "fingerprinting": 0,
            "subdomains": [
                "connect"
            ],
            "apis": {},
            "sites": 13,
            "prevalence": 0.000177,
            "cnames": [],
            "responseHashes": [
                "60762e3c7f12f0731d253bcad5cee8dfec6fe255d422b5dd3f70b2176a5809ca",
                "9a1d190d40d20df2caea3aa7510c473ecd306fc196f4246dc53327ef0975e2e2",
                "5c153484cae925e412daaad4d0fa52c40895a480251e4cd5c5ef104e90a6116b",
                "f0aabd5cd50b534f5d83d039a9becc7045cddc7ed684ed1023d840426dfa7cfc",
                "bc8049c199d76e84da7a9fce9e3e7397376ba3cec333499b626223e56ffa0867",
                "92d28339df0146027a28b6124c7a796c085f2d9122cb555ce8ebc8268d325fa5",
                "a7ff550a2b68b57090f7d6ac0fedca21b44219fbc1ed4b87fb22ad120bfbf3c9",
                "c31980e3c44d84baf1f79a6c13324bc24bac74b4338a88984716b9b0e75d629e",
                "1b426a7e511b0722d1cbdfab6d3ea7b2b0a4cebf2cdb12d71ef45f2dee7ab906",
                "5f661b61791a36d338caa82dc6df34e6155c39ef5e50d69ddabd9f877a5e12bc",
                "39042b9a2e43165c72feac35819b8f27fb5fbd6a2065cdf4ec6b783725a419aa",
                "0b3fc38738c1b4349d66abb324f12211d2d4ca2c0e5d85aeca77a90001ad28cd"
            ],
            "type": "Document",
            "firstPartyCookies": {},
            "firstPartyCookiesSent": {},
            "exampleSites": [
                "mbga.jp",
                "g12013655.sp.pf.mbga.jp",
                "g12016891.sp.pf.mbga.jp",
                "g12017647.sp.pf.mbga.jp",
                "g12024505.sp.pf.mbga.jp",
                "g12015857.sp.pf.mbga.jp",
                "g12014648.sp.pf.mbga.jp",
                "g12017742.sp.pf.mbga.jp",
                "g12020713.sp.pf.mbga.jp",
                "g12026004.sp.pf.mbga.jp",
                "g12014827.sp.pf.mbga.jp",
                "g12010355.sp.pf.mbga.jp",
                "gbf.game.mbga.jp"
            ]
        },
        {
            "rule": "mobage\\.jp\\/static\\/js\\/sp\\/build\\/connect\\.min\\.js",
            "cookies": 0,
            "fingerprinting": 1,
            "subdomains": [
                "cdn-connect"
            ],
            "apis": {
                "Date.prototype.getTime": 13,
                "window.localStorage": 5,
                "Navigator.prototype.userAgent": 5
            },
            "sites": 13,
            "prevalence": 0.000177,
            "cnames": [],
            "responseHashes": [
                "b984d57afa3bfd9b9a1e16d8c66764d03ee32da03bdca0284b69368cea7b7a90"
            ],
            "type": "Script",
            "firstPartyCookies": {},
            "firstPartyCookiesSent": {},
            "exampleSites": [
                "mbga.jp",
                "g12013655.sp.pf.mbga.jp",
                "g12016891.sp.pf.mbga.jp",
                "g12017647.sp.pf.mbga.jp",
                "g12024505.sp.pf.mbga.jp",
                "g12015857.sp.pf.mbga.jp",
                "g12014648.sp.pf.mbga.jp",
                "g12017742.sp.pf.mbga.jp",
                "g12020713.sp.pf.mbga.jp",
                "g12026004.sp.pf.mbga.jp",
                "g12014827.sp.pf.mbga.jp",
                "g12010355.sp.pf.mbga.jp",
                "gbf.game.mbga.jp"
            ]
        },
        {
            "rule": "mobage\\.jp\\/static\\/css\\/sp\\/default\\.min\\.css",
            "cookies": 0,
            "fingerprinting": 0,
            "subdomains": [
                "cdn-connect"
            ],
            "apis": {},
            "sites": 13,
            "prevalence": 0.000177,
            "cnames": [],
            "responseHashes": [
                "12be4d6754466ff0e63213e73c46d5f5b69ca7990eb31257f43c8afdb4ef8305"
            ],
            "type": "Stylesheet",
            "firstPartyCookies": {},
            "firstPartyCookiesSent": {},
            "exampleSites": [
                "mbga.jp",
                "g12013655.sp.pf.mbga.jp",
                "g12016891.sp.pf.mbga.jp",
                "g12017647.sp.pf.mbga.jp",
                "g12024505.sp.pf.mbga.jp",
                "g12015857.sp.pf.mbga.jp",
                "g12014648.sp.pf.mbga.jp",
                "g12017742.sp.pf.mbga.jp",
                "g12020713.sp.pf.mbga.jp",
                "g12026004.sp.pf.mbga.jp",
                "g12014827.sp.pf.mbga.jp",
                "g12010355.sp.pf.mbga.jp",
                "gbf.game.mbga.jp"
            ]
        },
        {
            "rule": "mobage\\.jp\\/static\\/img\\/theme\\/default\\/logo\\.png",
            "cookies": 0,
            "fingerprinting": 0,
            "subdomains": [
                "cdn-connect"
            ],
            "apis": {},
            "sites": 13,
            "prevalence": 0.000177,
            "cnames": [],
            "responseHashes": [
                "30d39d7f627c9fe54b42c2dd9d910252db947b5e076464d4d90a4b6111c085e4"
            ],
            "type": "Image",
            "firstPartyCookies": {},
            "firstPartyCookiesSent": {},
            "exampleSites": [
                "mbga.jp",
                "g12013655.sp.pf.mbga.jp",
                "g12016891.sp.pf.mbga.jp",
                "g12017647.sp.pf.mbga.jp",
                "g12024505.sp.pf.mbga.jp",
                "g12015857.sp.pf.mbga.jp",
                "g12014648.sp.pf.mbga.jp",
                "g12017742.sp.pf.mbga.jp",
                "g12020713.sp.pf.mbga.jp",
                "g12026004.sp.pf.mbga.jp",
                "g12014827.sp.pf.mbga.jp",
                "g12010355.sp.pf.mbga.jp",
                "gbf.game.mbga.jp"
            ]
        },
        {
            "rule": "mobage\\.jp\\/static\\/img\\/common\\/btn_apple\\.png",
            "cookies": 0,
            "fingerprinting": 0,
            "subdomains": [
                "cdn-connect"
            ],
            "apis": {},
            "sites": 13,
            "prevalence": 0.000177,
            "cnames": [],
            "responseHashes": [
                "0c803842bb1f62a638bfc8364934dcfc49435f42d31bbdcdc5e451829c52c93e"
            ],
            "type": "Image",
            "firstPartyCookies": {},