{
    "domain": "mobylog.jp",
    "owner": {},
    "source": [
        "DuckDuckGo-US"
    ],
    "prevalence": 0.0000692,
    "sites": 10,
    "subdomains": [
        "log1"
    ],
    "cnames": [],
    "fingerprinting": 1,
    "resources": [
        {
            "rule": "mobylog\\.jp\\/_tag_mobylog\\.js",
            "cookies": 0.0000346,
            "fingerprinting": 1,
            "subdomains": [
                "log1"
            ],
            "apis": {
                "Document.cookie getter": 6,
                "window.localStorage": 6,
                "Date.prototype.getTime": 5,
                "Document.cookie setter": 5
            },
            "sites": 6,
            "prevalence": 0.0000415,
            "cnames": [],
            "responseHashes": [
                "38dc89af49acb6da098700209be4f3d9ee91e2a305d56668b44be121289b67eb"
            ],
            "type": "Script",
            "firstPartyCookies": {
                "MOBYLOGTracking_Params_u_500575": {
                    "ttl": 157680003,
                    "length": 40,
                    "prevalence": 0.000006917925729149372,
                    "uniqueness": 1
                },
                "MOBYLOGTracking_Params_t_500575": {
                    "ttl": 1803,
                    "length": 40,
                    "prevalence": 0.000006917925729149372,
                    "uniqueness": 1
                },
                "MOBYLOG_ra_500575": {
                    "ttl": 157680003,
                    "length": 1,
                    "prevalence": 0.000006917925729149372,
                    "uniqueness": 1
                },
                "MOBYLOG_sv_500575": {
                    "ttl": null,
                    "length": 16,
                    "prevalence": 0.000006917925729149372,
                    "uniqueness": 1
                },
                "MOBYLOGTracking_Params_u_500738": {
                    "ttl": 157680008,
                    "length": 40,
                    "prevalence": 0.000006917925729149372,
                    "uniqueness": 1
                },
                "MOBYLOGTracking_Params_t_500738": {
                    "ttl": 1808,
                    "length": 40,
                    "prevalence": 0.000006917925729149372,
                    "uniqueness": 1
                },
                "MOBYLOG_ra_500738": {
                    "ttl": 157680009,
                    "length": 1,
                    "prevalence": 0.000006917925729149372,
                    "uniqueness": 1
                },
                "MOBYLOG_sv_500738": {
                    "ttl": null,
                    "length": 16,
                    "prevalence": 0.000006917925729149372,
                    "uniqueness": 1
                },
                "MOBYLOGTracking_Params_u_500789": {
                    "ttl": 157680005,
                    "length": 40,
                    "prevalence": 0.000006917925729149372,
                    "uniqueness": 1
                },
                "MOBYLOGTracking_Params_t_500789": {
                    "ttl": 1805,
                    "length": 40,
                    "prevalence": 0.000006917925729149372,
                    "uniqueness": 1
                },
                "MOBYLOG_ra_500789": {
                    "ttl": 157680005,
                    "length": 1,
                    "prevalence": 0.000006917925729149372,
                    "uniqueness": 1
                },
                "MOBYLOG_sv_500789": {
                    "ttl": null,
                    "length": 16,
                    "prevalence": 0.000006917925729149372,
                    "uniqueness": 1
                },
                "MOBYLOGTracking_Params_u_500527": {
                    "ttl": 157680005,
                    "length": 40,
                    "prevalence": 0.000006917925729149372,
                    "uniqueness": 1
                },
                "MOBYLOGTracking_Params_t_500527": {
                    "ttl": 1805,
                    "length": 40,
                    "prevalence": 0.000006917925729149372,
                    "uniqueness": 1
                },
                "MOBYLOG_ra_500527": {
                    "ttl": 157680005,
                    "length": 1,
                    "prevalence": 0.000006917925729149372,
                    "uniqueness": 1
                },
                "MOBYLOG_sv_500527": {
                    "ttl": null,
                    "length": 16,
                    "prevalence": 0.000006917925729149372,
                    "uniqueness": 1
                }
            },
            "firstPartyCookiesSent": {},
            "exampleSites": [
                "rekordbox.com",
                "www.able.co.jp",
                "www.bellemaison.jp",
                "www.digimart.net",
                "www.kaldi.co.jp",
                "www.yamada-denkiweb.com"
            ]
        },
        {
            "rule": "mobylog\\.jp\\/xd_plugin\\.js",
            "cookies": 0.00000692,
            "fingerprinting": 1,
            "subdomains": [
                "log1"
            ],
            "apis": {
                "Document.cookie setter": 1
            },
            "sites": 5,
            "prevalence": 0.0000346,
            "cnames": [],
            "responseHashes": [
                "f4d8088cd32fdc97f9fda342f8b6542b45b7be0eca2e5583a259a8dbb40aaa34"
            ],
            "type": "Script",
            "firstPartyCookies": {
                "xdLoginStatus": {
                    "ttl": -1638920870,
                    "length": 1,
                    "prevalence": 0.000006917925729149372,
                    "uniqueness": 1
                }
            },
            "firstPartyCookiesSent": {},
            "exampleSites": [
                "rekordbox.com",
                "www.bellemaison.jp",
                "www.digimart.net",
                "www.kaldi.co.jp",
                "www.yamada-denkiweb.com"
            ]
        },
        {
            "rule": "mobylog\\.jp\\/msb\\.php",
            "cookies": 0,
            "fingerprinting": 0,
            "subdomains": [
                "log1"
            ],
            "apis": {},
            "sites": 4,
            "prevalence": 0.0000277,
            "cnames": [],
            "responseHashes": [
                "6758751c08ab3584cf022e8233d513ab1c3ed6e853a126a275e1e5a4ad0b1b0e",
                "0fef5b18ecf69b4710bdd2547249546712d4e305d010f23c16ccd44fc72b94af",
                "d529641b1174c8992f73dd5d19887d8767d8112dfad4588a0f4dbaf8c898c7db"
            ],
            "type": "Script",
            "firstPartyCookies": {},
            "firstPartyCookiesSent": {},
            "exampleSites": [
                "rekordbox.com",
                "www.digimart.net",
                "www.kaldi.co.jp",
                "www.yamada-denkiweb.com"
            ]
        },
        {
            "rule": "mobylog\\.jp\\/dot\\.php",
            "cookies": 0.0000346,
            "fingerprinting": 0,
            "subdomains": [
                "log1"
            ],
            "apis": {},
            "sites": 5,
            "prevalence": 0.0000346,
            "cnames": [],
            "responseHashes": [
                "25479a250fbceb448aa566218c2098a0c371bc72d8bb65023b4a019a6a0b04c1"
            ],
            "type": "Image",
            "firstPartyCookies": {},
            "firstPartyCookiesSent": {},
            "exampleSites": [
                "rekordbox.com",
                "www.able.co.jp",
                "www.digimart.net",
                "www.kaldi.co.jp",
                "www.yamada-denkiweb.com"
            ]
        },
        {
            "rule": "mobylog\\.jp\\/__xdtc\\/500437\\.js",
            "cookies": 0,
            "fingerprinting": 1,
            "subdomains": [
                "log1"
            ],
            "apis": {
                "Document.cookie getter": 2,