{
    "domain": "moevideo.biz",
    "owner": {},
    "source": [
        "DuckDuckGo-US"
    ],
    "prevalence": 0.000221,
    "sites": 32,
    "subdomains": [
        "am-0",
        "cs-0"
    ],
    "cnames": [],
    "fingerprinting": 2,
    "resources": [
        {
            "rule": "moevideo\\.biz\\/embed\\/core\\/version",
            "cookies": 0,
            "fingerprinting": 0,
            "subdomains": [],
            "apis": {},
            "sites": 20,
            "prevalence": 0.000138,
            "cnames": [],
            "responseHashes": [
                "ce1cb3aa4da385c07c22ab483540f8c106b6fc07f18d8c3d51f2755a634eec8b",
                "77251156ba9431907f57e0e59580cdd33470d6da650a21e30af9607db154d8e6",
                "c934a70d8d4de4432bddbb6f14256280cfa38a38a3f69ca0a06a7ca16275c74d",
                "3301e1b084af293a4862b77395f2fcb647afbf1d78c9355a69886fc52d865aba",
                "6d217c9e67c90fd622f3ca5d9f2183e8d5ecd403ee0a5ad1459deb05e47fd8d9",
                "6bb4f8f534e17cfd5826ab6231d288db9b07ab1f360f8c4a73a588e164b2474d",
                "947eb129e4cb7288ffe127ceb35d24c7feb236f22ec5f43250a90a5c7df122dd",
                "1f8d174fd4ff463b7844a205d9cf68ae144db78cb536b3c112fe6f14c62ad816",
                "da24321d3dc1ebcd87ed0c9b5b67a08032cbe694294bdc35c3689b7da08f2f1f",
                "9235c8077ccd2f1c3d7f5f20d9b6d2a7f08548935b51b5df0afb5f6ee968e0e4",
                "b45d422b039a1c4ef0b2a373018cd57a7ddce1bfb3337e35be5f9b3851203281",
                "30e8202522a2c4f4d8e78bab268af12e7538d554c0e8e1bb6ad1ff3e135201bb",
                "8d6f30838f3d351d53555bc33aebed2cec0c90511be1b1de1680a46261f9df30",
                "d0e5ff5d716088c051dea7aa4125b45908f067a5006c892f12fece6e98e9aaea",
                "05f2d6b300740b2657f93c693ab4a0746d8d10ee8c2e49e17857a753bc46fd6f",
                "be58fe9b22f3bee96f234d094a8d1997631ebdf0ce7bc5caa64429d39d90235b",
                "896389546aa656116c6ed70699ab477c84f96320c0aa9edde2b40e74d5314a55",
                "b1b2b0855ba294f780616db783b10392a5f6c2506c70d753be1fab2c50122523"
            ],
            "type": "Script",
            "firstPartyCookies": {},
            "firstPartyCookiesSent": {
                "_ym_d": 0.00003458962864574686
            },
            "exampleSites": [
                "7days.ru",
                "doramatv.live",
                "forums.playground.ru",
                "glavkniga.ru",
                "kakpishem.ru",
                "regnum.ru",
                "russkiypro.ru",
                "rustih.ru",
                "studbooks.net",
                "studme.org",
                "studref.com",
                "studwood.ru",
                "svpressa.ru",
                "tass.ru",
                "video.sibnet.ru",
                "vuzlit.ru",
                "www.garant.ru",
                "www.glavbukh.ru",
                "www.kolesa.ru",
                "yablyk.com"
            ]
        },
        {
            "rule": "moevideo\\.biz\\/native",
            "cookies": 0.000118,
            "fingerprinting": 0,
            "subdomains": [],
            "apis": {},
            "sites": 17,
            "prevalence": 0.000118,
            "cnames": [],
            "responseHashes": [
                "563c827fe8e12f88fde8e95fcc9c4d85ac677d00206e643d62986c373cc50f03",
                "0431dadca5aa8315c0eb8340d5a6ad9696660d347c4159f83b36c24447be56a6",
                "06d7cf4396dc3393b0577aee736a17451c48962f7e9fe32b2b4139d9a8a183f6",
                "d8444d700698a9e9a73f50f672f58b21737e13219ae02421acb06b1648b13a62",
                "0c77ff50a98a2f7a41c53a5862ee7251603f5d26bbd2266478f45666541834d6",
                "f87855fa77901d511b479ee1950fdbeb6fcc01adde27810327455cf6ce4a1d53",
                "53b1a0d6e1257083e71edfe62d853fdba0f53ee5b2cc0baee2539064c79a1dfb",
                "ce30c42eca154827dd6d4e900f69a6aa595859fb80a99bf77264ca4c771259bd",
                "48f810997c6e6d63748a8183cbc3d5b83fad2494b8a73cd5eca7071b732eb74a",
                "862e9f958b77a02786113544621ec5d3a3309bf25b9a5bdf1746451a20d72c97",
                "c659c0f2c331c7255ba49418d6c508ab3a7dbbaa68aaf597e058d61e6cb97bae",
                "570a2c0235490d3071867ca33d0dad9251d59d4fd396475044fba320bab4f93c",
                "c5a9bf74726a435638a7799fb8b519d0a28ec7114a2295498a972c7b856d2c22",
                "6cd5d084fe62765d21f835267f99bd2110c0ccaa3ace9c856215e4cb36608fd1",
                "31fea1db24403734a902b2b19a31eef83f7c7cad08dbe994e7b05692ea5b4177",
                "0562ac5d528755d55421a9b8a999ce0a5082fcef3b77456e7199a6ea430a68e3"
            ],
            "type": "Document",
            "firstPartyCookies": {},
            "firstPartyCookiesSent": {},
            "exampleSites": [
                "7days.ru",
                "doramatv.live",
                "forums.playground.ru",
                "glavkniga.ru",
                "kakpishem.ru",
                "russkiypro.ru",
                "studbooks.net",
                "studme.org",
                "studref.com",
                "studwood.ru",
                "svpressa.ru",
                "tass.ru",
                "video.sibnet.ru",
                "vuzlit.ru",
                "www.garant.ru",
                "www.kolesa.ru",
                "yablyk.com"
            ]
        },
        {
            "rule": "moevideo\\.biz\\/embed\\/player\\/1746\\/skins\\/gray\\/styles\\.css",
            "cookies": 0,
            "fingerprinting": 0,
            "subdomains": [],
            "apis": {},
            "sites": 16,
            "prevalence": 0.000111,
            "cnames": [],
            "responseHashes": [
                "8981b7634262efb2ccddde3aaf691c544eb2e2a9f95fe7f7976d6574a14999e4"
            ],
            "type": "Stylesheet",
            "firstPartyCookies": {},
            "firstPartyCookiesSent": {},
            "exampleSites": [
                "7days.ru",
                "doramatv.live",
                "forums.playground.ru",
                "glavkniga.ru",
                "kakpishem.ru",
                "russkiypro.ru",
                "studbooks.net",
                "studme.org",
                "studref.com",
                "studwood.ru",
                "svpressa.ru",
                "video.sibnet.ru",
                "vuzlit.ru",
                "www.garant.ru",
                "www.kolesa.ru",
                "yablyk.com"
            ]
        },
        {
            "rule": "moevideo\\.biz\\/embed\\/player\\/1746\\/mvplayer\\.min\\.js",
            "cookies": 0,
            "fingerprinting": 2,
            "subdomains": [],
            "apis": {
                "Navigator.prototype.userAgent": 16,
                "PerformanceTiming.prototype.navigationStart": 16,
                "Navigator.prototype.plugins": 14,
                "Navigator.prototype.appVersion": 16,
                "Screen.prototype.width": 16,
                "Screen.prototype.height": 16,
                "HTMLMediaElement.prototype.canPlayType": 16,
                "Document.cookie getter": 16,
                "window.devicePixelRatio": 16,
                "Navigator.prototype.languages": 8,
                "Navigator.prototype.language": 8,
                "window.localStorage": 6
            },
            "sites": 16,
            "prevalence": 0.000111,
            "cnames": [],
            "responseHashes": [
                "f31b1618051673bcac359adc10993b99eeb631ecbf20c8fa1720234c49d4400c"
            ],
            "type": "Script",
            "firstPartyCookies": {},
            "firstPartyCookiesSent": {},