{
    "domain": "montkyodo.top",
    "owner": {},
    "source": [
        "DuckDuckGo-US"
    ],
    "prevalence": 0.000313,
    "sites": 46,
    "subdomains": [
        "a",
        "b",
        "cdn3"
    ],
    "cnames": [],
    "fingerprinting": 0,
    "resources": [
        {
            "rule": "montkyodo\\.top\\/loader",
            "cookies": 0,
            "fingerprinting": 0,
            "subdomains": [
                "a"
            ],
            "apis": {},
            "sites": 24,
            "prevalence": 0.000163,
            "cnames": [],
            "responseHashes": [
                "5bbda328c52f5f9630b18cac03a36f5f03a9efe749146070beb50a03690b2c2e",
                "cf98d735730ba53f64c1e2878377fee769435b143d84bc2bbb0cbc3ae274fb24",
                "e6054f094fefdffa9405df91fb8c9359d736a8afc030f4212d4a91fb83b90197",
                "7b5434af06bed6d33690883cd4dc654a2d88f788259a1de02cbe182b5a4478ad",
                "f67e00e5bc434be563b92676231be5b2895db660d8a36431d974c40a067d75b3",
                "5a56fefaa29a631ab66459abf6badd0bb3f74caf8185f76565ebad30e416a763",
                "e77ee0672e87efa2b7025e21e0d785209e6b18b826752a2fce45924d3b59e43d",
                "af2b6bee175bc68a4952b26078e658b53ed54244fcac2bc26caf68ed1545bfa8",
                "15eb40c02b6631fc09e0370e21f48808ef9d2045792b5451fd5799385b9ac98c",
                "43c1a451a2292c57092d9e659558e6e3200dc902453fb6b4d6c964e959ad5d8a",
                "0dd3a8f9d913186ba30bc279a58a45fc5706c12d431999e1223fa27e2621bc07",
                "41af43e2e4b0fa86c0467004a11ae86b4850b33dc9bdaa4370ef7e59833ae5c0",
                "cd30c7048a5c7f9606bb2463e971fbc56c1ba3ab7136abd0f3b2a259d9574bcf",
                "8eb260d5e31d8aebad50a9f3eba2a9fb9484222ba0041bfc6a980da00067aed7",
                "6baab50ef28a190c93f8af557dc100183621b89fcbe8b6731b82d58e6bd111af",
                "e25a72cb65c089a0740f53af205133a32eef896ea7961ebdc8ac21e1132042cc",
                "61998ed70dff585bebe4d20c9dcd187d8b514eb254b219099e32704725674789",
                "bcc78ebe02c9539bbfbad823c08dd3f7990070730f8f5b64547d827f86d3fa81",
                "1ffeb428d98f7240075b470825219731d8d3e43f33ced854758a8b86d4c389f3",
                "1fe2455f1faf1e3c814d8ec55c2be05892d97b62d4d69efc06cbc2cc7851b51f",
                "b80b4067ceb21d6bbab8cdb25d7a6780748ac9bd46fa38249641171d5639cada",
                "8957529a6447c057ecb292bb73ad871325918e7350fa08cbe6e7f53a7dd70f7b",
                "723040457c704982da441512b178e6474f30027024cb6598a466ef1622bee2a0"
            ],
            "type": "Document",
            "firstPartyCookies": {},
            "firstPartyCookiesSent": {},
            "exampleSites": [
                "www.sexygirlspics.com",
                "milfgalleries.com",
                "bustypics.com",
                "nastypornpics.com",
                "grannytitty.com",
                "nakedwomenpics.com",
                "www.hdpornpics.com",
                "alloldpics.com",
                "shavedpics.com",
                "hotpussypics.com",
                "crazysexpics.com",
                "idealmilf.com",
                "maturepornpics.com",
                "www.nastypornpics.com",
                "hdpornpics.com",
                "idealmature.com",
                "hairytouch.com",
                "sexygirlspics.com",
                "lamalinks.com",
                "analpics.com"
            ]
        },
        {
            "rule": "montkyodo\\.top\\/i",
            "cookies": 0,
            "fingerprinting": 0,
            "subdomains": [
                "b"
            ],
            "apis": {},
            "sites": 24,
            "prevalence": 0.000163,
            "cnames": [],
            "responseHashes": [
                "e3b0c44298fc1c149afbf4c8996fb92427ae41e4649b934ca495991b7852b855"
            ],
            "type": "Image",
            "firstPartyCookies": {},
            "firstPartyCookiesSent": {},
            "exampleSites": [
                "idealmature.com",
                "viewgals.com",
                "allcumshotpics.com",
                "maturepornpics.com",
                "hairytouch.com",
                "idealmilf.com",
                "alloldpics.com",
                "milfgalleries.com",
                "grannytitty.com",
                "hdpornpics.com",
                "www.sexygirlspics.com",
                "bustypics.com",
                "analpics.com",
                "shavedpics.com",
                "www.hdpornpics.com",
                "lamalinks.com",
                "www.nastypornpics.com",
                "hotpussypics.com",
                "nastypornpics.com",
                "sexygirlspics.com"
            ]
        },
        {
            "rule": "montkyodo\\.top\\/64\\/7e\\/159867\\/00001916523\\.gif",
            "cookies": 0,
            "fingerprinting": 0,
            "subdomains": [
                "cdn3"
            ],
            "apis": {},
            "sites": 11,
            "prevalence": 0.0000749,
            "cnames": [],
            "responseHashes": [
                "18a86eb8cc100fed1b38cc4fd350c82580c9bede68bef2707ffbdda393cf6933"
            ],
            "type": "Image",
            "firstPartyCookies": {},
            "firstPartyCookiesSent": {},
            "exampleSites": [
                "allcumshotpics.com",
                "bbwpictures.com",
                "crazysexpics.com",
                "grannytitty.com",
                "hdpornpics.com",
                "hotpussypics.com",
                "milfgalleries.com",
                "sexygirlspics.com",
                "shavedpics.com",
                "viewgals.com",
                "www.hdpornpics.com"
            ]
        },
        {
            "rule": "montkyodo\\.top\\/0e\\/4d\\/53393\\/00000260574\\.gif",
            "cookies": 0,
            "fingerprinting": 0,
            "subdomains": [
                "cdn3"
            ],
            "apis": {},
            "sites": 2,
            "prevalence": 0.0000136,
            "cnames": [],
            "responseHashes": [
                "605dd9c0f47a74904b164c2ac7a6669787bb5d7d3df079f234bd5492fdf6bfc9"
            ],
            "type": "Image",
            "firstPartyCookies": {},
            "firstPartyCookiesSent": {},
            "exampleSites": [
                "alloldpics.com",
                "idealmilf.com"
            ]
        },
        {
            "rule": "montkyodo\\.top\\/d9\\/49\\/158401\\/00001875338\\.gif",
            "cookies": 0,
            "fingerprinting": 0,
            "subdomains": [
                "cdn3"
            ],
            "apis": {},
            "sites": 2,
            "prevalence": 0.0000136,
            "cnames": [],
            "responseHashes": [
                "03e76a32e34a82a47279ccb5d3be90526ae8fa38da35733580c29f2cfee38cbe"
            ],
            "type": "Image",
            "firstPartyCookies": {},
            "firstPartyCookiesSent": {},
            "exampleSites": [
                "hairytouch.com",
                "lamalinks.com"
            ]
        },
        {
            "rule": "montkyodo\\.top\\/d9\\/49\\/158401\\/00001875334\\.gif",
            "cookies": 0,
            "fingerprinting": 0,
            "subdomains": [
                "cdn3"
            ],
            "apis": {},
            "sites": 2,
            "prevalence": 0.0000136,
            "cnames": [],
            "responseHashes": [
                "af394acb335988af44c795ed9a37273f3deaf691d121ab0137a066e25200bd45"
            ],
            "type": "Image",
            "firstPartyCookies": {},
            "firstPartyCookiesSent": {},
            "exampleSites": [
                "hotpussypics.com",
                "milfgalleries.com"
            ]
        }
    ],
    "categories": [],
    "performance": {},
    "cookies": 0,
    "types": {
        "Document": 24,
        "Image": 41
    },
    "nameservers": [
        "olga.ns.cloudflare.com",
        "fred.ns.cloudflare.com"
    ]
}