{
    "domain": "mountain.com",
    "owner": {},
    "source": [
        "DuckDuckGo-US"
    ],
    "prevalence": 0.000429,
    "sites": 60,
    "subdomains": [
        "dx",
        "px",
        "gs"
    ],
    "cnames": [],
    "fingerprinting": 1,
    "resources": [
        {
            "rule": "mountain\\.com\\/spx",
            "cookies": 0,
            "fingerprinting": 1,
            "subdomains": [
                "dx"
            ],
            "apis": {
                "Document.cookie getter": 30
            },
            "sites": 31,
            "prevalence": 0.000222,
            "cnames": [],
            "responseHashes": [
                "ff8eca278ae5771f585a7739fc266526bc4ca9b5cab4358c9c0584c65e3cbae0",
                "a20fffd44352f5d36d98aa0b4f926d172d34db65876fd857ccd6572d33c79a15",
                "b384ad24f9586e42bb5c38f6a565991c2f904403cf58bc3da05b4e03cc21ac5c",
                "02d80597bd040c8456d4a7219af1506f7b28a75d26505df79b5d1bfb5c957fa2",
                "7db04dc52ad8af5e127dfb4909ff93541636b0766a448f4dbb907cbbf8480205",
                "6ad91356a63af1b6c373f6b414d8e166f94cf40a7b9d4eec13c0e518a6bf1a22",
                "9c6f7ec93d2de5484dc8c86e47f7bea845994d6087431324c0ee8f80e4cd0fc7",
                "fbe4898051a391802482dbd5210497080e45d801d1f5c00b41f44060f261ad3b",
                "8e02160fdde69fb9b95c6166d5d1f3c13ffc7f5f21652d83c204530d7da630a5",
                "c5effc7cf7cad15f1ec9dd75d4570ad8200edd33c29b143c8fa7456e6fa60d52",
                "894940ea77019f818926aa20f8ee7497b9dd695511d85fa9b8e97304a354eb03",
                "42d65c4b3d849607df9dc0ba07b1583949bd53e4ca4e5947828b999b5ef7a1bb",
                "9443daf748969acde3d7d9422d3c8ccaaca2baf75d2425cf1f84ac45ac5cd308",
                "e3c6241bc3dee195e1ce1366aa59435581dacee74c1bdd35e49f8ee6f2a016f0",
                "65f5ef2807d2ef598a4cf8e03c350dcbf224366906e21cc824aaaab5d2ddf1f8",
                "8e65492f83960703a3fd7388c1981e57cd1082e7d8d31286296b1e7aaa3cc66d",
                "2be91e06b0f46f9eb29b03a5838bf0851e64ea8167c0b2dd8ffa09047a5de443",
                "48f6cb9ceb3b05f9eeed523014f20f00f42c6f7135edf7fe9299678a7b9227f8",
                "cad8891ef2b2e77dc64e0b2e7381fbcffe0fafd2a01feb0c6ee35dfc75532212",
                "3cfc33cc7bdf83209f9bbd17347fb0492084cd2d214058abd672bba9cc9edbdb",
                "6ce2210e663ccb1e195697230646918e3b478d062eebb111b33d8b1371d29ff9",
                "a9df2f731b32743c12f91c57efbb3b18c0d49a5bd3bd8372492dab30e285daa5",
                "a621f68a8741baa5b01864554a12ca7638fe8e3529280866d8a6502638b2dae6",
                "126094e5c727094e4602cf7c90b858b0b62a2dbdbe4b439bd66b144903de6fc8",
                "40a21c857a5dd50745bb7d91ec78d6a85962c2bfc5f72812349b1b64584ba452",
                "c5d0b6fbf9dae1cdeea36cfee02b6cf9d0b1ff45d4ea73e4318b8807c0d29c6a",
                "5ad513b3ffdfecdee87b706bd79f932daac41343a65e74698916e2f3eaa7da9f",
                "3fb5666a81992d76f100c7ef8bc07462c9c5246fe9ec9b89703e29b2dd734870",
                "05c99643590925d6996efecde693f7638b9e722b8a2062aaee4544bb34da4e1f",
                "62fe93fed956dd53b0a28987a95b4b2302b393dcea45651bc92a8ac0493b783b"
            ],
            "type": "Script",
            "firstPartyCookies": {},
            "firstPartyCookiesSent": {
                "gpv_pn": 0.000007149904906264747,
                "_li_dcdm_c": 0.00004289942943758848,
                "dy_fs_page": 0.000007149904906264747,
                "IR_gbd": 0.000007149904906264747
            },
            "exampleSites": [
                "www.fortinet.com",
                "www.naturalcycles.com",
                "bedthreads.com.au",
                "www.rimowa.com",
                "sunwarrior.com",
                "www.webuyanycar.com",
                "www.mindvalley.com",
                "www.carparts.com",
                "www.bamboohr.com",
                "www.joinhoney.com",
                "www.nobullproject.com",
                "www.copilotsearch.com",
                "www.fijiairways.com",
                "www.neimanmarcus.com",
                "www.nu.edu",
                "www.vistaprint.com.au",
                "casetext.com",
                "www.dickies.com",
                "www.harpercollins.com",
                "seikousa.com"
            ]
        },
        {
            "rule": "mountain\\.com\\/st",
            "cookies": 0.000222,
            "fingerprinting": 0,
            "subdomains": [
                "px"
            ],
            "apis": {},
            "sites": 31,
            "prevalence": 0.000222,
            "cnames": [],
            "responseHashes": [
                "baebfd2bf8b10b2903eef016c1e625e6851d1974d923261f393a1837a5649b22",
                "f5bfed882b136117b32756753cd22d859053d45610f6cd21254b807520a2d54a",
                "57fe4515d12c48527c59150849192ab7ddcb74126195da59897c0e20eebd34fb",
                "d8bfb401ae4496f928294292305f88878b2eec871142b16ab05c12b5a452e46d",
                "6a24db1f43c1ddcc4f6775e5af80148339aab35b22639b6ff91b42649ea10201",
                "1934707c95e4c09ba5521383ffae6ee8b49f048b82c31ab8ea683eeecbfc26af",
                "357e5e13223bbfd73b7892810d4bc8e27b9b24f8d9f85482cf25084e945f3643",
                "1fdbc65c5b95cd51983c1ea33a15bbcab906f95b0379f9d20f397637181d586b",
                "3d94355a58438e8729ad67184f8bc684b4d9c00f51c7fa47dbff5f8bed420256",
                "220792044cde69417f8ab2f3af97ab8a4d2650571f3a5f7c597da7f56ec7674a",
                "54234c15f3fbe127de19da547ecda5181429690ef6291db672accede5ac1b9cf",
                "27d0e6dc8e475e83a1e5919d50c3912205743ccb5ffc99b76ae4730d7031586c",
                "ae680cb1ecf8d8b7c9721b93dcc33e9fece992ff3b73bca4d373ef7ad9a57dbf",
                "be20ea5ea14665b1a7b1a3c8efbebeeebd27089a109691fa317c087d56b14e0c",
                "ad8c661e1f833b8d28d221635d81471fefe3d66fb0a6d1a14ef947684b9a0de7",
                "a36a65b123ca468bdd6fd6e8e87a2d5d39506e1e4869e8bb84ff04fafefedde0",
                "5bbe76446e1b73a7196590d1218a533b7da97712f44a9490ca69caa697abbdc7",
                "bfb9ecbf129bc665d0f92984c43482ffb4aa8dfa4a72a0506c21389b7bf39ee1",
                "6a7786caf45f71adec268cd0f6a3c774d8c94c947748328127dedae3b4779395",
                "003815abd2f2d80de973edca0e5949ac929b83358ba696602dc9ebbd0a60ff16",
                "97b5e295ba46b1ee624dd305a5dc4ec4cd43d91860e419e5ba3f9881696111d0",
                "a5b6d34e1d7bab02e847d4196e7fbd2d8d50b01a4582786f62b0da79d2201c7a",
                "fbab340a66005067afb034ae85db31ad1b1f038f30f176fe4420d9ffec45fe9b",
                "fa6dc8f4b8dd651967edefa233f78acf911ef1b6549be89325c146ec2f6ad2bd",
                "06a84f6cddef205ce4a3d9fc7c2dc326c8a20c05f4675ac20e651257ea126b8d",
                "f2fd3ec9b8c773972696b6ce358751f28fa3dc71cae4a81cd3f88b0cf4ad1008",
                "ebfb52938b67d444af4ea70b499554f20790e9460f4d71bcebfa2dc76995a38a",
                "55e15dfb16e69204df52e51f40cd9ebdc1b6c7e6bb3a3b85bd9933550960e09c",
                "858ed44ac5507e08bd3f5e3fa7f4bf1bcb91ac459d577bc55e42c06b4a8fc5c9"
            ],
            "type": "Script",
            "firstPartyCookies": {},
            "firstPartyCookiesSent": {
                "_ga": 0.0003074459109693841,
                "gpv_pn": 0.000007149904906264747,
                "_li_dcdm_c": 0.00004289942943758848,
                "ga_clientid": 0.000007149904906264747,
                "dy_fs_page": 0.000007149904906264747,
                "IR_gbd": 0.000007149904906264747
            },