{
    "domain": "mp4.center",
    "owner": {},
    "source": [
        "DuckDuckGo-US"
    ],
    "prevalence": 0.000118,
    "sites": 17,
    "subdomains": [
        "embed",
        "track",
        "static"
    ],
    "cnames": [],
    "fingerprinting": 1,
    "resources": [
        {
            "rule": "mp4\\.center\\/embed\\/block\\/",
            "cookies": 0,
            "fingerprinting": 0,
            "subdomains": [
                "embed"
            ],
            "apis": {},
            "sites": 13,
            "prevalence": 0.0000899,
            "cnames": [],
            "responseHashes": [
                "5feceb66ffc86f38d952786c6d696c79c2dbc239dd4e91b46729d73a27fb57e9"
            ],
            "type": "XHR",
            "firstPartyCookies": {},
            "firstPartyCookiesSent": {},
            "exampleSites": [
                "24porn.tv",
                "beeg.porn",
                "befuck.net",
                "bokepv.com",
                "bravotube.tv",
                "faketaxi.cc",
                "fap18.net",
                "redporn.one",
                "tubepornstars.tv",
                "vjav.one",
                "vporn.me",
                "xnxx18.xyz",
                "xxxmom.net"
            ]
        },
        {
            "rule": "mp4\\.center\\/\\/embed\\/js\\/",
            "cookies": 0,
            "fingerprinting": 0,
            "subdomains": [
                "embed"
            ],
            "apis": {},
            "sites": 11,
            "prevalence": 0.0000761,
            "cnames": [],
            "responseHashes": [
                "7b8d9e312a653aba7b1bc89a1107c8b5d7b031cd3f3f588aaf7c70a1f89bbe3e",
                "0a207a97fcb406ccc1f35dc9751f7021d3c205ae350e26bf6d8a7562e96a368a",
                "6cea55ff0499bd6c38b8e18493445bede4f4de18e91f1f0f31bccc0730bc9b2c",
                "5d3da4074c40f5e57d88a9f856fbf9113b5b8489944da7a471e21b9360d55477",
                "a0265d07bcb8ec8adb81728359276caa45a7d543a15a4638441d56c5e6c92940",
                "a5679acabb0522921bb228182dd13cf327cffe24ff430de43e6e70761b3285b8",
                "fcf48c5bfcf4e5dccbe6ef7803f26b9ada7e3499ed856682842c136c391a3491",
                "9acac819c6d6d12247c36dd400a962ce77279fa65bcc85026002f666112aac56"
            ],
            "type": "Script",
            "firstPartyCookies": {},
            "firstPartyCookiesSent": {
                "_ym_d": 0.000006917925729149372
            },
            "exampleSites": [
                "24porn.tv",
                "beeg.porn",
                "befuck.net",
                "bokepv.com",
                "bravotube.tv",
                "faketaxi.cc",
                "fap18.net",
                "redporn.one",
                "vjav.one",
                "xnxx18.xyz",
                "xxxmom.net"
            ]
        },
        {
            "rule": "mp4\\.center\\/track\\/views\\/track_tubebz_referers\\/",
            "cookies": 0,
            "fingerprinting": 0,
            "subdomains": [
                "track"
            ],
            "apis": {},
            "sites": 13,
            "prevalence": 0.0000899,
            "cnames": [],
            "responseHashes": [
                "e3b0c44298fc1c149afbf4c8996fb92427ae41e4649b934ca495991b7852b855"
            ],
            "type": "Image",
            "firstPartyCookies": {},
            "firstPartyCookiesSent": {},
            "exampleSites": [
                "24porn.tv",
                "beeg.porn",
                "befuck.net",
                "bokepv.com",
                "bravotube.tv",
                "faketaxi.cc",
                "fap18.net",
                "redporn.one",
                "tubepornstars.tv",
                "vjav.one",
                "vporn.me",
                "xnxx18.xyz",
                "xxxmom.net"
            ]
        },
        {
            "rule": "mp4\\.center\\/track\\/views\\/track_tubebz_tubes\\/",
            "cookies": 0,
            "fingerprinting": 0,
            "subdomains": [
                "track"
            ],
            "apis": {},
            "sites": 13,
            "prevalence": 0.0000899,
            "cnames": [],
            "responseHashes": [
                "e3b0c44298fc1c149afbf4c8996fb92427ae41e4649b934ca495991b7852b855"
            ],
            "type": "Image",
            "firstPartyCookies": {},
            "firstPartyCookiesSent": {},
            "exampleSites": [
                "24porn.tv",
                "beeg.porn",
                "befuck.net",
                "bokepv.com",
                "bravotube.tv",
                "faketaxi.cc",
                "fap18.net",
                "redporn.one",
                "tubepornstars.tv",
                "vjav.one",
                "vporn.me",
                "xnxx18.xyz",
                "xxxmom.net"
            ]
        },
        {
            "rule": "mp4\\.center\\/static\\/ads\\/ads_10442_1517496194\\.jpg",
            "cookies": 0,
            "fingerprinting": 0,
            "subdomains": [
                "static"
            ],
            "apis": {},
            "sites": 3,
            "prevalence": 0.0000208,
            "cnames": [],
            "responseHashes": [
                "550498caf8480ef1a1ad0c009a1b6afb5a7561cad3b7d7890c1e45f0afe8b139"
            ],
            "type": "Image",
            "firstPartyCookies": {},
            "firstPartyCookiesSent": {},
            "exampleSites": [
                "befuck.net",
                "fap18.net",
                "xxxmom.net"
            ]
        },
        {
            "rule": "mp4\\.center\\/static\\/player\\/desktop\\/xh-tpl3\\/images\\/search\\.svg",
            "cookies": 0,
            "fingerprinting": 0,
            "subdomains": [
                "static"
            ],
            "apis": {},
            "sites": 3,
            "prevalence": 0.0000208,
            "cnames": [],
            "responseHashes": [
                "f06e3719b5ee189eac15eb1aad5f370b751fd940b9e5164390a63e49739a17c6"
            ],
            "type": "Image",
            "firstPartyCookies": {},
            "firstPartyCookiesSent": {},
            "exampleSites": [
                "befuck.net",
                "fap18.net",
                "xxxmom.net"
            ]
        },
        {
            "rule": "mp4\\.center\\/static\\/player\\/desktop\\/xh-tpl3\\/css\\/xplayer\\.css",
            "cookies": 0,
            "fingerprinting": 0,
            "subdomains": [
                "static"
            ],
            "apis": {},
            "sites": 3,
            "prevalence": 0.0000208,
            "cnames": [],
            "responseHashes": [
                "985308c52c68fe6e753a6a993cb2a688905613260dd9eff33afbc419d389d985"
            ],
            "type": "Stylesheet",
            "firstPartyCookies": {},
            "firstPartyCookiesSent": {},
            "exampleSites": [
                "befuck.net",
                "fap18.net",
                "xxxmom.net"
            ]
        },
        {
            "rule": "mp4\\.center\\/static\\/player\\/desktop\\/xh-tpl3\\/css\\/video-single\\.css",
            "cookies": 0,
            "fingerprinting": 0,
            "subdomains": [
                "static"
            ],
            "apis": {},
            "sites": 3,
            "prevalence": 0.0000208,
            "cnames": [],
            "responseHashes": [
                "64b2de1aa6b4d678fb787d33d7f72f32b77e707c1ad4c2d5b759f5e1cad88a53"
            ],
            "type": "Stylesheet",
            "firstPartyCookies": {},
            "firstPartyCookiesSent": {},
            "exampleSites": [
                "befuck.net",
                "fap18.net",
                "xxxmom.net"
            ]
        },
        {
            "rule": "mp4\\.center\\/static\\/xh-desktop\\/js\\/33344705\\.common\\.js",
            "cookies": 0.0000208,
            "fingerprinting": 2,
            "subdomains": [
                "static"
            ],