{
    "domain": "musicrad.io",
    "owner": {},
    "source": [
        "DuckDuckGo-US"
    ],
    "prevalence": 0.0000953,
    "sites": 14,
    "subdomains": [
        "images"
    ],
    "cnames": [],
    "fingerprinting": 0,
    "resources": [
        {
            "rule": "musicrad\\.io\\/resizer\\/",
            "cookies": 0,
            "fingerprinting": 0,
            "subdomains": [
                "images"
            ],
            "apis": {},
            "sites": 8,
            "prevalence": 0.0000545,
            "cnames": [],
            "responseHashes": [
                "43eb0b1c501eacd5f14caffee33a97f4324f84b5111edf805190a09c4fda9560",
                "c691ab4bcaefeb8703be41461747030d0c8c2ee24574343a51815fa26b2646c3",
                "fe82d225c7709b9bd79a65b9ab77faf1ba7e563807948fc9e6a649422ab86dfd",
                "a044e2b20a580f95151cace18f4b4ba50338625584904cf2b33628d522de8fef",
                "ddf173e7fd6e4e5fe34f8139f715185cc4c06eb3f0f7b90e072a98662bbeda6f",
                "709227d4897031fb20780d9c93bec0f723151ee70742fefc2fea39e7e856be7d",
                "f78ecc939a314c7062e2e22ee0f651f0946697c04878374984baf0b81abd5ba7"
            ],
            "type": "Image",
            "firstPartyCookies": {},
            "firstPartyCookiesSent": {},
            "exampleSites": [
                "capitalxtra.com",
                "www.capitalxtra.com",
                "www.capitalfm.com",
                "www.globalplayer.com",
                "www.goldradiouk.com",
                "www.heart.co.uk",
                "www.radiox.co.uk",
                "www.smoothradio.com"
            ]
        }
    ],
    "categories": [],
    "performance": {},
    "cookies": 0,
    "types": {
        "Image": 8
    },
    "nameservers": [
        "ns-137.awsdns-17.com",
        "ns-1394.awsdns-46.org",
        "ns-691.awsdns-22.net",
        "ns-1667.awsdns-16.co.uk"
    ]
}