{
    "domain": "my-tracking.info",
    "owner": {},
    "source": [
        "DuckDuckGo-US"
    ],
    "prevalence": 0.000157,
    "sites": 23,
    "subdomains": [],
    "cnames": [],
    "fingerprinting": 2,
    "resources": [
        {
            "rule": "my-tracking\\.info\\/",
            "cookies": 0.0000817,
            "fingerprinting": 2,
            "subdomains": [],
            "apis": {
                "Notification.permission": 12
            },
            "sites": 12,
            "prevalence": 0.0000817,
            "cnames": [],
            "responseHashes": [
                "052676c8a92b8103059678cf49e02dc749b8b6f3e785cf1a5fd477a5f1d94a00",
                "3e723c096fd8680ea4b33c83d0b1df9516cabfa6ba58462eabc0e688dc0b44da",
                "d837f43f9560da703adbfa054231e13fab884704132e4e28a1cb3b3e3bd38046",
                "9a722e549a45ecf1c72daff9fd52079c453847a1b13a13458431d51eda780cf5",
                "cbf7b9993b0842929ee8bbfb3b0dfed5fc1b7c6c257f9df152495c5e071954e9",
                "b11ff1e7a027a360b5358fd13847fd8b700bb5afa005c896804663f88b1bdefc",
                "50be00f263374c633b26932f24d69a2e924cc3377930c9cf02e4d79e290da7e7",
                "f9045eaaf36058b066de116b1c11790e30f09202ed47b2c54ed408159ed44fdc",
                "df4661609fe04a2567e44c4a00f94319c5ce2b7798ce1bea19525768d1500a28",
                "3d851677d791e74b1dd147a0cc3150242198f76da97217b5b1e2f243cc34d008",
                "12f2bab0c8fce4b05480d002253dd31fd90386fce7e9b6fedf9616557751d008"
            ],
            "type": "Script",
            "firstPartyCookies": {},
            "firstPartyCookiesSent": {},
            "exampleSites": [
                "ecobuilderz.com",
                "garden-landscape.com",
                "hanaleikauaivacation.com",
                "libraryofcareer.com",
                "nl.blog-womantoday.com",
                "nl.esdemgarden.com",
                "nl.ezgardentips.com",
                "nl.interior-designy.com",
                "nl.science19.com",
                "noahstrength.com",
                "nutritionofpower.com",
                "sciencebriefss.com"
            ]
        }
    ],
    "categories": [],
    "performance": {},
    "cookies": 0.000157,
    "types": {
        "Script": 12
    },
    "nameservers": [
        "ns2.dynadot.com",
        "ns1.dynadot.com"
    ]
}