{
    "domain": "mysimplestore.com",
    "owner": {},
    "source": [
        "DuckDuckGo-US"
    ],
    "prevalence": 0.0000346,
    "sites": 5,
    "subdomains": [
        "d656068e-8a95-425e-82ba-6245f9916ca7",
        "47f188d8-3268-4137-9c2a-79fff1068144",
        "f51c64fd-db32-4030-912f-abdb4cf7fed3",
        "918f07ac-1db0-4331-beb6-38981fc22c54"
    ],
    "cnames": [],
    "fingerprinting": 0,
    "resources": [
        {
            "rule": "mysimplestore\\.com\\/api\\/v3\\/config",
            "cookies": 0.0000277,
            "fingerprinting": 0,
            "subdomains": [
                "d656068e-8a95-425e-82ba-6245f9916ca7",
                "47f188d8-3268-4137-9c2a-79fff1068144",
                "f51c64fd-db32-4030-912f-abdb4cf7fed3",
                "918f07ac-1db0-4331-beb6-38981fc22c54"
            ],
            "apis": {},
            "sites": 4,
            "prevalence": 0.0000277,
            "cnames": [],
            "responseHashes": [
                "c53b87e35ca8685d522bb1633cc79aa36e2e4a22506fdb59ed135d5a3f215700",
                "f69bd51b436e99293f0d7dd0fbaf36ad8da2dca2d05be5bbb6db2b19ee0eb7fd",
                "5d4b3c2d7e1b4777754e8704d8e370eb0cfc0b56a191d0bb1f2615edcc18ba20"
            ],
            "type": "XHR",
            "firstPartyCookies": {},
            "firstPartyCookiesSent": {},
            "exampleSites": [
                "beachbroadcast.com",
                "clothesfree.com",
                "emmaleighco.com",
                "nurembergtrials.net"
            ]
        }
    ],
    "categories": [],
    "performance": {},
    "cookies": 0.0000346,
    "types": {
        "XHR": 4
    },
    "nameservers": [
        "cns1.secureserver.net",
        "cns2.secureserver.net"
    ]
}