{
    "domain": "nessainy.net",
    "owner": {},
    "source": [
        "DuckDuckGo-US"
    ],
    "prevalence": 0.000107,
    "sites": 15,
    "subdomains": [],
    "cnames": [],
    "fingerprinting": 2,
    "resources": [
        {
            "rule": "nessainy\\.net\\/5\\/4785239",
            "cookies": 0.0000214,
            "fingerprinting": 2,
            "subdomains": [],
            "apis": {
                "window.localStorage": 3,
                "Navigator.prototype.userAgent": 3,
                "Screen.prototype.availHeight": 3,
                "Date.prototype.getTime": 3,
                "Navigator.prototype.mimeTypes": 3,
                "Screen.prototype.width": 3,
                "Screen.prototype.height": 3,
                "Navigator.prototype.maxTouchPoints": 3,
                "window.sessionStorage": 3,
                "Document.cookie getter": 3,
                "Document.cookie setter": 3
            },
            "sites": 3,
            "prevalence": 0.0000214,
            "cnames": [],
            "responseHashes": [
                "f4a852a7182bb8db3001b0acc5b71fa7c55e3f0a31d1e1992cc4f93333af2b9c",
                "c5c88c74f213e7a8eee8856018d6f6f1c56503d312459af320a8d37b8dab2ba8"
            ],
            "type": "Script",
            "firstPartyCookies": {
                "prefetchAd_4785239": {
                    "ttl": 121,
                    "length": 4,
                    "prevalence": 0.00002144971471879424,
                    "uniqueness": 0.3333333333333333
                }
            },
            "firstPartyCookiesSent": {},
            "exampleSites": [
                "filmy4wap.quest",
                "filmy4wap.ink",
                "filmy4wap.vip"
            ]
        },
        {
            "rule": "nessainy\\.net\\/",
            "cookies": 0.0000572,
            "fingerprinting": 0,
            "subdomains": [],
            "apis": {},
            "sites": 8,
            "prevalence": 0.0000572,
            "cnames": [],
            "responseHashes": [
                "b5ca173f2dddad89f2b9fa848c184187e42c52a384e5143078373df39937dca4",
                "ac8e39b3b1eee0c08d4aba4ba09df53c2ba3629c2a13b9826414c7a6ea05925a",
                "e33afcbcf3fbfacbad269fc23388a05d213a4004775f33990d7c20cfb3600197",
                "18847e64536303b2f72fc76ce54fdd58cb1a12ac1abd550ed9ce10d29e2a9e73",
                "9a5c44400815143843a157100fb06143880327b95677064cfddb5c977670b25a",
                "2a38f21468b96334ccb835f64aea814a1cb9e44cc844d50da5b47effa16c2b30",
                "fe1ee2e1aa956c9d9b25d6d30a4120fd7dd92d0ec05e1f67ea0908cfaad68a0a"
            ],
            "type": "Fetch",
            "firstPartyCookies": {},
            "firstPartyCookiesSent": {},
            "exampleSites": [
                "filmy4wap.quest",
                "filmy4wap.ink",
                "filmy4wap.vip",
                "m.egyshare.cc",
                "romswitch.download",
                "tunovelaligera.net",
                "twoffline.net",
                "ww0.0gomovies.so"
            ]
        },
        {
            "rule": "nessainy\\.net\\/5\\/4816980\\/",
            "cookies": 0.0000143,
            "fingerprinting": 0,
            "subdomains": [],
            "apis": {},
            "sites": 2,
            "prevalence": 0.0000143,
            "cnames": [],
            "responseHashes": [
                "d70853abe8b651ebb3b8ef23c08429919e1cc0871aaa00fa987a752c5315e1ea"
            ],
            "type": "XHR",
            "firstPartyCookies": {},
            "firstPartyCookiesSent": {},
            "exampleSites": [
                "egyshare.cc",
                "m.egyshare.cc"
            ]
        },
        {
            "rule": "nessainy\\.net\\/tag\\.min\\.js",
            "cookies": 0.0000286,
            "fingerprinting": 2,
            "subdomains": [],
            "apis": {
                "window.localStorage": 5,
                "Navigator.prototype.userAgent": 5,
                "Screen.prototype.availHeight": 5,
                "Date.prototype.getTime": 5,
                "Navigator.prototype.mimeTypes": 5,
                "Screen.prototype.width": 5,
                "Screen.prototype.height": 5,
                "Navigator.prototype.maxTouchPoints": 5,
                "window.sessionStorage": 5,
                "Document.cookie getter": 5,
                "Document.cookie setter": 4
            },
            "sites": 5,
            "prevalence": 0.0000357,
            "cnames": [],
            "responseHashes": [
                "222b21cebf4684ba8ac4d9b1ab31dfcdf4603f5bc28e52df061e0555be4bef10"
            ],
            "type": "Script",
            "firstPartyCookies": {
                "prefetchAd_4816980": {
                    "ttl": 128,
                    "length": 4,
                    "prevalence": 0.000007149904906264747,
                    "uniqueness": 1
                },
                "prefetchAd_4304627": {
                    "ttl": 135,
                    "length": 4,
                    "prevalence": 0.000007149904906264747,
                    "uniqueness": 1
                },
                "prefetchAd_4876063": {
                    "ttl": 120,
                    "length": 4,
                    "prevalence": 0.000007149904906264747,
                    "uniqueness": 1
                },
                "prefetchAd_4429504": {
                    "ttl": 121,
                    "length": 4,
                    "prevalence": 0.000007149904906264747,
                    "uniqueness": 1
                }
            },
            "firstPartyCookiesSent": {},
            "exampleSites": [
                "egyshare.cc",
                "m.egyshare.cc",
                "tunovelaligera.net",
                "twoffline.net",
                "ww0.0gomovies.so"
            ]
        },
        {
            "rule": "nessainy\\.net\\/5\\/4429504\\/",
            "cookies": 0.0000143,
            "fingerprinting": 0,
            "subdomains": [],
            "apis": {},
            "sites": 2,
            "prevalence": 0.0000143,
            "cnames": [],
            "responseHashes": [
                "755ff0690e8c6ef75f1434abbb95f0be14d62d11cffe6b580b6a265b5be3d08e"
            ],
            "type": "XHR",
            "firstPartyCookies": {},
            "firstPartyCookiesSent": {},
            "exampleSites": [
                "0gomovies.so",
                "ww0.0gomovies.so"
            ]
        }
    ],
    "categories": [],
    "performance": {},
    "cookies": 0.0001,
    "types": {
        "Script": 8,
        "Fetch": 8,
        "XHR": 4
    },
    "nameservers": [
        "ns-232.awsdns-29.com",
        "ns-742.awsdns-28.net",
        "ns-1797.awsdns-32.co.uk",
        "ns-1376.awsdns-44.org"
    ]
}