{
    "domain": "nessainy.net",
    "owner": {},
    "source": [
        "DuckDuckGo-US"
    ],
    "prevalence": 0.000152,
    "sites": 22,
    "subdomains": [],
    "cnames": [],
    "fingerprinting": 2,
    "resources": [
        {
            "rule": "nessainy\\.net\\/5\\/3518144\\/",
            "cookies": 0.0000899,
            "fingerprinting": 0,
            "subdomains": [],
            "apis": {},
            "sites": 14,
            "prevalence": 0.0000969,
            "cnames": [],
            "responseHashes": [
                "f9242f95870020e213a9c474fef2a93aa3c7a33caf245a1c91e8c4904c0e652a",
                "716c771655f1851c3da7040b826699844c3919053d173b84b3597273928986f9",
                "7057c1592b06b02364ed5201dea181f91ed13e46b85152e73a488f3cb35dae3d",
                "ec28f4b6608b5313d5ee0301843b7855b318fd7faf5337f91677ede91226d7be",
                "1e95d23fd9f45a5390962487294b899ed68c8bf4deda49171b5ca9e85e3c8746",
                "797a743eadd693a8c4502ec523f30439c1d1652dbdb64f3cd75cc789838a7ef1",
                "4bea30c0e47930d3ec498175af16d8d6835f773a9f4f120b75312e29167d5982",
                "96b09b3b1ac00ae110949e19983549007f260650e8d4b13b6fe6209a8d4dee24",
                "0f7957dcbdc167f24f32c4af846c2c24cb881939d6779d8492c741cc3a6953dc",
                "ee9aca007f9b1c71bd11d4f6fb59f91d7baad9fbce1f9921ac78e12ca71849f1",
                "dd7fc2d3a19c18cfe087a49725345cffcce0bc0d83a0b8f5156ee3cc26e416a6"
            ],
            "type": "XHR",
            "firstPartyCookies": {},
            "firstPartyCookiesSent": {},
            "exampleSites": [
                "111watcho.site",
                "123fullview.club",
                "dramacute.art",
                "dramaqu.work",
                "ganooll.xyz",
                "javplay.me",
                "layarkaca21indo.xyz",
                "nontonsbo.com"
            ]
        },
        {
            "rule": "nessainy\\.net\\/tag\\.min\\.js",
            "cookies": 0.0000761,
            "fingerprinting": 2,
            "subdomains": [],
            "apis": {
                "Navigator.prototype.userAgent": 15,
                "Screen.prototype.availHeight": 14,
                "Date.prototype.getTime": 15,
                "Navigator.prototype.plugins": 9,
                "Navigator.prototype.mimeTypes": 15,
                "Screen.prototype.width": 14,
                "Screen.prototype.height": 14,
                "Navigator.prototype.maxTouchPoints": 15,
                "window.sessionStorage": 15,
                "window.localStorage": 15,
                "Document.cookie getter": 13,
                "Document.cookie setter": 11
            },
            "sites": 17,
            "prevalence": 0.000118,
            "cnames": [],
            "responseHashes": [
                "9be242329108467524ef49607517129b58375374dc2c496c50277c9f63c45bd1"
            ],
            "type": "Script",
            "firstPartyCookies": {
                "prefetchAd_3518144": {
                    "ttl": 125,
                    "length": 4,
                    "prevalence": 0.00006226133156234434,
                    "uniqueness": 0.1111111111111111
                },
                "prefetchAd_4606572": {
                    "ttl": 124,
                    "length": 4,
                    "prevalence": 0.000006917925729149372,
                    "uniqueness": 1
                },
                "prefetchAd_3062438": {
                    "ttl": 124,
                    "length": 4,
                    "prevalence": 0.000006917925729149372,
                    "uniqueness": 1
                }
            },
            "firstPartyCookiesSent": {},
            "exampleSites": [
                "111watcho.site",
                "123fullview.club",
                "anichin.my.id",
                "dramacute.art",
                "dramaqu.work",
                "futemax.gratis",
                "ganooll.xyz",
                "globalmovie21.com",
                "javplay.me",
                "layarkaca21indo.xyz",
                "nontonsbo.com"
            ]
        },
        {
            "rule": "nessainy\\.net\\/",
            "cookies": 0.000104,
            "fingerprinting": 0,
            "subdomains": [],
            "apis": {},
            "sites": 15,
            "prevalence": 0.000104,
            "cnames": [],
            "responseHashes": [],
            "type": "Fetch",
            "firstPartyCookies": {},
            "firstPartyCookiesSent": {
                "c_ref_3791893": 0.000013835851458298743,
                "c_ref_3947613": 0.000006917925729149372,
                "lotame_domain_check": 0.000027671702916597487,
                "c_ref_3651699": 0.000020753777187448115
            },
            "exampleSites": [
                "111watcho.site",
                "anichin.my.id",
                "dramacute.art",
                "dramaqu.work",
                "futemax.gratis",
                "globalmovie21.com",
                "layarkaca21indo.xyz",
                "moviesgo.unaux.com",
                "nontonsbo.com"
            ]
        },
        {
            "rule": "nessainy\\.net\\/5\\/4480608",
            "cookies": 0.0000138,
            "fingerprinting": 2,
            "subdomains": [],
            "apis": {
                "Navigator.prototype.userAgent": 2,
                "Screen.prototype.availHeight": 2,
                "Date.prototype.getTime": 2,
                "Navigator.prototype.plugins": 2,
                "Navigator.prototype.mimeTypes": 2,
                "Screen.prototype.width": 2,
                "Screen.prototype.height": 2,
                "Navigator.prototype.maxTouchPoints": 2,
                "window.sessionStorage": 2,
                "window.localStorage": 2,
                "Document.cookie getter": 2,
                "Document.cookie setter": 1
            },
            "sites": 2,
            "prevalence": 0.0000138,
            "cnames": [],
            "responseHashes": [
                "5c216023cf4882d98f16304afbdf186263c5376a8f15c73438e5e28735f34ba2"
            ],
            "type": "Script",
            "firstPartyCookies": {
                "prefetchAd_4480608": {
                    "ttl": 135,
                    "length": 4,
                    "prevalence": 0.000006917925729149372,
                    "uniqueness": 1
                }
            },
            "firstPartyCookiesSent": {},
            "exampleSites": [
                "unaux.com",
                "moviesgo.unaux.com"
            ]
        }
    ],
    "categories": [],
    "performance": {},
    "cookies": 0.000145,
    "types": {
        "XHR": 14,
        "Script": 19,
        "Fetch": 15
    },
    "nameservers": [
        "ns-232.awsdns-29.com",
        "ns-742.awsdns-28.net",
        "ns-1797.awsdns-32.co.uk",
        "ns-1376.awsdns-44.org"
    ]
}