{
    "domain": "newspassid.com",
    "owner": {},
    "source": [
        "DuckDuckGo-US"
    ],
    "prevalence": 0.000368,
    "sites": 27,
    "subdomains": [
        "bidder"
    ],
    "cnames": [],
    "fingerprinting": 0,
    "resources": [
        {
            "rule": "newspassid\\.com\\/openrtb2\\/auction",
            "cookies": 0,
            "fingerprinting": 0,
            "subdomains": [
                "bidder"
            ],
            "apis": {},
            "sites": 27,
            "prevalence": 0.000368,
            "cnames": [],
            "responseHashes": [
                "fef58bfb91541851b785399a1d6193b1a77949101c0d06d54e97fc1594566a86",
                "7cbcbec31494606c7e66294152722ea788013f188bdfeec288d7ed69b28eaec8",
                "2219afff34fd3353441ed95ea49501b709f7a217f83ece723d016da8b427ef66",
                "91f1a1665329aee312fd0f5578d3c57addc504978ac7cf178118697192853c3c",
                "085590f26828e0c96b3696cdaeed5c3f3bf57266105b93374fd94f24bd8a4d3a",
                "ae7b04c1c1a6e482c015502695e73dc44dfad354554892265ce4db3919ca221b",
                "da22c5e27770e21d52b11323f356fe7f7c264b2055ee63f836dfc51a82043b5e",
                "e0387cb32b81323970824879d41ad179b0dba63c829420e13392c06699ac6e62",
                "a7dafb506809a631eb827d95e74e64364192dec6b0204e5a2ecdbcc197739932",
                "73977583c9936a6fddb5b3a6f7d1dc3035ed51b1bef0e02a2e6cf6ae4901de77",
                "a5bbc255a3a2a7bcda20260b8392b55ad0711245bcea8c183bac637d425142b7",
                "4754f4d1d115c379c4c6afa11803e6268e6fa793497b3a933af65a823ec7da3e",
                "e6b5fe534fbe1606b241620d875be310f3ed80d1a3954214de984a960cc8cebd",
                "e7a6c9c2cf244ff011ce87633a2716e6c3f4ec7ff28e79ef7c58b02ba53702f2",
                "6f862a3d68449a6cb184ac0e2b8ab7c0987faf41f215fb15fd6d33968b6b895f",
                "cc748239fb8c1cf1f01e560bf4e4f88a7ad0dfbca66546327eacf03b8118fe95",
                "9c8d8f8397fdd063386a95717b58a33f70d7dba3f4e0f0ff069d6ccddfe0043d",
                "f2d2a6cf7cd3d88476c7d8291df38370c9f4bbc5cfa96a604ef69ed9ee8af58c",
                "f5a0f64312ac335e4a1251932957c944899bca84f343f08c707bc2fd4c334d57",
                "ac86af39d847e849d4358e3f58a9a8f5819af298db18189e87e243468bcee528",
                "8a90020fbe1898ea3ab19e3eefd824e924c0f2f14d3246be200896ea74051078",
                "74e870dca0c8cbfbd0d3874ffbad7a89accf66bd8f0741c5bbe0d070e02cbda6",
                "ba131a2adaa853e950017ca5909034fd9c466f436a0a707f336de5914f7cf7d9",
                "c2a7ec80a922528cc4b31be8f58f8853c1688912105f741459f5cb910e87c340",
                "f29598a77081ecacbcc341d9d1dc717f1b6b950666554e9a98db275d3c787db5"
            ],
            "type": "XHR",
            "firstPartyCookies": {},
            "firstPartyCookiesSent": {},
            "exampleSites": [
                "www.stltoday.com",
                "journalstar.com",
                "www.kansascity.com",
                "www.nwitimes.com",
                "qctimes.com",
                "greensboro.com",
                "bismarcktribune.com",
                "www.clickondetroit.com",
                "buffalonews.com",
                "poststar.com",
                "pressofatlanticcity.com",
                "roanoke.com",
                "journalnow.com",
                "missoulian.com",
                "fredericksburg.com",
                "www.ksat.com",
                "www.arkansasonline.com",
                "pantagraph.com",
                "tulsaworld.com",
                "journaltimes.com"
            ]
        },
        {
            "rule": "newspassid\\.com\\/static\\/load-cookie\\.html",
            "cookies": 0,
            "fingerprinting": 0,
            "subdomains": [
                "bidder"
            ],
            "apis": {},
            "sites": 23,
            "prevalence": 0.000313,
            "cnames": [],
            "responseHashes": [
                "040ae90345fee63a0728d0b737dc6e94ac84313a98213b45c4135915a8cd0188"
            ],
            "type": "Document",
            "firstPartyCookies": {},
            "firstPartyCookiesSent": {
                "_pubcid": 0.00023140585865185669,
                "_sharedid": 0.000054448437329848636
            },
            "exampleSites": [
                "roanoke.com",
                "tulsaworld.com",
                "greensboro.com",
                "www.stltoday.com",
                "pressofatlanticcity.com",
                "qctimes.com",
                "www.news4jax.com",
                "pantagraph.com",
                "www.arkansasonline.com",
                "www.clickondetroit.com",
                "buffalonews.com",
                "journalnow.com",
                "missoulian.com",
                "journalstar.com",
                "tucson.com",
                "www.ksat.com",
                "qconline.com",
                "fredericksburg.com",
                "www.click2houston.com",
                "poststar.com"
            ]
        },
        {
            "rule": "newspassid\\.com\\/cookie_sync",
            "cookies": 0.000286,
            "fingerprinting": 0,
            "subdomains": [
                "bidder"
            ],
            "apis": {},
            "sites": 21,
            "prevalence": 0.000286,
            "cnames": [],
            "responseHashes": [
                "8f5d666615f315dd1e2e876e65be1efa8c5e0ed933d5f0bcef272b509bc943cb",
                "c4373b48a6c2643878472cb83bdf2060ddff6864d24b2c23f04e838202a2f84d",
                "67caba1b7aebe4f41918f6a178969c6d6398888596298dae9c7dba530aacfd44",
                "c314ea6a8e0f2bed4c35d5f842b0764281a610c2c593f1bb4cfccf2ddac10a20",
                "75c6ac13c45df2e3fb5011bfc45dfaa83cf0253e3c09c697cfe6d2a001105f87",
                "093bf4684529266a64075c3daa919c6560838d495c428484f815bcba3729a232",
                "3aa3ddcd6b7a818590103b6195d6839b5f930e42513bd75d9c202d03322e0ebc",
                "08e3e89f69c56382696c1d009f03121538727878520ed3122aea7e916536bd69",
                "4b1827d40f442e1fef1244b7884ec21cd1b90fa7a652a8a8c87cb96320e65dca",
                "525310343800f74a13357984608c5ca24c1ccd591bd12176dd9b6c1cfb3d5a3a",
                "742cf1ba3e2135a140317d7f60f32066696cc07de93cbb50f883965750e6bed2",
                "88bfbebeb5c398f436652fb7e25b8e0eb3b33d69d6ce2eb85852b9ba8142114b",
                "34528aaa59bdc9d6676fe6440a6caab997cde71458a97506ba0a0b99032d373a",
                "2ba56c1b8cc3118d72c72d3649feda30bde27290f8d8792cf1067682f4db924d",
                "8cd89df92443008c80582321b14b632798433777e8d88f3a69bf61e84574ac27",
                "d83488bf5970e52932f07c7920e016c379d7341edfba1e2dc8698da4e1cd6c00",
                "89daad95b2b453d7a197c6d5838e7542d126d19c2c9e645fd773acb14de4fc04",
                "2310935a6b1779bae7e3f5616ae86d05327e7900380cddbf5bef223069fc835f",
                "73c0105a94bfeda7350b775bfab8b0b41f369934fbdbbb49fe264ab6573744f9"
            ],
            "type": "XHR",
            "firstPartyCookies": {},
            "firstPartyCookiesSent": {},
            "exampleSites": [
                "missoulian.com",
                "roanoke.com",
                "greensboro.com",
                "bismarcktribune.com",
                "buffalonews.com",
                "journalstar.com",
                "www.click2houston.com",
                "journaltimes.com",
                "www.stltoday.com",
                "pressofatlanticcity.com",
                "pantagraph.com",
                "qctimes.com",
                "www.ksat.com",
                "www.arkansasonline.com",
                "qconline.com",
                "poststar.com",
                "fredericksburg.com",
                "journalnow.com",
                "www.news4jax.com",
                "richmond.com"
            ]
        },
        {
            "rule": "newspassid\\.com\\/setuid",
            "cookies": 0.000259,
            "fingerprinting": 0,