{
    "domain": "nextmillmedia.com",
    "owner": {},
    "source": [
        "DuckDuckGo-US"
    ],
    "prevalence": 0.000379,
    "sites": 53,
    "subdomains": [
        "pbs",
        "statics"
    ],
    "cnames": [],
    "fingerprinting": 0,
    "resources": [
        {
            "rule": "nextmillmedia\\.com\\/cookie_sync",
            "cookies": 0,
            "fingerprinting": 0,
            "subdomains": [
                "pbs"
            ],
            "apis": {},
            "sites": 29,
            "prevalence": 0.000207,
            "cnames": [],
            "responseHashes": [
                "b015defb9f7d948131b19df569ffe8483d445ba7e895e273d4edb0bff0216ca7",
                "b0d8b36fb27dde3ee4f87bad69b796b9c03b8d583530d5bc33e71c3efd486482",
                "3daac4cba6e83ae2d754891b3d9dde15d29275b83122f3727a8afbc2d42a6f87",
                "31dbd75a02e084bab612ec0bb9fd0edc0299e0a73cb1df078cab4c58c54ccacd",
                "22e40f03efb1d50b096e1e8320ccae2829d0eb94591737042826d1754bb113c3",
                "648f01a2da3264e7cbba09b9ca03f1eedf34c400bb2d196ba649a42edc286089",
                "d61c3c8c368ad249cce142f5cc85ac38855fd60169bc172a97d02ba8ba525460",
                "57ce2b08ef8da65d0f5627d6e41c7725efd32d3e377dea3c91025a375ae93fdf",
                "527d7afdc4cb50ce1ff9d093e95c84fa10df1034efd2f41b68126c95e069b9a5",
                "34a678689a0b856df52397b1b5cd48dd2f366fc02ef951e297338849fa33fee0"
            ],
            "type": "XHR",
            "firstPartyCookies": {},
            "firstPartyCookiesSent": {},
            "exampleSites": [
                "pt.calcuworld.com",
                "www.kpopstarz.com",
                "investorshub.advfn.com",
                "www.biernet.nl",
                "gamewith.net",
                "www.merca20.com",
                "secondhandsongs.com",
                "www.blizzboygames.net",
                "perezhilton.com",
                "www.dramabeans.com",
                "gamertweak.com",
                "herognu.dk",
                "getyarn.io",
                "www.friday-ad.co.uk",
                "astronomy.com",
                "www.zona-leros.net",
                "ricochet.com",
                "www.calculatorsoup.com",
                "amgreatness.com",
                "www.getyarn.io"
            ]
        },
        {
            "rule": "nextmillmedia\\.com\\/openrtb2\\/auction",
            "cookies": 0.000243,
            "fingerprinting": 0,
            "subdomains": [
                "pbs"
            ],
            "apis": {},
            "sites": 37,
            "prevalence": 0.000265,
            "cnames": [],
            "responseHashes": [
                "4d276e8efc092719837a810f7d87c5e2b5db8b049860a8d051867bd176558c3a",
                "06af861bcbd80bcb4cba5bc984fbabc3f8d86fac005c5112bc4c0d25b4e9a59c",
                "d34d9306c875019776738c3bda74850585aca6ef4b0ba2e3ffd2ed9976d06491",
                "a8cfda65413d77aef8b967e16d46967f23102914f959bed148757f943b2a3315",
                "fd4d8d67822bc938e4bd5da7b360f774f5f2a7a958fd700f858f7fab9137544b",
                "f53708a56187cf571f22b2579fe17547d398843df21ce8179921a4e072f7af2b",
                "e257413c8693e4ea82d3c9c050836dc21161de17ababb86c6a2fb764ba985813",
                "12abbce9486c97470cb4f52dea7f3d4648e70b227d5ad185dc9ef36ba345bfb3",
                "ac17abd61a508f39d0b8b4e3ecbb4e9aefd8b1a0dccc54535c591de1fa2cd765",
                "4b7c6d993f74082593573be4e934d20012bd11ceda691006752e75e9fbdd1d15",
                "861ee668b13aa73da1bf37affa6304692b2aad9b656e511b7a90763938588f68",
                "9662ef2e7462f992e6ebbe1bc7e12888123c69ec66a305e0f2cc72a82860ec5f",
                "7eead5fa94088398946daad2aae7cb9bdc8d780b084cedef5cd60956802e03ee",
                "c45d80b866433d3b4dae460ef59d31c1b022883075ca171e455fa628309330a0",
                "b3118194fe87aeec27dac94817d4931460a3a7cb213b91c3796fd3d58107c1d5",
                "a9b9fcae59fd1da00a2d18d0b27ddc8316d54f0d15a2ff4f4e7f4fef236ca876",
                "1c971db1a803306d70ab4f279425fb2a5e44395c8fd305fcd2f70de454754ff9",
                "3991df790bb7ea39a0c94d836039a435af042f38ecca3ff53288764062fb7582",
                "f58b072adf6897301b582e61d41c6f4dc314f61052a031711328137381c72099",
                "306773bde1f61d3a1637c4796b2654ae8f3d7f1ecce4935371accfa00aa72995",
                "6e78f00f1a0a479c2fefec11c0d02416a7ae7ce4c7b39e944acc35d524bea9e6",
                "fed0275297a637d47463a300ebd496ee7ee7dd4d75eb9dd36bf1272e877b7dc2",
                "03589e2b5f41ee5ebd59003a78f6ece30ab5f15aac50101c151a5aaf257e4929",
                "c68f5061634dcf2088b23108770c975a3dfa696f7d1dd4ee007ab2d4e4979e59",
                "6cace8648c83444642d434a931d7329f07e5f6eed94e4cf2940b498bc5c9ae35",
                "2bc35533dbf6ba09771ec25ac47951dc7410d88cee90f52de5856e4130e4c212",
                "72ec5b4f07eb42408e6cf70462fcbe77565ac7ed7779e5e5de62110aefb2df0a",
                "6b6ac4889f34ced17b09d3ebc39fa9654d25c4831a730f59d6143c1b1448b6c0"
            ],
            "type": "XHR",
            "firstPartyCookies": {},
            "firstPartyCookiesSent": {},
            "exampleSites": [
                "www.dailydot.com",
                "www.drugs.com",
                "www.cas.sk",
                "pt.calcuworld.com",
                "uk.advfn.com",
                "www.android-x86.org",
                "astronomy.com",
                "www.advfn.com",
                "herognu.dk",
                "investorshub.advfn.com",
                "forums.leagueunlimited.com",
                "www.merca20.com",
                "secondhandsongs.com",
                "www.kpopstarz.com",
                "www.friday-ad.co.uk",
                "stackabuse.com",
                "gamewith.net",
                "www.calculatorsoup.com",
                "www.getyarn.io",
                "gamertweak.com"
            ]
        },
        {
            "rule": "nextmillmedia\\.com\\/setuid",
            "cookies": 0.000143,
            "fingerprinting": 0,
            "subdomains": [
                "pbs"
            ],
            "apis": {},
            "sites": 20,
            "prevalence": 0.000143,
            "cnames": [],
            "responseHashes": [
                "e3b0c44298fc1c149afbf4c8996fb92427ae41e4649b934ca495991b7852b855"
            ],
            "type": "Image",
            "firstPartyCookies": {},
            "firstPartyCookiesSent": {},
            "exampleSites": [
                "amgreatness.com",
                "gamertweak.com",
                "gamewith.net",
                "getyarn.io",
                "herognu.dk",
                "investorshub.advfn.com",
                "perezhilton.com",
                "ricochet.com",
                "secondhandsongs.com",
                "uk.advfn.com",
                "www.advfn.com",
                "www.android-x86.org",
                "www.biernet.nl",
                "www.calculatorsoup.com",
                "www.cas.sk",
                "www.dramabeans.com",
                "www.friday-ad.co.uk",
                "www.getyarn.io",
                "www.merca20.com",
                "www.zona-leros.net"
            ]
        },
        {
            "rule": "nextmillmedia\\.com\\/openrtb2\\/auction",
            "cookies": 0,
            "fingerprinting": 0,
            "subdomains": [
                "pbs"
            ],
            "apis": {},
            "sites": 17,
            "prevalence": 0.000122,
            "cnames": [],
            "responseHashes": [],
            "type": "Preflight",
            "firstPartyCookies": {},
            "firstPartyCookiesSent": {},