{
    "domain": "nmgplatform.com",
    "owner": {},
    "source": [
        "DuckDuckGo-US"
    ],
    "prevalence": 0.000272,
    "sites": 20,
    "subdomains": [
        "jdl",
        "evnt",
        "ibp",
        "di"
    ],
    "cnames": [],
    "fingerprinting": 0,
    "resources": [
        {
            "rule": "nmgplatform\\.com\\/data",
            "cookies": 0,
            "fingerprinting": 0,
            "subdomains": [
                "jdl"
            ],
            "apis": {},
            "sites": 17,
            "prevalence": 0.000231,
            "cnames": [],
            "responseHashes": [
                "53d20181a375dc9aa59f601fb19d37bba0c6d6d9d13eb1463f458dd234086e10",
                "2f19fd3161b8eb1de97c16a398574ff60b0f4b8f102341efdbcc6986e5a13d9f",
                "69e86c6dc123e23edaa2dbadde402439c152cea43af24a0cdc6260b327a2c2c6",
                "535b050b853033a62de9b6a6b0c8e048f7460d46bbcd93839627fbd3692a4afd",
                "a97e41f3113d771f7ac6efc934218a7fcc682c1d93eef4fa8c634b10f8dcf992",
                "a151530c685d5bcab4fef6b4d9b51dfdb963aef37f12c4e364969bedcf2f7748",
                "5e33ef45850f1eff942c0b9f905db7e83365c40c5a95d8bbf1173faa6d026e00",
                "fb32317a14913551ded493408e2f1f925718cf195e647b4c217055f17c975bdf",
                "90872125b2615132be764bda29e57bc7cdd39d67736aa55f2d3f584072fb87b8",
                "b330e2413f5f96931a90f4552842e4fec52736144c582d3cb59192b8ce7c045c",
                "36e33bc9177b1869e6459bb5bf57c77af665112c7aef3cb95410addcb7d984e9",
                "44eef7769de1678ac690175e10802e3fb200a1280ffb7b74edfc5f94f80e60a8",
                "1bb7691f723ea78d2ecfc3d30c74e6e33aaa86a6be95c9157edb181fd1206209",
                "35f333dff61fb152f83b393495948c94259a37a13692fad0e5281ddfcb795d10"
            ],
            "type": "Fetch",
            "firstPartyCookies": {},
            "firstPartyCookiesSent": {},
            "exampleSites": [
                "attitudist.com",
                "en-ae.sssports.com",
                "giacmosuaviet.com.vn",
                "thehouseofrare.com",
                "www.boat-lifestyle.com",
                "www.cos.com",
                "www.eddiebauer.ca",
                "www.fossil.com",
                "www.lampsplus.com",
                "www.llflooring.com",
                "www.marisota.co.uk",
                "www.midnightvelvet.com",
                "www.newlook.com",
                "www.odisseias.com",
                "www.perfumesclub.com",
                "www.stories.com",
                "www.zivame.com"
            ]
        },
        {
            "rule": "nmgplatform\\.com\\/data",
            "cookies": 0,
            "fingerprinting": 0,
            "subdomains": [
                "jdl"
            ],
            "apis": {},
            "sites": 17,
            "prevalence": 0.000231,
            "cnames": [],
            "responseHashes": [],
            "type": "Preflight",
            "firstPartyCookies": {},
            "firstPartyCookiesSent": {},
            "exampleSites": [
                "attitudist.com",
                "en-ae.sssports.com",
                "giacmosuaviet.com.vn",
                "thehouseofrare.com",
                "www.boat-lifestyle.com",
                "www.cos.com",
                "www.eddiebauer.ca",
                "www.fossil.com",
                "www.lampsplus.com",
                "www.llflooring.com",
                "www.marisota.co.uk",
                "www.midnightvelvet.com",
                "www.newlook.com",
                "www.odisseias.com",
                "www.perfumesclub.com",
                "www.stories.com",
                "www.zivame.com"
            ]
        },
        {
            "rule": "nmgplatform\\.com\\/ibp\\/eventsgw\\/api\\/event\\/send",
            "cookies": 0,
            "fingerprinting": 0,
            "subdomains": [
                "evnt"
            ],
            "apis": {},
            "sites": 6,
            "prevalence": 0.0000817,
            "cnames": [],
            "responseHashes": [
                "1866961a029c65376fefb7f2ba1e6187e09ff50ea58d97dedfd72c197947d002"
            ],
            "type": "Fetch",
            "firstPartyCookies": {},
            "firstPartyCookiesSent": {},
            "exampleSites": [
                "attitudist.com",
                "en-ae.sssports.com",
                "thehouseofrare.com",
                "www.boat-lifestyle.com",
                "www.odisseias.com",
                "www.zivame.com"
            ]
        },
        {
            "rule": "nmgplatform\\.com\\/jdldata\\/",
            "cookies": 0,
            "fingerprinting": 0,
            "subdomains": [
                "evnt"
            ],
            "apis": {},
            "sites": 5,
            "prevalence": 0.0000681,
            "cnames": [],
            "responseHashes": [
                "1866961a029c65376fefb7f2ba1e6187e09ff50ea58d97dedfd72c197947d002"
            ],
            "type": "Fetch",
            "firstPartyCookies": {},
            "firstPartyCookiesSent": {},
            "exampleSites": [
                "attitudist.com",
                "en-ae.sssports.com",
                "thehouseofrare.com",
                "www.odisseias.com",
                "www.zivame.com"
            ]
        },
        {
            "rule": "nmgplatform\\.com\\/incentive\\/incentive",
            "cookies": 0.0000408,
            "fingerprinting": 0,
            "subdomains": [
                "ibp"
            ],
            "apis": {},
            "sites": 3,
            "prevalence": 0.0000408,
            "cnames": [],
            "responseHashes": [
                "9305f1ff20752a75e56e0dd4a73b2e4780fc6305e263d86368b44fae37103f6a",
                "bcce34cb256c49da38affd1cd3d31a38ccefcef3b2245ca7f4305233239e50da"
            ],
            "type": "Fetch",
            "firstPartyCookies": {},
            "firstPartyCookiesSent": {},
            "exampleSites": [
                "attitudist.com",
                "en-ae.sssports.com",
                "www.zivame.com"
            ]
        },
        {
            "rule": "nmgplatform\\.com\\/incentive\\/incentive",
            "cookies": 0.0000408,
            "fingerprinting": 0,
            "subdomains": [
                "ibp"
            ],
            "apis": {},
            "sites": 3,
            "prevalence": 0.0000408,
            "cnames": [],
            "responseHashes": [],
            "type": "Preflight",
            "firstPartyCookies": {},
            "firstPartyCookiesSent": {},
            "exampleSites": [
                "attitudist.com",
                "en-ae.sssports.com",
                "www.zivame.com"
            ]
        },
        {
            "rule": "nmgplatform\\.com\\/incentive\\/incentive\\/incentive-report",
            "cookies": 0.0000272,
            "fingerprinting": 0,
            "subdomains": [
                "ibp"
            ],
            "apis": {},
            "sites": 2,
            "prevalence": 0.0000272,
            "cnames": [],
            "responseHashes": [],
            "type": "Preflight",
            "firstPartyCookies": {},
            "firstPartyCookiesSent": {},
            "exampleSites": [
                "attitudist.com",
                "www.zivame.com"
            ]
        },
        {
            "rule": "nmgplatform\\.com\\/incentive\\/incentive\\/incentive-report",
            "cookies": 0.0000272,
            "fingerprinting": 0,
            "subdomains": [
                "ibp"
            ],
            "apis": {},
            "sites": 2,
            "prevalence": 0.0000272,
            "cnames": [],
            "responseHashes": [
                "90bb4e05ae2317f2ee4343f117b9e8b28ec9a42f8d8e953685e64b9fca0f6ef0"
            ],
            "type": "Fetch",
            "firstPartyCookies": {},
            "firstPartyCookiesSent": {},