{
    "domain": "noembed.com",
    "owner": {},
    "source": [
        "DuckDuckGo-US"
    ],
    "prevalence": 0.000245,
    "sites": 36,
    "subdomains": [],
    "cnames": [],
    "fingerprinting": 0,
    "resources": [
        {
            "rule": "noembed\\.com\\/embed",
            "cookies": 0,
            "fingerprinting": 0,
            "subdomains": [],
            "apis": {},
            "sites": 26,
            "prevalence": 0.000177,
            "cnames": [],
            "responseHashes": [
                "59532302bced5c26ce0c5a35585ac06ecf253c186e2d0df105fd6c6094efe822",
                "3227fa8a84014c528eac0f2fab630ab06e3de9d283ed7838ac3d25df2c92466a",
                "85c9492db3f16696091e7717c9c7497e7f8ba49524e408f8dee9c64593cda5cf",
                "71aa3e8625b25b10583faccdd2ecb09284b89ccfa1e918728e65b8063e22f263",
                "1d5694a1caf9eb6bcb381ee09a8ae857c5da04b039bb1ac20ac980db938aae48",
                "134ada0d3007eb6c63fa1a4c3fe3dd1c82c95815a23febc69cee7510ff6a60fe",
                "3a023374f3fc144ae216040ec9e2c9f855064d260f7a959fe598297a3324f5b8",
                "9e2194470f46bd1c0fc438dc7d9608c2879e2ebd2e168998231cbe13d82616f4",
                "d0c6d4ca42a1f8cff8e7f51bbd910bc0eb183f5fa7b23b5719bdedbb8edd1c8e",
                "7f5f8b4b33d2558366c94d0ae226b7a6bbcc4bd4634f8f0949770541a03f196e",
                "63497a45f9e479f1faf8939f7fcfdde3b078071f11369c2c12787dcaf6cbc536",
                "bd1f56c5059b2e42aecb4f25ea63e1eb2a9a17d43e08f81513cbba00d44231f1",
                "03df1c98ece4db14ed7530b2c422d2c08e2402b0511de71c63defd54e25ba647",
                "5561d66cc2afcf43fc81b139d58c7da9235e277ec558b98f7f5e30f0bda15891",
                "5563dfb0a845af4e5a1424a951819928d035b6a230195922460835bb9a69884f",
                "ad032a5305208f6972e5b46d53c561ad1b9b90fd67b4a940ac72265eb600edd1",
                "eab1ef58709d4ca548eee93140c6c3547cb9e1941aeadf13c5eae30c49ccb522",
                "b02c48c0a652de515ef523f61cff26df4b2f8e626588df0efb2a302c6e07939c",
                "887d72ee02cb22bfbe1ec5af9529e5a8d9552dcadb3140f3b5ec7b1ef989cd4b",
                "d799251415fba1353b683a20a559401260b4f78fc65ca54100e75ffcd743e228",
                "fa3d41d4ef6702e73124fb9ed3b02c13b76d58fe76d5ab8bb2603dec60bcb681",
                "d4177dbce473bc8989c257dda956d733d195f4feadd9a87f1d9e6d1f9917a383",
                "0c92e073fba0531fba05c63725a884b4083602a2b843508344195a5090c0cb42",
                "61b7f0ead776c2f59a9f5cd925bf4a309027a0c5d87d7c622328b0340a475732"
            ],
            "type": "XHR",
            "firstPartyCookies": {},
            "firstPartyCookiesSent": {},
            "exampleSites": [
                "londonreal.tv",
                "visitabudhabi.ae",
                "boomfestival.org",
                "www.audemarspiguet.com",
                "www.visitflorida.com",
                "examen.vvn.nl",
                "www.estg.eu",
                "astralinux.ru",
                "www.scien.cx",
                "www.brittanytourism.com",
                "www.fractal-design.com",
                "www.smartgardener.com",
                "www.dkoding.in",
                "www.smartvitaal.nl",
                "counterspinmedia.com",
                "indordrecht.nl",
                "www.aktia.fi",
                "www.aleris.se",
                "www.wintersport.nl",
                "www.ranbuild.com.au"
            ]
        },
        {
            "rule": "noembed\\.com\\/embed",
            "cookies": 0,
            "fingerprinting": 0,
            "subdomains": [],
            "apis": {},
            "sites": 7,
            "prevalence": 0.0000476,
            "cnames": [],
            "responseHashes": [
                "d640dd5b148e44daa4cc45c45055357243f04590ca2cee76fa25be3d46b63754",
                "38bf5dfb37a7d5aed5e584dbf6a68fe2dba9eab2f0fc3696d8d3fd984d7a59f4",
                "d0da64411a32e1b2c28bfd1ad6b770465d7c3b8ac39309a356a8e226ffc1d6dd",
                "d407324f3b2e9d828b7e5db2e34238207fb0b147cbbc308ceeee23ba6a607bcf",
                "1e29413d1698000bd1f33eff76cd136cad226ef1ba2a683f9657a5c3681ae187"
            ],
            "type": "Fetch",
            "firstPartyCookies": {},
            "firstPartyCookiesSent": {},
            "exampleSites": [
                "consciousplanet.org",
                "koinly.io",
                "www.la-razon.com",
                "www.monster.co.uk",
                "www.monster.com",
                "www.ottplay.com",
                "www.vokal.in"
            ]
        }
    ],
    "categories": [],
    "performance": {},
    "cookies": 0,
    "types": {
        "XHR": 26,
        "Fetch": 7
    },
    "nameservers": [
        "ns-154-a.gandi.net",
        "ns-193-b.gandi.net",
        "ns-64-c.gandi.net"
    ]
}