{
    "domain": "noembed.com",
    "owner": {},
    "source": [
        "DuckDuckGo-US"
    ],
    "prevalence": 0.000231,
    "sites": 17,
    "subdomains": [],
    "cnames": [],
    "fingerprinting": 0,
    "resources": [
        {
            "rule": "noembed\\.com\\/embed",
            "cookies": 0,
            "fingerprinting": 0,
            "subdomains": [],
            "apis": {},
            "sites": 14,
            "prevalence": 0.000191,
            "cnames": [],
            "responseHashes": [
                "123af77047267831c9bb0c7d68d0e86141252790eafc52f0e927ac9953335990",
                "b482c89704e865fc1e1d7951968d9527a3be336261c1081ec81663ce850ae70f",
                "afe426e3c2adecdfe2c891bd8ee9de4e0292ab5358f34f64a0b6e7ca75d5128b",
                "52016a1c8e363c49945a02e56c5e4a634122f14e62f91d16f6d82c38b81f7f1f",
                "983424f47e60e9512aa944dd851b145e49775e870c48350ef8a439044af2db70",
                "87effa347a261e26cd80a47f4045cf1f3624f50b7ea2d3c6ba800e69d89fe41a",
                "a30ad2d99f5561a5e80fd5bff628bf3d07447183621023f112b5354083ecf7e7",
                "c403ba510d1ad6ce7db34b915e16e454fb011f08951339e2b23e8060a8d32900",
                "e2b314173400fed53ce5e168fd65b0d9d2ba67f466ffeb4abf04f2094feb8339",
                "be19c35c446c19a7e3c6d60b5d52a7f1fd9f3194dc211f728b7b618649601cbd",
                "c92f71a5d9e75ecc907cc8ddc68280bf620e10628ad2dfbad5cda050941f65d0",
                "2990e32cb76a7702f01fa6fe9c1e2e88974e0257c826f11c5548f41ac7a1e59e"
            ],
            "type": "XHR",
            "firstPartyCookies": {},
            "firstPartyCookiesSent": {},
            "exampleSites": [
                "calzadoandymexmayoreo.com",
                "jaalifestyle.com",
                "jateksziget.hu",
                "karyakarsa.com",
                "nerogiardini.it",
                "oss.go.id",
                "suddisante.com",
                "thesleepcompany.in",
                "voi.id",
                "www.inn.co.il",
                "www.jaalifestyle.com",
                "www.nbg.gr",
                "www.sicredi.com.br",
                "www.tongucakademi.com"
            ]
        },
        {
            "rule": "noembed\\.com\\/embed",
            "cookies": 0,
            "fingerprinting": 0,
            "subdomains": [],
            "apis": {},
            "sites": 2,
            "prevalence": 0.0000272,
            "cnames": [],
            "responseHashes": [
                "28311ad4ec8e59118e45d4b1230a1c94a9610311db2fc15c30434563199790d1"
            ],
            "type": "Fetch",
            "firstPartyCookies": {},
            "firstPartyCookiesSent": {},
            "exampleSites": [
                "needhelp.com",
                "www.routedurhum.com"
            ]
        },
        {
            "rule": "noembed\\.com\\/embed",
            "cookies": 0,
            "fingerprinting": 0,
            "subdomains": [],
            "apis": {},
            "sites": 2,
            "prevalence": 0.0000272,
            "cnames": [],
            "responseHashes": [
                "d3c88fe967e6566690e953aa5dd1818ea927ab42ec96b23daa23c6d2b136b553"
            ],
            "type": "Script",
            "firstPartyCookies": {},
            "firstPartyCookiesSent": {},
            "exampleSites": [
                "torpedo7.co.nz",
                "www.torpedo7.co.nz"
            ]
        }
    ],
    "categories": [],
    "performance": {},
    "cookies": 0,
    "topInitiators": [
        {
            "domain": "first party",
            "prevalence": 0.5833333333333334
        },
        {
            "domain": "shopify.com",
            "prevalence": 0.25
        },
        {
            "domain": "plyr.io",
            "prevalence": 0.16666666666666666
        }
    ],
    "types": {
        "XHR": 14,
        "Fetch": 2,
        "Script": 2
    },
    "nameservers": [
        "ns-154-a.gandi.net",
        "ns-193-b.gandi.net",
        "ns-64-c.gandi.net"
    ]
}