{
    "domain": "noembed.com",
    "owner": {},
    "source": [
        "DuckDuckGo-US"
    ],
    "prevalence": 0.00025,
    "sites": 35,
    "subdomains": [],
    "cnames": [],
    "fingerprinting": 0,
    "resources": [
        {
            "rule": "noembed\\.com\\/embed",
            "cookies": 0,
            "fingerprinting": 0,
            "subdomains": [],
            "apis": {},
            "sites": 27,
            "prevalence": 0.000193,
            "cnames": [],
            "responseHashes": [
                "c20d0bf1f9fffbe398f4d0a17fd59ca865a9399a5b4225f871c35b3eb557f77d",
                "cf1b90de8bc01728dd54dde99f8c95d7553257fc204d50b0958dbf9d1c69aa6e",
                "2508566f06ed3c3a0289ef231b11a44446a39d95e3a8db1fc3e55edfe8adce39",
                "5e8fb5db3f4de7514e02854cb57ac9d44e3829d913869f212502a5fdcd23141b",
                "2b2f12e688941e0d5092272e2f7a0bab92f2dc28638d016488ace820c0e1e48c",
                "f4da29c180916a1609227804465c037a9fe7812b6336f63d14de350d6d1e061f",
                "a096be2c930bfef2e8fae421c71244a0cffb05355326a03b8367a21520854411",
                "befb161cbdf4705ee9a0f3c74c2d1d0e33f4795412b2a3ab0bd556b6c1a9df11",
                "35de57abb544861ecbb2ba2c0115095597d5422b01f79130a202743b43e16669",
                "c53817907bf8d65079ad3f89d0465f80dedef145272df220deebc5c7a7e51ac4",
                "6dc36c369ac10dcad9e06d4f65e77d6b39fc1e34b5345d30c483acad42d88882",
                "e4e694bdef2dafba7e38cafd0f435086cc7d4b4258f1563ed7162afa854edcfe",
                "056f4167039d5fa6057b5d9ff0d9c96026f52498010375ea65793749787191c5",
                "b4a7e2a46ce9c39e258b468939558d7a3dd45b9fa907bb8e993e42ac8aa82057",
                "9c001373a2fce7e2fcd7f0900a125c474855fa4f1f5cbba431d352676a4d6f64",
                "469ebcb0a8a5e6b9119686b6e2a21a2d7317a620f2b0c134f8297774c4d229d0",
                "438cffc5c37e5b62207224d323b3597569908251a6deeac88158c0819f474935",
                "8240d343ae667f4442a5c3f811f42b308a2c86d21cb5a6e9c1820e7871e596cb",
                "57956c43b7df344401d02ec16920e9aeaf6f8cdabc7321c2e8227362df6ea749",
                "80705f126f698a616b1be05d84193fdddc2a5c68417973d0d59127c3477ffedc",
                "a843545ebf1cfda69d97867cddecffc1efee142cd73532c4c5eee63f79befae8",
                "784709d8f812879be15ebd702cd9da265aac9beb458a957a2dd033f5350b6fd8",
                "846fb9b899f9ae4e41d32a5e5eba2002a2513ca357f00dd14761c7a4ee625632",
                "0c21eb4ce0523555a1b5ba6e76d780ef0f523571d83833823e0eb2bfdba2ac98",
                "51aa7ce89eeba577b595f84cdbefd577d74af723fe636f81f79d00dda23a9011",
                "e0c98c6ab1f650646efc332cfd3dd1e53d613ef257a71bf8a0e0105f8bb19a34"
            ],
            "type": "XHR",
            "firstPartyCookies": {},
            "firstPartyCookiesSent": {},
            "exampleSites": [
                "deuithof.nl",
                "www.ranbuild.com.au",
                "jaalifestyle.com",
                "www.visitflorida.com",
                "counterspinmedia.com",
                "www.uc.pt",
                "www.globetrotter.de",
                "visitabudhabi.ae",
                "www.dkoding.in",
                "www.whatisondisneyplus.com",
                "cryptowallet.com",
                "www.aleris.se",
                "www.audemarspiguet.com",
                "www.vorwerk.co.uk",
                "www.fractal-design.com",
                "www.groningermuseum.nl",
                "ibjjf.com",
                "www.jaeger-lecoultre.com",
                "bulletjournal.com",
                "londonreal.tv"
            ]
        },
        {
            "rule": "noembed\\.com\\/embed",
            "cookies": 0,
            "fingerprinting": 0,
            "subdomains": [],
            "apis": {},
            "sites": 4,
            "prevalence": 0.0000286,
            "cnames": [],
            "responseHashes": [
                "df55412a844f0df3671cb9f9651b5f90c37da40f425f690676c76976baabf0fb",
                "975bcc196a965c05e9f4a7d9fa3c21d854cb5bd6e9920ef0b51182c13bd5e27c",
                "8f75bf6d3734e2ea72aba2564b51e21027e3e5b2436cd49545c43375025481c5"
            ],
            "type": "Fetch",
            "firstPartyCookies": {},
            "firstPartyCookiesSent": {},
            "exampleSites": [
                "koinly.io",
                "www.la-razon.com",
                "www.ottplay.com",
                "www.redcross.org.au"
            ]
        },
        {
            "rule": "noembed\\.com\\/embed",
            "cookies": 0,
            "fingerprinting": 0,
            "subdomains": [],
            "apis": {},
            "sites": 2,
            "prevalence": 0.0000143,
            "cnames": [],
            "responseHashes": [
                "1c1d64cae553774d8e53c40aecd8bfcdb49da2f533035460343b3a183e7f602b"
            ],
            "type": "Script",
            "firstPartyCookies": {},
            "firstPartyCookiesSent": {},
            "exampleSites": [
                "parra.nu",
                "racingnews365.nl"
            ]
        }
    ],
    "categories": [],
    "performance": {},
    "cookies": 0,
    "types": {
        "XHR": 27,
        "Fetch": 4,
        "Script": 2
    },
    "nameservers": [
        "ns-154-a.gandi.net",
        "ns-193-b.gandi.net",
        "ns-64-c.gandi.net"
    ]
}