{
    "domain": "noibu.com",
    "owner": {},
    "source": [
        "DuckDuckGo-US"
    ],
    "prevalence": 0.001,
    "sites": 147,
    "subdomains": [
        "cdn",
        "input",
        "input.b"
    ],
    "cnames": [],
    "fingerprinting": 2,
    "resources": [
        {
            "rule": "noibu\\.com\\/collect\\.js",
            "cookies": 0.0000136,
            "fingerprinting": 1,
            "subdomains": [
                "cdn"
            ],
            "apis": {
                "Navigator.prototype.doNotTrack": 77,
                "Navigator.prototype.userAgent": 77,
                "window.localStorage": 77,
                "Navigator.prototype.cookieEnabled": 77,
                "Navigator.prototype.language": 77,
                "window.innerWidth": 76,
                "window.innerHeight": 76,
                "Date.prototype.getTime": 77,
                "Document.cookie setter": 2
            },
            "sites": 77,
            "prevalence": 0.000524,
            "cnames": [],
            "responseHashes": [
                "a75bf180dfea1323fb42110b30375b4e8c1b1f8232a0c987482d4640a2d715ee",
                "a9e6d15558b5d215ec1856be24e84e6aeb57ec44a4ea1da39d27f113295c3ffd",
                "db44cebd34e0bcb3e4bb98813dd94d1765a5bc941ad0e7f08de75eac31cf83a3",
                "6aa244f28da9fbad82f6493e573035079428fa03af20a0a1e3659337103d89f3",
                "583eab2be0d12db9e0951d0cfdacc0ba7a3b062a1ffe2241c2d0a42b1611a911",
                "8e488cf4d0a9a33471ad15da49306963035dba953dd9bbd7a8090b4af93c5466",
                "2c20fd0ffb2c21bbee7af51c99eecdbcc48d89501e4b9bacc5ffc0e24b7adec7",
                "20623b261228fad921fe8120c1740d2ff7db80e7d2198147fd85575db22c6f25",
                "267716e24bc7b349826bddc601f432f205511c28dd4bae128eccda9a0ad1b792",
                "12cd1476eddf0c9280810f109ce04b4141b81e99b5ec726ea3ae0f7e3240d93b",
                "06a5301ee21101f098868a46ad6bba7c32bbe853ac05e73088ae61b48dbf1979",
                "78120ea53502c30464b3569778dd5b7800c35abfa1ddd4412feea845467ff272",
                "29bb2298dfda73d3522de8b0f3a5b18527b045358676ff29f776acfd59d7be8f",
                "bf6f065dfcc7e4e18a45a88ab49a790b5dca93371cc858c090f8bec3a840c53b",
                "da56119f2178de5f8b543df3812270e1375bb868cb670d15fb99dc3d9bbf1030",
                "130c4df9eda51de09f6ff3a9e496836e904910f74268b55b7d94bdfe2a069a59",
                "821c243149a58adb350a188322bf2d9d5e7f4305a51e425f28efe34f3a1d057e",
                "c571ea3ecad46eee8605754aa17506a1ab261055d5bdb2fd48633126a0a796f3",
                "2cc5e4ac159dc12e32ad0c8aa5a2083e093a954d1600e21c8f278ad9255f4cdc",
                "e78f0270b6e8e3e63ed8e9ef402674660be0f9de887491c0c0bb95fb895f7b00",
                "c17599c57788debffc58748ebc0400511d831f2adc6c6900943de52fd1fb8317",
                "c5d0b8cfed09016c1d9dc65b2f61de8a5225795193b70170cbe616f7ed69acdc",
                "0d081b0ca38189197558e2f79d3f99177f8e39451db4b30b81d67bfeb3397e6a",
                "8104e0040db8b1c91fd152cfc2d9c2e4a28e655944a3c0810d3f77d219f6a4ce",
                "2b04da030c230a0f2519af22c7a4809941f68d805b6c55b109b191b370fbe764",
                "6286243f1b88ef64716ae448695120daf698663372490aad97913c5c7ee6331f",
                "bcb903c75c023d72d495b702f27487212b029a0434352cb17301b1fd168a1f2e",
                "e7567789fd0f696cc52846a8ca741a080a7b7c0728789d1ce4134883797c7129",
                "a0ad2fc415551865d9e4721b43b9e395e1d8c02443c10251aa97e256afeaa893",
                "31cce788042835d82a71ab8737d031c25e32e2ae0376ffc0dfc9b357df1a13eb",
                "ac40349c3d424760a20cc93507097fd84c061798c3c508381c8d4d2605b58155",
                "392166cd0efe67ee869c4c450c277e25ee921ec92f08c17ee9a3038fd18f8142",
                "9e429ea4d0a8dfe940c211c82dce7d39e1b530f1051622f4f473b99fb80b0a01",
                "438032ca974940d3eab22ce075ac0f2a3e3a5f8ff286eb822a0845d8c0bdfe82",
                "b3d1b988997344a4d0ffb3443ce38fffefdf77f7b0f04bb7687f2ea0838d15c7",
                "027768fd2d9b248aa5f504d3d4dcdd7fddc83d9f17b554d3e91f3e01b064860c",
                "b1883732c0162598b4d6fae0631d6221fc00eb8942c6f4cf99528f4232fb368a",
                "8e7ca986421ed9433bb487627012b9cab349abbb2f03d011a10efa83a7c233ea",
                "352d9d65ead7ac406d1390dda759f6d3d2346e0d98c6ae6494c82cf57f23c773",
                "aaaae0b14dc8ec2e8bad846de5ca8ab52256cd8dbb5a1d113eb689d904e3cb26",
                "fc408c2891b1b634f08282db400f2bbc407a48910472dd36675b9b81930422ca",
                "3ff81e8c8560927bf1ffa5c8f13a92913e127ae1dab2dbd8f5128a725aa5cc0a",
                "98de5043f66584195b03d1fdf52b3c743176f995411f9381ac3680afa0f092fe",
                "a2a33b5e52d2c97914768d89b014368e386d76dc06f270439e0c3152a73a79b5",
                "fd2b4b04ec3d1d0626933cb7ae65e370d527e573fa087b06a99b61c4a8b8c3b2",
                "e4bca91c602044e80e7fb168380f8e191cef206aab1400366c2a1525c73ec4a6",
                "911db10a027337b4eaee7eb6a090282a7714d07018ebdaf6d99dba6bee3b1384",
                "711556c7172dce69c6c980257de3aac03b22cf7fabe1b9ae510de4c6ea6dd366",
                "5a17af1bee868c73e3331885564beaa5694010e93532aa57ab8fb18be788383f",
                "da3b7d8f299927d9cfd54241c19d5983bb43f4892065633ed5c0dcebf2526afa",
                "c92937c10976ce651dcb8b7f0ff95e7f8d130f7f5ffce5a3232b5691df773f68",
                "ef67356342b984b9be60b5df4502f555a99f6ef3b82a10f4f13249d23c7d1fb7",
                "2e39c72b759c1a41965cdcd5d529036afe0c823f9d1caf67179362bd5d30d99d",
                "897afd193e33de22d46c4b9c5d6c7d5396591b01a9fe3525607948634562fec0",
                "49cbdb430e868f9173f2601b08fe25f169542fbeb97fb4bea78b19d19453b87f"
            ],
            "type": "Script",
            "firstPartyCookies": {
                "noibuID": {
                    "ttl": null,
                    "length": 36,
                    "prevalence": 0.000013612757876682026,
                    "uniqueness": 1
                }
            },
            "firstPartyCookiesSent": {},
            "exampleSites": [
                "www.finefoodspecialist.co.uk",
                "www.uberkinky.com",
                "www.leatherman.com",
                "www.bodybuildingwarehouse.co.uk",
                "www.fraserhart.co.uk",
                "www.dollskill.com",
                "www.camerahouse.com.au",
                "www.fhinds.co.uk",
                "www.amainhobbies.com",
                "www.performancebike.com",
                "www.sleepassociation.org",
                "www.tjc.co.uk",
                "www.honeybirdette.com",
                "www.humnutrition.com",
                "www.weldricks.co.uk",
                "www.celticandco.com",
                "www.arlo.com",
                "www.smkw.com",
                "www.finnishdesignshop.com",
                "www.hartsofstur.com"
            ]
        },
        {
            "rule": "noibu\\.com\\/pv_part",
            "cookies": 0,
            "fingerprinting": 0,
            "subdomains": [
                "input",
                "input.b"
            ],
            "apis": {},
            "sites": 77,
            "prevalence": 0.000524,
            "cnames": [],
            "responseHashes": [],
            "type": "WebSocket",
            "firstPartyCookies": {},
            "firstPartyCookiesSent": {},