{
    "domain": "noibu.com",
    "owner": {},
    "source": [
        "DuckDuckGo-US"
    ],
    "prevalence": 0.00111,
    "sites": 155,
    "subdomains": [
        "cdn",
        "input",
        "input.b"
    ],
    "cnames": [],
    "fingerprinting": 2,
    "resources": [
        {
            "rule": "noibu\\.com\\/collect\\.js",
            "cookies": 0,
            "fingerprinting": 1,
            "subdomains": [
                "cdn"
            ],
            "apis": {
                "Navigator.prototype.doNotTrack": 82,
                "Navigator.prototype.userAgent": 82,
                "window.localStorage": 82,
                "Navigator.prototype.cookieEnabled": 82,
                "Navigator.prototype.language": 82,
                "Date.prototype.getTime": 82
            },
            "sites": 83,
            "prevalence": 0.000593,
            "cnames": [],
            "responseHashes": [
                "3227fce324148151dc693038a299505520a9d9d32585388b2b0b70b53518990d",
                "3920b4e4726590c664a2afc63d6a6ea9ce4ff12299333a5722fa483f884004f0",
                "a58f88f67537ed72c0b033aed01bb0b3f313ad707ddd91c35e5eeafe5d5a5276",
                "ee0d5632432eff88579733ad106a464f3365d797f5a131bb46a14e5425bdca37",
                "d9033426c27dd44d74d43608f65d6af701a43e76602bf06c8be680e52b83bff6",
                "d44b61ff01156d5fa657e62a09457c91152a2e716832bdce86da69217d4dc497",
                "d1775b6f5aaa4516f906ac0d13858fd1fb8e8363d082a9199138b106429b2602",
                "69c94f22789b836115a1109daecd3ec87e307946002a97f04ade59ccc2dab087",
                "fb1a25facd59ae76ab15123724bc1e8df391e084625fd99369e40bf8bd6e03e8",
                "514261ec63e26cc9f27a15a9ac751e06d0a1593e3d47d898f5b2df9ab63b55e7",
                "21b5869ea5c7c818483ae5b7a54a971319708f9036f56ba9494ca538ac6cb090",
                "196312059ad17c6ed9ab14b11d020b728be8c8098968e1e0541f23e0220f3550",
                "8dae6faf3036b81967436b0bad4cef9f474ef78ec12b69630a7f47472b2c38c6",
                "280e5b40bacb9ec7a968959e2609d11fff41dfd363b363f06758f67fdd9acdf6",
                "447be335514eb5f2071214983cec6d103da89a6766a53b9a1c65e885fe721dfe",
                "abc85bbea2745e2cae5bf483d90f4947eb5d7b0606754b41b9bdfe06c7c8903d",
                "cda24637518e31ce5a5ef9ed313c081c6e9d85ed17eda496cd44e20c8ec1d701",
                "d8bba0738f3747694ef8b92bfe0d132aa9f9e66f39fad0bae3b16a1848431e2e",
                "9746a30a44083a062902ff0766346b0e52ea2eb80fdc6f7dfe6c0c9d15532f0c",
                "b9d3c95348ec4d034d840be9ff94f6dadf10ee5eb37f3f4611cd38291a81e1d0",
                "c7a7342439bc5c6cb8ecffddddc5f12748334352e1c0fd17dd24415fac96bebd",
                "932888223903811d1fed698d0a6c34b56306a43418439f048d8c5ccf0207956c",
                "5e57073f1270be928d4710db118a4b8ff0eaac96b0dc9044d7ad8dd76f08aceb",
                "262bc91674a305ea3ee1e8aebcb49361224f16c360f5a09c105936f02bc9330f",
                "fb1c756b6ba4c97e18dfd96ffd11e9118ca64de31af198d0e9f9aa3922210d65",
                "f5802164d50cc0c129d09fc71f8a66046f373e2912a041bae37602acf7bc1ca8",
                "078c1db192f46f628bfb6b7fca4db7ced1720f76a1cd47c427f1f17eb0e08aaf",
                "8fd53fbfa85e3a2d2d5d78567af9b2f263f17261943bc31eb14cec1d96f0899e",
                "8a236f1fe732b5969a59a371c6cea86287d6864c64d8131d3612feebc1463814",
                "ab5c1a9d2e7ac8d89bef1acc6e31c30f4f266ba94f1e3aebacfced40c3575e00",
                "c41fd63bea1dfc8021ca5d699c0c994447502ed12da0959f4facb2c45eb7a8ab",
                "13e181b7a37eefa1c94401d1509dfb2c0328b36cf4c1b9a92e02435e2d728494",
                "b592944bd385f614e3fbf06fa60c26c24eb24f838d22694e51cb8df209b19088",
                "4978e00033232a100588f659e8015b3714c0cacbb0c137f907d3b0248b8663e3",
                "649c5b4b7e9fe2d342c97328b3e53a92a652403772e9c5080dc0b9022d1fa2e4",
                "5e32cf73c6980c5cb3a7ce9cfbafbb283a7d955201de27c73beba5ee2ef79114",
                "587a2b4c902144fca1e31c84b2f70bb8d21a9973b6b38c42a7cf6fa0ad1ff588",
                "548e4def086c71fd519f7d4d91b5ca64927982b3fbba8ab197a60fb371d745d3",
                "0cc5aa544c03aceb03034e1547bff493a66ab7f610c94ac7503172f9b8249038",
                "ee92e248b2b41775a807057e8df4e6bf4fcea812dbe885a799f71d0abfbadf72",
                "235ca65cf59410dc96b912afb8f5d5030c5e4ead813a7f90f789d5d6ca0d3c0d",
                "59c415357b9341b5073018b826a254504b04586e864201100101919dd3b3e194",
                "f7029ba5edbc9d4297edd99d26c81356533189d00a5a8b3699d4a05a3cfe4669",
                "236ff93033315a405021a248a33afdd3c9324b600202fe46f97b0acfbe69002b",
                "56987d35523625e7a279271be3123ace3ae957ce2a35e371a1f239a844af80e1",
                "7d6ba8f2582b9d19941d0599dad26d380aa9411d17f745cfc3973a808115d47a",
                "6bb4f8c1dd72a55b22674a8b3a9c5d673bf669c856ad6a7701406e1097da4392",
                "09c11982f7f6596b7b1a1264bafb8d0417bd5824856a03607e132c5ef0377859",
                "90235b7cf9dba0574b9fcb5c80a84cd2a5b28ef473f9407a8758dbd4e47d009f",
                "aef38106dfb00e5ceee39dc0ca7c569fe255d059f18dcf62e768d32cb1bedf18",
                "649c2db30fb6995e2f9cccb57cd2e221b146661b1aee02fd5d185fc01e40cede",
                "0393e05a5693fbc37790ac29389b13cd218d20c640da5e466cf8f3458344747d",
                "198d69892a00fd6ead52bdf98043a364f6ed1ec2b9ed74ddc37f667e4bfc2cd4",
                "9e3d410007a63b782318e22fc3df30fa0a17d60d956dddc614f2bef5a7d2c614",
                "d56275e5bb951e4af9ce50810becff8ab08602c414645a0b89cf3d7346b42387",
                "693446883b484e91f42095d3996f5693d17b8e54f3b33be3b85c809e5d5870a7",
                "d2d829f96be284f2838f20ba7cbb420d10a976fb826217bd73ed2639e87b085e",
                "eb296c8a08d5a6d23ec7970b9acd040d952ad8a300c48c61372c7f1698f5aea4",
                "357508a53cf0db3396b5f402a0e1c94cbce5afb72d6ccf7b1f5e2ce26c5b4478",
                "e390a7fe4ea0e00ad829f8a5192c72d1a3d90e051b6903246eef6161e59ecbc7"
            ],
            "type": "Script",
            "firstPartyCookies": {},
            "firstPartyCookiesSent": {},
            "exampleSites": [
                "www.barnesandnoble.com",
                "www.petstock.com.au",
                "www.weber.com",
                "www.yourdiscountchemist.com.au",
                "www.cotswoldco.com",
                "www.x2o.nl",
                "www.panini.co.uk",
                "www.finefoodspecialist.co.uk",
                "www.finnishdesignshop.fi",
                "loaf.com",
                "www.outdoorresearch.com",
                "www.xenos.nl",
                "ego.co.uk",
                "www.hansanders.nl",
                "www.selectfashion.co.uk",
                "feetfirst.se",
                "www.salewa.com",
                "www.woodfloorwarehouse.co.uk",
                "www.libertylondon.com",
                "www.varusteleka.com"
            ]
        },
        {
            "rule": "noibu\\.com\\/pv_part",
            "cookies": 0,
            "fingerprinting": 0,
            "subdomains": [
                "input",
                "input.b"
            ],
            "apis": {},
            "sites": 83,
            "prevalence": 0.000593,
            "cnames": [],
            "responseHashes": [],
            "type": "WebSocket",
            "firstPartyCookies": {},
            "firstPartyCookiesSent": {},