{
    "domain": "o2u.jp",
    "owner": {},
    "source": [
        "DuckDuckGo-US"
    ],
    "prevalence": 0.000708,
    "sites": 52,
    "subdomains": [
        "a",
        "cdn"
    ],
    "cnames": [],
    "fingerprinting": 1,
    "resources": [
        {
            "rule": "o2u\\.jp\\/",
            "cookies": 0.000653,
            "fingerprinting": 1,
            "subdomains": [
                "a"
            ],
            "apis": {
                "Date.prototype.getTime": 48,
                "Document.cookie setter": 48,
                "Document.cookie getter": 48,
                "Navigator.prototype.userAgent": 48,
                "Navigator.prototype.appVersion": 48
            },
            "sites": 48,
            "prevalence": 0.000653,
            "cnames": [],
            "responseHashes": [
                "32d6bd8835aaa18402f552954b827d87c5901af6869556378a227d1a0fa2c14f",
                "ab91c0502b690e884ba1e880e14c71ac869b28148468bc160c10a10a9fae475d",
                "ceee8daff31f6ed600e69212679d77af20cacb88ceb8aac130c157098ab3ffe7",
                "bbbce97fe09906e7f2e7f8fb4237777bf0dca970c0c9d3f324fce3cdce444167",
                "d7cde74f74636cedac2f1408b337bdeb287e4844457f1d9625f7aba1ccd18e50",
                "3af6a12f1e59250a286b0e45f250dbbd7811926d322949097c217684713966fd",
                "1e6b1810bfb27eea114a76e87374e47aa28a37582ef8a9054ce5e6a1fc240cf3",
                "ce510559314b103f2900945deeae09053244135485334cc9ee0c6d4fbc4f520f",
                "bc6882c4caa8b6fa195e32162f4f4afccd9a79faaf489836f0299cd4e76e869e",
                "a2a5176780cdd4213fc607fa24dd914f9045546e917899f1d634c12f96ebe68b",
                "fc1a3b818d708f2232eb886c224e9efda0b289e8ff15b6f88f7d008097ec2568",
                "24810bb850e807b23c2542393fe509915acfa41160f816fb6ae31006967de909",
                "65e0ed0c7378781f51c8a7f89b2f3edcb45b490b2c3e31bffa22b981bf6d3c26",
                "9acbfa4c8a8d08fe5282c6d33346f4b91dbb49aecb249cadb63479dfdeb0bb64",
                "6fe9d016ea14f5359a808d45e69df9004729158cf693f6032973ae8e781daa5c",
                "e413b52d2a92751214ddb10847b640821e3be6ac7409730bde7d805ee8ecc428",
                "ae7d11605775cd9560681faae584992ae4b387d693c0afa1b22705dc48bd6fc9",
                "9b6c96c3fd7a04d1ec0894f4fb771607cb8bf70988e7eb6edc02ff2cfc2d097e",
                "1854b3cffaf1edbb69038e81e9d6e3515a262ceb6c47fc9067754f07f0291f8d",
                "579a50cb19b930648fe578eda854696895e4dd5cc335245f624cbfbefeeafc94",
                "99dbf1aca194f0d3ec8a4345994ba2b49cec36c7d90e021249c99a266ad40aff",
                "5da02e675e8741cbfb9400bb540a1ff5ab0c50ec369dbd321b309ff6cf2bede2",
                "8e60e4103170d4a89e91602a5d70975b8b8187071142a240755edd6c04fd4b3f",
                "3f7349fb346c337a15a7ab6c484da43d9e016c01147102b6b6c058de0ee339a2",
                "083a4292555e168ff5919e3c19c2a44146fc2de52e72fb5a4bf11d234a9796fe",
                "52db7866768b33bb3a8e3cc740ed6d05003ff56737e535fe31ec4b43a501d608",
                "b896fc907dd762cda6ce4973f5a9115f10a067d7a6b0c3f1e365037d5f590f03",
                "6d6f0a94ce6d92529414276dadafd40096b656b2ffada1489d01ab746919a497",
                "efe364f2dd8760522c05ce6d4e39ec131596138d75922594c3416505bb4170cf",
                "d3679645b71dbc34546499915ef68446ed818c9599e54347a0d84540c1387934",
                "a509db04bca7c0ea218b7bd529df380fcd9ff80e5feb800d448651dde3c0dfee",
                "98c5ce860435254e0bf06232e98a8b1c174b87018172184b1a5cb91e952c06f6",
                "0daac0ddeef5e41574e1fd02ed6eee8d0881a35ee2aa8b9f31f644027ec5aa4c",
                "4e947529893500e6c513417305136f553716e8918166dcf922e140a9a306622d",
                "40e1f28f1ff3768beddda295a89578c73a30ba739f08d3a90d1f195ea31b811e",
                "397eae1b735c69f7f189285019289a2818d28031ad57743c6c015fcd3b44f5b2",
                "e93a513b56d5e1acbc5c20ea565a4816fb33f70b5fd22720121856f7d86b7964",
                "4a96b4f9443e28fd657f5b923426b6b9bed25bf18a99b706f3da348d9097f139",
                "12e887c8c3a42fc6fa05a138196f98b9097edf7ae2221edf9edbcc3383c79df1",
                "57e49022a3074badd137a28e0cad394afa89f0fa1e91ab89d0b9d131463725e1",
                "9007b6f7f38a8ddafef13dc61be11369e0238a51766f6b4f1618ddc0064772f1",
                "a625413928e6d8dd21f2a990caa7d5006d701d68ef01e0770c5575d993d1c633",
                "70e7712c0334608fc65a668afd04faca2f491c50ad201d381dc47fdc688a8f73",
                "a638167b515a499bdbb80b6a1361a3b7ebe6c4401b2db09718f13cf4bd0cf6b5",
                "08fed7dab135a704666106ec5c417b6012a6b4c2e27b3af10c5d848e9f982344",
                "d091053d7096576465287174ce1753abd97500f644a41e9f16de002c752dfde6",
                "bd3c1fae3b56e85949e98174ec4924d482f2d4219728194ac5f241f054b001ac"
            ],
            "type": "Script",
            "firstPartyCookies": {
                "___o2u_dc1id": {
                    "ttl": 31542,
                    "length": 36,
                    "prevalence": 0.00008167265599477295,
                    "uniqueness": 1
                },
                "_____write_test_": {
                    "ttl": 27,
                    "length": 7,
                    "prevalence": 0.0005580964826309484,
                    "uniqueness": 0.024390243902439025
                }
            },
            "firstPartyCookiesSent": {},
            "exampleSites": [
                "premium-water.net",
                "mahjongsoul.com",
                "otonanswer.jp",
                "dietnavi.com",
                "www.ehonnavi.net",
                "www.bepal.net",
                "www.chibanippo.co.jp",
                "www.ucaro.net",
                "www.subaru.jp",
                "game.mahjongsoul.com",
                "www.doutor.co.jp",
                "www.fujitv-view.jp",
                "furunavi.jp",
                "www.apamanshop.com",
                "forbesjapan.com",
                "merkmal-biz.jp",
                "netorder.hottomotto.com",
                "www.jackery.jp",
                "www.bookoff.co.jp",
                "bike-news.jp"
            ]
        },
        {
            "rule": "o2u\\.jp\\/pixel\\/",
            "cookies": 0.000368,
            "fingerprinting": 0,
            "subdomains": [
                "a"
            ],
            "apis": {},
            "sites": 29,
            "prevalence": 0.000395,
            "cnames": [],
            "responseHashes": [
                "3706866c68bca8fab61afcddb91d9add521a08ef8e1ee65f14b4c5b7148a53e5"
            ],
            "type": "Image",
            "firstPartyCookies": {},
            "firstPartyCookiesSent": {
                "evid_00XX": 0.000013612109332462159
            },
            "exampleSites": [
                "ure.pia.co.jp",
                "trafficnews.jp",
                "www.fujitv-view.jp",
                "www.doutor.co.jp",
                "5-fifth.com",
                "bike-news.jp",
                "t.livepocket.jp",
                "premium-water.net",
                "www.netoff.co.jp",
                "ssl.jobcan.jp",
                "www.matsui.co.jp",
                "www.chibanippo.co.jp",
                "gachi-matome.com",
                "www.ucaro.net",
                "www.ka-nabell.com",
                "www.cyzo.com",
                "dietnavi.com",
                "www.e-earphone.jp",
                "otonanswer.jp",
                "yogibo.jp"
            ]
        },
        {
            "rule": "o2u\\.jp\\/scripts\\/o2u-treasure\\/2\\.4\\.2\\/o2utreasure\\.min\\.js",
            "cookies": 0.00064,
            "fingerprinting": 1,
            "subdomains": [
                "cdn"
            ],
            "apis": {
                "window.localStorage": 48,
                "Navigator.prototype.userAgent": 47,
                "Document.cookie getter": 47,
                "Document.cookie setter": 47,
                "Date.prototype.getTime": 20
            },
            "sites": 48,