{
    "domain": "omguk.com",
    "owner": {},
    "source": [
        "DuckDuckGo-US"
    ],
    "prevalence": 0.000837,
    "sites": 117,
    "subdomains": [
        "track"
    ],
    "cnames": [],
    "fingerprinting": 0,
    "resources": [
        {
            "rule": "omguk\\.com\\/e\\/qs\\/",
            "cookies": 0.000386,
            "fingerprinting": 0,
            "subdomains": [
                "track"
            ],
            "apis": {},
            "sites": 55,
            "prevalence": 0.000393,
            "cnames": [],
            "responseHashes": [
                "e3b0c44298fc1c149afbf4c8996fb92427ae41e4649b934ca495991b7852b855",
                "ae798a63be71188d52a210b5b02efb942b8f09e64c95fc833d275c4f64278b20",
                "0657f05f4d5c3d54451f09e227291ca5a64829a64e56d3cbe4f9f502096c5c93",
                "284b557a2499f03c4730e69949396cae979842f43a0b0c789b8d87e3b3717121",
                "444bfedd533628b52073f3d65d87bbd0768f29bc7736408459756bcf77d5a535",
                "21eec4c2c4c4c6c8c3806c331bc2a24c70bd9ce90dbf95486a62c610886e8b05",
                "c5620bbacf3321379a7a80b587a1773b24f54d78915d5fd64f35552b601833d9",
                "cecf5b34252af8c7c32180d21f66e621466f1837c44c4c620dccc7e2623d67da",
                "37f4ce5bf54d8a7df2d741daf50fe7c8fdbd5ecf561d7e986718c317ad89e57b",
                "00a98103f2a25d76d98e8bc1ea7eb19767a82c70dd1afea94daf97c0361f3069",
                "a505edf6ed1af538e33e4b4e2e05711ff4b7b65707193968bd4ef997f3959356"
            ],
            "type": "Script",
            "firstPartyCookies": {},
            "firstPartyCookiesSent": {
                "_hjTLDTest": 0.000007149904906264747,
                "lander": 0.000007149904906264747,
                "IR_gbd": 0.000007149904906264747
            },
            "exampleSites": [
                "ba.olx.com.br",
                "mg.olx.com.br",
                "rs.olx.com.br",
                "www.leoa.com.br",
                "www.rentcars.com",
                "www.intersena.com.br",
                "br.banggood.com",
                "olx.com.br",
                "www.eyemyeye.com",
                "smilemakerscollection.com",
                "www.cec.com.br",
                "bxblue.com.br",
                "www.damensch.com",
                "www.decathlon.com.br",
                "www.mobiauto.com.br",
                "www.croma.com",
                "ce.olx.com.br",
                "www.redwolf.in",
                "sc.olx.com.br",
                "www.olx.com.br"
            ]
        },
        {
            "rule": "omguk\\.com\\/action\\/application\\/",
            "cookies": 0.0000429,
            "fingerprinting": 0,
            "subdomains": [
                "track"
            ],
            "apis": {},
            "sites": 6,
            "prevalence": 0.0000429,
            "cnames": [],
            "responseHashes": [
                "444bfedd533628b52073f3d65d87bbd0768f29bc7736408459756bcf77d5a535",
                "e3b0c44298fc1c149afbf4c8996fb92427ae41e4649b934ca495991b7852b855",
                "4747f292ccdc3111fc72a8123753e6948381dbf7c7babaaeb39de91a78e14836"
            ],
            "type": "Script",
            "firstPartyCookies": {},
            "firstPartyCookiesSent": {
                "qab_previous_pathname": 0.000007149904906264747
            },
            "exampleSites": [
                "ghc.health",
                "www.desertcart.co.za",
                "www.desertcart.com.au",
                "www.desertcart.ie",
                "www.hastingsdirect.com",
                "www.jbl.com.br"
            ]
        },
        {
            "rule": "omguk\\.com\\/la",
            "cookies": 0,
            "fingerprinting": 0,
            "subdomains": [
                "track"
            ],
            "apis": {},
            "sites": 5,
            "prevalence": 0.0000357,
            "cnames": [],
            "responseHashes": [
                "e0e4451a83144b2d977d01cf62b3221bb890b77eba0c172ea9949ed7a4364749",
                "17843a1f69d0ec101f626b7da463fc39779d2ac2f5f00de3693f8a0ff5e27da2"
            ],
            "type": "Script",
            "firstPartyCookies": {},
            "firstPartyCookiesSent": {
                "lotame_domain_check": 0.00002144971471879424,
                "_tb_t_ppg": 0.00002144971471879424
            },
            "exampleSites": [
                "kuyou.id",
                "mb.com.ph",
                "www.cosmo.ph",
                "www.topgear.com.ph",
                "www.yummy.ph"
            ]
        },
        {
            "rule": "omguk\\.com\\/pat\\/",
            "cookies": 0,
            "fingerprinting": 0,
            "subdomains": [
                "track"
            ],
            "apis": {},
            "sites": 2,
            "prevalence": 0.0000143,
            "cnames": [],
            "responseHashes": [],
            "type": "Script",
            "firstPartyCookies": {},
            "firstPartyCookiesSent": {},
            "exampleSites": [
                "racenet.com.au",
                "www.racenet.com.au"
            ]
        }
    ],
    "categories": [],
    "performance": {},
    "cookies": 0.000779,
    "types": {
        "Script": 68
    },
    "nameservers": [
        "ns-462.awsdns-57.com",
        "ns-1005.awsdns-61.net",
        "ns-2009.awsdns-59.co.uk",
        "ns-1127.awsdns-12.org"
    ]
}