{
    "domain": "omguk.com",
    "owner": {},
    "source": [
        "DuckDuckGo-US"
    ],
    "prevalence": 0.000721,
    "sites": 53,
    "subdomains": [
        "track"
    ],
    "cnames": [],
    "fingerprinting": 0,
    "resources": [
        {
            "rule": "omguk\\.com\\/e\\/qs\\/",
            "cookies": 0.000653,
            "fingerprinting": 0,
            "subdomains": [
                "track"
            ],
            "apis": {},
            "sites": 48,
            "prevalence": 0.000653,
            "cnames": [],
            "responseHashes": [
                "e3b0c44298fc1c149afbf4c8996fb92427ae41e4649b934ca495991b7852b855",
                "f1ff2bcb3473b8896f119b1a682dbd5f8f7dbb66cc6e5bc5d270205cf8c15acc",
                "82bc20a6066f549110b5b5ae078ed0363da0da5dfe547a903027f2ae2813e3b4",
                "cc4559a1a8daeffd46c41405eacbc3602bb305ace2f4db494fd986dc273f271c",
                "aeb533692e09a757f116a7258c546590864657dc804eeee8526af28258d3241b",
                "28302952ad0dc09d1fa9315daccc9081e2842adb7e9d61da2e8928ca6a46a2b4",
                "b6c5b4a7c2982d9b7a5583047304c3d95e752eb918623743a0c84e3fe4b42f10",
                "ef7d3593943ce17d4063b357d5a8e573eded026d3d21079e686969d52d93be69",
                "866fa39d594538cdeab2be28a07611f6fb0b8cef6e0613847309e19e38c1f7a9",
                "f5c2f7ada10e0780b362aad6ac739ca4169b78c5e6842e6618ab9f1a37ab20a8",
                "09d75f3857aa7595d9f009b1daf121ac718c668804969f343eb30b80e4ec9d72",
                "21eec4c2c4c4c6c8c3806c331bc2a24c70bd9ce90dbf95486a62c610886e8b05",
                "d3cf20cb9af481f4676b55ab5354324d04af4c8de7c47456667add276c345cb9",
                "444bfedd533628b52073f3d65d87bbd0768f29bc7736408459756bcf77d5a535",
                "cbbad8f251082ff2729125408041c4825b30152a053f3fdc205fea4547c4061e",
                "82e28df4d62742b131b72e6c37613baf44285a2359ffa4b770a7570f10c5fc2d",
                "1df3153929dd0025f72d4fb47c781929c8e1eb57abd0dccbb15bf1b35c32cf2f",
                "b92b6d182f54cae8ca3e27b6e44555b29759c8c5494ac59fbef02bce65f855c8",
                "25dc12cd1da506866bd5f7066e0220ec7725820d1436f52eb03430f9657e7954",
                "8d0fe7d6f9a85e86d0486b8dbe7fbce6edc40adc60d02024960059e568f8af03",
                "27d9981380e4e085aff7c3f03a3ad6380128bbb6be721aa55d156d1b4e50a992",
                "cecf5b34252af8c7c32180d21f66e621466f1837c44c4c620dccc7e2623d67da",
                "cf9c25a8b4ed471827cd914f27994638dd159a1d53bf4b6cf4e0826542b42239",
                "da700ce0c3e678f378ff3446b95319847d9433adf5f50346e36a43f48f861245",
                "5d16e640116ccb5445e552aea81812831b763a77fde78c4d099a8334f16ce7d7",
                "4a73fa465189538c4ca6966ba023283bf3341bf0309b4118cbecd6bd6ada3db4",
                "de07df6370080768a8b335a84ac936f3d8be0c959b1454e46a1d51ec42fbf92e",
                "32e3177c6707bce7d0b6f23d453bed60cac1a0fb51f73724b903e2d94d5ecc79",
                "fd201e23a26b882006bc93050931e15715c93e91a96ed8427ae0a5d6a7e3f8ac",
                "8ac4b8e1f84fd89e50fa8190c698e4d663c4e402c4e1a43edf569443ed4bd878"
            ],
            "type": "Script",
            "firstPartyCookies": {},
            "firstPartyCookiesSent": {
                "_hjTLDTest": 0.000013612109332462159,
                "_schn": 0.000054448437329848636
            },
            "exampleSites": [
                "www.acordocerto.com.br",
                "myaccount.du.ae",
                "www.zinzane.com.br",
                "www.decathlon.com.br",
                "www.zivame.com",
                "bi.ua",
                "www.gramedia.com",
                "wildcraft.com",
                "discoverpilgrim.com",
                "www.obramax.com.br",
                "www.banggood.com",
                "www.orami.co.id",
                "natura.com",
                "app.acordocerto.com.br",
                "www.forever21.in",
                "worldofek.com",
                "www.pepperfry.com",
                "luxuryescapes.com",
                "www.kapiva.in",
                "truhairandskin.com"
            ]
        },
        {
            "rule": "omguk\\.com\\/action\\/application\\/",
            "cookies": 0.0000544,
            "fingerprinting": 0,
            "subdomains": [
                "track"
            ],
            "apis": {},
            "sites": 4,
            "prevalence": 0.0000544,
            "cnames": [],
            "responseHashes": [
                "e3b0c44298fc1c149afbf4c8996fb92427ae41e4649b934ca495991b7852b855",
                "777918294cdd707f66aa74333c91e2f31140a6273cd801a64574f777bfc50b08",
                "5f72b0d6b497256b3318a28157a73d38eb4386f24712ed8585a3c7365a68341e"
            ],
            "type": "Script",
            "firstPartyCookies": {},
            "firstPartyCookiesSent": {},
            "exampleSites": [
                "ghc.health",
                "shop.trell.co",
                "www.bnn.in.th",
                "www.jbl.com.br"
            ]
        }
    ],
    "categories": [],
    "performance": {},
    "cookies": 0.000708,
    "topInitiators": [
        {
            "domain": "googletagmanager.com",
            "prevalence": 0.6909090909090909
        },
        {
            "domain": "first party",
            "prevalence": 0.23636363636363636
        },
        {
            "domain": "lenmit.com",
            "prevalence": 0.03636363636363636
        },
        {
            "domain": "adobedtm.com",
            "prevalence": 0.01818181818181818
        },
        {
            "domain": "trmit.com",
            "prevalence": 0.01818181818181818
        }
    ],
    "types": {
        "Script": 52
    },
    "nameservers": [
        "ns-462.awsdns-57.com",
        "ns-1005.awsdns-61.net",
        "ns-2009.awsdns-59.co.uk",
        "ns-1127.awsdns-12.org"
    ]
}