{
    "domain": "onevision.com.tw",
    "owner": {},
    "source": [
        "DuckDuckGo-US"
    ],
    "prevalence": 0.000245,
    "sites": 18,
    "subdomains": [
        "onead"
    ],
    "cnames": [],
    "fingerprinting": 0,
    "resources": [
        {
            "rule": "onevision\\.com\\.tw\\/v2\\/et\\/oid",
            "cookies": 0.000204,
            "fingerprinting": 0,
            "subdomains": [
                "onead"
            ],
            "apis": {},
            "sites": 15,
            "prevalence": 0.000204,
            "cnames": [],
            "responseHashes": [
                "56efa573db54a510285a9f5e30d45579c959d82ba81e2a97eb259eed4a31fc01",
                "c88957d4d65da64e3e681a2a60716ba18d2625bbde48056801a61b5b9b904352",
                "36ea2f6cca249849a2a0c2dd460fa6703c264e7f0166b5b174eb4f45a1b9c588",
                "e2e7664047f41ffee00cebcb6d64cd985dab1f6da4380aecc67fd0667ac9c357",
                "742448b8e348f7a42f903ab7d93be67bdabcb44d4d243e79843e9b9d779ff5f7",
                "3f2596418fec35557629611dc969630d20ba301f7db04757f0396dff6c0e63f5",
                "94dfaa6c9513575d2f8389294d6b07e911f41cb652da53d88aa90322bc2a8e1d",
                "dc1b03ebfa8cf277af5a8bcf1bdb58db8998c6dc688b1f4d2372d2121226f27b",
                "41110397b3da01197a3cf841a905333eb19c612ef337d9675180825cdbb5d864",
                "6daba01c89fd76657eca667f8dd46e005a93bc418816b9f9ade809b1cc8507a2",
                "960dc1ce932f1b3bb44a3131c242b4c08aa07de328de4f02445f6e72f4b36686",
                "398c223945e23ed04c95f3a45b0ddc6d28e08c008505c6d34dd26753c39539d7",
                "1a3d17819da707fb74abbeb7a6a54a10bdc695a842b537e0c1ca43d08faacad2",
                "ba14ca405a5be32f7b2c09d66dd3fb306963537dce4d9648269e52d3d1f1c78f"
            ],
            "type": "Script",
            "firstPartyCookies": {},
            "firstPartyCookiesSent": {},
            "exampleSites": [
                "ltn.com.tw",
                "auto.ltn.com.tw",
                "ec.ltn.com.tw",
                "election.ltn.com.tw",
                "ent.ltn.com.tw",
                "istyle.ltn.com.tw",
                "news.ltn.com.tw",
                "news.ebc.net.tw",
                "playing.ltn.com.tw",
                "sports.ltn.com.tw",
                "www.cw.com.tw",
                "www.dominos.com.tw",
                "www.fetnet.net",
                "www.ltn.com.tw",
                "www.yamaha-motor.com.tw"
            ]
        },
        {
            "rule": "onevision\\.com\\.tw\\/v2\\/push",
            "cookies": 0.000191,
            "fingerprinting": 0,
            "subdomains": [
                "onead"
            ],
            "apis": {},
            "sites": 14,
            "prevalence": 0.000191,
            "cnames": [],
            "responseHashes": [
                "e3b0c44298fc1c149afbf4c8996fb92427ae41e4649b934ca495991b7852b855"
            ],
            "type": "Image",
            "firstPartyCookies": {},
            "firstPartyCookiesSent": {},
            "exampleSites": [
                "ltn.com.tw",
                "auto.ltn.com.tw",
                "ec.ltn.com.tw",
                "election.ltn.com.tw",
                "ent.ltn.com.tw",
                "istyle.ltn.com.tw",
                "news.ltn.com.tw",
                "news.ebc.net.tw",
                "playing.ltn.com.tw",
                "sports.ltn.com.tw",
                "www.dominos.com.tw",
                "www.fetnet.net",
                "www.ltn.com.tw",
                "www.yamaha-motor.com.tw"
            ]
        },
        {
            "rule": "onevision\\.com\\.tw\\/v2\\/app\\/push",
            "cookies": 0.0000272,
            "fingerprinting": 0,
            "subdomains": [
                "onead"
            ],
            "apis": {},
            "sites": 2,
            "prevalence": 0.0000272,
            "cnames": [],
            "responseHashes": [
                "e3b0c44298fc1c149afbf4c8996fb92427ae41e4649b934ca495991b7852b855"
            ],
            "type": "Image",
            "firstPartyCookies": {},
            "firstPartyCookiesSent": {
                "L_PUID": 0.000027224218664924318
            },
            "exampleSites": [
                "tvbs.com.tw",
                "times.hinet.net"
            ]
        }
    ],
    "categories": [],
    "performance": {},
    "cookies": 0.000245,
    "topInitiators": [
        {
            "domain": "guoshipartners.com",
            "prevalence": 0.6756756756756757
        },
        {
            "domain": "onead.com.tw",
            "prevalence": 0.21621621621621623
        },
        {
            "domain": "litv.tv",
            "prevalence": 0.05405405405405406
        },
        {
            "domain": "imasdk.googleapis.com",
            "prevalence": 0.02702702702702703
        },
        {
            "domain": "gliacloud.com",
            "prevalence": 0.02702702702702703
        }
    ],
    "types": {
        "Script": 15,
        "Image": 16
    },
    "nameservers": [
        "ns-cloud1.googledomains.com",
        "ns-cloud2.googledomains.com",
        "ns-cloud3.googledomains.com",
        "ns-cloud4.googledomains.com"
    ]
}