{
    "domain": "opensharecount.com",
    "owner": {},
    "source": [
        "DuckDuckGo-US"
    ],
    "prevalence": 0.0000572,
    "sites": 8,
    "subdomains": [],
    "cnames": [],
    "fingerprinting": 0,
    "resources": [
        {
            "rule": "opensharecount\\.com\\/count\\.json",
            "cookies": 0,
            "fingerprinting": 0,
            "subdomains": [],
            "apis": {},
            "sites": 8,
            "prevalence": 0.0000572,
            "cnames": [],
            "responseHashes": [
                "b3b3b372e82534846261cd3dbd4a02c3d46c80bdfa1fb42a5d9a1e243100841d",
                "a63a976e8e8111f38e0971cb814b5b2fbcef7e2430b99d6276e96a8a031ca4c9",
                "0e941ef3ffba49b76d227d382ee7049bd5253ed50247a57c4e05d15f62145432",
                "cb29adcfd99ed12e3e1b6a9161c3943a445bfed4f529931066b0737de76cef38",
                "982d3cd55e1457a6d6a530529102057f9a0550797e643b08b8497d0bf17a4ee6",
                "2d32387c0628db2b4ef2750ec4ec77ea3f2dabb506a2b1c273296c333c853bc2",
                "57f3a8cc496a2e50415d5db8dd43a4dd3c2dd6312e31fc95fe8f51411f4e9958"
            ],
            "type": "XHR",
            "firstPartyCookies": {},
            "firstPartyCookiesSent": {},
            "exampleSites": [
                "architectenweb.nl",
                "ovdinfo.org",
                "saveourbones.com",
                "www.hammarbyfotboll.se",
                "www.installatie.nl",
                "www.naturalnews.com",
                "www.wegwijs.nl"
            ]
        }
    ],
    "categories": [],
    "performance": {},
    "cookies": 0,
    "types": {
        "XHR": 8
    },
    "nameservers": [
        "dora.ns.cloudflare.com",
        "clint.ns.cloudflare.com"
    ]
}