{
    "domain": "opensharecount.com",
    "owner": {},
    "source": [
        "DuckDuckGo-US"
    ],
    "prevalence": 0.0000545,
    "sites": 8,
    "subdomains": [],
    "cnames": [],
    "fingerprinting": 0,
    "resources": [
        {
            "rule": "opensharecount\\.com\\/count\\.json",
            "cookies": 0,
            "fingerprinting": 0,
            "subdomains": [],
            "apis": {},
            "sites": 8,
            "prevalence": 0.0000545,
            "cnames": [],
            "responseHashes": [
                "f69a46f7e0e0dbc9ee0142278b833be000247b9123e1b50919fab4bc4523b6d0",
                "dc10d99481806061a50d235b85c31e0b166c665425f7a9e85081f997a9a5464b",
                "99a463a641a861bd096f2da7325fa292a84d0958781d851a12e34ce81093b86b",
                "bc1842dd50d8ce9b278731814fc2cab45fa9a5714f626363aa2b638cbf4705cf",
                "2104b02d44909f2ba91557ced4dc42a02fa48bb7135a3bfadd9afe931031e0c5",
                "d02a0538aa972757353d5192a3890717a70652ca5e9636bbafb83d73d1ec5665",
                "9bb856afed71b34b12ed43d89fb6f4c04a9f1ec0a01f78c48a7e3a0cf39ff60d"
            ],
            "type": "XHR",
            "firstPartyCookies": {},
            "firstPartyCookiesSent": {},
            "exampleSites": [
                "architectenweb.nl",
                "saveourbones.com",
                "www.avg.com",
                "www.hammarbyfotboll.se",
                "www.installatie.nl",
                "www.naturalnews.com",
                "www.wegwijs.nl"
            ]
        }
    ],
    "categories": [],
    "performance": {},
    "cookies": 0,
    "types": {
        "XHR": 8
    },
    "nameservers": [
        "dora.ns.cloudflare.com",
        "clint.ns.cloudflare.com"
    ]
}