{
    "domain": "opti-digital.com",
    "owner": {},
    "source": [
        "DuckDuckGo-US"
    ],
    "prevalence": 0.000553,
    "sites": 80,
    "subdomains": [
        "scripts"
    ],
    "cnames": [],
    "fingerprinting": 2,
    "resources": [
        {
            "rule": "opti-digital\\.com\\/tags\\/",
            "cookies": 0,
            "fingerprinting": 2,
            "subdomains": [
                "scripts"
            ],
            "apis": {
                "Navigator.prototype.userAgent": 45,
                "Navigator.prototype.cookieEnabled": 45,
                "window.sessionStorage": 43,
                "Navigator.prototype.appName": 44,
                "Date.prototype.getTime": 45,
                "window.localStorage": 45,
                "Document.cookie getter": 45,
                "Screen.prototype.width": 32,
                "Screen.prototype.height": 32,
                "Navigator.prototype.doNotTrack": 32,
                "Navigator.prototype.language": 32,
                "Navigator.prototype.connection": 26,
                "Navigator.prototype.hardwareConcurrency": 2,
                "Date.prototype.getTimezoneOffset": 1,
                "PerformanceTiming.prototype.navigationStart": 1
            },
            "sites": 45,
            "prevalence": 0.000311,
            "cnames": [],
            "responseHashes": [
                "8f0d5819b13cbf14e924af30de9d11abb61686d9c903a8146f30c7aa412146ea",
                "b0e2544b80dc72509b035bffdbc4176385ef0e6a9fc18414fe8d547eff4df06b",
                "f9f791c321c5e234a00bbd9ecf727a93fd8459d7d21d94f14019b9e0790b4414",
                "84898e13cce80c542b35328f7600f58bb3bed80f293677fdb5ee7cacb371df0c",
                "a8d0d924191afe193f2e2262ab3b870273d5abc3b3cca6edb2865ebdfbd2ed44",
                "62ced0dbf3083f61da3338a1ce6c77471a389dc569facf20ab4ddfbed8356f46",
                "5dcaec665beb26dec10442957d7e952c958167741ca212d7685488e74ee06589",
                "5d9cbee71b69761280eaa56fc495bebe9ab3c53f968f0fc30538db81cb441ad1",
                "6627d48324ed0fd8d353531d7fe0b2e2ab915ddee95dee319a9889824eef29ee",
                "98267f4d99e448e0df76b7f2e26006b8b7156d79eab00dd2dcca2eb0bfa44d75",
                "15a7d2c1b264c012bfd0ae1067a11d4c533130e84e69dd22dfe2902669ffb557",
                "077152cd96bcf0b199fb69dfa6f9c4d1b4b7d7ea9b5447f7801030a8becb9d91",
                "bbe8f0de1a7cdd9da3325214a2293acb8af4f6aedbb67f778ab8ce60ab4b03f7",
                "ade2bd1b464a20ccfa4d9bcaccdf17bd1621c70f5b2b14d594d4e9a7828bd51d",
                "44e0f9fd85a1c4daac24017d457392366bc3802b87f1f42613594767075c459b",
                "327fe6b2e3108e0f8f9e1f2e4986489b605aee6cb61abc1cbbd62a4c4e1685b0",
                "a6de1a7fe88891c4be37f169cc9211cf512412cc98560ea8b23c1d0fde9c35b4",
                "6fde5517c7399001d6c83d8b57631c59981a437ee17d3b351bb0494e996c3f22",
                "87271d239f54570496bbd5e2a349b24de6376e5159af05a449a9fb5307725eb2",
                "fe95019284f910b608497985ef87f017242d4f8040b13edc3df7bc6c7460741c",
                "a9f95053a2a2d30ac206d320d31c920e83ed1b4cfb30f97e5f4b9daae32ee674",
                "0cdccb1b08595a917abbf07a23764520b47fb3695be964011af8411c75e926ed",
                "3f95f38ba3020dc3bf247b2706b1de096688b39a0c36a7bbe41424d670603bae",
                "82bd4495ac2deab7d233b3d7d336a7b54243fe4400c1cc30a7cf3ce129af574d",
                "5414f13302e3d2eb5666d2e176ac7fb637650fd25bbc45571b48fc8a016914b9",
                "fcf0c8c7f5933348c5e7cd21d823f30d7f665912be830bbf9fd6fa3517976800",
                "414952bb133a60a43e169a6f225f1c59be7e1adc8015390d018f3c1c759bbaee",
                "571c0564c78c3ea79d56fdcdbffedc69c1dd835a6ecf80f0552d6c1168d3427e",
                "ca39d37498085d70c613ac83fcc83504abe76d131b44f422a6148693081eda98",
                "9ff6ddcc52489e1137688c1acb29c514066f2046bae954c65b58c1a34c2280a7",
                "d0ac8d9d2a6f2e33bf1832fcea4f96c83ce09ba8efb2ba26dbf4dff7716aa113",
                "90b38ed0c65589a10a438fc09222067143a80564e1f706acbb852669aa6913bb",
                "26f46e5a0e74c86ebb6cd357fb14e384a6377865c68e71ff8dc3a20d035c2c03",
                "34814fdd266c0f5721deac77dffbad9b252528cf0c7e80ca431ebd074fefa28a",
                "d2005fea01b5ec2dd703674d3809a3f4331154569117408261b6d9971cbab0a3",
                "bb0bd542d3610958a4426e1f5067a44e606176b95cdf5565c6e89ac6250ed75b",
                "549223a117d70c835c6c2cf60d83fbb884fdc49f564c367b737d627d55246be8",
                "86c900c7a464fb0c145f3fa24fff9c5ccfd11d8c17dbbd1de65032e058c13eaa",
                "08edddfd992be3616b5da0eb64e57d5c607fff307a7cfb1ac1fa9b5a27ef14e4",
                "7bcce7f894bf271dcc3be5ea45f86ceb1c891dc842fc1b29e2387a0faa9bddf3",
                "12f1dcbb816f52a5c1b3049adc2557d01e070f4916f224d68135d01074439acc"
            ],
            "type": "Script",
            "firstPartyCookies": {},
            "firstPartyCookiesSent": {},
            "exampleSites": [
                "www.cookomix.com",
                "www.iphon.fr",
                "www.combien-coute.net",
                "www.chien.com",
                "m.forocoches.com",
                "www.118000.fr",
                "www.slate.fr",
                "www.viedemerde.fr",
                "www.mac4ever.com",
                "moto-station.com",
                "www.tokyvideo.com",
                "www.betaseries.com",
                "www.entreparticuliers.com",
                "www.legorafi.fr",
                "www.fmylife.com",
                "annuaire.118000.fr",
                "www.ou-et-quand.net",
                "jardinage.lemonde.fr",
                "www.mablouseblanche.fr",
                "www.jardiner-malin.fr"
            ]
        },
        {
            "rule": "opti-digital\\.com\\/setup\\/",
            "cookies": 0,
            "fingerprinting": 2,
            "subdomains": [
                "scripts"
            ],
            "apis": {
                "Navigator.prototype.userAgent": 2,
                "Navigator.prototype.cookieEnabled": 2,
                "window.sessionStorage": 2,
                "Navigator.prototype.appName": 2,
                "Date.prototype.getTime": 2,
                "window.localStorage": 2,
                "Document.cookie getter": 2,
                "Navigator.prototype.doNotTrack": 1,
                "Screen.prototype.height": 1,
                "Screen.prototype.width": 1,
                "Navigator.prototype.language": 1,
                "Navigator.prototype.connection": 1
            },
            "sites": 2,
            "prevalence": 0.0000138,
            "cnames": [],
            "responseHashes": [
                "2fd396164082779800e3f2ce55262426f8b393751194e7d299f49ff31afb4e6e"
            ],
            "type": "Script",
            "firstPartyCookies": {},
            "firstPartyCookiesSent": {},
            "exampleSites": [
                "futura-sciences.com",
                "www.futura-sciences.com"
            ]
        }
    ],
    "categories": [],
    "performance": {},
    "cookies": 0,
    "types": {
        "Script": 47
    },
    "nameservers": [
        "sean.ns.cloudflare.com",
        "aida.ns.cloudflare.com"
    ]
}