{
    "domain": "orangeclickmedia.com",
    "owner": {},
    "source": [
        "DuckDuckGo-US"
    ],
    "prevalence": 0.00102,
    "sites": 75,
    "subdomains": [
        "pba",
        "cdn"
    ],
    "cnames": [],
    "fingerprinting": 2,
    "resources": [
        {
            "rule": "orangeclickmedia\\.com\\/usync",
            "cookies": 0,
            "fingerprinting": 0,
            "subdomains": [
                "pba"
            ],
            "apis": {},
            "sites": 16,
            "prevalence": 0.000218,
            "cnames": [],
            "responseHashes": [
                "d32cb62da82c5f6e09932bc6beece8faeb29bf1c1ee52c035379337d756c2c30",
                "5d05423ea4d97d78004a6249e890d2f99e0c59325c6893a62632524b114bea10",
                "b16a236280ee8569296928e655c356c9ef3aeaae4ac9b5ec6b6c795044f1e844",
                "87822ff8bc5eee40434860a39b8c5505fc3e3c56ba27163bc9d7f535a51e3e45",
                "f7bdb5e162f9fe7395877dfe5c13b4402b877e8d17ce539ea45bdb3fbec4aa38",
                "cd3c38e98720d60438a93a206543c1eee000d109df1b78ddbbb724cd0cfd7fab",
                "54ff4838eea629dc75fedef3015caf56d47c78c3fbbc5d8bafbc4d81ca1cde57",
                "42228560ec475b0d43b1f20966ff14d9320edfe4860fe4d279f0201b77880234",
                "d691f1443f767badc953e7c29b2c606f166336baeee5bcf9ad5be6283f72a2db",
                "1d2c40da99d0406e918fde4b66476aaee1af14778dc9e0060eb11da0bf7e1852",
                "868741e50c702132aa4ef27062aa991168a8c3bd280f3263791e493e331c2dfe",
                "29380f4953446dec62b4a672ab5b2fa91d477e21b3b0e660186986ff3c62615d",
                "713d8da2a00e8ff33fdc7b54ba37825efcbc8086e3446f65744f21316ca12770",
                "209f60363c52ae3829911f3ed05713060cef185925fca34c644cb660ca68627a"
            ],
            "type": "XHR",
            "firstPartyCookies": {},
            "firstPartyCookiesSent": {},
            "exampleSites": [
                "whoscored.com",
                "olaprasina1908.gr",
                "www.efsyn.gr",
                "www.el.gr",
                "www.lamiareport.gr",
                "www.ladylike.gr",
                "www.lifo.gr",
                "www.live-kino.gr",
                "www.news247.gr",
                "www.pentapostagma.gr",
                "www.ptisidiastima.com",
                "www.reader.gr",
                "www.sdna.gr",
                "www.thestival.gr",
                "www.typosthes.gr",
                "www.whoscored.com"
            ]
        },
        {
            "rule": "orangeclickmedia\\.com\\/usync",
            "cookies": 0,
            "fingerprinting": 0,
            "subdomains": [
                "pba"
            ],
            "apis": {},
            "sites": 16,
            "prevalence": 0.000218,
            "cnames": [],
            "responseHashes": [],
            "type": "Preflight",
            "firstPartyCookies": {},
            "firstPartyCookiesSent": {},
            "exampleSites": [
                "whoscored.com",
                "olaprasina1908.gr",
                "www.efsyn.gr",
                "www.el.gr",
                "www.lamiareport.gr",
                "www.ladylike.gr",
                "www.lifo.gr",
                "www.live-kino.gr",
                "www.news247.gr",
                "www.pentapostagma.gr",
                "www.ptisidiastima.com",
                "www.reader.gr",
                "www.sdna.gr",
                "www.thestival.gr",
                "www.typosthes.gr",
                "www.whoscored.com"
            ]
        },
        {
            "rule": "orangeclickmedia\\.com\\/tech\\/libs\\/ocmpb\\.js",
            "cookies": 0.000204,
            "fingerprinting": 3,
            "subdomains": [
                "cdn"
            ],
            "apis": {
                "window.sessionStorage": 14,
                "Navigator.prototype.appName": 15,
                "Date.prototype.getTime": 15,
                "window.localStorage": 15,
                "Navigator.prototype.cookieEnabled": 15,
                "Document.cookie getter": 15,
                "Document.cookie setter": 15,
                "Navigator.prototype.userAgent": 12,
                "window.innerWidth": 11,
                "window.innerHeight": 11,
                "NavigatorUAData.prototype.getHighEntropyValues": 11,
                "Screen.prototype.width": 12,
                "Screen.prototype.height": 12,
                "Screen.prototype.colorDepth": 11,
                "Date.prototype.getTimezoneOffset": 11,
                "window.name": 11,
                "window.outerWidth": 9,
                "window.outerHeight": 9,
                "Screen.prototype.availWidth": 9,
                "Screen.prototype.availHeight": 9,
                "window.screenLeft": 9,
                "window.screenTop": 9,
                "PerformanceTiming.prototype.navigationStart": 9,
                "Navigator.prototype.doNotTrack": 11,
                "Navigator.prototype.language": 11,
                "Navigator.prototype.connection": 2
            },
            "sites": 15,
            "prevalence": 0.000204,
            "cnames": [],
            "responseHashes": [
                "0c3528fc2b089f4383509a196142774146f4a6eb3d60d5dcf6f7402dc9a0441b"
            ],
            "type": "Script",
            "firstPartyCookies": {
                "_pbjs_userid_consent_data": {
                    "ttl": 2592002,
                    "length": 16,
                    "prevalence": 0.0001905695306544702,
                    "uniqueness": 0.07142857142857142
                },
                "cto_bundle": {
                    "ttl": 33696002,
                    "length": 234,
                    "prevalence": 0.00012250898399215941,
                    "uniqueness": 1
                },
                "cto_bidid": {
                    "ttl": 33696002,
                    "length": 177,
                    "prevalence": 0.00012250898399215941,
                    "uniqueness": 1
                },
                "panoramaId_expiry": {
                    "ttl": null,
                    "length": 13,
                    "prevalence": 0.00008167265599477295,
                    "uniqueness": 1
                },
                "_cc_id": {
                    "ttl": 23328010,
                    "length": 32,
                    "prevalence": 0.00008167265599477295,
                    "uniqueness": 1
                }
            },
            "firstPartyCookiesSent": {},
            "exampleSites": [
                "whoscored.com",
                "olaprasina1908.gr",
                "www.efsyn.gr",
                "www.el.gr",
                "www.ladylike.gr",
                "www.lifo.gr",
                "www.live-kino.gr",
                "www.news247.gr",
                "www.pentapostagma.gr",
                "www.ptisidiastima.com",
                "www.reader.gr",
                "www.sdna.gr",
                "www.thestival.gr",
                "www.typosthes.gr",
                "www.whoscored.com"
            ]
        },
        {
            "rule": "orangeclickmedia\\.com\\/tech\\/libs\\/latest_currencies\\.txt",
            "cookies": 0,
            "fingerprinting": 0,
            "subdomains": [
                "cdn"
            ],
            "apis": {},
            "sites": 16,
            "prevalence": 0.000218,
            "cnames": [],
            "responseHashes": [
                "c7404dea3e0d0602f3d727fb2ad91e9475ee7b5d8a844d2bc0efa8dbd68b2943",
                "fa46657d940bdd514a541db68d92949f2e3340cb83bb242b457e5e7fed5aed53"
            ],
            "type": "XHR",
            "firstPartyCookies": {},
            "firstPartyCookiesSent": {},