{
    "domain": "p-secure.net",
    "owner": {},
    "source": [
        "DuckDuckGo-US"
    ],
    "prevalence": 0.000163,
    "sites": 12,
    "subdomains": [
        "ipv"
    ],
    "cnames": [],
    "fingerprinting": 0,
    "resources": [
        {
            "rule": "p-secure\\.net\\/",
            "cookies": 0.000163,
            "fingerprinting": 0,
            "subdomains": [
                "ipv"
            ],
            "apis": {},
            "sites": 12,
            "prevalence": 0.000163,
            "cnames": [],
            "responseHashes": [
                "0e4f10f7e131c41d7fafd0c28e2b9c94ae5b55783bd378655b0d00864f2c44e5",
                "e7f26ba2a6630ae64b2f7bafdfe3f5848b68d059594918eca6cc2a299e297ef3",
                "38294a2260dacf057238b4ea321275581051548784870510be57667812f6fc4c",
                "2f9c9197f20ab48c3b891d4e68fa437da22a3855b214c438b61e8c0e65b49abf",
                "816b19d4c38d3c77f332e74224dd35e8cf292741cd18045d1b138adf05f69d94",
                "a4d7339579a88489800affd26ad95bfe7792004ee3fbd59223682ce3d02d1b04",
                "c1924acff42b04cde58eb8242cb3bc8d73175def9e7d054707e4779576550afb",
                "8aea002fbc7e02018213c41722cacfd4a1fc42e3209049e0e7f90012f4db69d9",
                "5646a92e6ff202bb22fddc49d30ae1e126478a302bb8a064f7f06b5bd3d40019",
                "1fff8e63b2a44e46af4d8a13ef6ed96b091f0de8f5edf18b681737a77377592b",
                "82462756c8a526b77101d8a9bdd3a3e5b0fda00658718dfb18caeccab6c21cd7"
            ],
            "type": "XHR",
            "firstPartyCookies": {},
            "firstPartyCookiesSent": {},
            "exampleSites": [
                "clicnscores-sng.com",
                "promo.buzz-no-limit.com",
                "promo.mttv.ma",
                "promo.playvod-iq.com",
                "promo.playvod-tn.com",
                "promo.playvod.com",
                "promo.playweez.ma",
                "promo.playup.fr",
                "promo.veedz.fr",
                "promo.woozgo.fr",
                "promo.playvod.pl",
                "promo.unlimited-streaming-sa.com"
            ]
        }
    ],
    "categories": [],
    "performance": {},
    "cookies": 0.000163,
    "topInitiators": [
        {
            "domain": "first party",
            "prevalence": 1
        }
    ],
    "types": {
        "XHR": 12
    },
    "nameservers": [
        "ns-106.awsdns-13.com",
        "ns-852.awsdns-42.net",
        "ns-1129.awsdns-13.org",
        "ns-2042.awsdns-63.co.uk"
    ]
}