{
    "domain": "palmtube.net",
    "owner": {},
    "source": [
        "DuckDuckGo-US"
    ],
    "prevalence": 0.0000953,
    "sites": 14,
    "subdomains": [
        "ag"
    ],
    "cnames": [],
    "fingerprinting": 1,
    "resources": [
        {
            "rule": "palmtube\\.net\\/b\\.js",
            "cookies": 0,
            "fingerprinting": 1,
            "subdomains": [
                "ag"
            ],
            "apis": {
                "Navigator.prototype.userAgent": 7
            },
            "sites": 7,
            "prevalence": 0.0000476,
            "cnames": [],
            "responseHashes": [
                "6052bcb85f1aadaa3b96c10f12df992fd508b93a29e2e4b19848d70b2d7a7c16",
                "b70b6cd3bb9f178d94129b3a03d4253fc5412b4a5c856770a1b43af0240af40e",
                "ebf550483cbc2ed6d8e017c62a71271650b5a581af23867cf59746a38f4b7429",
                "558585bc9681043d4f4c32d0e8bf6f14e7e85589479130a17dd8d109db64acdb"
            ],
            "type": "Script",
            "firstPartyCookies": {},
            "firstPartyCookiesSent": {},
            "exampleSites": [
                "hddesiporn.com",
                "longlesbianporn.com",
                "onlylesbiantube.com",
                "rareteenporn.com",
                "shygayporn.com",
                "verylesbianporn.com",
                "www.6xxxtube.com"
            ]
        },
        {
            "rule": "palmtube\\.net\\/im\\.js",
            "cookies": 0.0000408,
            "fingerprinting": 1,
            "subdomains": [
                "ag"
            ],
            "apis": {
                "Navigator.prototype.userAgent": 6,
                "Document.cookie getter": 6,
                "Date.prototype.getTime": 6,
                "Document.cookie setter": 6
            },
            "sites": 6,
            "prevalence": 0.0000408,
            "cnames": [],
            "responseHashes": [
                "cee71fbc00ffef7c899d93c6f3adf59fbdc7f900eb65fc015e1e0f0b988797cd",
                "e3d8a2416cb0b9e00b7c21d652f3cdeec2306fa159a191d3b96542b8a01de68a",
                "2302bffbe26f93d8ae37b221e17888a4b894d7103ab974176c387518ea4fd6e8",
                "eca61d56140f659a94f4c8a60511d11cb444b25f65941a54715f974af2a44148",
                "c41253db8197dfb567b634d1fc379e7ca2ad8f27995753150d8855e94263c25e"
            ],
            "type": "Script",
            "firstPartyCookies": {
                "visited": {
                    "ttl": 21600,
                    "length": 1,
                    "prevalence": 0.00004083827363004608,
                    "uniqueness": 0.16666666666666666
                }
            },
            "firstPartyCookiesSent": {},
            "exampleSites": [
                "hddesiporn.com",
                "longlesbianporn.com",
                "onlylesbiantube.com",
                "rareteenporn.com",
                "shygayporn.com",
                "www.6xxxtube.com"
            ]
        },
        {
            "rule": "palmtube\\.net\\/index\\.php",
            "cookies": 0,
            "fingerprinting": 0,
            "subdomains": [
                "ag"
            ],
            "apis": {},
            "sites": 7,
            "prevalence": 0.0000476,
            "cnames": [],
            "responseHashes": [
                "3105bbeed6ddb5bb153af4b062c68dc7fa2f31e863fad0797cc5c524c73e5c60",
                "21609c7e99e77254b9d102d0b4321039f9d739214e7be8904efca9fe3f753da2",
                "d746b6e7b784b0dcc18bc7acc7de02e0cf6ee1c13913dbf1b6a0f07f6954f2d9",
                "7aac1f02bf1b6ae4524a4c3b17025c6cef7084924ab48e5602cb43a7f34ad70e"
            ],
            "type": "XHR",
            "firstPartyCookies": {},
            "firstPartyCookiesSent": {},
            "exampleSites": [
                "hddesiporn.com",
                "longlesbianporn.com",
                "onlylesbiantube.com",
                "rareteenporn.com",
                "shygayporn.com",
                "verylesbianporn.com",
                "www.6xxxtube.com"
            ]
        },
        {
            "rule": "palmtube\\.net\\/index\\.php",
            "cookies": 0,
            "fingerprinting": 0,
            "subdomains": [
                "ag"
            ],
            "apis": {},
            "sites": 3,
            "prevalence": 0.0000204,
            "cnames": [],
            "responseHashes": [
                "725e1c80b277a750eb6e9ba9eb5783886c0d83040c3ae58afbfaeb3d8c9ef521",
                "ba88163c12863eeaf4f305fb2eddb4838d64cde7cd33159e20988001346b8b00"
            ],
            "type": "Document",
            "firstPartyCookies": {},
            "firstPartyCookiesSent": {},
            "exampleSites": [
                "longlesbianporn.com",
                "onlylesbiantube.com",
                "rareteenporn.com"
            ]
        }
    ],
    "categories": [],
    "performance": {},
    "cookies": 0.0000953,
    "types": {
        "Script": 13,
        "XHR": 7,
        "Document": 3
    },
    "nameservers": [
        "ns0.palmtube.net",
        "ns1.palmtube.net"
    ]
}