{
    "domain": "particularaudience.com",
    "owner": {},
    "source": [
        "DuckDuckGo-US"
    ],
    "prevalence": 0.000123,
    "sites": 9,
    "subdomains": [
        "recs-us-e1a",
        "recs-1a"
    ],
    "cnames": [],
    "fingerprinting": 2,
    "resources": [
        {
            "rule": "particularaudience\\.com\\/2\\.7\\/Config",
            "cookies": 0.000123,
            "fingerprinting": 0,
            "subdomains": [
                "recs-us-e1a",
                "recs-1a"
            ],
            "apis": {},
            "sites": 9,
            "prevalence": 0.000123,
            "cnames": [],
            "responseHashes": [
                "893a0fb5ce95d04ced827bf19318ef7bc49423737d63ed4719bb35052aa60886",
                "c97098848005cce95fbd6b00b7a7d4f92ccfa21bd63089232a2202e3bf8c379c",
                "0782339b42f68f1f5978c306d40e8e6d75ff7e751887a336eefdacb7fde94a55",
                "af976382bc09cc088c685c06fe355cec72012bf128c2f5dd86a380a994d0fe5b",
                "4b817f1eb979ee7b5ac3dad48b17c0bfe56dc9a5c851e3e18c1617121a62c2e6",
                "722767642f9dea4d6bdcb31b5015f9b3f55a1d1811cd9fb684dc2a4f88f61601",
                "379b06a5f293d3660aa9bc2669543b33256136a4afee3475a8eeaadd8293251a",
                "746e27488a3cdb08fbf142993823141ebf559546d0e160639dd854f53592680b"
            ],
            "type": "Fetch",
            "firstPartyCookies": {},
            "firstPartyCookiesSent": {
                "_schn": 0.000013612109332462159,
                "IR_gbd": 0.000013612109332462159
            },
            "exampleSites": [
                "craftelier.com",
                "hbx.com",
                "thehappyplanner.com",
                "www.krisshop.com",
                "www.lights4fun.co.uk",
                "www.raymourflanigan.com",
                "www.surfstitch.com",
                "www.thegoodguys.com.au",
                "www.yeppon.it"
            ]
        },
        {
            "rule": "particularaudience\\.com\\/2\\.7\\/PageView",
            "cookies": 0,
            "fingerprinting": 0,
            "subdomains": [
                "recs-us-e1a",
                "recs-1a"
            ],
            "apis": {},
            "sites": 8,
            "prevalence": 0.000109,
            "cnames": [],
            "responseHashes": [
                "d817749c44e9d0645b694724a4916dbb8fc4fbfb60a2a70fdccd0b67b1482b64",
                "e8f7b94b94fbb7d60b20cdb35c654bfc9a0d1c8937d9e18aa9e6c027d342220f",
                "bf286eaf01ecccfb5a9eb679608d1a8ec264c9e7bbd693b116ff1cba757f5c8e",
                "c966627d5f48dee2f0179cdcc072fc562e46001a28faace8bca1034e8e630249",
                "26f16374bdb638557ee1091167e433e88e755f666c711da48bf0159b715f049e"
            ],
            "type": "Fetch",
            "firstPartyCookies": {},
            "firstPartyCookiesSent": {
                "PAC": 0.00006806054666231079,
                "_schn": 0.000013612109332462159,
                "IR_gbd": 0.000013612109332462159
            },
            "exampleSites": [
                "craftelier.com",
                "hbx.com",
                "thehappyplanner.com",
                "www.krisshop.com",
                "www.lights4fun.co.uk",
                "www.raymourflanigan.com",
                "www.surfstitch.com",
                "www.yeppon.it"
            ]
        },
        {
            "rule": "particularaudience\\.com\\/2\\.7\\/Sync",
            "cookies": 0,
            "fingerprinting": 0,
            "subdomains": [
                "recs-us-e1a",
                "recs-1a"
            ],
            "apis": {},
            "sites": 3,
            "prevalence": 0.0000408,
            "cnames": [],
            "responseHashes": [
                "fe4b878262e7fad102f4bcac39243a09c19b32fb21ce7d6d2d3d72a1ca02efcd",
                "f5544b7cfedb96aedc8b350a6c53fddc6b10333c4b84d1b936e075327230db8c"
            ],
            "type": "Fetch",
            "firstPartyCookies": {},
            "firstPartyCookiesSent": {},
            "exampleSites": [
                "hbx.com",
                "www.krisshop.com",
                "www.lights4fun.co.uk"
            ]
        },
        {
            "rule": "particularaudience\\.com\\/2\\.7\\/Sync",
            "cookies": 0,
            "fingerprinting": 0,
            "subdomains": [
                "recs-us-e1a",
                "recs-1a"
            ],
            "apis": {},
            "sites": 3,
            "prevalence": 0.0000408,
            "cnames": [],
            "responseHashes": [],
            "type": "Preflight",
            "firstPartyCookies": {},
            "firstPartyCookiesSent": {},
            "exampleSites": [
                "hbx.com",
                "www.krisshop.com",
                "www.lights4fun.co.uk"
            ]
        }
    ],
    "categories": [],
    "performance": {},
    "cookies": 0.000123,
    "topInitiators": [
        {
            "domain": "googletagmanager.com",
            "prevalence": 0.3076923076923077
        },
        {
            "domain": "shopify.com",
            "prevalence": 0.19230769230769232
        },
        {
            "domain": "ads-twitter.com",
            "prevalence": 0.11538461538461539
        },
        {
            "domain": "first party",
            "prevalence": 0.11538461538461539
        },
        {
            "domain": "wisepops.com",
            "prevalence": 0.11538461538461539
        },
        {
            "domain": "kleecks-cdn.com",
            "prevalence": 0.07692307692307693
        },
        {
            "domain": "purechatcdn.com",
            "prevalence": 0.038461538461538464
        },
        {
            "domain": "sirv.com",
            "prevalence": 0.038461538461538464
        }
    ],
    "types": {
        "Fetch": 20,
        "Preflight": 3
    },
    "nameservers": [
        "ns-423.awsdns-52.com",
        "ns-774.awsdns-32.net",
        "ns-1750.awsdns-26.co.uk",
        "ns-1140.awsdns-14.org"
    ]
}