{
    "domain": "pbxai.com",
    "owner": {},
    "source": [
        "DuckDuckGo-US"
    ],
    "prevalence": 0.000231,
    "sites": 17,
    "subdomains": [
        "floor",
        "cdn"
    ],
    "cnames": [],
    "fingerprinting": 1,
    "resources": [
        {
            "rule": "pbxai\\.com\\/",
            "cookies": 0,
            "fingerprinting": 0,
            "subdomains": [
                "floor"
            ],
            "apis": {},
            "sites": 9,
            "prevalence": 0.000123,
            "cnames": [],
            "responseHashes": [
                "ead2e6fee023606865266a27e4df85abf7befa27d7da2aa86f0e6a0e3d91aadc",
                "0c7cd27b90c3ab63b90f91f9721598683e066717ddce8ccaf494a3e7689a1a71",
                "2e4f22f9b093bbc4ffcb3802c8d2600a66c1cd81f30c0f6910b9c743cd7ec60c",
                "3ff2d04a4b8d98871e2213c827514f7e929fea42d4f7e0b2f0af79dffa65b59e",
                "1f3bdbfa1e1fa7d471ca5ddb2b855b0a148f7e1e8cce89085c52d2ba215adab0",
                "d285748ea255c524cf843e8a6e754164c2b47e3beadcb288c78a7608861f5ff3",
                "0c5300b6821cecde99ae7c39c1702d1dd1a943c73568ee7adc8c8cafd775fc0d",
                "049135f78de1de227046fd9ffa89d4d4d997137c81e51e8fa4c638680f061a1f"
            ],
            "type": "XHR",
            "firstPartyCookies": {},
            "firstPartyCookiesSent": {
                "lotame_domain_check": 0.000040836327997386474
            },
            "exampleSites": [
                "bonk.io",
                "en.m.uesp.net",
                "en.uesp.net",
                "mummum.dk",
                "www.discogs.com",
                "www.motorpasion.com.mx",
                "www.motorpasionmoto.com",
                "www.simonandthestars.it",
                "www.sportingnews.com"
            ]
        },
        {
            "rule": "pbxai\\.com\\/029f2f07-0154-4544-b38d-26667fe7fd22\\.js",
            "cookies": 0,
            "fingerprinting": 1,
            "subdomains": [
                "cdn"
            ],
            "apis": {
                "window.sessionStorage": 1
            },
            "sites": 2,
            "prevalence": 0.0000272,
            "cnames": [],
            "responseHashes": [
                "0b0d567a8358ea2ff323b47a4fffa008ea6e60177098b820957b21bef5218ecd"
            ],
            "type": "Script",
            "firstPartyCookies": {},
            "firstPartyCookiesSent": {},
            "exampleSites": [
                "mummum.dk",
                "www.tipsbladet.dk"
            ]
        },
        {
            "rule": "pbxai\\.com\\/882397e9-c4ee-444a-92e2-67bc1d58906b\\.js",
            "cookies": 0,
            "fingerprinting": 1,
            "subdomains": [
                "cdn"
            ],
            "apis": {
                "window.sessionStorage": 1
            },
            "sites": 5,
            "prevalence": 0.0000681,
            "cnames": [],
            "responseHashes": [
                "d743be1904f424eed8ad371ab2c43a1c745fab9ea567ced1231e24a11c43402d",
                "86b7d26510af8f1185b75ed424ff2b2be7090341bbb7b3427a3832534baeeb83"
            ],
            "type": "Script",
            "firstPartyCookies": {},
            "firstPartyCookiesSent": {},
            "exampleSites": [
                "elmundo.es",
                "www.defensacentral.com",
                "www.divinacocina.es",
                "www.foromtb.com",
                "www.lifeder.com"
            ]
        },
        {
            "rule": "pbxai\\.com\\/c55cf160-2617-4180-980c-b5b7687cd2cb\\.js",
            "cookies": 0,
            "fingerprinting": 1,
            "subdomains": [
                "cdn"
            ],
            "apis": {
                "window.sessionStorage": 2
            },
            "sites": 2,
            "prevalence": 0.0000272,
            "cnames": [],
            "responseHashes": [
                "740e81a5d0d7fecd5a3a0ff5bfbd9b0222a7fd238541c5434255c2f48fce3cfa"
            ],
            "type": "Script",
            "firstPartyCookies": {},
            "firstPartyCookiesSent": {},
            "exampleSites": [
                "motorpasion.com.mx",
                "www.motorpasionmoto.com"
            ]
        }
    ],
    "categories": [],
    "performance": {},
    "cookies": 0,
    "topInitiators": [
        {
            "domain": "lngtdv.com",
            "prevalence": 0.23809523809523808
        },
        {
            "domain": "ssm.codes",
            "prevalence": 0.23809523809523808
        },
        {
            "domain": "first party",
            "prevalence": 0.19047619047619047
        },
        {
            "domain": "remediosdigitales.com",
            "prevalence": 0.14285714285714285
        },
        {
            "domain": "adnuntius.com",
            "prevalence": 0.09523809523809523
        },
        {
            "domain": "cncpt.dk",
            "prevalence": 0.047619047619047616
        },
        {
            "domain": "talkscreativity.com",
            "prevalence": 0.047619047619047616
        }
    ],
    "types": {
        "XHR": 9,
        "Script": 9
    },
    "nameservers": [
        "ns-234.awsdns-29.com",
        "ns-847.awsdns-41.net",
        "ns-1067.awsdns-05.org",
        "ns-1593.awsdns-07.co.uk"
    ]
}