{
    "domain": "peerius.com",
    "owner": {
        "name": "Peerius Ltd",
        "displayName": "Peerius"
    },
    "source": [
        "DuckDuckGo-US"
    ],
    "prevalence": 0.0000613,
    "sites": 9,
    "subdomains": [
        "neweracap",
        "nisbetsuk",
        "terrysfabrics",
        "thewhitecompany",
        "wallart"
    ],
    "cnames": [],
    "fingerprinting": 1,
    "resources": [
        {
            "rule": "peerius\\.com\\/tracker\\/peerius\\.page",
            "cookies": 0.0000408,
            "fingerprinting": 1,
            "subdomains": [
                "neweracap",
                "nisbetsuk",
                "terrysfabrics",
                "thewhitecompany",
                "wallart"
            ],
            "apis": {
                "Document.cookie getter": 6,
                "Date.prototype.getTime": 6,
                "Document.cookie setter": 6,
                "Navigator.prototype.userAgent": 6
            },
            "sites": 6,
            "prevalence": 0.0000408,
            "cnames": [],
            "responseHashes": [
                "5540d7fe38d0c532f8418aa963897d8c74960da18fbe0378e2cddcf289000f02",
                "da01af607c9d6232a7605c8cea04cd38d93f482385c4f281c33facc31fff2052",
                "027e70426f76b976fcc2ba2a3e20a6fbe50e97a5dad6b5420b473b8beb2d10c7",
                "876b6400a4e4aee486596055519340b0e6df8d86fd369a3898d4b8ec4416d635",
                "23af7c5b329adcf49d05d122df33cd033d001e7dd5e8fe317fd26d8d3d5172fe"
            ],
            "type": "Script",
            "firstPartyCookies": {
                "peerius_rid": {
                    "ttl": 2,
                    "length": 2,
                    "prevalence": 0.00004083827363004608,
                    "uniqueness": 0.16666666666666666
                },
                "peerius_ct": {
                    "ttl": 3,
                    "length": 1,
                    "prevalence": 0.00004083827363004608,
                    "uniqueness": 0.16666666666666666
                },
                "peerius_sess": {
                    "ttl": 14401,
                    "length": 56,
                    "prevalence": 0.00004083827363004608,
                    "uniqueness": 1
                },
                "peerius_user": {
                    "ttl": 622080001,
                    "length": 61,
                    "prevalence": 0.00004083827363004608,
                    "uniqueness": 1
                }
            },
            "firstPartyCookiesSent": {},
            "exampleSites": [
                "neweracap.co.uk",
                "www.neweracap.co.uk",
                "www.nisbets.com.au",
                "www.terrysfabrics.co.uk",
                "www.thewhitecompany.com",
                "www.wall-art.nl"
            ]
        },
        {
            "rule": "peerius\\.com\\/tracker\\/tracker\\.page",
            "cookies": 0,
            "fingerprinting": 0,
            "subdomains": [
                "neweracap",
                "nisbetsuk",
                "terrysfabrics",
                "thewhitecompany",
                "wallart"
            ],
            "apis": {},
            "sites": 6,
            "prevalence": 0.0000408,
            "cnames": [],
            "responseHashes": [
                "12f6c751a4a2f8a34d6a21b891c51e4ba43d9d72a4d16f95bc7e9979ea91bea5",
                "25b1af993b32d64fec81b45eac9b78e3629e5d62b44c88eb2e3ceece2a843ed0",
                "fc72ae23cdd8f8dd068ca23afa47160f2032bb00367e50417bd1221441fcc5c6",
                "d823de65d7b3bbcbe5f41a0c9825943befda1e2bd76adae36747c727cdfea948",
                "94fcbcddd94ae75103ea3f5038cd3b27a4e7765953f3d50f1c7d3e28a16da559"
            ],
            "type": "Script",
            "firstPartyCookies": {},
            "firstPartyCookiesSent": {
                "utag_main_adobe1": 0.000006806378938341013,
                "utag_main_adobe2": 0.000006806378938341013,
                "gpv_v2": 0.000006806378938341013
            },
            "exampleSites": [
                "neweracap.co.uk",
                "www.neweracap.co.uk",
                "www.nisbets.com.au",
                "www.terrysfabrics.co.uk",
                "www.thewhitecompany.com",
                "www.wall-art.nl"
            ]
        },
        {
            "rule": "peerius\\.com\\/tracker\\/trackerform\\.page",
            "cookies": 0,
            "fingerprinting": 0,
            "subdomains": [
                "neweracap",
                "nisbetsuk",
                "terrysfabrics",
                "thewhitecompany",
                "wallart"
            ],
            "apis": {},
            "sites": 6,
            "prevalence": 0.0000408,
            "cnames": [],
            "responseHashes": [
                "33634126ed4e8cb6c900ee91e68dddee4b3ad34d9bb9894e9b03a021b8660268",
                "08b12229e4acb932a101430e91023319204b30ac2c897fcbc631d1757dbcc790",
                "a5ce136eb7bf32d5d7b6f82e13d5641d577a92badc5c3330c7a266da4997c848",
                "8e9b13f66a0a6761b4b141cdfcde459d37e618a66dd71cb02403f5f798580323",
                "41303b016442de4a46ed3c3060f8b36a509e79594cd5b65e4e0f6057ba9247b6"
            ],
            "type": "Script",
            "firstPartyCookies": {},
            "firstPartyCookiesSent": {},
            "exampleSites": [
                "neweracap.co.uk",
                "www.neweracap.co.uk",
                "www.nisbets.com.au",
                "www.terrysfabrics.co.uk",
                "www.thewhitecompany.com",
                "www.wall-art.nl"
            ]
        },
        {
            "rule": "peerius\\.com\\/tracker\\/api\\/v1_2\\/thewhitecompanyus\\/rec\\/shown\\.pagex",
            "cookies": 0,
            "fingerprinting": 0,
            "subdomains": [
                "thewhitecompany"
            ],
            "apis": {},
            "sites": 2,
            "prevalence": 0.0000136,
            "cnames": [],
            "responseHashes": [
                "a29ee2b15c494311c52521766e44af56a3ad2248e7a8ab465e5206463c13d288"
            ],
            "type": "XHR",
            "firstPartyCookies": {},
            "firstPartyCookiesSent": {},
            "exampleSites": [
                "thewhitecompany.com",
                "www.thewhitecompany.com"
            ]
        }
    ],
    "categories": [],
    "performance": {},
    "cookies": 0.0000613,
    "types": {
        "Script": 18,
        "XHR": 2
    },
    "nameservers": [
        "ashley.ns.cloudflare.com",
        "lamar.ns.cloudflare.com"
    ]
}