{
    "domain": "performa.ai",
    "owner": {},
    "source": [
        "DuckDuckGo-US"
    ],
    "prevalence": 0.000436,
    "sites": 32,
    "subdomains": [
        "api",
        "cdn"
    ],
    "cnames": [],
    "fingerprinting": 1,
    "resources": [
        {
            "rule": "performa\\.ai\\/v1\\/",
            "cookies": 0,
            "fingerprinting": 0,
            "subdomains": [
                "api"
            ],
            "apis": {},
            "sites": 32,
            "prevalence": 0.000436,
            "cnames": [],
            "responseHashes": [
                "2ec1b668fea0fb086fd8d3fd1564d4bcc995ce20f1a5b9b914a260f16f54f18f",
                "23b213e9b6b5c1b9069d2afd6a061fcb931e92e355cd92fc96ced44da5a9160a",
                "e24ac0c7b2c19565d22b3812cee987707bf2ed5c44430d1ea8eee0a9e7161ed9",
                "90f442657ba993f8bcb6fe8756879fd6357a6cf1755b2918846b41cdd48c897b",
                "9859d04a0c03e8b4ec5fc970a2874eaaa9b19aed1e813aff37f0b935211c5514",
                "28a1018f1f97d340374afb13efa21c47bd46af1d4037f927cf72c4b6d4791bb6",
                "4493dd329e0484246170cd6c2182fd964172af20bf1daf35b3c4ac7f53a3f1aa",
                "2809a844acf622a2961156a72a3bf321e23ff730096e2943cd287b9241a6612d",
                "fac480c4cfb5693c06acb2f848bca47f97f4eaf613fedd2f2bd286ae29623a16",
                "1b7080407c75069300f49b4c383a8e75f16d7ec89a52e82b284347b1d4795d24",
                "7bd21ad68daea6bb1f7516c10f43ce808668016fe2e9844f26858e03c2b1c35e",
                "be41c76f23b985741f30457d4ee945284aa97a5c985baac654a72dd3b4cf3254",
                "bed536fe62dfe0fa55899ec7b7e06d7e09118a5f7c2e1d6c186a6cd97598db6c",
                "4b0c7e46b28df240dbe4ffbc203f8b4d790b2d61ac8a77f3bb52b1055c2b525c",
                "0488935a532bc520e1ce0972f57b940d6fdd171ad9e965b83776767c8cc1702f",
                "3b04a83a629d584d4da58706aa5613d10bc9687290b17d91303aed2c36ef7db3",
                "4ea0f9ac6e1fae6de1f09ff218ac751976ae190c80f5c8989c6c328132b66847",
                "4efa720a83c79e5e88320c9d21ef56fd7d6b380bd1ec30d4c2afbcd3995e7921",
                "413a56b364a4b99f8022ccc59b5b0069499f3cf39191bfca4ccdcf59c4b59b39",
                "116a892c68c7a634d27b6263037368a5d8e387d4840989faab8770e8811b5c09",
                "bc321187ac57d16883dd0366c734147c9ac20d1c7a43c813c8b26a4ed89a2ef1",
                "5d3b827448613eaa223a17d26a79393f72a5e5b076751f345ad6055f15e3d5b4",
                "3fb55acdc69934a6210c166c091e27f7c6d30cc954aadf1335a818cab15381ad",
                "0ca7b3d0742b5c604770f9267ac3bbb3bd2a697aae0cc524efe8951e0c924082",
                "5b85159900f4d87fc756428a8b6ac880a6022e82f9044cae95780900e78052d1",
                "c9a8abb5a775a174b4cc90da09ef8a96216197ff6bc8d36558c3b1d9d0ceec15",
                "e2c09e76a5f2074e08c9cc28ffde5afad5392c21c19632587c93238f3a9bf171"
            ],
            "type": "XHR",
            "firstPartyCookies": {},
            "firstPartyCookiesSent": {},
            "exampleSites": [
                "www.oficialfarma.com.br",
                "www.universobubble.com.br",
                "www.fiturban.com.br",
                "www.yeesco.com.br",
                "www.lojagtsm1.com.br",
                "www.feiradamadrugadasp.com.br",
                "www.useange.com.br",
                "www.bringit.com.br",
                "www.mmoda.com.br",
                "www.iluminim.com.br",
                "ropek.com.br",
                "www.dressto.com.br",
                "www.platinumkids.com.br",
                "www.sanarsaude.com",
                "www.zapgrafica.com.br",
                "edifier.com.br",
                "www.atacadao.com.br",
                "loja.chillibeans.com.br",
                "www.clicksophia.com.br",
                "www.plenitudedistribuidora.com.br"
            ]
        },
        {
            "rule": "performa\\.ai\\/v1\\/performa-v2\\.js",
            "cookies": 0,
            "fingerprinting": 1,
            "subdomains": [
                "cdn"
            ],
            "apis": {
                "Navigator.prototype.userAgent": 6,
                "window.localStorage": 3,
                "window.innerWidth": 2
            },
            "sites": 8,
            "prevalence": 0.000109,
            "cnames": [],
            "responseHashes": [
                "6e2fc1bf92ca97511ac86cd388a8e5ea7322d6095b00a4ee9b093bd6c3a87bf2"
            ],
            "type": "Script",
            "firstPartyCookies": {},
            "firstPartyCookiesSent": {},
            "exampleSites": [
                "panasonic.com.br",
                "ropek.com.br",
                "www.bringit.com.br",
                "www.clicksophia.com.br",
                "www.feiradamadrugadasp.com.br",
                "www.sanarsaude.com",
                "www.secretoutlet.com.br",
                "www.zapgrafica.com.br"
            ]
        },
        {
            "rule": "performa\\.ai\\/v1\\/",
            "cookies": 0.0000272,
            "fingerprinting": 1,
            "subdomains": [
                "api"
            ],
            "apis": {
                "Date.prototype.getTime": 3,
                "Document.cookie setter": 2
            },
            "sites": 9,
            "prevalence": 0.000123,
            "cnames": [],
            "responseHashes": [
                "2f8bf031f9332e8838effe508f7525f171eb7a4efa7b4ff7b7447e18babe7561"
            ],
            "type": "Document",
            "firstPartyCookies": {
                "xe_visitor": {
                    "ttl": 62208014,
                    "length": 95,
                    "prevalence": 0.000027224218664924318,
                    "uniqueness": 1
                }
            },
            "firstPartyCookiesSent": {},
            "exampleSites": [
                "panasonic.com.br",
                "ropek.com.br",
                "www.bringit.com.br",
                "www.clicksophia.com.br",
                "www.feiradamadrugadasp.com.br",
                "www.sanarsaude.com",
                "www.secretoutlet.com.br",
                "www.useange.com.br",
                "www.zapgrafica.com.br"
            ]
        },
        {
            "rule": "performa\\.ai\\/v1\\/",
            "cookies": 0,
            "fingerprinting": 0,
            "subdomains": [
                "api"
            ],
            "apis": {},
            "sites": 7,
            "prevalence": 0.0000953,
            "cnames": [],
            "responseHashes": [
                "98b74e7bd6f6477a087a805636e6bd2fc9cb5e71352a3ec347ae7a28db895ac5",
                "dee7c913ba9149e6e15fd83da14273f1078b5328001c832c18196d28ca2e31fa",
                "58c79e9098ac3d6e28dd7c5e33fa7211f0cd6f4fef2128d9f362d04bc8174c96",
                "3263aceeb6dbf370bb3eaa9f11da0b60d845262a779c90a4b789ffe4dd05bc5e",
                "8f1f283eaa2df9ce04558e1b39079a7e1608004ad65e3703c6f39b9672ee7821",
                "c7a8df06dbcf535a76746f07178b9a84490d87df5796a303441dbdc22d1b431a"
            ],
            "type": "Script",
            "firstPartyCookies": {},
            "firstPartyCookiesSent": {},
            "exampleSites": [
                "panasonic.com.br",
                "ropek.com.br",
                "www.clicksophia.com.br",
                "www.feiradamadrugadasp.com.br",
                "www.sanarsaude.com",
                "www.secretoutlet.com.br",
                "www.useange.com.br"
            ]
        },
        {
            "rule": "performa\\.ai\\/powerslider\\/performa-powerslider\\.js",
            "cookies": 0,
            "fingerprinting": 1,
            "subdomains": [
                "cdn"
            ],
            "apis": {
                "Navigator.prototype.userAgent": 1
            },
            "sites": 6,
            "prevalence": 0.0000817,
            "cnames": [],
            "responseHashes": [
                "98693cf62dd1eef87e51b66e1732d0e48ef2230d4beafac5a6fdf0bbc0724c1d"
            ],
            "type": "Script",