{
    "domain": "pixeleze.com",
    "owner": {
        "name": "Suluta Corp",
        "displayName": "Suluta"
    },
    "source": [
        "DuckDuckGo-US"
    ],
    "prevalence": 0.0000969,
    "sites": 14,
    "subdomains": [],
    "cnames": [],
    "fingerprinting": 1,
    "resources": [
        {
            "rule": "pixeleze\\.com\\/run",
            "cookies": 0.0000623,
            "fingerprinting": 0,
            "subdomains": [],
            "apis": {},
            "sites": 9,
            "prevalence": 0.0000623,
            "cnames": [],
            "responseHashes": [
                "bd1358f8c4206dedd03ce34a22fce3c3948a520d0c045879c1752777f9848d6f",
                "4fab5076302e60e41d9745ce3ae475569c8c0026a2934478f6901143c6cb093b",
                "b9412300ceae43ffb156a3579e25012c60e5420de4463f0b48732234c481601c",
                "b8abad0e71172dfa95d8a26af1ad9f845d971b4d5b4898bef39b4f20e8081249",
                "398436528c488cd858084b7304cb05732d56bbeb5b9054816722f3e77b8de593",
                "f229b15efbe9bfd7b05420d1c4671f136b66390eb66ee6406cd5721a389bddf1",
                "ddb47b15434d5284f0421a5cb0d4592c00b2dc6da4e9ba9b1beb547c8186e23d",
                "c7c29be11a34f5d74ae83cf78e6c8cf3b91eb81b0d9b6f0f6803c0d3b937c2cc"
            ],
            "type": "Script",
            "firstPartyCookies": {},
            "firstPartyCookiesSent": {
                "IR_gbd": 0.000013835851458298743,
                "_adlClkID": 0.000006917925729149372,
                "_li_dcdm_c": 0.000006917925729149372
            },
            "exampleSites": [
                "athleticgreens.com",
                "drinkcirkul.com",
                "thegrownetwork.com",
                "www.chiccousa.com",
                "www.preciousmoments.com",
                "www.readers.com",
                "www.ripleys.com",
                "www.tervis.com",
                "www.vintandyork.com"
            ]
        }
    ],
    "categories": [],
    "performance": {},
    "cookies": 0.0000969,
    "types": {
        "Script": 9
    },
    "nameservers": [
        "ns75.domaincontrol.com",
        "ns76.domaincontrol.com"
    ]
}