{
    "domain": "pocpoc.io",
    "owner": {},
    "source": [
        "DuckDuckGo-US"
    ],
    "prevalence": 0.000517,
    "sites": 38,
    "subdomains": [
        "adsystem",
        "px",
        "cdn"
    ],
    "cnames": [],
    "fingerprinting": 1,
    "resources": [
        {
            "rule": "pocpoc\\.io\\/adv\\/v1\\/bidding",
            "cookies": 0,
            "fingerprinting": 0,
            "subdomains": [
                "adsystem"
            ],
            "apis": {},
            "sites": 38,
            "prevalence": 0.000517,
            "cnames": [],
            "responseHashes": [
                "332cd20bfa02368613cb1fe85730e0ed99041239b838730fd35d70652835e346",
                "4f53cda18c2baa0c0354bb5f9a3ecbe5ed12ab4d8e11ba873c2f11161202b945",
                "ed25ba0c79b5290bdf00de78fcaabdf1228bb4c26ec8a304fcafe15280497c69",
                "b954c3fd62416bdf90f87aee6e0d1ab2c6a3dc94a60e0353038d343a7bc4aa49",
                "167a47610c25357ecb7beedf8e7839ee60a896d3be600e0ab9b358d14b34dbfb",
                "8c8979d47583ed57a38bf391d0d5dffc2ba74b3da633b0d293fe5be9919d5df9",
                "f9c454c3049530d155f5426b4bc1681505c10642415b3172f998e0e42ad66d30",
                "5012b88c1a65c93b3e0a5ac70abb61094b5315152e7bfe74d8116eeee0b473ec",
                "cb57da8b360637f60260e9029149efd5256426962b6ec48e0e3a9cfd29f8e8ae",
                "45516f318e5e44a7ff7d185536923466943353a65a58fdc1b83fac424fb71ece"
            ],
            "type": "XHR",
            "firstPartyCookies": {},
            "firstPartyCookiesSent": {
                "lotame_domain_check": 0.000013612109332462159
            },
            "exampleSites": [
                "animexinax.com",
                "mangareader.to",
                "lajmifundit.al",
                "sparkbyexamples.com",
                "w17.readbluelock.com",
                "vgmotor.com",
                "voz.vn",
                "www.blogulmeu.net",
                "www.streamlive7.com",
                "www.ebookhunter.net",
                "readberserk.com",
                "ww3.readkingdom.com",
                "www.naruget.tv",
                "w3.killing-stalking.com",
                "liveuamap.com",
                "bdocodex.com",
                "atozmath.com",
                "yoshare.net",
                "srbin.info",
                "ww2.readchainsawman.com"
            ]
        },
        {
            "rule": "pocpoc\\.io\\/v1\\/tfa\\.jpeg",
            "cookies": 0,
            "fingerprinting": 0,
            "subdomains": [
                "px"
            ],
            "apis": {},
            "sites": 38,
            "prevalence": 0.000517,
            "cnames": [],
            "responseHashes": [
                "e3b0c44298fc1c149afbf4c8996fb92427ae41e4649b934ca495991b7852b855"
            ],
            "type": "Image",
            "firstPartyCookies": {},
            "firstPartyCookiesSent": {},
            "exampleSites": [
                "mangareader.to",
                "www.ebookhunter.net",
                "xiaomifirmwareupdater.com",
                "bluelockmanga.com",
                "vgmotor.com",
                "ww3.readkingdom.com",
                "mangakakalot.to",
                "www.allbanaadir.org",
                "ww2.readchainsawman.com",
                "srbin.info",
                "animepisode.com",
                "markkystreams.com",
                "en.60mins.online",
                "w17.readbluelock.com",
                "keephealth.info",
                "kinemasterpro.cc",
                "voz.vn",
                "xosodaiphat.com",
                "mairimashitairuma-kun.com",
                "atozmath.com"
            ]
        },
        {
            "rule": "pocpoc\\.io\\/v1\\/imp\\.jpeg",
            "cookies": 0,
            "fingerprinting": 0,
            "subdomains": [
                "px"
            ],
            "apis": {},
            "sites": 10,
            "prevalence": 0.000136,
            "cnames": [],
            "responseHashes": [
                "e3b0c44298fc1c149afbf4c8996fb92427ae41e4649b934ca495991b7852b855"
            ],
            "type": "Image",
            "firstPartyCookies": {},
            "firstPartyCookiesSent": {},
            "exampleSites": [
                "animepisode.com",
                "animexinax.com",
                "bluelockmanga.com",
                "mangakakalot.to",
                "mangareader.to",
                "markkystreams.com",
                "tokyorevengersmanga.com",
                "w17.readbluelock.com",
                "w32.readheroacademia.com",
                "www.streamlive7.com"
            ]
        },
        {
            "rule": "pocpoc\\.io\\/images\\/15\\/160x90\\/1670320334340970_thumb_fd738bf00418d27c54cacad8ebe7d2c7\\.jpg",
            "cookies": 0,
            "fingerprinting": 0,
            "subdomains": [
                "cdn"
            ],
            "apis": {},
            "sites": 9,
            "prevalence": 0.000123,
            "cnames": [],
            "responseHashes": [
                "a6f5cfa1a9a480f4af09ecad6b341d39bb679b38080cb7b6fd1034d3523bb0c8"
            ],
            "type": "Image",
            "firstPartyCookies": {},
            "firstPartyCookiesSent": {},
            "exampleSites": [
                "animepisode.com",
                "animexinax.com",
                "bluelockmanga.com",
                "mangakakalot.to",
                "mangareader.to",
                "tokyorevengersmanga.com",
                "w17.readbluelock.com",
                "w32.readheroacademia.com",
                "www.streamlive7.com"
            ]
        },
        {
            "rule": "pocpoc\\.io\\/v1\\/iv\\.jpeg",
            "cookies": 0,
            "fingerprinting": 0,
            "subdomains": [
                "px"
            ],
            "apis": {},
            "sites": 9,
            "prevalence": 0.000123,
            "cnames": [],
            "responseHashes": [
                "e3b0c44298fc1c149afbf4c8996fb92427ae41e4649b934ca495991b7852b855"
            ],
            "type": "Image",
            "firstPartyCookies": {},
            "firstPartyCookiesSent": {},
            "exampleSites": [
                "animepisode.com",
                "animexinax.com",
                "bluelockmanga.com",
                "mangakakalot.to",
                "mangareader.to",
                "markkystreams.com",
                "w17.readbluelock.com",
                "w32.readheroacademia.com",
                "www.streamlive7.com"
            ]
        }
    ],
    "categories": [],
    "performance": {},
    "cookies": 0.0000136,
    "topInitiators": [
        {
            "domain": "vlitag.com",
            "prevalence": 0.9757575757575757
        },
        {
            "domain": "pubpowerplatform.io",
            "prevalence": 0.024242424242424242
        }
    ],
    "types": {
        "XHR": 38,
        "Image": 66
    },
    "nameservers": [
        "may.ns.cloudflare.com",
        "theo.ns.cloudflare.com"
    ]
}