{
    "domain": "potwm.com",
    "owner": {},
    "source": [
        "DuckDuckGo-US"
    ],
    "prevalence": 0.000118,
    "sites": 17,
    "subdomains": [
        "pt"
    ],
    "cnames": [],
    "fingerprinting": 1,
    "resources": [
        {
            "rule": "potwm\\.com\\/cifra\\/script",
            "cookies": 0.0000415,
            "fingerprinting": 0,
            "subdomains": [
                "pt"
            ],
            "apis": {},
            "sites": 6,
            "prevalence": 0.0000415,
            "cnames": [],
            "responseHashes": [
                "e32bd538ff57a5223328ff63df4b7ca53767d3bd2a7a8ab8d8a74100ee6a50da",
                "1bff3367acdc246e4db8cff7af49667bf29e572a8f8c829e2aa609766f68167e",
                "e66c2b708d55593377ec938f5ecfd35bfbb99ec75d6316fca5cea60ee7289b7d",
                "ba4952b4629ecbf8022257e9ba333885d86a942b105dde2adb955d61a5265805"
            ],
            "type": "Script",
            "firstPartyCookies": {},
            "firstPartyCookiesSent": {},
            "exampleSites": [
                "chatyolo.com",
                "tushypornhd.com",
                "www.fetishburg.com",
                "www.pornbru.com",
                "www.porntb.com",
                "www.tranny.one"
            ]
        },
        {
            "rule": "potwm\\.com\\/cifra",
            "cookies": 0.0000415,
            "fingerprinting": 1,
            "subdomains": [
                "pt"
            ],
            "apis": {
                "Date.prototype.getTime": 6
            },
            "sites": 6,
            "prevalence": 0.0000415,
            "cnames": [],
            "responseHashes": [
                "f766f48a79639a1c36f6d758b605b02d32b9c3367355178d3f3c143565070efc",
                "4b2e203d414642e6d88b0e01334cd7e9968becf28c2598b069683d87d2bd76ae",
                "1edb9c343c5c8a0d33e70cee45f6e4321ecea987b10ccbc86dc7c36aff19b436",
                "6638bebd3fe8de91af7172bde49ed11bf989603542e26345f15eddc5bce868b7",
                "8c3bfb46818d6749123b9c7144adb30e925ed00cc8fcf24319681922f27b44a1"
            ],
            "type": "Document",
            "firstPartyCookies": {},
            "firstPartyCookiesSent": {},
            "exampleSites": [
                "chatyolo.com",
                "tushypornhd.com",
                "www.fetishburg.com",
                "www.pornbru.com",
                "www.porntb.com",
                "www.tranny.one"
            ]
        },
        {
            "rule": "potwm\\.com\\/embed\\/discount",
            "cookies": 0.0000138,
            "fingerprinting": 0,
            "subdomains": [
                "pt"
            ],
            "apis": {},
            "sites": 2,
            "prevalence": 0.0000138,
            "cnames": [],
            "responseHashes": [
                "ebbc44b42d07811ae46a4eda36d15a537ea8fd607e820ab4904a899da606e679"
            ],
            "type": "Script",
            "firstPartyCookies": {},
            "firstPartyCookiesSent": {},
            "exampleSites": [
                "hotnudemen.net",
                "www.casting-direct.com"
            ]
        },
        {
            "rule": "potwm\\.com\\/avb\\/straight\\/hardcore\\/1_scene",
            "cookies": 0.0000208,
            "fingerprinting": 1,
            "subdomains": [
                "pt"
            ],
            "apis": {
                "Date.prototype.getTime": 3
            },
            "sites": 3,
            "prevalence": 0.0000208,
            "cnames": [],
            "responseHashes": [
                "fb731e16e2a6187f9ade5d69a401fd87ab2b37e107a4873ff623c225b8456684",
                "1df2240b8d33fcc5c623910f19cb18fc57c406ce4008d1dedad0408b5dcdb976"
            ],
            "type": "Document",
            "firstPartyCookies": {},
            "firstPartyCookiesSent": {},
            "exampleSites": [
                "boundhub.com",
                "www.boundhub.com",
                "xlamma.com"
            ]
        },
        {
            "rule": "potwm\\.com\\/avb\\/straight\\/hardcore\\/undefined",
            "cookies": 0.0000208,
            "fingerprinting": 0,
            "subdomains": [
                "pt"
            ],
            "apis": {},
            "sites": 3,
            "prevalence": 0.0000208,
            "cnames": [],
            "responseHashes": [
                "e3b0c44298fc1c149afbf4c8996fb92427ae41e4649b934ca495991b7852b855"
            ],
            "type": "Image",
            "firstPartyCookies": {},
            "firstPartyCookiesSent": {},
            "exampleSites": [
                "boundhub.com",
                "www.boundhub.com",
                "xlamma.com"
            ]
        }
    ],
    "categories": [],
    "performance": {},
    "cookies": 0.000118,
    "types": {
        "Script": 8,
        "Document": 9,
        "Image": 3
    },
    "nameservers": [
        "ns1.eurodns.com",
        "ns2.eurodns.com",
        "ns3.eurodns.com",
        "ns4.eurodns.com"
    ]
}