{
    "domain": "presspatron.com",
    "owner": {},
    "source": [
        "DuckDuckGo-US"
    ],
    "prevalence": 0.000184,
    "sites": 27,
    "subdomains": [
        "dashboard"
    ],
    "cnames": [],
    "fingerprinting": 1,
    "resources": [
        {
            "rule": "presspatron\\.com\\/dev\\/banner",
            "cookies": 0,
            "fingerprinting": 1,
            "subdomains": [
                "dashboard"
            ],
            "apis": {
                "Document.cookie getter": 4
            },
            "sites": 16,
            "prevalence": 0.000109,
            "cnames": [],
            "responseHashes": [
                "f632d4cc60af0361483662ff0c7defbe1f285d92086bfb5a3f864cacadeef1b2",
                "8d6a977aad8de17983e8151e1885adb7ac9f9952e4d6674bf7275909f545a297",
                "dbd95b02529b75998ebe3e14b710f25eb91cfa4d5abe7a93bf024bc906b14d78",
                "34513339402a5e1d1358c5e5e5e599ccb68179b05cae3f43b25043919e89e59d",
                "1b98de3239395b8be022535b25b584d9337e2f8449b147f3579d5d9f516066bc",
                "b0e35ca7e04bc88b639ad6bc6a02c20bdee30040e8b14565f2ca113035626157",
                "79e44454f494e63a62de5c56b10ca171e338592ec31dcc185c805d7fdc22cb71",
                "abd35f211aa0c28fa9af1a3bdb51886b01056a6c88db24ea468a39aee16cc382",
                "43489c28ee24121c3b422a1c48af7d873e5f7c40151292c9d5952db9b7e4cc91",
                "8f9356a4f65f1929a720bcf5f182ed097bba7fe538ee580e1f2b08a7e8099b4e",
                "b6fe836845ba0425fdaedcfe3969c54ad08afd720f53fdddbe0dfa5a36760bc6",
                "2a4fbc74d342024fdb998f0104f95975f4b72b0f3ceef1df0a82dd56929e0b6d",
                "3a482aadf2ebd7aa09bab29f4399d5c56d5a752c685f5a46085443e88a57cf79"
            ],
            "type": "Script",
            "firstPartyCookies": {},
            "firstPartyCookiesSent": {},
            "exampleSites": [
                "stuff.co.nz",
                "i.stuff.co.nz",
                "indaily.com.au",
                "sunlive.co.nz",
                "www.aap.com.au",
                "www.echo.net.au",
                "www.grampianonline.co.uk",
                "www.interest.co.nz",
                "www.johnogroat-journal.co.uk",
                "www.newsroom.co.nz",
                "www.pollbludger.net",
                "www.ross-shirejournal.co.uk",
                "www.scoop.co.nz",
                "www.stuff.co.nz",
                "www.timeout.pt",
                "www.timeout.com"
            ]
        },
        {
            "rule": "presspatron\\.com\\/websites\\/63",
            "cookies": 0.0000136,
            "fingerprinting": 0,
            "subdomains": [
                "dashboard"
            ],
            "apis": {},
            "sites": 2,
            "prevalence": 0.0000136,
            "cnames": [],
            "responseHashes": [
                "3c99910b9f52c9b7212c383e0f1d009ff9d93b53d0bd7fe63b3c69e1cb4515de"
            ],
            "type": "Document",
            "firstPartyCookies": {},
            "firstPartyCookiesSent": {},
            "exampleSites": [
                "interest.co.nz",
                "www.interest.co.nz"
            ]
        },
        {
            "rule": "presspatron\\.com\\/websites\\/42",
            "cookies": 0.0000136,
            "fingerprinting": 0,
            "subdomains": [
                "dashboard"
            ],
            "apis": {},
            "sites": 2,
            "prevalence": 0.0000136,
            "cnames": [],
            "responseHashes": [
                "7e0278459bbfcd216b11a773d1dfec1d7875d97b7808d9bbc9a839a62d6b2ada"
            ],
            "type": "Document",
            "firstPartyCookies": {},
            "firstPartyCookiesSent": {},
            "exampleSites": [
                "pollbludger.net",
                "www.pollbludger.net"
            ]
        }
    ],
    "categories": [],
    "performance": {},
    "cookies": 0.0000476,
    "types": {
        "Script": 16,
        "Document": 4
    },
    "nameservers": [
        "ns-65.awsdns-08.com",
        "ns-633.awsdns-15.net",
        "ns-1630.awsdns-11.co.uk",
        "ns-1519.awsdns-61.org"
    ]
}