{
    "domain": "presspatron.com",
    "owner": {},
    "source": [
        "DuckDuckGo-US"
    ],
    "prevalence": 0.000179,
    "sites": 25,
    "subdomains": [
        "dashboard"
    ],
    "cnames": [],
    "fingerprinting": 1,
    "resources": [
        {
            "rule": "presspatron\\.com\\/dev\\/banner",
            "cookies": 0,
            "fingerprinting": 1,
            "subdomains": [
                "dashboard"
            ],
            "apis": {
                "Document.cookie getter": 4
            },
            "sites": 14,
            "prevalence": 0.0001,
            "cnames": [],
            "responseHashes": [
                "dbd95b02529b75998ebe3e14b710f25eb91cfa4d5abe7a93bf024bc906b14d78",
                "2a4fbc74d342024fdb998f0104f95975f4b72b0f3ceef1df0a82dd56929e0b6d",
                "34513339402a5e1d1358c5e5e5e599ccb68179b05cae3f43b25043919e89e59d",
                "1b98de3239395b8be022535b25b584d9337e2f8449b147f3579d5d9f516066bc",
                "79e44454f494e63a62de5c56b10ca171e338592ec31dcc185c805d7fdc22cb71",
                "43489c28ee24121c3b422a1c48af7d873e5f7c40151292c9d5952db9b7e4cc91",
                "8f9356a4f65f1929a720bcf5f182ed097bba7fe538ee580e1f2b08a7e8099b4e",
                "fa7b3a6045264f1336cc14060ff251e1bae949c585d6aee20155133a5c59d32f",
                "3a482aadf2ebd7aa09bab29f4399d5c56d5a752c685f5a46085443e88a57cf79",
                "6613a9172919d4efb83a336754cc8f4b757b81fda48b4a7aad1cee1a17504b82"
            ],
            "type": "Script",
            "firstPartyCookies": {},
            "firstPartyCookiesSent": {},
            "exampleSites": [
                "indaily.com.au",
                "sunlive.co.nz",
                "wellington.scoop.co.nz",
                "www.aap.com.au",
                "www.echo.net.au",
                "www.interest.co.nz",
                "www.newsroom.co.nz",
                "www.pollbludger.net",
                "www.scoop.co.nz",
                "www.sunlive.co.nz",
                "www.theurbanlist.com",
                "www.timeout.pt",
                "www.timeout.com",
                "www.times.co.nz"
            ]
        },
        {
            "rule": "presspatron\\.com\\/websites\\/225",
            "cookies": 0.0000143,
            "fingerprinting": 0,
            "subdomains": [
                "dashboard"
            ],
            "apis": {},
            "sites": 2,
            "prevalence": 0.0000143,
            "cnames": [],
            "responseHashes": [
                "adfce4bacb01fd33d688fe6f424df475875cd3020923223ba19fcf428dfe2d3c"
            ],
            "type": "Document",
            "firstPartyCookies": {},
            "firstPartyCookiesSent": {},
            "exampleSites": [
                "sunlive.co.nz",
                "www.sunlive.co.nz"
            ]
        },
        {
            "rule": "presspatron\\.com\\/websites\\/225\\/get_button",
            "cookies": 0.0000143,
            "fingerprinting": 0,
            "subdomains": [
                "dashboard"
            ],
            "apis": {},
            "sites": 2,
            "prevalence": 0.0000143,
            "cnames": [],
            "responseHashes": [
                "b7af555b2078e8412176ed695dcbdf33bd0dd4f24bfeaeb739a12390572e9452"
            ],
            "type": "Document",
            "firstPartyCookies": {},
            "firstPartyCookiesSent": {},
            "exampleSites": [
                "sunlive.co.nz",
                "www.sunlive.co.nz"
            ]
        },
        {
            "rule": "presspatron\\.com\\/websites\\/63",
            "cookies": 0.0000143,
            "fingerprinting": 0,
            "subdomains": [
                "dashboard"
            ],
            "apis": {},
            "sites": 2,
            "prevalence": 0.0000143,
            "cnames": [],
            "responseHashes": [
                "a281478b62b8cce7fe0a4c7f2f2b32ee105fbc5bc09fb0ee0efab3f0fe61630d"
            ],
            "type": "Document",
            "firstPartyCookies": {},
            "firstPartyCookiesSent": {},
            "exampleSites": [
                "interest.co.nz",
                "www.interest.co.nz"
            ]
        },
        {
            "rule": "presspatron\\.com\\/websites\\/42",
            "cookies": 0.0000143,
            "fingerprinting": 0,
            "subdomains": [
                "dashboard"
            ],
            "apis": {},
            "sites": 2,
            "prevalence": 0.0000143,
            "cnames": [],
            "responseHashes": [
                "699ab6f7fdcbf3542aeee7a60b5e57f30dd876729d717e9a4f95f4809d13dd00"
            ],
            "type": "Document",
            "firstPartyCookies": {},
            "firstPartyCookiesSent": {},
            "exampleSites": [
                "pollbludger.net",
                "www.pollbludger.net"
            ]
        }
    ],
    "categories": [],
    "performance": {},
    "cookies": 0.0000643,
    "types": {
        "Script": 14,
        "Document": 8
    },
    "nameservers": [
        "ns-65.awsdns-08.com",
        "ns-633.awsdns-15.net",
        "ns-1630.awsdns-11.co.uk",
        "ns-1519.awsdns-61.org"
    ]
}