{
    "domain": "prettypasttime.com",
    "owner": {},
    "source": [
        "DuckDuckGo-US"
    ],
    "prevalence": 0.00047,
    "sites": 69,
    "subdomains": [],
    "cnames": [],
    "fingerprinting": 0,
    "resources": [
        {
            "rule": "prettypasttime\\.com\\/iframe\\/611d0b296dee0",
            "cookies": 0.0000136,
            "fingerprinting": 0,
            "subdomains": [],
            "apis": {},
            "sites": 2,
            "prevalence": 0.0000136,
            "cnames": [],
            "responseHashes": [
                "0671fb96a4b723bc02278729317100b10989d6c9c965a1e24b40e5506936a355"
            ],
            "type": "Document",
            "firstPartyCookies": {},
            "firstPartyCookiesSent": {},
            "exampleSites": [
                "3hentai.net",
                "fre.3hentai.net"
            ]
        },
        {
            "rule": "prettypasttime\\.com\\/iframe\\/5ebd281ac951d",
            "cookies": 0.0000408,
            "fingerprinting": 0,
            "subdomains": [],
            "apis": {},
            "sites": 6,
            "prevalence": 0.0000408,
            "cnames": [],
            "responseHashes": [
                "014a5e6fa34e211e72302029bd6ee6797e93f3fc895d6dcbb8223afc78e7cd5a",
                "fe98b79c5ccfe87936f18056d93a8feea3db1d7a02b112b1218b09ac5a6d7648",
                "89c63b602aac881b2c0d7514e998427092d13696b5fdd8724349409aee55c299",
                "8d62f541ed1a7b9dcd87dc826cccb8e9beab0d442015b37fa578a9c78597e26f",
                "1d289397a537c9ec7708d44751819c8e4a57bbdfca1335f9be7710bdfe96a57a"
            ],
            "type": "Document",
            "firstPartyCookies": {},
            "firstPartyCookiesSent": {
                "lotame_domain_check": 0.000006806378938341013
            },
            "exampleSites": [
                "8muses.xxx",
                "allporncomics.co",
                "idol.sankakucomplex.com",
                "rule34hentai.net",
                "thehentaiworld.com",
                "www.actressnudephotos.com"
            ]
        },
        {
            "rule": "prettypasttime\\.com\\/iframe\\/5ebd2831d76a1",
            "cookies": 0.0000613,
            "fingerprinting": 0,
            "subdomains": [],
            "apis": {},
            "sites": 9,
            "prevalence": 0.0000613,
            "cnames": [],
            "responseHashes": [
                "9cd36326de8a6d7e07f5980216288e628a3ca6dd22987887e57b14d9ce192508",
                "a6b6b1e960049f12a5a3d928ce9a85457237a2a2dd77a2ce68721eddfafb0c16",
                "e998d189ff32a521274e80b34aae588a4507a9d0833b69b00defdaaaafa1da44",
                "802df4462c7489a4f59549ee5e5da640621ed348aa2977ec830cff2f2407395e",
                "30f4c4bae71e550b25825c995a5d35b4e6d6f4d1acbd1deeaa03dc5cd2be2004",
                "f79de2ee4f55c9cc96023f1cf7c2a4fa211b718e52707c00554de560daf18d00",
                "506a67949ec77e96d4b82aa98843cc4d68280a25a4b2dc0d57852727e10f8784",
                "ac7290a706ff9f64253da0893ebf9e01fd29d906e1be2d97bf2a1018266317ee"
            ],
            "type": "Document",
            "firstPartyCookies": {},
            "firstPartyCookiesSent": {},
            "exampleSites": [
                "8muses.xxx",
                "allporncomic.com",
                "genshinh.com",
                "hentaipussypics.com",
                "hentaixcomic.com",
                "myhentaiacademia.com",
                "myhentaigallery.com",
                "superhentaisex.com",
                "www.hot-sex-photos.com"
            ]
        },
        {
            "rule": "prettypasttime\\.com\\/iframe\\/5f19b86c21931",
            "cookies": 0.0000136,
            "fingerprinting": 0,
            "subdomains": [],
            "apis": {},
            "sites": 2,
            "prevalence": 0.0000136,
            "cnames": [],
            "responseHashes": [
                "f10eb741c52639a6217d21e9edeac14abab840c9478d9bf677a9b7fe896a5aff"
            ],
            "type": "Document",
            "firstPartyCookies": {},
            "firstPartyCookiesSent": {},
            "exampleSites": [
                "f95zone.to",
                "attachments.f95zone.com"
            ]
        },
        {
            "rule": "prettypasttime\\.com\\/iframe\\/5f47d0269ccfd",
            "cookies": 0.0000204,
            "fingerprinting": 0,
            "subdomains": [],
            "apis": {},
            "sites": 3,
            "prevalence": 0.0000204,
            "cnames": [],
            "responseHashes": [
                "c3a6dc9f42fa1965888b9c04440956182879edf3be68970c25ac01747d70435c",
                "b84e53d31f1d8a2c70585f8c0a2ab8f1d988d93e2e6f4fabdd130d81bf79a97e"
            ],
            "type": "Document",
            "firstPartyCookies": {},
            "firstPartyCookiesSent": {},
            "exampleSites": [
                "chia-anime.cc",
                "memecenter.com",
                "www.memecenter.com"
            ]
        },
        {
            "rule": "prettypasttime\\.com\\/iframe\\/5ecd7b791e80c",
            "cookies": 0.000034,
            "fingerprinting": 0,
            "subdomains": [],
            "apis": {},
            "sites": 5,
            "prevalence": 0.000034,
            "cnames": [],
            "responseHashes": [
                "166b5e7ba443e456fd9b6272ed99a37a7d4c954c46283322238fe8e7cb203912",
                "bef9cc4de466500c29e8e71851de711032a584b5842a29236989d1316f891c45",
                "d50905aa124d13c6d909526795c6bfabdc8a5bb713bd87537c4e4daf5aa0dba7",
                "3925376c17177748f1ca1857bf735c567a2d0f9c55f0a1d7c897e479eefd4c1e"
            ],
            "type": "Document",
            "firstPartyCookies": {},
            "firstPartyCookiesSent": {},
            "exampleSites": [
                "ekasiwap.com",
                "malayalamkambikathakal.info",
                "sexualstories.club",
                "wenaked.net",
                "www.tiny-titz.com"
            ]
        },
        {
            "rule": "prettypasttime\\.com\\/iframe\\/616950ba64243",
            "cookies": 0.0000136,
            "fingerprinting": 0,
            "subdomains": [],
            "apis": {},
            "sites": 2,
            "prevalence": 0.0000136,
            "cnames": [],
            "responseHashes": [
                "a6531853d070bb4d1b4051ec13ba4411473c07ecb1569e1e499e3ce68fd47f67"
            ],
            "type": "Document",
            "firstPartyCookies": {},
            "firstPartyCookiesSent": {},
            "exampleSites": [
                "hentaifox.com",
                "www.hentaifox.com"
            ]
        },
        {
            "rule": "prettypasttime\\.com\\/iframe\\/5da7104923a05",
            "cookies": 0.0000136,
            "fingerprinting": 0,
            "subdomains": [],
            "apis": {},
            "sites": 2,
            "prevalence": 0.0000136,
            "cnames": [],
            "responseHashes": [
                "d39d8add13af22e226e493b13d9edfde3d9133b93d2c2c10aa96b4e42a9793fa"
            ],
            "type": "Document",
            "firstPartyCookies": {},
            "firstPartyCookiesSent": {},
            "exampleSites": [
                "rule34video.com",
                "rule34video.party"
            ]
        },
        {
            "rule": "prettypasttime\\.com\\/iframe\\/5b46348e646",
            "cookies": 0.0000476,
            "fingerprinting": 0,
            "subdomains": [],
            "apis": {},
            "sites": 7,
            "prevalence": 0.0000476,
            "cnames": [],