{
    "domain": "prettypasttime.com",
    "owner": {},
    "source": [
        "DuckDuckGo-US"
    ],
    "prevalence": 0.000465,
    "sites": 65,
    "subdomains": [],
    "cnames": [],
    "fingerprinting": 0,
    "resources": [
        {
            "rule": "prettypasttime\\.com\\/iframe\\/611d0b296dee0",
            "cookies": 0.0000143,
            "fingerprinting": 0,
            "subdomains": [],
            "apis": {},
            "sites": 2,
            "prevalence": 0.0000143,
            "cnames": [],
            "responseHashes": [
                "45f023c3737e7742ca43577a636dd6d9798d35cc8266ecd857957205ecd58713"
            ],
            "type": "Document",
            "firstPartyCookies": {},
            "firstPartyCookiesSent": {},
            "exampleSites": [
                "3hentai.net",
                "fre.3hentai.net"
            ]
        },
        {
            "rule": "prettypasttime\\.com\\/iframe\\/5ebd281ac951d",
            "cookies": 0.00005,
            "fingerprinting": 0,
            "subdomains": [],
            "apis": {},
            "sites": 7,
            "prevalence": 0.00005,
            "cnames": [],
            "responseHashes": [
                "0ae8191240fd68388628bfec2c878debc0785b1f3d45d755c0b566d67f654e8c",
                "9ca742529397944b90bda2449b845639779822b49805fab27ee2e9d4515d145e",
                "5eecc284d97c827b6ea8b5c9b50aeb980c54c650aea83a1519f587b2c50bbdcb",
                "a2dba25bc54cfd812d5aed1b7f768b12ecad1785b3435905a3e020d2b5284968",
                "fda2f9a74df2b438009d9665d23ab9e1955957ac6d4a2dc267d715f5a21f26e9",
                "d97baa05154692d3e96066b0d3652f8f3c11aa5c9ac78739364708e27eaf25a1"
            ],
            "type": "Document",
            "firstPartyCookies": {},
            "firstPartyCookiesSent": {
                "lotame_domain_check": 0.000007149904906264747
            },
            "exampleSites": [
                "8-muses.xyz",
                "8muses.xxx",
                "allporncomics.co",
                "hentaispark.com",
                "online.hentai-share.tv",
                "wetgif.com",
                "www.actressnudephotos.com"
            ]
        },
        {
            "rule": "prettypasttime\\.com\\/iframe\\/5ebd2831d76a1",
            "cookies": 0.0000286,
            "fingerprinting": 0,
            "subdomains": [],
            "apis": {},
            "sites": 4,
            "prevalence": 0.0000286,
            "cnames": [],
            "responseHashes": [
                "a5bb33c2961b063c4a472ee95972a51095034e7f69ba3b786248ce3cbca986e1",
                "0095ba7bfbd0883c8153bc5ab1b01392c657c9a63d3c4c2c0887352e382dfe6f",
                "3c5fb501f437b526e28c6f7fdd84b6e7f3a43001c823a8091f0e22aeb9804004"
            ],
            "type": "Document",
            "firstPartyCookies": {},
            "firstPartyCookiesSent": {},
            "exampleSites": [
                "allporncomic.com",
                "hentaifox.com",
                "hentaigifz.com",
                "yabaisub.com"
            ]
        },
        {
            "rule": "prettypasttime\\.com\\/iframe\\/5f50bbc357974",
            "cookies": 0.0000143,
            "fingerprinting": 0,
            "subdomains": [],
            "apis": {},
            "sites": 2,
            "prevalence": 0.0000143,
            "cnames": [],
            "responseHashes": [
                "0918ba0a61d8ec6ca728007304d8d1403adee8c830d085023787251f4be409ab"
            ],
            "type": "Document",
            "firstPartyCookies": {},
            "firstPartyCookiesSent": {},
            "exampleSites": [
                "animemoviespot.com",
                "www1.gowatchseries.online"
            ]
        },
        {
            "rule": "prettypasttime\\.com\\/iframe\\/5ecd7b791e80c",
            "cookies": 0.0000929,
            "fingerprinting": 0,
            "subdomains": [],
            "apis": {},
            "sites": 13,
            "prevalence": 0.0000929,
            "cnames": [],
            "responseHashes": [
                "1da808f7453bebec3dec8f6422f0d65102196e9f748b1bc63feff9132b736e2f",
                "1b761ae392515a7bfe5d17a1649f84808fb33b3ad57ffbb259039db8bc05a39a",
                "a99993ad36b52f0eed78066b402c30d59aaffb46d4099e4cd51654b147299954",
                "56ded4e1403b83ee74928c729ce030eb307fb231c9e8a1a857f55b745dd40eb8",
                "bba132e6a5727edaebcdf23b478a9cd873b15781c249221c561225c9c9b051cd",
                "2b890235370edaeb1bac8434fe67c8dda1b70008cee5cb6828c9ee5928eff5b5",
                "b579a8b114e0c2c8488f08ccdbb53665c31a047e1eb17ce4f78b04ad44f586da",
                "790ba89c9d8fc46ff1e8fcdfde57dd71a2ec14e6395ff761d96c35b52780ca94",
                "4a3a3793ad3582612f56df4a2d9353d7e913e2a3d5f1244bb88a12f632ccd4fa",
                "446492be0cd28f83a9b8270475c7bf53b359746d85409368fe3c4fa418545a8a",
                "476c1e72cf9109f91b6701487a0a3543288ed255574ecdc978e39cbfe85d93f5",
                "9391232dcf964fa34e49436f19caae6a31eeeccfe9a24d401f51f7363b0999d0"
            ],
            "type": "Document",
            "firstPartyCookies": {},
            "firstPartyCookiesSent": {},
            "exampleSites": [
                "bollywoodmaal.com",
                "camchickscaps.com",
                "hotdesipics.co",
                "hypnoporn.net",
                "imajinasiku.xyz",
                "malayalamkambikathakal.info",
                "pornjav.online",
                "redbust.com",
                "telugusexkathalu.com",
                "tr.levelsex.com",
                "wenaked.net",
                "www.cuckoldplacetube.com",
                "www.thotfox.com"
            ]
        },
        {
            "rule": "prettypasttime\\.com\\/iframe\\/5f47d0269ccfd",
            "cookies": 0.0000214,
            "fingerprinting": 0,
            "subdomains": [],
            "apis": {},
            "sites": 3,
            "prevalence": 0.0000214,
            "cnames": [],
            "responseHashes": [
                "563e802137bdd1cb8effb4f37185a1febbf813e56c7c29ea16be7322caaef11a",
                "2e2e08b5490ed10a702e1101eb69cf4677070e1e107c47717d9ba89c2d609a7e"
            ],
            "type": "Document",
            "firstPartyCookies": {},
            "firstPartyCookiesSent": {},
            "exampleSites": [
                "chia-anime.cc",
                "memecenter.com",
                "www.memecenter.com"
            ]
        },
        {
            "rule": "prettypasttime\\.com\\/iframe\\/6220d7d155b76",
            "cookies": 0.0000143,
            "fingerprinting": 0,
            "subdomains": [],
            "apis": {},
            "sites": 2,
            "prevalence": 0.0000143,
            "cnames": [],
            "responseHashes": [
                "55ed2aa1edcba43e496c5d97b87c21aa5a86824fa78eda18f1b21bd04dec3abb"
            ],
            "type": "Document",
            "firstPartyCookies": {},
            "firstPartyCookiesSent": {
                "lotame_domain_check": 0.000014299809812529493
            },
            "exampleSites": [
                "freehentaistream.com",
                "hd.freehentaistream.com"
            ]
        },
        {
            "rule": "prettypasttime\\.com\\/iframe\\/6220d2efc87bb",
            "cookies": 0.0000143,
            "fingerprinting": 0,
            "subdomains": [],
            "apis": {},
            "sites": 2,
            "prevalence": 0.0000143,
            "cnames": [],
            "responseHashes": [
                "790f28844a691b3afd0227dbe019044ffb6c6c6a550f3f17fd4a9b24a5da4b98"
            ],
            "type": "Document",
            "firstPartyCookies": {},
            "firstPartyCookiesSent": {
                "lotame_domain_check": 0.000014299809812529493
            },