{
    "domain": "producthunt.com",
    "owner": {},
    "source": [
        "DuckDuckGo-US"
    ],
    "prevalence": 0.000157,
    "sites": 22,
    "subdomains": [
        "api"
    ],
    "cnames": [],
    "fingerprinting": 0,
    "resources": [
        {
            "rule": "producthunt\\.com\\/widgets\\/embed-image\\/v1\\/top-post-badge\\.svg",
            "cookies": 0,
            "fingerprinting": 0,
            "subdomains": [
                "api"
            ],
            "apis": {},
            "sites": 6,
            "prevalence": 0.0000429,
            "cnames": [],
            "responseHashes": [
                "2371dfbff4af6850cb9c5dd5081ffc2e5e58753b15f2918f63809ab6ff6bcf2d",
                "a1caf03550b27deb1e6d06440e81fca47132d4671e363aac9f3c3e5c9f44d391",
                "105959ea84a5b25903e606480e6c2b2a60924352eb3e85e15766989b8b55f6a8",
                "9850032312dc4b3edef56d6a8fae9cb444a879b10e62b81a2b5269b8283400eb"
            ],
            "type": "Image",
            "firstPartyCookies": {},
            "firstPartyCookiesSent": {},
            "exampleSites": [
                "bootstrapshuffle.com",
                "pfpmaker.com",
                "pixelied.com",
                "tailwind.build",
                "www.bardeen.ai",
                "www.deskera.com"
            ]
        },
        {
            "rule": "producthunt\\.com\\/widgets\\/embed-image\\/v1\\/featured\\.svg",
            "cookies": 0,
            "fingerprinting": 0,
            "subdomains": [
                "api"
            ],
            "apis": {},
            "sites": 8,
            "prevalence": 0.0000572,
            "cnames": [],
            "responseHashes": [
                "90b6709076b581839e946fd131a65f496bfcc0383459a28ae52a1427f09dde65",
                "324fffb1bd5ca9abc7653ba708bd85a979fd00ee27f7d7ff514b441a9f10b765",
                "6b61056c7017bbee8195131962472ba5477721cb031ecd3d2b7be2dad830e35e",
                "3fa9b90bd3ce44dcfd4481e8ad9702fdefb91ccecaa019ac4b310a32127d93d9",
                "f23db88856385ab72f2103ecef5ceb659403120905c2df12ab04262b046ba1e3",
                "dc4a7dd884902a30fe47d709699052ab537f420f188c6850faf002166c3e1351",
                "8cca4e4eefe16af2406539beb3a79f6fab6a92f7df92dd03546d8a04a6b2277b"
            ],
            "type": "Image",
            "firstPartyCookies": {},
            "firstPartyCookiesSent": {},
            "exampleSites": [
                "ethgas.watch",
                "getcssscan.com",
                "gpt3demo.com",
                "learn.quicko.com",
                "pixelied.com",
                "www.bardeen.ai",
                "www.freewordcloudgenerator.com",
                "www.hotsymbol.com"
            ]
        },
        {
            "rule": "producthunt\\.com\\/widgets\\/embed-image\\/v1\\/review\\.svg",
            "cookies": 0,
            "fingerprinting": 0,
            "subdomains": [
                "api"
            ],
            "apis": {},
            "sites": 2,
            "prevalence": 0.0000143,
            "cnames": [],
            "responseHashes": [
                "4cd9c99c9f9c22ecbbce5050ee04b9ce941c6b480402cfdb3680b0795ce44c54"
            ],
            "type": "Image",
            "firstPartyCookies": {},
            "firstPartyCookiesSent": {},
            "exampleSites": [
                "facehub.live",
                "flixier.com"
            ]
        }
    ],
    "categories": [],
    "performance": {},
    "cookies": 0,
    "types": {
        "Image": 16
    },
    "nameservers": [
        "tia.ns.cloudflare.com",
        "alexis.ns.cloudflare.com"
    ]
}