{
    "domain": "producthunt.com",
    "owner": {},
    "source": [
        "DuckDuckGo-US"
    ],
    "prevalence": 0.00017,
    "sites": 25,
    "subdomains": [
        "api"
    ],
    "cnames": [],
    "fingerprinting": 0,
    "resources": [
        {
            "rule": "producthunt\\.com\\/widgets\\/embed-image\\/v1\\/featured\\.svg",
            "cookies": 0,
            "fingerprinting": 0,
            "subdomains": [
                "api"
            ],
            "apis": {},
            "sites": 9,
            "prevalence": 0.0000613,
            "cnames": [],
            "responseHashes": [
                "dda27e2e80a6a545f54f2837d6dc9977a5e8b9e2161ef1ff8573c290e6861ca5",
                "6b61056c7017bbee8195131962472ba5477721cb031ecd3d2b7be2dad830e35e",
                "7dbc7ec96e210eabc993f49486c9508a4161c8bf4f6794e2a34d37e7294e072c",
                "77259d0aa95eb40829dc5e6e2cc43c45d9bf7b3350012faad0de0f70e7ffd5a0",
                "8ac885687984b8985add10b7bfbb73dca606c91dca102f995458c2fc8b758bac",
                "e6c19cb4f85f109a8af37fe55f80aca1f47736d4a7e1cde1fe63552134f65d6f",
                "8cca4e4eefe16af2406539beb3a79f6fab6a92f7df92dd03546d8a04a6b2277b",
                "767783d091e7379f3d3a70f76cfea052ffe9bf03197acfb0cd78edd19f70fbdf"
            ],
            "type": "Image",
            "firstPartyCookies": {},
            "firstPartyCookiesSent": {},
            "exampleSites": [
                "applesilicongames.com",
                "gpt3demo.com",
                "learn.quicko.com",
                "pixelied.com",
                "saymine.com",
                "www.bardeen.ai",
                "www.freewordcloudgenerator.com",
                "www.hotsymbol.com",
                "www.nocodb.com"
            ]
        },
        {
            "rule": "producthunt\\.com\\/widgets\\/embed-image\\/v1\\/top-post-badge\\.svg",
            "cookies": 0,
            "fingerprinting": 0,
            "subdomains": [
                "api"
            ],
            "apis": {},
            "sites": 7,
            "prevalence": 0.0000476,
            "cnames": [],
            "responseHashes": [
                "2f78cba2002f2f3ad0c19cf66a34ee5ee19fc62c03193a252ace80ffef66123d",
                "2371dfbff4af6850cb9c5dd5081ffc2e5e58753b15f2918f63809ab6ff6bcf2d",
                "a1caf03550b27deb1e6d06440e81fca47132d4671e363aac9f3c3e5c9f44d391",
                "105959ea84a5b25903e606480e6c2b2a60924352eb3e85e15766989b8b55f6a8",
                "9850032312dc4b3edef56d6a8fae9cb444a879b10e62b81a2b5269b8283400eb"
            ],
            "type": "Image",
            "firstPartyCookies": {},
            "firstPartyCookiesSent": {},
            "exampleSites": [
                "bootstrapshuffle.com",
                "cleanup.pictures",
                "pfpmaker.com",
                "pixelied.com",
                "tailwind.build",
                "www.bardeen.ai",
                "www.deskera.com"
            ]
        },
        {
            "rule": "producthunt\\.com\\/widgets\\/embed-image\\/v1\\/review\\.svg",
            "cookies": 0,
            "fingerprinting": 0,
            "subdomains": [
                "api"
            ],
            "apis": {},
            "sites": 2,
            "prevalence": 0.0000136,
            "cnames": [],
            "responseHashes": [
                "4cd9c99c9f9c22ecbbce5050ee04b9ce941c6b480402cfdb3680b0795ce44c54"
            ],
            "type": "Image",
            "firstPartyCookies": {},
            "firstPartyCookiesSent": {},
            "exampleSites": [
                "facehub.live",
                "flixier.com"
            ]
        }
    ],
    "categories": [],
    "performance": {},
    "cookies": 0,
    "types": {
        "Image": 18
    },
    "nameservers": [
        "tia.ns.cloudflare.com",
        "alexis.ns.cloudflare.com"
    ]
}