{
    "domain": "projectagoraservices.com",
    "owner": {},
    "source": [
        "DuckDuckGo-US"
    ],
    "prevalence": 0.000776,
    "sites": 57,
    "subdomains": [
        "ads"
    ],
    "cnames": [],
    "fingerprinting": 0,
    "resources": [
        {
            "rule": "projectagoraservices\\.com\\/",
            "cookies": 0,
            "fingerprinting": 0,
            "subdomains": [
                "ads"
            ],
            "apis": {},
            "sites": 57,
            "prevalence": 0.000776,
            "cnames": [],
            "responseHashes": [
                "86451e802dbc422f29fa68b31655d2245e5a0ddff68bcc0b6d6f03df91df9839",
                "ca5e011d5b20e7d286f8233b8a53f4e1b0fd347775b392f65edbcc514d3e4956",
                "e3158d7e55e0d78d9fc1e7ab4043c750f5af75e11951d1ed9292162ee8f21179",
                "a30b909daa4f05420f0cdba391d709058f3f26caa27eecf06f1e4f6d49a12ac5",
                "39b07a2e7e15caee3506b6277add23283fa2d77c6b689270f94fe49a0bf08cb0",
                "af35c8526865688a5aaec4ec9c9b9d05bf72c6638265ceee3f4422055a749c48",
                "1ed3bf7e4a663ead52a8eacd0ca47e10d5acddf88281d8eb28bef14ff83014f6",
                "d50d8b241225be1f039fba83a249b4df49def69b96389c31c7feaec2c179067d",
                "fcd2c87e161ec423986363ec68ab828bbb09e21e87afb2b0ea0338779abdf890",
                "4e7736bab7e5d7b27f876b7ae49b9c27bb6719c125386b17dc82cab9286e63dd",
                "e2b590d8d998c820d43e78b724826ca1efa6914fefcfd3339789465f9331bc9e",
                "6d3b73f6eb72e074289f8e661c2193d0560ab6e003f7d8107e0d8e2ca3d9e0a8",
                "e0fc50628ffc90011381f62607935130a38a40b215c105407323c43a96f3174b",
                "6be8845a0050b6591d5ee766e062b0bc9423bba34054994bded37fb0f6a66ad5",
                "ce52f04880a7c6ce544ac0ec9eebe5a7650a7b19ae9dbe57c9374721bdcd98f2",
                "433ad3d34dd8e71452e104ac48089090e667f827fe434a723ec8b39169fee288",
                "ceebf1254f43187ac588ed90442281d7bf4ac4678a630ee582fe92dd347661a1",
                "d3d452e7ce3c57b098e6cdffa31165d7947c6da3f8886d3fc0595c9d2b6977c5",
                "87874929d0b5ae1f4bdd0ba290dc8eda49fa0fc6ceded9a63a54d74824672d36",
                "03eacb31a21420adfe9f1f9d89ab26c77184e8568738eef5f59f7d1107931e7e",
                "5dc87f57bdb4475536f8b21f602cecf64eb302c02a87d29d8049914a38867e6f",
                "5a62f2a36f10536819c84173de5b0c7478885f4f230ddc367d2f2632e09e0674",
                "bab480a1663e20535a60e20ae617182992da34ee17ad86e6a0c6bc25d4350d24",
                "a5e356ed4829759af8c8294012bbd6ab1cb69ccce5f47103f2f24b34a1bbf6bd",
                "10ca564a329cf589d87361e6a8a76285654409f8ce1f0746fd1e9318bf0ca4db",
                "a9eec899b4f08b57801449bf06f51fe3e057b3d9c287dd378a765bca16ce395d",
                "e8aaf5f50ff388cb076c87de1cb626763137ab397cacd7c66bc9dc917eee5bd5",
                "32336d3431d588d894289aff2a9a0f2d1c87be7e5efc91c774c3b317d30da370",
                "628f717333dc520f401767950d10e43ec163a89b7900b60bc0f055349e60411f",
                "6610e38083dfaf7bb461676fcd48e995a027bc3354d9a25e972aa53bb4d30eb4",
                "31b05e526bf6fec47ec361972f78f71aa6468b498aeb95423ce0e8aa4a288ddb",
                "db3c5d113c577a46d76fc876bd8e122b9544f25863800ef6756aa9197388b690",
                "477aa5cdc224b3ea935553407628d61167c5dc7ec629f76579e9b66ca44d8338",
                "c6b22f5e4b035d6e510ce7a2bbb4e103698934bf6d1704f6d3f596f5feddb65d",
                "b0672425e060e1594f2a54e20f99bd30285420492d00be573f133659e13b6f3c",
                "f26dcd2dc6adbf9043d15f8254416e3d1b75a092de3e02466c5b96bbf678a28c",
                "7b820c0c04112042fb772fa7c6e80a98181eabe872ae1ccc8ef3c9022c3ee634",
                "224e783b89004aebadeb96309cb6cb6e33f863b13ca2981fe7e2b87c445980d4",
                "911d1bdf7d1bfe2820ca9b21da56891bccf4b69eb4eb14c4fe3625b85a8bb3a4",
                "0b9738d64dadbf4d02e4a9a7e6398d5d727beb599ff248ddf0925114bbc02358",
                "018bf511152043af21e2f654ad39c64c216898d2aa946df217462c9226b23c8a",
                "1d1178ecbf0eebc3b88313c547b18a990d491e272f3302463bbdb198812f16aa",
                "6227f0c830c874f3a02c1e43607fc94d9691a03a61cd927cd3823c3ef5268689",
                "0fdca75055dd9b15dd6cef8507a6d6e9459660f112a7a884bfce64dcb0d1ebbf",
                "e3b0c44298fc1c149afbf4c8996fb92427ae41e4649b934ca495991b7852b855",
                "280e28446ac6f64dddcc1b9d327dfd3106c430e78e5a204de746792f49b3ddbc",
                "fe1122c3ff9cef18dff1036c3e52dec57dffc6521ad86766545ea2f4e4f7d130",
                "9c79572f0dedebc3464204c4f59dae0c9a060defa59ed1ac1a5737790bb42a98",
                "badc61d80de8c6b2f6d5cc90fe03a0eb3f62545537947576c63fa1834dc74297",
                "250edd1ff7aa3e0ad0e18676450b3c80c20685599391897490eecfae28c3c895",
                "ae1a76bed76d48b6bc8dd2e35b85348750d14edcc56e27a6a0bf67807e842030",
                "59d032ddb627aa6242107279e8314f63a63feeead95c4658bd6aa9fb13d5a896",
                "55cff754c5789a50431c663ce5f6308e16ef72a3bae38ac72c4d6ed81b60779c",
                "c9bcc81e0b9641657dafe3db8444c81a5cfd0b8753a0363921d5c13fb5981bcd"
            ],
            "type": "Script",
            "firstPartyCookies": {},
            "firstPartyCookiesSent": {},
            "exampleSites": [
                "competition.yallakora.com",
                "m.thepeninsulaqatar.com",
                "sport1.oslobodjenje.ba",
                "www.tayyar.org",
                "www.elconsolto.com",
                "www.botasot.info",
                "www.sinonimos.com.br",
                "www.veriotis.gr",
                "blitz.bg",
                "www.baenegocios.com",
                "www.babnet.net",
                "xristika.gr",
                "www.lbcgroup.tv",
                "show.blitz.bg",
                "www.lebanonfiles.com",
                "royanews.tv",
                "mbigpara.hurriyet.com.tr",
                "onvideo.hu",
                "jenata.blitz.bg",
                "www.fimes.gr"
            ]
        }
    ],
    "categories": [],
    "performance": {},
    "cookies": 0,
    "topInitiators": [
        {
            "domain": "doubleclick.net",
            "prevalence": 0.38095238095238093
        },
        {
            "domain": "first party",
            "prevalence": 0.24603174603174602
        },
        {
            "domain": "aghtag.tech",
            "prevalence": 0.07936507936507936
        },
        {
            "domain": "7rtb.com",
            "prevalence": 0.047619047619047616
        },
        {
            "domain": "adocean.pl",
            "prevalence": 0.047619047619047616
        },
        {
            "domain": "adman.gr",
            "prevalence": 0.03968253968253968
        },
        {
            "domain": "bitbeat7.com",
            "prevalence": 0.023809523809523808
        },
        {
            "domain": "nucleads.com",
            "prevalence": 0.015873015873015872
        },
        {
            "domain": "ridewacky.com",
            "prevalence": 0.015873015873015872
        },
        {
            "domain": "googlesyndication.com",
            "prevalence": 0.015873015873015872
        }
    ],
    "types": {
        "Script": 57
    },
    "nameservers": [
        "ns-cloud-d1.googledomains.com",
        "ns-cloud-d2.googledomains.com",
        "ns-cloud-d3.googledomains.com",
        "ns-cloud-d4.googledomains.com"
    ]
}