{
    "domain": "protoawegw.com",
    "owner": {},
    "source": [
        "DuckDuckGo-US"
    ],
    "prevalence": 0.000633,
    "sites": 93,
    "subdomains": [
        "api-protected"
    ],
    "cnames": [],
    "fingerprinting": 0,
    "resources": [
        {
            "rule": "protoawegw\\.com\\/v2\\/player\\/performer\\/get",
            "cookies": 0,
            "fingerprinting": 0,
            "subdomains": [
                "api-protected"
            ],
            "apis": {},
            "sites": 60,
            "prevalence": 0.000408,
            "cnames": [],
            "responseHashes": [
                "28351d9e61395d14f66ac62364772bced52eb7034e8e299e21770994818c351f",
                "fe25f0258e5c62724ea56210f9d86a205ebd31dbdeeeb3cdf90c4ffbd6e425aa",
                "14c6f66edf76e888474aa6a9dbd93d55d176343a5ed13b9403d421a1feddd740",
                "c1361530cda4784dc941e2d7871b0092f2067a35cec7eee0fc5c92924e9f52af",
                "d51ddf66e6732a8f5ac886579e88690dc098c12711b8a653bf718bfdbe839fcf",
                "c200fbc9a727118636a047639611ae00d88d8428800ee3b92a4a44a61080d650",
                "ad590e0adafeac03b8d2361f2350bcf85c3efce02145a7501f249449890d7d69",
                "aaf5c305f84d1f54cd22b184632fe0a35335e3d7676744efc56a461c4c6c9df1",
                "52f45f4aaa2ea050e5b3900c7c5893b348249110019de9b99bb3795ea1a358c6",
                "c352205824b2b81c8519485e5f7b38497889688f6809fc1b8b0c747b216a7160",
                "1475f5ef405664437bcb354410634739891085f5a6e399e5f8e3fce1557b5d4f",
                "b88d7312719e472696b17725e4d8dda0aac4be60dc239a56ed84c09d30aee1f2",
                "273ec33f0b7551004273828039ca84ba29fb031a36e9ec57afffe7d03a12cb22",
                "d543a85672801f7b87e9949665f95b07827b07b0cc36cfe3dc9c5c9118f1c759",
                "751f7994652e4d71d6dd5715e5f5b5ccc979c44bd636d276d0a81f68117a4b30",
                "62dc42208c37f4cd3afab516ab7866ce778e865126a7474665d80b92b4779502",
                "eea86df7d5b1e26416c3dd8df4d646bbd3eddfc2c6f9dd8eb973b2dcb022052a",
                "35f34568e6d413f131dd135ae177b7b12aa6059b6c5dfbe5ac658db5560c8b5b",
                "a2a24a97b03b2864d641d79038274dbc225e64bfe4aeef372987bd1b6fc8863f",
                "1e478d8e7e67798a6e8fb7f33aea0546c1ce85d879564caefb29c8ec408a462d",
                "9ff089247e8eb10dc9a8b31736ae744df0312e4e0975747b1fd77611ccd67e30",
                "acf376259ec7c625c7e42ad3172865678397f2d1410a5944481cbd45b9b67a3e",
                "cdb572219fa605773dfa74b64c20a6d4af71d8c5a236040a121237263407fb24",
                "82247df730fcfce9822f5b33db52101bd6a89a4d014ce746566132a2b7616e00",
                "241761b00e0c54672d73675670ab89196e53c574b2e48e28925252d744521620",
                "9189d04df189c0d91ff9a4a8d0f5569666397486883222a37b6f78fc13d09aa8",
                "f293648e1be8476aabefc0e5accf59ca8489998fa92900203b384ff6ffbeaa07",
                "f48b168947451c513c8aadf8cb0f7649050efca1b0f5f1f431ac059dad7cbbc9",
                "6736eba03144ae3ddfabe8c606a5a8f8b1b903bfec10224d93786de55ae0b012",
                "b300987ef5dbbdcb93fb329579049310bd713814643e3b2073ce5b775f0c86e9",
                "0426e58a87d5d7f9dd0ee4a9349f7b7a77e5a0848304c87838f66948a6582d82",
                "a50308eb8f9296aab0424a8a6acb8f2955f07ef8c80c1ab42b7c71ef3ebbcf73",
                "7834a0b09a1df5c38c034e02f4bfaa5ea64d1f97fd5b119598b9b5575e5d58ec",
                "259f274fcb4705f8d175b915e54ea1ef779f9066f12dd51252e28ee3f1711c13",
                "9ac39b5016153287f432b5c3e446b0fe9fdbab8d5ea9744838e4750c06cde3cd",
                "7b41350f3a70f97dec402415fd84ff8440b6c77bdf65c58901a85db2dbe29c96",
                "e3b735ab01a4eef284c7d77f8de6d1ec867154ba86c4cc79c1f01c572f8aee90",
                "c64a3e0cff162057d3ce36471e537c942603044ccf279b93bac5ff898426c59b",
                "ab5e5a44e716946a584c5b5ad2a376a37077574e29379fd02e0485d3772db053",
                "f539a1a6d299eac10c6fc606fd5c2980661ed6a95446017f5b16ca10cd358320",
                "d2ba59af83ed3f301f09ad30a2d15e2927870cbf6286dd5a769b713a1808eb17",
                "4168071b36421b913cd73498eea88f1aad85fd2be68da2f1bae7ccd64a8895e4",
                "65d693481a385c1683287eea60f0b637bf8663c0a8aee8732e2d6e5a6ef357de",
                "8487eeaa38469c5000d98ab242bc0d8ba257153e2c7289a6364800243c0b4a85",
                "6428bc6efd22b648c1958b5f7611e648e5d7c3925fadcf0ecdccf0219c6babe0",
                "2003c93119880da241ef1e51c1dd44afc18a09fc03dbd10ef75b904d4a6e7b2a",
                "161c6375e5bac861badfac5d7ccd8e1f9b75904bf9b047d0b42fad9d71c9d574",
                "554bb92ecc382c09b43496195e77f59435958533f53166ec82cbb8c0a39b9a14",
                "90b0df691fb91c6a3d65e0c1c276e530631a92556c8a57c96b1b01868fbe6944",
                "2dafd2f5ecfd8bcb3b7a769a4d43db15c06258ee5ba83ecbc00837e05769788c",
                "8ce3e2fc6656083bed89292759b001fe8a9329b3dc0a4d08f1b6cadb28296555",
                "5ff4bd4991d5394f99c41ac0c52d7e6ded5d73e8d7cd891c256e2f1e73065a6b",
                "3494e9731d0dd03283bbc2f5490b79c86722730cd0790828596b6b7ffbc42066",
                "293d7681104749aa805c25f7dd54856e703ecbde9f3e95099855864e73561936",
                "e36b7810a5d7443a91708d7198d6203fad944c0ac0492a9a7af9954306a6cc99",
                "bfb567b6dc2183f8bedb1b499b444d220e2568cd91726868d16ce2bd8d7d5acc",
                "0e862bf3c55a805c6087f1ce9f5df2c5aef56fd12dee028a13cd4a40c622caef",
                "97b7e78abb23123d6f8d94b53779c4851f7d74203142a0fcf6d53e2bb9f0bd87"
            ],
            "type": "Fetch",
            "firstPartyCookies": {},
            "firstPartyCookiesSent": {},
            "exampleSites": [
                "en.luxuretv.com",
                "www.pornhd.com",
                "mangayuca.com",
                "www.freeones.co.uk",
                "tushypornhd.com",
                "www.bdsmgirl.nl",
                "www.sexoasis.com",
                "www.pornrox.com",
                "jerkoffinstructions.org",
                "www.empflix.com",
                "www.teenpearls.com",
                "www.naoconto.com",
                "www.tnaflix.com",
                "www.shemalewiki.com",
                "www.lesbianpornvideos.com",
                "www.pornhdin.com",
                "www.3movs.com",
                "www.gaasuhp.com",
                "sissyporn.tube",
                "www.cartoonpornvideos.com"
            ]
        },
        {
            "rule": "protoawegw\\.com\\/v2\\/player\\/performer\\/search",
            "cookies": 0,
            "fingerprinting": 0,
            "subdomains": [
                "api-protected"
            ],
            "apis": {},
            "sites": 48,
            "prevalence": 0.000327,
            "cnames": [],