{
    "domain": "protagcdn.com",
    "owner": {},
    "source": [
        "DuckDuckGo-US"
    ],
    "prevalence": 0.000334,
    "sites": 49,
    "subdomains": [],
    "cnames": [],
    "fingerprinting": 2,
    "resources": [
        {
            "rule": "protagcdn\\.com\\/country-check\\/",
            "cookies": 0,
            "fingerprinting": 0,
            "subdomains": [],
            "apis": {},
            "sites": 5,
            "prevalence": 0.000034,
            "cnames": [],
            "responseHashes": [
                "a701b4f7e184db27b9d82217566e0f553d825206728e5710c84103ae48121a3c"
            ],
            "type": "XHR",
            "firstPartyCookies": {},
            "firstPartyCookiesSent": {},
            "exampleSites": [
                "1stkissmanga.io",
                "kunmanga.com",
                "manhwatop.com",
                "www.mangaread.org",
                "www.mangasy.com"
            ]
        },
        {
            "rule": "protagcdn\\.com\\/check-bot\\/index\\.html",
            "cookies": 0,
            "fingerprinting": 0,
            "subdomains": [],
            "apis": {},
            "sites": 11,
            "prevalence": 0.0000749,
            "cnames": [],
            "responseHashes": [
                "b941e194c8d1e19149c266147157e50ab1f281678f04aeb30c21b1bed17297dd",
                "b85aa9680e4b2262e93888d594b85998b5388b8424728a8b27183e03ed6f0d20",
                "8061b229396f672912518fbf5ebfde5f134f9fefa0bef6c8ca0330bdf758d54d",
                "23e9ab5912d5d19134be8f9f0160080af5791b133d15452ca629c01e41d0f158",
                "aac169d0159d1b2af1c034cdef0335ea0072610012041df0ccf86b5a7d64a817",
                "036d1998a1b58d984bf038bbbfd96d5982dc1a0acdeb789ca89fa8829df34aa7",
                "0c5d975de33173f742aa59bbf3c6a24b51d4ce898c7982e3cd90a4abc1871471",
                "e2f6fb88e8f0ecaa3e9b2af311653eeb2fd860713046c4afd369c3ec8629422f",
                "e9951e3d296ff705ed1327a229c172c26fadaa70421e2a9dea28f353d2fbcddb",
                "930fd337b9e5106495eed1cd93006ac1c619730d12e217a4686d7746fc5f2bf8"
            ],
            "type": "Document",
            "firstPartyCookies": {},
            "firstPartyCookiesSent": {},
            "exampleSites": [
                "365manga.com",
                "bollyfun.net",
                "harimanga.com",
                "icertificationhelp.com",
                "mangatone.com",
                "noveltrench.com",
                "read.jujutsumanga.com",
                "vidsoo.com",
                "wiki.tellygupshup.com",
                "windbreakermanga.com",
                "www.sacnilk.com"
            ]
        },
        {
            "rule": "protagcdn\\.com\\/cdn-cgi\\/bm\\/cv\\/669835187\\/api\\.js",
            "cookies": 0,
            "fingerprinting": 2,
            "subdomains": [],
            "apis": {
                "HTMLCanvasElement.prototype.toDataURL": 11,
                "Screen.prototype.width": 11,
                "Screen.prototype.height": 11,
                "Screen.prototype.availHeight": 11,
                "Screen.prototype.availWidth": 11,
                "window.devicePixelRatio": 11,
                "Screen.prototype.colorDepth": 11,
                "Navigator.prototype.webdriver": 11
            },
            "sites": 11,
            "prevalence": 0.0000749,
            "cnames": [],
            "responseHashes": [
                "0d3118e306c6a26f1d2efcb698984e6922c5e7e155c94a84760e36e5592a3c11"
            ],
            "type": "Script",
            "firstPartyCookies": {},
            "firstPartyCookiesSent": {},
            "exampleSites": [
                "365manga.com",
                "bollyfun.net",
                "harimanga.com",
                "icertificationhelp.com",
                "mangatone.com",
                "noveltrench.com",
                "read.jujutsumanga.com",
                "vidsoo.com",
                "wiki.tellygupshup.com",
                "windbreakermanga.com",
                "www.sacnilk.com"
            ]
        },
        {
            "rule": "protagcdn\\.com\\/cdn-cgi\\/bm\\/cv\\/result",
            "cookies": 0.0000749,
            "fingerprinting": 0,
            "subdomains": [],
            "apis": {},
            "sites": 11,
            "prevalence": 0.0000749,
            "cnames": [],
            "responseHashes": [
                "e3b0c44298fc1c149afbf4c8996fb92427ae41e4649b934ca495991b7852b855"
            ],
            "type": "XHR",
            "firstPartyCookies": {},
            "firstPartyCookiesSent": {},
            "exampleSites": [
                "365manga.com",
                "bollyfun.net",
                "harimanga.com",
                "icertificationhelp.com",
                "mangatone.com",
                "noveltrench.com",
                "read.jujutsumanga.com",
                "vidsoo.com",
                "wiki.tellygupshup.com",
                "windbreakermanga.com",
                "www.sacnilk.com"
            ]
        },
        {
            "rule": "protagcdn\\.com\\/s\\/jujutsumanga\\.com\\/site\\.js",
            "cookies": 0,
            "fingerprinting": 1,
            "subdomains": [],
            "apis": {
                "Navigator.prototype.userAgent": 2,
                "Navigator.prototype.product": 2,
                "window.localStorage": 2,
                "window.innerWidth": 2,
                "window.innerHeight": 2
            },
            "sites": 2,
            "prevalence": 0.0000136,
            "cnames": [],
            "responseHashes": [
                "2376f1ca88d8e017aa73da8be90f875323c4ce590a17143931f494a846f9d498"
            ],
            "type": "Script",
            "firstPartyCookies": {},
            "firstPartyCookiesSent": {},
            "exampleSites": [
                "jujutsumanga.com",
                "read.jujutsumanga.com"
            ]
        },
        {
            "rule": "protagcdn\\.com\\/s\\/tellygupshup\\.com\\/site\\.js",
            "cookies": 0,
            "fingerprinting": 1,
            "subdomains": [],
            "apis": {
                "Navigator.prototype.userAgent": 2,
                "Navigator.prototype.product": 2,
                "window.localStorage": 2
            },
            "sites": 2,
            "prevalence": 0.0000136,
            "cnames": [],
            "responseHashes": [
                "6abe357630413981488c5b32b52e11fa0578e8b2fde81274f44a2ff60cb288af"
            ],
            "type": "Script",
            "firstPartyCookies": {},
            "firstPartyCookiesSent": {},
            "exampleSites": [
                "tellygupshup.com",
                "wiki.tellygupshup.com"
            ]
        },
        {
            "rule": "protagcdn\\.com\\/s\\/curapelanatureza\\.com\\.br\\/site\\.js",
            "cookies": 0,
            "fingerprinting": 1,
            "subdomains": [],
            "apis": {
                "Navigator.prototype.userAgent": 2,
                "Navigator.prototype.product": 2,
                "window.localStorage": 2
            },
            "sites": 2,
            "prevalence": 0.0000136,
            "cnames": [],
            "responseHashes": [
                "d159b02432568ae5d75d19d2971d3b89ce17681df5ae13b3703868b3d5a5cab4"
            ],
            "type": "Script",
            "firstPartyCookies": {},
            "firstPartyCookiesSent": {},
            "exampleSites": [
                "curapelanatureza.com.br",
                "www.curapelanatureza.com.br"
            ]
        },
        {
            "rule": "protagcdn\\.com\\/s\\/gizchina\\.com\\/site\\.js",
            "cookies": 0,
            "fingerprinting": 1,
            "subdomains": [],
            "apis": {
                "Navigator.prototype.userAgent": 2,
                "Navigator.prototype.product": 2,
                "window.localStorage": 2,
                "window.innerWidth": 2,