{
    "domain": "provenpixel.com",
    "owner": {},
    "source": [
        "DuckDuckGo-US"
    ],
    "prevalence": 0.00036,
    "sites": 52,
    "subdomains": [
        "upx"
    ],
    "cnames": [],
    "fingerprinting": 0,
    "resources": [
        {
            "rule": "provenpixel\\.com\\/woo\\.js\\.php",
            "cookies": 0,
            "fingerprinting": 0,
            "subdomains": [
                "upx"
            ],
            "apis": {},
            "sites": 5,
            "prevalence": 0.0000346,
            "cnames": [],
            "responseHashes": [
                "d6bec32d164307eaa6308bd165d7fa177f84869941a9b8bb74520cd606204dc3",
                "53d1089e14eb4ceb2b15f48c914bf8b0b374f3750ff8a5f3cb83ac07dfaec053"
            ],
            "type": "Script",
            "firstPartyCookies": {},
            "firstPartyCookiesSent": {
                "IR_gbd": 0.000013835851458298743
            },
            "exampleSites": [
                "ardentcannabis.com",
                "cheefbotanicals.com",
                "smilemakerscollection.com",
                "strapsco.com",
                "www.holistapet.com"
            ]
        },
        {
            "rule": "provenpixel\\.com\\/ujs\\.php",
            "cookies": 0.00018,
            "fingerprinting": 0,
            "subdomains": [
                "upx"
            ],
            "apis": {},
            "sites": 26,
            "prevalence": 0.00018,
            "cnames": [],
            "responseHashes": [
                "d6bec32d164307eaa6308bd165d7fa177f84869941a9b8bb74520cd606204dc3",
                "6f4f6118f4def1dda0682ae10ca4620bb59b6b5f64bb6293d11d90280894ef12",
                "753ada9ceec1d06a09499506803b79161417bdd8cf45dc0b8f0af6efd487223a",
                "aaf98d27a0dcb95c13cf8c6e72f8f88dbec67444baa7027f66159503592d1f55",
                "53d1089e14eb4ceb2b15f48c914bf8b0b374f3750ff8a5f3cb83ac07dfaec053",
                "07d90c01bdd3f227f24a2e6451a7d6f694e60f45ed7b1337cb327747a41e4a20",
                "58a42c687d2ada04664760f7a640f5cf7b76c0fea893e33a8ba3f9576ff826b2",
                "5d5f6eaa5149fa1ef653be0d252682483a9c7d5d8c4cabda0481b1ddb1b44907",
                "c01080eda495343cd3f37bc3897f826a9e6bfc72672e5892b54c6ca107b83262",
                "a8c565c05cfd8e4f18ee6b4ba886ab15d68319abd547e0771763bb283bf5c793",
                "c8329ce76291cbbd2c074790375e7d8ba37ba2b1f34d8e95525331ffa347a67b",
                "9400301d726f5987a9f7fcc311e717e5946dbc7aafbe30e1523d19af95900bfd"
            ],
            "type": "Script",
            "firstPartyCookies": {},
            "firstPartyCookiesSent": {},
            "exampleSites": [
                "www.holistapet.com",
                "www.cbdmd.com",
                "smilemakerscollection.com",
                "www.indochino.com",
                "www.diamondcbd.com",
                "www.we-vibe.com",
                "www.tootimid.com",
                "ekster.com",
                "www.eightvape.com",
                "www.caskers.com",
                "ardentcannabis.com",
                "strapsco.com",
                "www.battlbox.com",
                "www.trueleafmarket.com",
                "www.gunbroker.com",
                "www.mrsfields.com",
                "www.gunbuyer.com",
                "www.guns.com",
                "www.eataly.com",
                "grabagun.com"
            ]
        },
        {
            "rule": "provenpixel\\.com\\/backpx\\.php",
            "cookies": 0.000083,
            "fingerprinting": 0,
            "subdomains": [
                "upx"
            ],
            "apis": {},
            "sites": 12,
            "prevalence": 0.000083,
            "cnames": [],
            "responseHashes": [
                "e963e7196beb9123059ec3534b042ebcd1ef0a470fa568bfbebfeab2f33c4fda"
            ],
            "type": "Image",
            "firstPartyCookies": {},
            "firstPartyCookiesSent": {},
            "exampleSites": [
                "ardentcannabis.com",
                "grabagun.com",
                "westcoastvapesupply.com",
                "www.battlbox.com",
                "www.bnbtobacco.com",
                "www.caskers.com",
                "www.cbdmd.com",
                "www.eightvape.com",
                "www.gunbuyer.com",
                "www.guns.com",
                "www.smokecartel.com",
                "www.tootimid.com"
            ]
        },
        {
            "rule": "provenpixel\\.com\\/shopify\\.js\\.php",
            "cookies": 0,
            "fingerprinting": 0,
            "subdomains": [
                "upx"
            ],
            "apis": {},
            "sites": 7,
            "prevalence": 0.0000484,
            "cnames": [],
            "responseHashes": [
                "5489054152f30ce7376b3f80bc2f96406d1894964ee41f33db4f0e956cdaa74e",
                "4097ba58a9e92a69942748c2be24bca68d2d88b1b59459ae59d6aacf398a356e",
                "7c98ebbf3a3226775ac30eb8dae826ebbcdc4dca8f3c6dee9bdd9d0b916d1fd9",
                "c4b22f12b22ddc3deb0f37a0115a87e2d4d4963e20e460212058c4d24934e987",
                "d36b046fb4916b09e8dfa50cb0d1d3aae9fbeb28c8ec8870c8e7293c12c47296",
                "d661fc4fc2aa32b15281db0196088ee3ee8f26e2f88490a0ac0dca91b2e24f71"
            ],
            "type": "Script",
            "firstPartyCookies": {},
            "firstPartyCookiesSent": {},
            "exampleSites": [
                "ekster.com",
                "westcoastvapesupply.com",
                "www.bnbtobacco.com",
                "www.eightvape.com",
                "www.smokecartel.com",
                "www.tootimid.com",
                "www.trueleafmarket.com"
            ]
        },
        {
            "rule": "provenpixel\\.com\\/mage\\.js\\.php",
            "cookies": 0,
            "fingerprinting": 0,
            "subdomains": [
                "upx"
            ],
            "apis": {},
            "sites": 4,
            "prevalence": 0.0000277,
            "cnames": [],
            "responseHashes": [
                "e3b0c44298fc1c149afbf4c8996fb92427ae41e4649b934ca495991b7852b855"
            ],
            "type": "Script",
            "firstPartyCookies": {},
            "firstPartyCookiesSent": {},
            "exampleSites": [
                "grabagun.com",
                "www.gunbuyer.com",
                "www.we-vibe.com",
                "www.womanizer.com"
            ]
        },
        {
            "rule": "provenpixel\\.com\\/adpx\\.php",
            "cookies": 0,
            "fingerprinting": 0,
            "subdomains": [
                "upx"
            ],
            "apis": {},
            "sites": 3,
            "prevalence": 0.0000208,
            "cnames": [],
            "responseHashes": [
                "b77610235199ce5bd398175af5f2b2636e285a3c5679fd4887168e0a55a99c4a",
                "b56360fa9b15c7818431a84fe0143d9153de1138db339cb30d01e2223a6e7313"
            ],
            "type": "Script",
            "firstPartyCookies": {},
            "firstPartyCookiesSent": {},
            "exampleSites": [
                "cbdmd.com",
                "www.cbdmd.com",
                "www.guns.com"
            ]
        },
        {
            "rule": "provenpixel\\.com\\/upx\\.php",
            "cookies": 0.0000208,
            "fingerprinting": 0,
            "subdomains": [
                "upx"
            ],
            "apis": {},
            "sites": 3,
            "prevalence": 0.0000208,
            "cnames": [],
            "responseHashes": [],
            "type": "Image",
            "firstPartyCookies": {},
            "firstPartyCookiesSent": {},
            "exampleSites": [
                "shopify.co.uk",
                "www.shopify.co.uk",
                "www.shopify.com"
            ]
        }
    ],
    "categories": [],
    "performance": {},
    "cookies": 0.000339,
    "types": {
        "Script": 45,
        "Image": 15
    },