{
    "domain": "pssy.xyz",
    "owner": {},
    "source": [
        "DuckDuckGo-US"
    ],
    "prevalence": 0.000218,
    "sites": 16,
    "subdomains": [
        "d",
        "s"
    ],
    "cnames": [],
    "fingerprinting": 0,
    "resources": [
        {
            "rule": "pssy\\.xyz\\/d\\/",
            "cookies": 0,
            "fingerprinting": 0,
            "subdomains": [
                "d"
            ],
            "apis": {},
            "sites": 14,
            "prevalence": 0.000191,
            "cnames": [],
            "responseHashes": [
                "31ee9e161af189db7bd704398640819734f4c8a48ac7c31eea6c18ec18458ea2",
                "b3372bd41b51f231054a7673bf0cba1a399119d9b1d5d44b36571055e772c4f2",
                "08deb464373459127890387303c27e74760c75f3cee9372abfff90094d160c46",
                "7e4d5f3c6f91ccf691e004debd8a79dee9fe30d2bcbad7df60f372c2b3bd789b",
                "6ad16275c244cec9d5b693760a18dcf9eb47d81524b952e74d1b1830f2c6df56",
                "c368b33debc0e86fe89c16f63b41e6ad80c82b99fade9557f9e9d8c9cb347fc8",
                "de8fee0ca9da915a96b8645e73e85248d74a007198f6d8e4d0e88d46eb893bc7",
                "e019798a1e57461401a9613ce8f6069b75d198baed2468f389ffa42ed8e9b4fb",
                "0dd5e90e131077ff70a00502c08c082fcd5f69a089d0174dc5187bdd25734526",
                "fd733804d87c721b71de5ea9e968f5a48b8dcabd0742a34aad514c4fdc9e98e2",
                "05e23e4b76c056e9ef2ba39b89ff083d65e420fabe4e65802f1892c9d0621c61",
                "06b937c60732c9958c626f0eb4568b002b90c0835cebd6418347a1d8b8b10966",
                "19d1ebcb1b7e3a0d073a921c91722deb3b68b601583f1000ead16f8c7da1492e"
            ],
            "type": "XHR",
            "firstPartyCookies": {},
            "firstPartyCookiesSent": {
                "lotame_domain_check": 0.000013612109332462159
            },
            "exampleSites": [
                "bobsvagene.club",
                "datawav.club",
                "kakopis.ru",
                "madou.club",
                "poopeegirls.com",
                "serlinkgan.com",
                "sexosintabues30.com",
                "siska.tv",
                "siska.video",
                "www.cholotube.com.pe",
                "www.pinkporno.xxx",
                "www.rosextube.com",
                "www.venecholanas.com",
                "xxgasm.com"
            ]
        },
        {
            "rule": "pssy\\.xyz\\/d\\/n\\/iframe",
            "cookies": 0,
            "fingerprinting": 0,
            "subdomains": [
                "d"
            ],
            "apis": {},
            "sites": 6,
            "prevalence": 0.0000817,
            "cnames": [],
            "responseHashes": [
                "f10f8e6312bf0e8ebdfe3c19b8c641b534150573764c77942d4588de77cc19c9",
                "3c7a5bd396e4188d62d9702d4510590d078e3b04ca0a4fe8dc72849c94c6d21b",
                "f0205cb321a72133b5027b081ae1cce9be81ef3ed1d9804fef2767295628b0b9",
                "0248972d284c6ab33fd4951559ab6a1e13c3a9683ed0a4ed028f0c8322c165b8",
                "7901297f5ca2f7e92c81dd660e4326ef9f328633216a7491086c2b955b727963"
            ],
            "type": "Document",
            "firstPartyCookies": {},
            "firstPartyCookiesSent": {
                "lotame_domain_check": 0.000013612109332462159
            },
            "exampleSites": [
                "bobsvagene.club",
                "datawav.club",
                "sexosintabues30.com",
                "siska.video",
                "www.pinkporno.xxx",
                "www.venecholanas.com"
            ]
        },
        {
            "rule": "pssy\\.xyz\\/prplugs\\/0\\/1235309\\/240x180\\.jpg",
            "cookies": 0,
            "fingerprinting": 0,
            "subdomains": [
                "s"
            ],
            "apis": {},
            "sites": 2,
            "prevalence": 0.0000272,
            "cnames": [],
            "responseHashes": [
                "d3f7abde5a6b402e2e68e0d90aaa62f7a7a5dfb5043ae40452aa41fe8127585c"
            ],
            "type": "Image",
            "firstPartyCookies": {},
            "firstPartyCookiesSent": {},
            "exampleSites": [
                "bobsvagene.club",
                "madou.club"
            ]
        },
        {
            "rule": "pssy\\.xyz\\/prbanners\\/2019\\/03\\/29\\/KtMS3Ui41xw9NUALEtNKcp7wnR2h2F\\.jpeg",
            "cookies": 0,
            "fingerprinting": 0,
            "subdomains": [
                "s"
            ],
            "apis": {},
            "sites": 2,
            "prevalence": 0.0000272,
            "cnames": [],
            "responseHashes": [
                "30306057c629b28c40d850a8bd49f7249f3eb48d28997471317c1bcaa317222f"
            ],
            "type": "Image",
            "firstPartyCookies": {},
            "firstPartyCookiesSent": {},
            "exampleSites": [
                "bobsvagene.club",
                "xxgasm.com"
            ]
        },
        {
            "rule": "pssy\\.xyz\\/prbanners\\/2022\\/10\\/10\\/Htqrhv29aT3JTPrkcWgeF7AQPLqNF6\\.jpeg",
            "cookies": 0,
            "fingerprinting": 0,
            "subdomains": [
                "s"
            ],
            "apis": {},
            "sites": 3,
            "prevalence": 0.0000408,
            "cnames": [],
            "responseHashes": [
                "78dc28dc4b277edcf960ec2e9f948f16ea8c33df9164a0a8d5391344576172ca"
            ],
            "type": "Image",
            "firstPartyCookies": {},
            "firstPartyCookiesSent": {},
            "exampleSites": [
                "bobsvagene.club",
                "datawav.club",
                "xxgasm.com"
            ]
        },
        {
            "rule": "pssy\\.xyz\\/t\\.php",
            "cookies": 0.000218,
            "fingerprinting": 0,
            "subdomains": [
                "d"
            ],
            "apis": {},
            "sites": 16,
            "prevalence": 0.000218,
            "cnames": [],
            "responseHashes": [
                "e3b0c44298fc1c149afbf4c8996fb92427ae41e4649b934ca495991b7852b855"
            ],
            "type": "Image",
            "firstPartyCookies": {},
            "firstPartyCookiesSent": {},
            "exampleSites": [
                "bobsvagene.club",
                "datawav.club",
                "kakopis.ru",
                "madou.club",
                "poopeegirls.com",
                "pornimgur.com",
                "porn78.info",
                "serlinkgan.com",
                "sexosintabues30.com",
                "siska.tv",
                "siska.video",
                "www.cholotube.com.pe",
                "www.pinkporno.xxx",
                "www.rosextube.com",
                "www.venecholanas.com",
                "xxgasm.com"
            ]
        },
        {
            "rule": "pssy\\.xyz\\/prbanners\\/2020\\/10\\/29\\/isXFeCfysLWtNjJsrS1hoN5fTr8vBb\\.gif",
            "cookies": 0,
            "fingerprinting": 0,
            "subdomains": [
                "s"
            ],
            "apis": {},
            "sites": 3,
            "prevalence": 0.0000408,
            "cnames": [],
            "responseHashes": [
                "ebd68d171c78f59222247584398b049beddc42de9e89d12d9d1a57d93e58ebae"
            ],
            "type": "Image",
            "firstPartyCookies": {},
            "firstPartyCookiesSent": {},
            "exampleSites": [
                "serlinkgan.com",
                "www.cholotube.com.pe",
                "www.venecholanas.com"
            ]
        },
        {
            "rule": "pssy\\.xyz\\/prnotifications\\/2021\\/01\\/30\\/k7K7HwfYbaqdwXUbBAxoGM6nkPW2SD\\.png",
            "cookies": 0,
            "fingerprinting": 0,
            "subdomains": [
                "s"
            ],
            "apis": {},
            "sites": 3,
            "prevalence": 0.0000408,
            "cnames": [],