{
    "domain": "pwmctl.com",
    "owner": {},
    "source": [
        "DuckDuckGo-US"
    ],
    "prevalence": 0.000379,
    "sites": 53,
    "subdomains": [
        "pt"
    ],
    "cnames": [],
    "fingerprinting": 1,
    "resources": [
        {
            "rule": "pwmctl\\.com\\/live-feed\\/",
            "cookies": 0.0000429,
            "fingerprinting": 1,
            "subdomains": [
                "pt"
            ],
            "apis": {
                "Date.prototype.getTime": 6
            },
            "sites": 6,
            "prevalence": 0.0000429,
            "cnames": [],
            "responseHashes": [
                "c41a56d69113c9e0fd71902dc9fe0d134058d2bc5ac9707d6f4a6a75da7301cf",
                "ac43f3b5166b3625ee0b6e328cc68232280182c2736b3bab4e0145ccabb240e0",
                "664e067a1c949e078869f9bd4f570626c6d2a356c791f224ce6b8f4c01a5e944",
                "08cb4630be4f8f7f84fd76f1f3a771bc22fde6e151ebb9e227fb858162e9b82d",
                "2c5fc899647511bdd4bb8280e361c0c9aab54dd630a46c19c6e76577f5300f41"
            ],
            "type": "Document",
            "firstPartyCookies": {},
            "firstPartyCookiesSent": {},
            "exampleSites": [
                "celeb-stalker.com",
                "pornstarbyface.com",
                "sexinnz.co.nz",
                "www.boundhub.com",
                "www.famousboard.com",
                "www.shemalewiki.com"
            ]
        },
        {
            "rule": "pwmctl\\.com\\/natlf\\/lf\\/ch\\/",
            "cookies": 0.0000786,
            "fingerprinting": 1,
            "subdomains": [
                "pt"
            ],
            "apis": {
                "Date.prototype.getTime": 7
            },
            "sites": 11,
            "prevalence": 0.0000786,
            "cnames": [],
            "responseHashes": [
                "0cbe9e037f1d939d7a6fdb72985781841fc704977ebe7990fb7398f3ad6dd4d9",
                "c7c1c530b888106a49c21cc4e0f2b16b32313587928cabc17959e0058812cf21",
                "f6be36b2af3dd2043164f62f585a4f62f1f039f07a564daf6c77c251d2c014fb",
                "0c5025554fc824f20405416a0bcedea5fdfdc58d2dc117f76e6f3f73d652bea5",
                "49434ebb8cde842f3c53f2283db0a1c16848f9b6fca39605315562928f4cc999",
                "60e67d8c68ca646b561f49d4f037a9cfd2172f00e94d5f6b4a7192af5626988d",
                "6b2d112c7656cde5539e883f086f31e1007224eba7d3b050cd718040625fabf1",
                "5f3135011f6b5bc2548c2a6eec7749f588b101cf1754ca66e570e644f459653b",
                "c50b3a73ef13e95aca1c81d86d46f2c3218a1c819431e28203c84d807bedd4d2",
                "7dcd3f5ab567c9ade76d1f3507d0869a234fefda7f8d7b1a9392ff4bb739e899"
            ],
            "type": "Document",
            "firstPartyCookies": {},
            "firstPartyCookiesSent": {},
            "exampleSites": [
                "datingsitespot.com",
                "fivestarpornsites.com",
                "grupodeputaria.net",
                "javtape.net",
                "oncamchat.com",
                "pixxxels.cc",
                "shemale7.com",
                "trikz.co.uk",
                "www.datingpornstar.com",
                "www.lolteentube.com",
                "www.seemyporn.com"
            ]
        },
        {
            "rule": "pwmctl\\.com\\/image-scroller\\/",
            "cookies": 0.0000429,
            "fingerprinting": 1,
            "subdomains": [
                "pt"
            ],
            "apis": {
                "Date.prototype.getTime": 6
            },
            "sites": 6,
            "prevalence": 0.0000429,
            "cnames": [],
            "responseHashes": [
                "7406bedb16efa8ef0445bccf24da029b872f8d7100e508cc2ab4208f44f2f3e1",
                "da75f5ca7a85da234419c2eb56662539e5539e02601c6bc16091316144d40661",
                "a527c4d9e1a535aa609e0339f8af310dea747a7c2aca451f957c86898c823238",
                "be0adea102efdce586bf5826f1dace93160c8c4eb743b6f2f1a14dbf4e35713d",
                "6a31d77b9921b340955959953ccf4f505da0eefd00691412b0434c86de2854d0"
            ],
            "type": "Document",
            "firstPartyCookies": {},
            "firstPartyCookiesSent": {},
            "exampleSites": [
                "femdomempire.net",
                "oncamchat.com",
                "pornbrb.com",
                "sexyhub.org",
                "www.massageads.co.uk",
                "xmissy.nl"
            ]
        },
        {
            "rule": "pwmctl\\.com\\/video-banner\\/",
            "cookies": 0.0000143,
            "fingerprinting": 1,
            "subdomains": [
                "pt"
            ],
            "apis": {
                "Date.prototype.getTime": 2
            },
            "sites": 2,
            "prevalence": 0.0000143,
            "cnames": [],
            "responseHashes": [
                "e057e7e790c5151711dc8e91f7103e2503acdbc575abb8eef583f08ac55e50ca"
            ],
            "type": "Document",
            "firstPartyCookies": {},
            "firstPartyCookiesSent": {},
            "exampleSites": [
                "hotnudemen.net",
                "www.boundhub.com"
            ]
        },
        {
            "rule": "pwmctl\\.com\\/live-feed\\/fk\\/",
            "cookies": 0.0000643,
            "fingerprinting": 1,
            "subdomains": [
                "pt"
            ],
            "apis": {
                "Date.prototype.getTime": 9
            },
            "sites": 9,
            "prevalence": 0.0000643,
            "cnames": [],
            "responseHashes": [
                "30cfacf488fcfb6fcc05bc8456f4db8973f612cf59966bd3033b57e7ba3f6955",
                "f15c802c484f7672ab5a90dd4249cf88be7cefffb97613c3ac5acd631f7c343d",
                "979cb06e72db8d596eb6f1157212255a2be821b13598f0cf029a736fbe329648",
                "9c682a79e3e2ba22194a79e9c9ca2b9b7fd67da35596fdabb113bb34ab6f7415",
                "65d0a07dbbb84ed5d5ee55feb5b2648b3c4455b2d6c8286dcf93222ac4e80b5d",
                "e0b24a401633b0b973447bddc675ddcd60d2010ca0e6ebce04869ccf1d3415f1",
                "111b921521edcc55c38381094e70cf7871ec74343e156dae8b2ae40b92abd0cd",
                "075bc3bc113a00d603956c60df7f8397e64512b35c314aad83786f5c49bff199"
            ],
            "type": "Document",
            "firstPartyCookies": {},
            "firstPartyCookiesSent": {},
            "exampleSites": [
                "mangayuca.com",
                "picsfuck.org",
                "sex4sex.me",
                "shooshtime.com",
                "www.camsexvideo.net",
                "www.cartoonpornvideos.com",
                "www.cuckoldplacetube.com",
                "www.ghettotube.com",
                "www.lesbianpornvideos.com"
            ]
        },
        {
            "rule": "pwmctl\\.com\\/live-feed",
            "cookies": 0.0000286,
            "fingerprinting": 1,
            "subdomains": [
                "pt"
            ],
            "apis": {
                "Date.prototype.getTime": 4
            },
            "sites": 4,
            "prevalence": 0.0000286,
            "cnames": [],
            "responseHashes": [
                "38feca9d97343fc424fb4bbc1e7a582d0c09c622b9cc0eb69c46fb0f86fcf1f3",
                "447ea568f73e10074b824f632bd58e85280f66b2ab068c3afaeb0a157605c542",
                "916380f23711d8536e795f230e4062c38e770505788a300233433ebd309e91b1"
            ],
            "type": "Document",
            "firstPartyCookies": {},
            "firstPartyCookiesSent": {},
            "exampleSites": [
                "sex4sex.me",
                "www.cartoonpornvideos.com",
                "www.ghettotube.com",
                "www.lesbianpornvideos.com"
            ]
        }
    ],
    "categories": [],
    "performance": {},
    "cookies": 0.000379,
    "types": {
        "Document": 38
    },