{
    "domain": "px-cdn.net",
    "owner": {
        "name": "PerimeterX, Inc.",
        "displayName": "PerimeterX"
    },
    "source": [
        "DuckDuckGo-US"
    ],
    "prevalence": 0.000776,
    "sites": 57,
    "subdomains": [
        "captcha",
        "b"
    ],
    "cnames": [],
    "fingerprinting": 2,
    "resources": [
        {
            "rule": "px-cdn\\.net\\/PXK3bezZfO\\/captcha\\.js",
            "cookies": 0,
            "fingerprinting": 2,
            "subdomains": [
                "captcha"
            ],
            "apis": {
                "window.innerWidth": 2,
                "Navigator.prototype.languages": 3,
                "URL.createObjectURL": 2,
                "Navigator.prototype.hardwareConcurrency": 3,
                "Performance.prototype.memory": 1,
                "Navigator.prototype.userAgent": 1
            },
            "sites": 3,
            "prevalence": 0.0000408,
            "cnames": [],
            "responseHashes": [
                "248996bcf417b1d92fddfd9eb4d0a19428c30030dc98f46b881f0213ed55df4b"
            ],
            "type": "Script",
            "firstPartyCookies": {},
            "firstPartyCookiesSent": {},
            "exampleSites": [
                "fiverr.com",
                "es.fiverr.com",
                "www.fiverr.com"
            ]
        },
        {
            "rule": "px-cdn\\.net\\/api\\/v1\\/PXrf8vapwA\\/d\\/p",
            "cookies": 0,
            "fingerprinting": 0,
            "subdomains": [
                "b"
            ],
            "apis": {},
            "sites": 29,
            "prevalence": 0.000395,
            "cnames": [],
            "responseHashes": [
                "55a7d45a4dba1a6d3b6b04a7182016f22552913b30fbadce82b6cf0e3beb4a74",
                "5f599ac6d6f52aacd6cada3005429ed5d7f2e7c35e0416c8de30753e462d2e91",
                "a799d86a0746204c6f357e7748b8448076f2f947627c4fd6098f58930dc38c1e",
                "977dfd1329e9f46a7092de85586facebb0a0f97b099e40be1b9582fccaf33357",
                "3510bcb0984a09a1d4131aa9969f78a4d976a90643de23193e4102e4f1666b82",
                "ba4cb98d710893e95de8bb6125fb3037c636e8fbb51b02985f28078660353430",
                "3b01b15c41786e3af7202e22798955a7ae339aa36759c8401fd3debd6f04dc9e",
                "e21bb93eb737cf781bced01b98511ba603a45180346b7bd00fb73f6a2aa42a41",
                "6a865d5e69f5a1fa74d384f4bd580bd41c51adeae015a82272f59908613964a7",
                "98949b88e765952dd129f80c6303ea11f089b533f385e75aebe7e8f43f17a76b",
                "95c9d5648931c29e9daba09093ea16b7593065833e34e448a7f9b2b81891ecca",
                "4b99409fb3640689bfd0c4234134483baba52dddc2a83e049148d0f15d9ac75f",
                "01d52f4b6d9aad64d46a9557eddf96bdbbc2b343609a1f9bae4fd51e9da37bcd",
                "aac57ef92e6c797a5f8f92cb5d78813418c31a8ae3c4c78f70e5633ee7191672",
                "6ccdb5c040ef92f55f51433e92a49fbf9cc7bfd6d965e63516d0f4eceadf1a2b",
                "6c214a1aaa5291f4a74b5eb23d1c01d28e234559adb9cea5404188e231cb856b",
                "a12e133f7dfa33960a9b74a19d80d30735538edd73a3efe64dcd30ea1d2f879d",
                "c44573a2261a3fe2373429eb420a372b601ccf3905ef3dd8aae28dc801665321",
                "8c37a608681f0e1504294c3226cb91fedd86c93ac31574f3a1751ce6c9c2c02c",
                "7cdb3c1d63515b790371dbb1387e4a40f22d80d652f65b629112bbf263265212",
                "cb07f11df93024321ea8cdf9d032493cd00d2edfe08763de1209361bdbdf6ab3",
                "ec09c8b821a4a09ee62a95bc6e5116767e7c0df1c5580d0d369a6d38ddb09967",
                "589b60f01ca7d2b54fd169d0a7ac90d9e26fefcd75f96de5e38220ff9ae4ac66",
                "442653339e72c0ce1e6ed22058bc95bfa5a66332ababcc9a8042e875daa625b9",
                "c65c1b234aa16207392d652316bf7d5c2494838f77cbc73ee78a5afff6ab3a93",
                "4231b6023460da93e09dd2e3a5f7acf242d311c5943faba64fa5de136c26934e",
                "e3701d4d237898367cdccfbf4599dc6395411195027bb591537c468cb9de561f",
                "0165af0856968158a0611215b795d205cb6a1052437fd9aeb5fd30529e180452"
            ],
            "type": "XHR",
            "firstPartyCookies": {},
            "firstPartyCookiesSent": {},
            "exampleSites": [
                "www.skyscanner.ru",
                "www.skyscanner.co.kr",
                "www.skyscanner.com.tr",
                "www.skyscanner.com.au",
                "www.skyscanner.de",
                "www.skyscanner.pl",
                "www.skyscanner.fr",
                "www.skyscanner.com",
                "www.skyscanner.co.in",
                "www.skyscanner.ae",
                "www.skyscanner.co.id",
                "www.skyscanner.es",
                "www.skyscanner.com.tw",
                "www.skyscanner.com.my",
                "www.skyscanner.pt",
                "www.skyscanner.nl",
                "www.skyscanner.ie",
                "www.skyscanner.it",
                "www.skyscanner.co.th",
                "www.skyscanner.co.il"
            ]
        },
        {
            "rule": "px-cdn\\.net\\/api\\/v1\\/PXZD817siC\\/d\\/p",
            "cookies": 0,
            "fingerprinting": 0,
            "subdomains": [
                "b"
            ],
            "apis": {},
            "sites": 2,
            "prevalence": 0.0000272,
            "cnames": [],
            "responseHashes": [
                "ca3d163bab055381827226140568f3bef7eaac187cebd76878e0b63e9e442356"
            ],
            "type": "XHR",
            "firstPartyCookies": {},
            "firstPartyCookiesSent": {},
            "exampleSites": [
                "americanas.com.br",
                "sacola.americanas.com.br"
            ]
        },
        {
            "rule": "px-cdn\\.net\\/PXLkXIE7Oj\\/captcha\\.js",
            "cookies": 0,
            "fingerprinting": 2,
            "subdomains": [
                "captcha"
            ],
            "apis": {
                "window.innerWidth": 4,
                "Navigator.prototype.languages": 4,
                "URL.createObjectURL": 4,
                "Navigator.prototype.hardwareConcurrency": 4,
                "Performance.prototype.memory": 3,
                "Navigator.prototype.userAgent": 3
            },
            "sites": 4,
            "prevalence": 0.0000544,
            "cnames": [],
            "responseHashes": [
                "248996bcf417b1d92fddfd9eb4d0a19428c30030dc98f46b881f0213ed55df4b"
            ],
            "type": "Script",
            "firstPartyCookies": {},
            "firstPartyCookiesSent": {},
            "exampleSites": [
                "columbiasportswear.de",
                "www.columbiasportswear.es",
                "www.columbiasportswear.fr",
                "www.sorel.com"
            ]
        },
        {
            "rule": "px-cdn\\.net\\/api\\/v1\\/PXLkXIE7Oj\\/d\\/p",
            "cookies": 0,
            "fingerprinting": 0,
            "subdomains": [
                "b"
            ],
            "apis": {},
            "sites": 3,
            "prevalence": 0.0000408,
            "cnames": [],
            "responseHashes": [
                "93cf2902aec60a336db2080d184a53e0c337a1b6a7d160837e4d18f2ccadc38d",
                "78f6666c80d368a8915f3d66531e6e62afb1f4f8ddcc7f5d022d3650261b4ba0"
            ],
            "type": "XHR",
            "firstPartyCookies": {},
            "firstPartyCookiesSent": {},
            "exampleSites": [
                "columbiasportswear.de",
                "www.columbiasportswear.fr",
                "www.columbiasportswear.ca"
            ]
        },
        {
            "rule": "px-cdn\\.net\\/api\\/v1\\/PXcj8K0tSV\\/d\\/e",
            "cookies": 0,
            "fingerprinting": 0,
            "subdomains": [
                "b"
            ],
            "apis": {},
            "sites": 2,
            "prevalence": 0.0000272,
            "cnames": [],
            "responseHashes": [],
            "type": "Image",
            "firstPartyCookies": {},