{
    "domain": "pzz.io",
    "owner": {
        "name": "Kizitos Holding B.V.",
        "displayName": "Kizitos Holding"
    },
    "source": [
        "DuckDuckGo-US"
    ],
    "prevalence": 0.000193,
    "sites": 27,
    "subdomains": [],
    "cnames": [],
    "fingerprinting": 1,
    "resources": [
        {
            "rule": "pzz\\.io\\/pzz\\.js",
            "cookies": 0.0000929,
            "fingerprinting": 1,
            "subdomains": [],
            "apis": {
                "Document.cookie getter": 13,
                "window.localStorage": 13,
                "Document.cookie setter": 13
            },
            "sites": 14,
            "prevalence": 0.0001,
            "cnames": [],
            "responseHashes": [
                "f7d446d666ce4444cbff5791285cb3b45f46bd7c0d1f872ff3c7969d041f1412",
                "a6d9ace201495dd63e68f02615b0ce24ef79217de564d1544d6819cab86db2ed",
                "91af009f755f02e1644bde3ccc18c1ad1c62fe4fb2081d6b1cb49759df209e31",
                "4f1aa91f749bba60dd22487d8009df26c09e402bb28691e88fa368ed7a9b162c",
                "89a4eb591c0e0f83244348942d0f5834b24320156bcfaf1fcd7d42041924945b",
                "215a6e87be00fd7254472a3a1a3d033c9c4e10babc28d5c6d65074cf1d857bca",
                "4afe81973ea37e81f405dec69569275443592072193e4d05309debb99e1b7c79",
                "93226cc36c3d7bb6e6b9fe5b65efad461e0927807deae9d4fa3c828075a9f11c",
                "4dedbd09e1bc8a336a952f04345c808e720aa56a40b684967274f8cb4c78cfae",
                "a3f9c44254a992608f981f2d5d2fd23ea432bd88f458f386c70af3a796bf85e4",
                "354f8318b13492587a92238b01b24cc0658a656836ef6ee0d7c04ee6f6b9449a",
                "233cbdd2441230a3c174d5ce6fa792080d321f0c68ac6ba74725ecbb5dcc07f9",
                "b1cdc88419a79778dfc4c7744f5d44a0b1fad5296f5483857d529ead401b1e8e"
            ],
            "type": "Script",
            "firstPartyCookies": {
                "pzz_session_id": {
                    "ttl": 31536000,
                    "length": 36,
                    "prevalence": 0.0000929487637814417,
                    "uniqueness": 1
                }
            },
            "firstPartyCookiesSent": {},
            "exampleSites": [
                "familieoverdekook.nl",
                "forum.viva.nl",
                "girlswhomagazine.nl",
                "www.bartsboekje.com",
                "www.culinea.nl",
                "www.huisvlijt.com",
                "www.kinderliedjes.info",
                "www.mamaliefde.nl",
                "www.mamsatwork.nl",
                "www.moestuinplanner.nl",
                "www.nederlandinbedrijf.nl",
                "www.oudersenzo.nl",
                "www.soundflow.nl",
                "www.wereldreis.net"
            ]
        },
        {
            "rule": "pzz\\.io\\/pzz\\.words\\.js",
            "cookies": 0,
            "fingerprinting": 0,
            "subdomains": [],
            "apis": {},
            "sites": 6,
            "prevalence": 0.0000429,
            "cnames": [],
            "responseHashes": [
                "19e55706d3f17c72f3850c9ed3a8ed5fb6274f51d7d7a2688d1740dd29dec2cb",
                "9fa64cb8d975ca8dafc37f9e3eeb141a418afe42ffcecdeab73daf47d3c698f3"
            ],
            "type": "Script",
            "firstPartyCookies": {},
            "firstPartyCookiesSent": {},
            "exampleSites": [
                "familieoverdekook.nl",
                "www.huisvlijt.com",
                "www.kinderliedjes.info",
                "www.mamaliefde.nl",
                "www.moestuinplanner.nl",
                "www.soundflow.nl"
            ]
        }
    ],
    "categories": [],
    "performance": {},
    "cookies": 0.000186,
    "types": {
        "Script": 20
    },
    "nameservers": [
        "ns-cloud-d1.googledomains.com",
        "ns-cloud-d3.googledomains.com",
        "ns-cloud-d2.googledomains.com",
        "ns-cloud-d4.googledomains.com"
    ]
}