{
    "domain": "pzz.io",
    "owner": {
        "name": "Kizitos Holding B.V.",
        "displayName": "Kizitos Holding"
    },
    "source": [
        "DuckDuckGo-US"
    ],
    "prevalence": 0.000225,
    "sites": 33,
    "subdomains": [],
    "cnames": [],
    "fingerprinting": 1,
    "resources": [
        {
            "rule": "pzz\\.io\\/pzz\\.js",
            "cookies": 0.000116,
            "fingerprinting": 1,
            "subdomains": [],
            "apis": {
                "Document.cookie getter": 17,
                "window.localStorage": 17,
                "Document.cookie setter": 17
            },
            "sites": 17,
            "prevalence": 0.000116,
            "cnames": [],
            "responseHashes": [
                "a6d9ace201495dd63e68f02615b0ce24ef79217de564d1544d6819cab86db2ed",
                "91af009f755f02e1644bde3ccc18c1ad1c62fe4fb2081d6b1cb49759df209e31",
                "5d4fd85be320df074df24b65b808598d8de189ef35ebe36a049e72fb5edd6c5d",
                "4f1aa91f749bba60dd22487d8009df26c09e402bb28691e88fa368ed7a9b162c",
                "97743f65a7ee8cd97540ea23774e88f9675b09df4d73a3f430d03272b822ff30",
                "6ee299d8a84136b5cd5b75d1f33919df14b798f171712fb01b00323031ffd9c4",
                "89a4eb591c0e0f83244348942d0f5834b24320156bcfaf1fcd7d42041924945b",
                "215a6e87be00fd7254472a3a1a3d033c9c4e10babc28d5c6d65074cf1d857bca",
                "cff2324984376418368494601e0f46cc9454ac57e39888c4a6f962f25bd0f792",
                "c86a7f5b9034d6b212cb67b146eb596ddb5a8f154a33cd04d10d8aceae6aca05",
                "4afe81973ea37e81f405dec69569275443592072193e4d05309debb99e1b7c79",
                "93226cc36c3d7bb6e6b9fe5b65efad461e0927807deae9d4fa3c828075a9f11c",
                "4dedbd09e1bc8a336a952f04345c808e720aa56a40b684967274f8cb4c78cfae",
                "a3f9c44254a992608f981f2d5d2fd23ea432bd88f458f386c70af3a796bf85e4",
                "354f8318b13492587a92238b01b24cc0658a656836ef6ee0d7c04ee6f6b9449a",
                "039a8da5af271099741cd9ee44b93ce1357675062cb77dbdeec9f254cacee567"
            ],
            "type": "Script",
            "firstPartyCookies": {
                "pzz_session_id": {
                    "ttl": 31536000,
                    "length": 36,
                    "prevalence": 0.00011570844195179722,
                    "uniqueness": 1
                }
            },
            "firstPartyCookiesSent": {},
            "exampleSites": [
                "familieoverdekook.nl",
                "girlswhomagazine.nl",
                "www.bartsboekje.com",
                "www.byaranka.nl",
                "www.culinea.nl",
                "www.dagelijksvanalles.be",
                "www.goodgardn.nl",
                "www.huisvlijt.com",
                "www.kinderliedjes.info",
                "www.leefnugezonder.be",
                "www.lidathiry.nl",
                "www.mamaliefde.nl",
                "www.mamsatwork.nl",
                "www.moestuinplanner.nl",
                "www.nederlandinbedrijf.nl",
                "www.oudersenzo.nl",
                "www.zensitivity.nl"
            ]
        },
        {
            "rule": "pzz\\.io\\/pzz\\.words\\.js",
            "cookies": 0,
            "fingerprinting": 0,
            "subdomains": [],
            "apis": {},
            "sites": 7,
            "prevalence": 0.0000476,
            "cnames": [],
            "responseHashes": [
                "9fa64cb8d975ca8dafc37f9e3eeb141a418afe42ffcecdeab73daf47d3c698f3",
                "19e55706d3f17c72f3850c9ed3a8ed5fb6274f51d7d7a2688d1740dd29dec2cb"
            ],
            "type": "Script",
            "firstPartyCookies": {},
            "firstPartyCookiesSent": {},
            "exampleSites": [
                "familieoverdekook.nl",
                "www.byaranka.nl",
                "www.huisvlijt.com",
                "www.kinderliedjes.info",
                "www.mamaliefde.nl",
                "www.moestuinplanner.nl",
                "www.zensitivity.nl"
            ]
        }
    ],
    "categories": [],
    "performance": {},
    "cookies": 0.000225,
    "types": {
        "Script": 24
    },
    "nameservers": [
        "ns-cloud-d1.googledomains.com",
        "ns-cloud-d2.googledomains.com",
        "ns-cloud-d3.googledomains.com",
        "ns-cloud-d4.googledomains.com"
    ]
}