{
    "domain": "qrserver.com",
    "owner": {},
    "source": [
        "DuckDuckGo-US"
    ],
    "prevalence": 0.0000476,
    "sites": 7,
    "subdomains": [
        "api"
    ],
    "cnames": [],
    "fingerprinting": 0,
    "resources": [
        {
            "rule": "qrserver\\.com\\/v1\\/create-qr-code\\/",
            "cookies": 0,
            "fingerprinting": 0,
            "subdomains": [
                "api"
            ],
            "apis": {},
            "sites": 7,
            "prevalence": 0.0000476,
            "cnames": [],
            "responseHashes": [
                "1bc8c67742c1c507a7e75b83d8312f70fd03f771d489b9c6fb02384e61fe5980",
                "02125bc7ed40ee240187c0a0336d498a7201c087982721d3250bf69045738c2e",
                "a0f895674d8d11fb49536d5882366cb1dc5a5bfab405076995aa866b7f50cdf0",
                "3e3130f9932fd7aa171d38da5936da9f7396578487dfc161504891a9beec410b",
                "8e393ae777b33721ad18511a9a69460907f4894d9b5ee95590386a4d8ca9e5aa",
                "943601cbda36ff09f444b759db9e958fb3d379a02627acbfd7d64cfcbe506985"
            ],
            "type": "Image",
            "firstPartyCookies": {},
            "firstPartyCookiesSent": {
                "__PPU___PPU_SESSION_URL": 0.000013612757876682026
            },
            "exampleSites": [
                "slackware.com",
                "docs.slackware.com",
                "leaklinks.com",
                "note.vg",
                "pastehouse.com",
                "thestandard.org.nz",
                "www.leaklinks.com"
            ]
        }
    ],
    "categories": [],
    "performance": {},
    "cookies": 0,
    "types": {
        "Image": 7
    },
    "nameservers": [
        "ns1.first-ns.de",
        "robotns2.second-ns.de",
        "robotns3.second-ns.com"
    ]
}