{
    "domain": "rctiplus.com",
    "owner": {},
    "source": [
        "DuckDuckGo-US"
    ],
    "prevalence": 0.0000899,
    "sites": 13,
    "subdomains": [
        "www",
        "analytics",
        "gamesx"
    ],
    "cnames": [],
    "fingerprinting": 1,
    "resources": [
        {
            "rule": "rctiplus\\.com\\/read\\/",
            "cookies": 0.0000277,
            "fingerprinting": 1,
            "subdomains": [
                "www"
            ],
            "apis": {
                "Date.prototype.getTime": 4
            },
            "sites": 4,
            "prevalence": 0.0000277,
            "cnames": [],
            "responseHashes": [
                "e9af15d332adedbd451b7543f6d236785f69fc846d1a85b371b10bf1b02bdac2",
                "1b701082776d2ee8a97d0f30004491684d817b15ce5217e0af14f57211994ada",
                "e595216fdd78399af20873f101293eef0aa5f6fea7ad1b9c0147be374c34f5e1"
            ],
            "type": "Document",
            "firstPartyCookies": {},
            "firstPartyCookiesSent": {},
            "exampleSites": [
                "okezone.com",
                "celebrity.okezone.com",
                "lifestyle.okezone.com",
                "news.okezone.com"
            ]
        },
        {
            "rule": "rctiplus\\.com\\/tracking\\/analytics\\.js",
            "cookies": 0,
            "fingerprinting": 0,
            "subdomains": [
                "analytics"
            ],
            "apis": {},
            "sites": 8,
            "prevalence": 0.0000553,
            "cnames": [],
            "responseHashes": [
                "1f1cc57e09d2b0981b87e810405beef74190fabbb732d48ea293e0072e1cf037",
                "35351f81e3356c8604939a9c32c5812d175cb5f4966c71f8bca9f11726ff57a8",
                "bfa6446449adb290645ebffd3f2b7554f58188fdfe55d4f3221273c193c415b1",
                "8b3d6bc64ad75e88a4e104a20317d2d088b2fdd86a26a4f0a55df33f7f758ca3",
                "fc3bf5ef022b4baeffe23ce4676b393d0f04bc0289ceebd24b2538c21ca6ef43",
                "cf0670c39bd6d2bcef1871a669fe69085bd79be6d592a83bf31503bac40c02de",
                "fb35865fa2113f6653d725804c612121bb22a72d2d3c2a673a60faa74daf2046"
            ],
            "type": "Script",
            "firstPartyCookies": {},
            "firstPartyCookiesSent": {},
            "exampleSites": [
                "okezone.com",
                "celebrity.okezone.com",
                "lifestyle.okezone.com",
                "lifestyle.sindonews.com",
                "news.okezone.com",
                "www.celebrities.id",
                "www.inews.id",
                "yogya.inews.id"
            ]
        },
        {
            "rule": "rctiplus\\.com\\/Game\\/Detail\\/92",
            "cookies": 0.0000138,
            "fingerprinting": 1,
            "subdomains": [
                "gamesx"
            ],
            "apis": {
                "Date.prototype.getTime": 1
            },
            "sites": 2,
            "prevalence": 0.0000138,
            "cnames": [],
            "responseHashes": [
                "ffee216c3668fa6e4a3968e0827ba9bc5da53fe959da93fa31141dd455afc273"
            ],
            "type": "Document",
            "firstPartyCookies": {},
            "firstPartyCookiesSent": {},
            "exampleSites": [
                "okezone.com",
                "yogya.inews.id"
            ]
        },
        {
            "rule": "rctiplus\\.com\\/idx\\/news",
            "cookies": 0.0000138,
            "fingerprinting": 1,
            "subdomains": [
                "www"
            ],
            "apis": {
                "Date.prototype.getTime": 2
            },
            "sites": 3,
            "prevalence": 0.0000208,
            "cnames": [],
            "responseHashes": [
                "6cfeebf87ea921639feece5effd28d34dae16873d99271cb52c97b310f9f8d77",
                "93f1a07811ed5d7833713894a17f0b2bfc499fc7b191b98dea63b5825e25f6c6"
            ],
            "type": "Document",
            "firstPartyCookies": {},
            "firstPartyCookiesSent": {},
            "exampleSites": [
                "sindonews.com",
                "lifestyle.sindonews.com",
                "www.celebrities.id"
            ]
        },
        {
            "rule": "rctiplus\\.com\\/read",
            "cookies": 0.0000138,
            "fingerprinting": 1,
            "subdomains": [
                "www"
            ],
            "apis": {
                "Date.prototype.getTime": 2
            },
            "sites": 2,
            "prevalence": 0.0000138,
            "cnames": [],
            "responseHashes": [
                "25a071d17fe66a70b0c1e0f8323f19218030e7a3915de7dbc98fb11789226e3d"
            ],
            "type": "Document",
            "firstPartyCookies": {},
            "firstPartyCookiesSent": {},
            "exampleSites": [
                "inews.id",
                "yogya.inews.id"
            ]
        }
    ],
    "categories": [],
    "performance": {},
    "cookies": 0.000083,
    "types": {
        "Document": 11,
        "Script": 8
    },
    "nameservers": [
        "damon.ns.cloudflare.com",
        "grace.ns.cloudflare.com"
    ]
}