{
    "domain": "rcvlink.com",
    "owner": {},
    "source": [
        "DuckDuckGo-US"
    ],
    "prevalence": 0.000218,
    "sites": 16,
    "subdomains": [
        "go",
        "st11"
    ],
    "cnames": [],
    "fingerprinting": 1,
    "resources": [
        {
            "rule": "rcvlink\\.com\\/static\\/main\\.js",
            "cookies": 0,
            "fingerprinting": 1,
            "subdomains": [
                "go"
            ],
            "apis": {
                "window.innerWidth": 6
            },
            "sites": 7,
            "prevalence": 0.0000953,
            "cnames": [],
            "responseHashes": [
                "d396df02b5d1618cfdcca3c3bb68241ce7ced903cd5d3a50604b51821bee86d8"
            ],
            "type": "Script",
            "firstPartyCookies": {},
            "firstPartyCookiesSent": {},
            "exampleSites": [
                "audioknigi-online.ru",
                "dumskaya.net",
                "football.ua",
                "m.gordonua.com",
                "m.tribunnews.com",
                "www.5692.com.ua",
                "xn--80adi8aaufcj8j.xn--j1amh"
            ]
        },
        {
            "rule": "rcvlink\\.com\\/cs\\/1\\/1",
            "cookies": 0,
            "fingerprinting": 0,
            "subdomains": [
                "go"
            ],
            "apis": {},
            "sites": 8,
            "prevalence": 0.000109,
            "cnames": [],
            "responseHashes": [
                "ef61e141883a4c23b6eee45ed035e32d9392cc11c5a79981b8ab1782cdcc0e68",
                "bfae4706a59c64118c93cf422205f82f677470799e9cde0ac452188ecf4781cb",
                "1e1b20cd80104d0257478cfb70eb6f090f7a8276b736ac498098b275cc9c2a85",
                "835e9f49b28b73ebb3675c889a79fa3721bd1af1d679456616311321140cd019",
                "ab2eb02a132223e8beb6ee5bd2e416c6b1093d1f0ee34689987bb2abd96f1441",
                "d2afb7d94b3508e7065f5c0fc06ad7ba0a978c416405283e06577be2a4c102c1",
                "f317ef65317a92f8c8ad13c000d297154e5564e10c42057c6ce5fbc3ed125f26"
            ],
            "type": "Script",
            "firstPartyCookies": {},
            "firstPartyCookiesSent": {},
            "exampleSites": [
                "audioknigi-online.ru",
                "dumskaya.net",
                "football.ua",
                "m.gordonua.com",
                "m.tribunnews.com",
                "www.5692.com.ua",
                "www.ukr.net",
                "xn--80adi8aaufcj8j.xn--j1amh"
            ]
        },
        {
            "rule": "rcvlink\\.com\\/static\\/iframe\\.htm",
            "cookies": 0,
            "fingerprinting": 1,
            "subdomains": [
                "go"
            ],
            "apis": {
                "Date.prototype.getTime": 6,
                "HTMLMediaElement.prototype.canPlayType": 2,
                "window.devicePixelRatio": 1
            },
            "sites": 7,
            "prevalence": 0.0000953,
            "cnames": [],
            "responseHashes": [
                "30b4b5641b2430f0d935fa51e79cd8f19876b80efdab2c3c9cd75077086d4281"
            ],
            "type": "Document",
            "firstPartyCookies": {},
            "firstPartyCookiesSent": {},
            "exampleSites": [
                "audioknigi-online.ru",
                "dumskaya.net",
                "football.ua",
                "m.gordonua.com",
                "m.tribunnews.com",
                "www.5692.com.ua",
                "xn--80adi8aaufcj8j.xn--j1amh"
            ]
        },
        {
            "rule": "rcvlink\\.com\\/2\\/304\\/618bb368d4ca2b981a0e5ecf1a7a581d",
            "cookies": 0,
            "fingerprinting": 0,
            "subdomains": [
                "st11"
            ],
            "apis": {},
            "sites": 2,
            "prevalence": 0.0000272,
            "cnames": [],
            "responseHashes": [
                "67c18963563d26dc21346333ffd72470a0db95e476b1eb241968398bcf8a3a24"
            ],
            "type": "Image",
            "firstPartyCookies": {},
            "firstPartyCookiesSent": {},
            "exampleSites": [
                "audioknigi-online.ru",
                "dumskaya.net"
            ]
        },
        {
            "rule": "rcvlink\\.com\\/img\\/logo160\\.png",
            "cookies": 0,
            "fingerprinting": 0,
            "subdomains": [
                "go"
            ],
            "apis": {},
            "sites": 7,
            "prevalence": 0.0000953,
            "cnames": [],
            "responseHashes": [
                "206ce999f9c9870036285f7da1f5628f05547ed59516f8ebd3925741f232c0cb"
            ],
            "type": "Image",
            "firstPartyCookies": {},
            "firstPartyCookiesSent": {},
            "exampleSites": [
                "audioknigi-online.ru",
                "dumskaya.net",
                "m.gordonua.com",
                "m.tribunnews.com",
                "www.5692.com.ua",
                "www.ukr.net",
                "xn--80adi8aaufcj8j.xn--j1amh"
            ]
        },
        {
            "rule": "rcvlink\\.com\\/2\\/304\\/46b44cbd1c33b657b059d986ca76485f",
            "cookies": 0,
            "fingerprinting": 0,
            "subdomains": [
                "st11"
            ],
            "apis": {},
            "sites": 2,
            "prevalence": 0.0000272,
            "cnames": [],
            "responseHashes": [
                "a981915b0b641e12599ab809e0faf1e8835a176ebb6d51eef38687fafa849232"
            ],
            "type": "Image",
            "firstPartyCookies": {},
            "firstPartyCookiesSent": {},
            "exampleSites": [
                "dumskaya.net",
                "m.gordonua.com"
            ]
        },
        {
            "rule": "rcvlink\\.com\\/2\\/304\\/618ab78c27a7634bfc2536b2d0fede74",
            "cookies": 0,
            "fingerprinting": 0,
            "subdomains": [
                "st11"
            ],
            "apis": {},
            "sites": 2,
            "prevalence": 0.0000272,
            "cnames": [],
            "responseHashes": [
                "d35a3ccaee8fa8ce3f237ca2df44f94b88c49172ae20ad215caa265f35590fe6"
            ],
            "type": "Image",
            "firstPartyCookies": {},
            "firstPartyCookiesSent": {},
            "exampleSites": [
                "gordonua.com",
                "m.gordonua.com"
            ]
        },
        {
            "rule": "rcvlink\\.com\\/bdto\\/GaF8qGYlUd\\/",
            "cookies": 0.0000272,
            "fingerprinting": 0,
            "subdomains": [
                "go"
            ],
            "apis": {},
            "sites": 2,
            "prevalence": 0.0000272,
            "cnames": [],
            "responseHashes": [
                "3054ebdc797fe3ea62a974343b39700d414475915ab8e8e83721c9ac3e8cdfc7"
            ],
            "type": "XHR",
            "firstPartyCookies": {},
            "firstPartyCookiesSent": {},
            "exampleSites": [
                "tribunnews.com",
                "m.tribunnews.com"
            ]
        },
        {
            "rule": "rcvlink\\.com\\/2\\/88\\/c9a71c5a0055a77d12455f5baad8fd44",
            "cookies": 0,
            "fingerprinting": 0,
            "subdomains": [
                "st11"
            ],
            "apis": {},
            "sites": 2,
            "prevalence": 0.0000272,
            "cnames": [],
            "responseHashes": [
                "4173cdd5731bf33b9c325548b98daf52a2d399bb2e252071e1c9c4e40509aca4"
            ],
            "type": "Image",
            "firstPartyCookies": {},
            "firstPartyCookiesSent": {},
            "exampleSites": [
                "tribunnews.com",
                "m.tribunnews.com"
            ]
        },
        {
            "rule": "rcvlink\\.com\\/bdto\\/iudsfWLC23\\/",
            "cookies": 0.0000136,
            "fingerprinting": 0,