{
    "domain": "ref-r.com",
    "owner": {},
    "source": [
        "DuckDuckGo-US"
    ],
    "prevalence": 0.00015,
    "sites": 11,
    "subdomains": [
        "www"
    ],
    "cnames": [],
    "fingerprinting": 0,
    "resources": [
        {
            "rule": "ref-r\\.com\\/campaign\\/t1\\/settings",
            "cookies": 0.00015,
            "fingerprinting": 0,
            "subdomains": [
                "www"
            ],
            "apis": {},
            "sites": 11,
            "prevalence": 0.00015,
            "cnames": [],
            "responseHashes": [
                "d7d497d0744b2fd4155424469b26fb04b904382d919ecb916c8b292d2fc54a4c",
                "5fad311885cef0145836a8dfc8f5db3d7dd8bfd5098653d5766102519bb9b51e",
                "8caaf0ceeea8f957e0fa4646ae558048c7fbb1f68f881a9f67e8b11643837b83",
                "8e0f93096de668204c47427be7076c334e9c78633df4e4dde51726f05a58e308",
                "4ceaaa67f869ba2ec8268a1fe42c9aa2cee33adc39c98e4840b18f04b8b23261",
                "dd32c831b755fffd4fc0e3c34c900a7cc689c654bf6a065f955b8692535f92ec",
                "f1fefb6d80f61188171d59616c553e6719e7289e3e615f590ea945ecb7932fa3",
                "b13beb2a14d4e95ae2e030abe12c8d901102fd4f7f7bf8a73f9f00c31938011c",
                "24da28a702ef259831036f716b691111c39c5f5406f54525a798cb0aeac8555e"
            ],
            "type": "Script",
            "firstPartyCookies": {},
            "firstPartyCookiesSent": {
                "_schn": 0.000013612109332462159
            },
            "exampleSites": [
                "axismf.com",
                "www.boat-lifestyle.com",
                "www.fastrack.in",
                "www.healthkart.com",
                "www.justherbs.in",
                "www.lifestylestores.com",
                "www.m2all.com",
                "www.tataplay.com",
                "www.tataplayrecharge.com",
                "www.titan.co.in",
                "www.zivame.com"
            ]
        }
    ],
    "categories": [],
    "performance": {},
    "cookies": 0.00015,
    "topInitiators": [
        {
            "domain": "invitereferrals.com",
            "prevalence": 0.6666666666666666
        },
        {
            "domain": "d11yp7khhhspcr.cloudfront.net",
            "prevalence": 0.3333333333333333
        }
    ],
    "types": {
        "Script": 11
    },
    "nameservers": [
        "ns-114.awsdns-14.com",
        "ns-863.awsdns-43.net",
        "ns-1217.awsdns-24.org",
        "ns-2016.awsdns-60.co.uk"
    ]
}