{
    "domain": "reichelcormier.bid",
    "owner": {},
    "source": [
        "DuckDuckGo-US"
    ],
    "prevalence": 0.000102,
    "sites": 15,
    "subdomains": [],
    "cnames": [],
    "fingerprinting": 0,
    "resources": [
        {
            "rule": "reichelcormier\\.bid\\/candy\\/",
            "cookies": 0.0000613,
            "fingerprinting": 0,
            "subdomains": [],
            "apis": {},
            "sites": 9,
            "prevalence": 0.0000613,
            "cnames": [],
            "responseHashes": [
                "959c0eb94ef038449d2129f92ce58bf6a121d10357509c5d9a788bb555e22a92",
                "525f22532126157e75a2f97f726a4cdc79951c537e36d3b37b4c49154d2eb071",
                "2574939a5bbe1bd8c9b4d3016e8812ddc14f596ef6efd969c420c931ef79cfb8",
                "3f9c81e601865c5af59f7af8ebc357450b5adc4fac195684d865ebc8711acd11",
                "697dc00dddaeeb278ea3fb4df9cfd9cedccc9e26b3ff51e0422e59f6a542c6d2",
                "b2030bdd63dae1ae7fc9605fab7010ef35555f21ba6524c6c5314b40908c61d9",
                "da47f331f8759caea47fa8e4f42c1b55bc1b38c4b2d495947467d4ac4ecc6257",
                "c28c7edf44796853cd733a0e8ecc2eb53dc9eb0cc48d029ddd25e10e7252e5d7"
            ],
            "type": "XHR",
            "firstPartyCookies": {},
            "firstPartyCookiesSent": {},
            "exampleSites": [
                "asil-media.net",
                "baskino.me",
                "filmix.ac",
                "gidonline.io",
                "hdrezka.tv",
                "rezka.ag",
                "tor.lafa.site",
                "torrentigruha.org",
                "xukru.org"
            ]
        }
    ],
    "categories": [],
    "performance": {},
    "cookies": 0.000102,
    "types": {
        "XHR": 9
    },
    "nameservers": [
        "tori.ns.cloudflare.com",
        "henry.ns.cloudflare.com"
    ]
}