{
    "domain": "relaido.jp",
    "owner": {},
    "source": [
        "DuckDuckGo-US"
    ],
    "prevalence": 0.000163,
    "sites": 12,
    "subdomains": [
        "cdn",
        "api",
        "sync",
        "tracker.v2"
    ],
    "cnames": [],
    "fingerprinting": 1,
    "resources": [
        {
            "rule": "relaido\\.jp\\/rplayer\\/rplayer\\.js",
            "cookies": 0,
            "fingerprinting": 1,
            "subdomains": [
                "cdn"
            ],
            "apis": {
                "window.localStorage": 4,
                "Navigator.prototype.userAgent": 4,
                "Date.prototype.getTime": 4
            },
            "sites": 4,
            "prevalence": 0.0000544,
            "cnames": [],
            "responseHashes": [
                "51fcd7cbfae5b20cfb1c8c67161823a232098017980d995506abbfda68c8b48e"
            ],
            "type": "Script",
            "firstPartyCookies": {},
            "firstPartyCookiesSent": {},
            "exampleSites": [
                "cocokara-next.com",
                "efight.jp",
                "kahoku.news",
                "news.biglobe.ne.jp"
            ]
        },
        {
            "rule": "relaido\\.jp\\/tr\\/v1\\/uuid",
            "cookies": 0.000163,
            "fingerprinting": 0,
            "subdomains": [
                "api"
            ],
            "apis": {},
            "sites": 12,
            "prevalence": 0.000163,
            "cnames": [],
            "responseHashes": [
                "eae1410e4e1d9b49c48a52e8f31251cee479bf7c484a65aec64e34b77aa4a41b",
                "9b8e109232661b79abbc7bda6288ff04baed51c3352ec0c0208b314f179836b9",
                "5b97dd29ed5b5cb44c353d9e6b322780f8fcf1fa24b967e3ffbbc012007d6514",
                "e9aa6a9316a6d012021bee63d365fa208ad1230315cbfd28915a1611ba813607",
                "cb57a1dcddb7e0fe947c619ead2154718ce282b2c36655b9c8fb7898adc15a1d",
                "267ffbb7916993b75c8c9e346492909bf5a375157912479a2ed09ada7e701fe6",
                "3cb5a32e0bee358945b5a1058692f49ad869ae3978510f7b0ce7c166652cede2",
                "7f79085622f47bd6074d1b3a0766393496a9e23f66790518ab2504b9e1d4603a",
                "d21e656f3e84aa9c0481e26695da27905b3c2abe91229914155a33d62befd17a"
            ],
            "type": "XHR",
            "firstPartyCookies": {},
            "firstPartyCookiesSent": {},
            "exampleSites": [
                "cocokara-next.com",
                "efight.jp",
                "erecipe.woman.excite.co.jp",
                "jp.news.gree.net",
                "kahoku.news",
                "mi-mollet.com",
                "natalie.mu",
                "news.biglobe.ne.jp",
                "select.mamastar.jp",
                "tenki.jp",
                "trilltrill.jp",
                "www.goo.ne.jp"
            ]
        },
        {
            "rule": "relaido\\.jp\\/sync\\.js",
            "cookies": 0.000123,
            "fingerprinting": 1,
            "subdomains": [
                "sync"
            ],
            "apis": {
                "Navigator.prototype.product": 9,
                "Navigator.prototype.userAgent": 9,
                "Document.cookie getter": 9,
                "Document.cookie setter": 9
            },
            "sites": 12,
            "prevalence": 0.000163,
            "cnames": [],
            "responseHashes": [
                "3bbf90cc0bb83c5d8407e588a3fc8fb2fe93fe23715d1977da92771bc23cb02b"
            ],
            "type": "Script",
            "firstPartyCookies": {
                "_rld_u": {
                    "ttl": 31104000,
                    "length": 36,
                    "prevalence": 0.00012250898399215941,
                    "uniqueness": 1
                }
            },
            "firstPartyCookiesSent": {
                "_rld_u": 0.00012250898399215941
            },
            "exampleSites": [
                "cocokara-next.com",
                "efight.jp",
                "erecipe.woman.excite.co.jp",
                "jp.news.gree.net",
                "kahoku.news",
                "mi-mollet.com",
                "natalie.mu",
                "news.biglobe.ne.jp",
                "select.mamastar.jp",
                "tenki.jp",
                "trilltrill.jp",
                "www.goo.ne.jp"
            ]
        },
        {
            "rule": "relaido\\.jp\\/dmpsynclog\\/log\\.gif",
            "cookies": 0,
            "fingerprinting": 0,
            "subdomains": [
                "tracker.v2"
            ],
            "apis": {},
            "sites": 8,
            "prevalence": 0.000109,
            "cnames": [],
            "responseHashes": [
                "f4eef8263281c0b26486637831251059757bc3fdc4c3a48045a8ef8646b36e8f"
            ],
            "type": "Image",
            "firstPartyCookies": {},
            "firstPartyCookiesSent": {
                "_rld_u": 0.00010889687465969727
            },
            "exampleSites": [
                "cocokara-next.com",
                "efight.jp",
                "erecipe.woman.excite.co.jp",
                "jp.news.gree.net",
                "kahoku.news",
                "mi-mollet.com",
                "news.biglobe.ne.jp",
                "select.mamastar.jp"
            ]
        },
        {
            "rule": "relaido\\.jp\\/tr\\/v1\\/sync\\/bsw",
            "cookies": 0,
            "fingerprinting": 0,
            "subdomains": [
                "api"
            ],
            "apis": {},
            "sites": 7,
            "prevalence": 0.0000953,
            "cnames": [],
            "responseHashes": [
                "037fb5be0aea8b468e12440bbc2a50f107f18290e06619f6c3683739623c3719"
            ],
            "type": "Image",
            "firstPartyCookies": {},
            "firstPartyCookiesSent": {},
            "exampleSites": [
                "cocokara-next.com",
                "efight.jp",
                "jp.news.gree.net",
                "kahoku.news",
                "mi-mollet.com",
                "news.biglobe.ne.jp",
                "select.mamastar.jp"
            ]
        },
        {
            "rule": "relaido\\.jp\\/syncuuidlog\\/log\\.gif",
            "cookies": 0,
            "fingerprinting": 0,
            "subdomains": [
                "tracker.v2"
            ],
            "apis": {},
            "sites": 6,
            "prevalence": 0.0000817,
            "cnames": [],
            "responseHashes": [
                "037fb5be0aea8b468e12440bbc2a50f107f18290e06619f6c3683739623c3719"
            ],
            "type": "Image",
            "firstPartyCookies": {},
            "firstPartyCookiesSent": {
                "_rld_u": 0.000054448437329848636
            },
            "exampleSites": [
                "cocokara-next.com",
                "efight.jp",
                "kahoku.news",
                "mi-mollet.com",
                "news.biglobe.ne.jp",
                "select.mamastar.jp"
            ]
        },
        {
            "rule": "relaido\\.jp\\/bid\\/v1\\/sprebid",
            "cookies": 0,
            "fingerprinting": 0,
            "subdomains": [
                "api"
            ],
            "apis": {},
            "sites": 6,
            "prevalence": 0.0000817,
            "cnames": [],
            "responseHashes": [
                "2a24cafb3edee332ee92b540466b524f1caebfbf2f1a922c9296b86939fab924",
                "7aa2e00c57fedbcff53a2486898ea3eff737ab80e2b4ec94480ec7b9df9512bc",
                "6aaee5c26b0fea6ab539e38e3c01ac721d14cee89f353bc0f8c5d85474ff834a",
                "d2b936e35275a0af62067318cc6e7eb790afbec3dd6a519ce63fae23d36704c9",
                "ce994a52baf22800fed38daed08712ab242f5fca5d02953d959a4f42335656ed"
            ],
            "type": "XHR",
            "firstPartyCookies": {},
            "firstPartyCookiesSent": {},