{
    "domain": "retagro.com",
    "owner": {},
    "source": [
        "DuckDuckGo-US"
    ],
    "prevalence": 0.000214,
    "sites": 30,
    "subdomains": [],
    "cnames": [],
    "fingerprinting": 1,
    "resources": [
        {
            "rule": "retagro\\.com\\/init",
            "cookies": 0.0000357,
            "fingerprinting": 1,
            "subdomains": [],
            "apis": {
                "Document.cookie getter": 16,
                "Date.prototype.getTime": 5,
                "Document.cookie setter": 5
            },
            "sites": 17,
            "prevalence": 0.000122,
            "cnames": [],
            "responseHashes": [
                "f93275e71a64ef95f7812f27fe66bd940f3f918fe2c9ac851ff406a8d0f4f49d",
                "36a1191e61cd5bc4bf8a7e0e788a9f4339a2e16a397ab30ef09661ec8015c86c",
                "9a8a4c877311de09ec49425aee6e4c3eeaa64c9c4fb0b2fc9911d1d86c6e92b3",
                "6eea3a6a622f7904ea25aa44cf7978b4daacb463dd0e4a16bee8a4e188f27153",
                "c5a8611b6e04e28586e7504696b3a0796ca6eb28b9901ae1eb4a8dd9335643c7",
                "7bdd33d9645818b8ad4d4d9df7dd3b1239af526753b2e4c577bc4be08b09d52c",
                "f6bfc08e8d155a59556310f283e6c63653bdd9d2aeff179a9c11d261afa5fd79",
                "1028fa6215e3daf8b1acaf43e9dfd6332a47aa94380824d4ec3f294e0a3972ee",
                "e3b0c44298fc1c149afbf4c8996fb92427ae41e4649b934ca495991b7852b855",
                "cee3fe00af3dc3f2a650cb36438caa5f99b9d740393643bcb82a835cf3214869",
                "45aae05ba2b0dc7e1971e398114faf6d7f05b382b7cc0d573f6d2209f0747818",
                "28f67fe24df1c09c750902d8ee8e775ce242094922c7c251e2c019707d159a44",
                "d8539b8cb7b1378aa78fe43ecf971036f31d4b48aae9bdceae4809600fc40363",
                "46c4f2253f90a129dd99341252610c9b710d775ca0af60d70914d87bef2a3755",
                "dfce3282e366962888af987a96d869b2a152f73586d270397c08f1716acbe147",
                "8d27cb1d493e743612d99dd0d248f0d95357a4fcfb294cbe68ade529027d39ce"
            ],
            "type": "Script",
            "firstPartyCookies": {
                "analytic_id": {
                    "ttl": 466560009,
                    "length": 16,
                    "prevalence": 0.00003574952453132374,
                    "uniqueness": 1
                }
            },
            "firstPartyCookiesSent": {},
            "exampleSites": [
                "bxblue.com.br",
                "goldapple.ru",
                "philco.com.br",
                "skillbox.ru",
                "www.220-volt.ru",
                "www.anhanguera.com",
                "www.araujo.com.br",
                "www.drogariasaopaulo.com.br",
                "www.drogariaspacheco.com.br",
                "www.drogaraia.com.br",
                "www.localiza.com",
                "www.nuuvem.com",
                "www.rentcars.com",
                "www.semparar.com.br",
                "www.svyaznoy.ru",
                "www.unopar.com.br",
                "www.vivara.com.br"
            ]
        },
        {
            "rule": "retagro\\.com\\/analytics",
            "cookies": 0.000114,
            "fingerprinting": 0,
            "subdomains": [],
            "apis": {},
            "sites": 16,
            "prevalence": 0.000114,
            "cnames": [],
            "responseHashes": [
                "e3b0c44298fc1c149afbf4c8996fb92427ae41e4649b934ca495991b7852b855"
            ],
            "type": "Script",
            "firstPartyCookies": {},
            "firstPartyCookiesSent": {
                "analytic_id": 0.00011439847850023595
            },
            "exampleSites": [
                "bxblue.com.br",
                "goldapple.ru",
                "philco.com.br",
                "skillbox.ru",
                "www.220-volt.ru",
                "www.anhanguera.com",
                "www.araujo.com.br",
                "www.drogariasaopaulo.com.br",
                "www.drogariaspacheco.com.br",
                "www.localiza.com",
                "www.nuuvem.com",
                "www.rentcars.com",
                "www.semparar.com.br",
                "www.svyaznoy.ru",
                "www.unopar.com.br",
                "www.vivara.com.br"
            ]
        }
    ],
    "categories": [],
    "performance": {},
    "cookies": 0.000207,
    "types": {
        "Script": 33
    },
    "nameservers": [
        "ns1.firstvds.ru",
        "ns2.firstvds.ru"
    ]
}