{
    "domain": "retagro.com",
    "owner": {},
    "source": [
        "DuckDuckGo-US"
    ],
    "prevalence": 0.000104,
    "sites": 15,
    "subdomains": [],
    "cnames": [],
    "fingerprinting": 1,
    "resources": [
        {
            "rule": "retagro\\.com\\/init",
            "cookies": 0.0000415,
            "fingerprinting": 1,
            "subdomains": [],
            "apis": {
                "Document.cookie getter": 8,
                "Date.prototype.getTime": 6,
                "Document.cookie setter": 6
            },
            "sites": 9,
            "prevalence": 0.0000623,
            "cnames": [],
            "responseHashes": [
                "af74043d0610a6ad2cedab943ecbb882be1a10f5d7af836fbe602f5ee2ceb77e",
                "9a8a4c877311de09ec49425aee6e4c3eeaa64c9c4fb0b2fc9911d1d86c6e92b3",
                "f6bfc08e8d155a59556310f283e6c63653bdd9d2aeff179a9c11d261afa5fd79",
                "e3b0c44298fc1c149afbf4c8996fb92427ae41e4649b934ca495991b7852b855",
                "72867255329250223bb1d933ca3f6d524ba717818e8f3f9ca10d5f169d1c0bd9",
                "5b09177416d4eea259037c8598798d5a748d0594d46802c3fec1953c4665251b",
                "483fafcd763c11b6f953443005a9096066753c9099b438a6a0b5cb6fcbdb8a6d",
                "4e7e3bb498d9eb9ede474d469a9044927e4aea197567491d2f9dada0d402ae39"
            ],
            "type": "Script",
            "firstPartyCookies": {
                "analytic_id": {
                    "ttl": 466560011,
                    "length": 16,
                    "prevalence": 0.00004150755437489623,
                    "uniqueness": 1
                }
            },
            "firstPartyCookiesSent": {},
            "exampleSites": [
                "4f.com.pl",
                "botland.com.pl",
                "skillbox.ru",
                "www.drogariasaopaulo.com.br",
                "www.drogaraia.com.br",
                "www.drogasil.com.br",
                "www.iparts.pl",
                "www.localiza.com",
                "www.morele.net"
            ]
        },
        {
            "rule": "retagro\\.com\\/analytics",
            "cookies": 0.0000553,
            "fingerprinting": 0,
            "subdomains": [],
            "apis": {},
            "sites": 8,
            "prevalence": 0.0000553,
            "cnames": [],
            "responseHashes": [
                "e3b0c44298fc1c149afbf4c8996fb92427ae41e4649b934ca495991b7852b855"
            ],
            "type": "Script",
            "firstPartyCookies": {},
            "firstPartyCookiesSent": {
                "_hjTLDTest": 0.000020753777187448115,
                "analytic_id": 0.00005534340583319497,
                "origem": 0.000013835851458298743
            },
            "exampleSites": [
                "4f.com.pl",
                "botland.com.pl",
                "skillbox.ru",
                "www.drogariasaopaulo.com.br",
                "www.drogasil.com.br",
                "www.iparts.pl",
                "www.localiza.com",
                "www.morele.net"
            ]
        }
    ],
    "categories": [],
    "performance": {},
    "cookies": 0.0000899,
    "types": {
        "Script": 17
    },
    "nameservers": [
        "ns2.firstvds.ru",
        "ns1.firstvds.ru"
    ]
}