{
    "domain": "riverhit.com",
    "owner": {},
    "source": [
        "DuckDuckGo-US"
    ],
    "prevalence": 0.000374,
    "sites": 54,
    "subdomains": [
        "cdn",
        "t"
    ],
    "cnames": [],
    "fingerprinting": 2,
    "resources": [
        {
            "rule": "riverhit\\.com\\/sdk\\/push_web\\/",
            "cookies": 0.000152,
            "fingerprinting": 2,
            "subdomains": [
                "cdn"
            ],
            "apis": {
                "Navigator.prototype.userAgent": 22,
                "Intl.DateTimeFormat.prototype.resolvedOptions": 22,
                "Date.prototype.getTimezoneOffset": 22,
                "Document.cookie getter": 22,
                "Date.prototype.getTime": 22,
                "Document.cookie setter": 22,
                "window.devicePixelRatio": 21,
                "Navigator.prototype.appName": 22
            },
            "sites": 22,
            "prevalence": 0.000152,
            "cnames": [],
            "responseHashes": [
                "2f054d190a610f280914f6e27a9c8978fa920f503cdda9a207697ca5b0b35f73",
                "2aa53a9b0a2c2d685d984764d3a8a22c6ec1346a36f513a670c4178ab65d20be",
                "1001c453c33db5b8b09e9e7dcbcbaed37ced41c5270c15c9f972f727fd7ecf97",
                "2f9dc098c2995dd7aa3ec05f2d9238f3bb38fb57f09f9aef9d418dc35cc4651b",
                "63770476dada60b6a148b8cecc6e2ce59dc5fdf9b7021fdd8db7da04f4ae4e03",
                "12e4c75e3fe6026ea9c5be49a9a54f75d8f20b3e2d700c748067a96589beb7a8",
                "6f9d2a957d82865bc74e971c4ab7610dcdabd16c0a3ee593a7a30fba7442338c",
                "9994bfce36f26d77d57f45c54d178c3bb5b8a430a2246a26040d57e0e20835f8",
                "ff91e7c015ded37dd5f01f4461a86493e97a044973e5dda6c81263ea28e68614",
                "dccff5a25d0265a79748e1433c07b18b726d0cf528f5933f910dff4a83b1fda8",
                "9e20aba518b86063ee05c46d41fc7029ba5195c0e34122088bf5b3efd7fcea40"
            ],
            "type": "Script",
            "firstPartyCookies": {
                "rvt_inlpush_cnt_5445": {
                    "ttl": 86402,
                    "length": 1,
                    "prevalence": 0.0000484254801040456,
                    "uniqueness": 0.14285714285714285
                },
                "rvt_inlpush_max_5445": {
                    "ttl": 86401,
                    "length": 3,
                    "prevalence": 0.0000484254801040456,
                    "uniqueness": 0.14285714285714285
                },
                "rvt_inlpush_shown_5445": {
                    "ttl": 86404,
                    "length": 1,
                    "prevalence": 0.0000484254801040456,
                    "uniqueness": 0.14285714285714285
                },
                "rvt_inlpush_cnt_5447": {
                    "ttl": 86405,
                    "length": 1,
                    "prevalence": 0.000013835851458298743,
                    "uniqueness": 0.5
                },
                "rvt_inlpush_max_5447": {
                    "ttl": 86404,
                    "length": 3,
                    "prevalence": 0.000013835851458298743,
                    "uniqueness": 0.5
                },
                "rvt_inlpush_shown_5447": {
                    "ttl": 86406,
                    "length": 1,
                    "prevalence": 0.000013835851458298743,
                    "uniqueness": 0.5
                },
                "rvt_inlpush_cnt_4715": {
                    "ttl": 86402,
                    "length": 1,
                    "prevalence": 0.00004150755437489623,
                    "uniqueness": 0.16666666666666666
                },
                "rvt_inlpush_shown_4715": {
                    "ttl": 86402,
                    "length": 1,
                    "prevalence": 0.00004150755437489623,
                    "uniqueness": 0.16666666666666666
                },
                "rvt_inlpush_cnt_5449": {
                    "ttl": 86401,
                    "length": 1,
                    "prevalence": 0.000006917925729149372,
                    "uniqueness": 1
                },
                "rvt_inlpush_max_5449": {
                    "ttl": 86400,
                    "length": 3,
                    "prevalence": 0.000006917925729149372,
                    "uniqueness": 1
                },
                "rvt_inlpush_shown_5449": {
                    "ttl": 86402,
                    "length": 1,
                    "prevalence": 0.000006917925729149372,
                    "uniqueness": 1
                },
                "rvt_inlpush_cnt_5450": {
                    "ttl": 86402,
                    "length": 1,
                    "prevalence": 0.000006917925729149372,
                    "uniqueness": 1
                },
                "rvt_inlpush_max_5450": {
                    "ttl": 86401,
                    "length": 3,
                    "prevalence": 0.000006917925729149372,
                    "uniqueness": 1
                },
                "rvt_inlpush_shown_5450": {
                    "ttl": 86403,
                    "length": 1,
                    "prevalence": 0.000006917925729149372,
                    "uniqueness": 1
                },
                "rvt_inlpush_max_4715": {
                    "ttl": 86400,
                    "length": 2,
                    "prevalence": 0.00003458962864574686,
                    "uniqueness": 0.2
                },
                "rvt_inlpush_cnt_4784": {
                    "ttl": 86401,
                    "length": 1,
                    "prevalence": 0.000020753777187448115,
                    "uniqueness": 0.6666666666666666
                },
                "rvt_inlpush_max_4784": {
                    "ttl": 86400,
                    "length": 3,
                    "prevalence": 0.000020753777187448115,
                    "uniqueness": 0.3333333333333333
                },
                "rvt_inlpush_shown_4784": {
                    "ttl": 86402,
                    "length": 1,
                    "prevalence": 0.000013835851458298743,
                    "uniqueness": 0.5
                },
                "rvt_inlpush_cnt_4156": {
                    "ttl": 86402,
                    "length": 1,
                    "prevalence": 0.000006917925729149372,
                    "uniqueness": 1
                },
                "rvt_inlpush_max_4156": {
                    "ttl": 86401,
                    "length": 7,
                    "prevalence": 0.000006917925729149372,
                    "uniqueness": 1
                },
                "rvt_inlpush_shown_4156": {
                    "ttl": 86402,
                    "length": 1,
                    "prevalence": 0.000006917925729149372,
                    "uniqueness": 1
                }
            },
            "firstPartyCookiesSent": {},
            "exampleSites": [
                "bestialitysextaboo.net",
                "grandmomporn.com",
                "www.myzoowife.com",
                "xnxxsexclips.com",
                "sexfilmstube.com",
                "adultvideotop.com",
                "milfsporns.com",
                "pornvideotop.com",
                "sexcliphub.com",
                "xxxx.pet",
                "www.bestialitysextaboo.net",
                "momxsex.com",
                "asiasexvids.com",
                "www.zoofilialovers.com",
                "www.bestialzoo.org",
                "www.zootubenet.com",
                "www.zoofiliavids.com",
                "sexmom.me",
                "www.bestialitytaboo.tv",
                "xnxxcomvideos.com"
            ]
        },
        {
            "rule": "riverhit\\.com\\/vast\\/",
            "cookies": 0.0000692,
            "fingerprinting": 0,
            "subdomains": [
                "t"
            ],
            "apis": {},
            "sites": 10,
            "prevalence": 0.0000692,
            "cnames": [],