{
    "domain": "rktch.com",
    "owner": {},
    "source": [
        "DuckDuckGo-US"
    ],
    "prevalence": 0.00038,
    "sites": 55,
    "subdomains": [
        "ut",
        "vtg1",
        "co9",
        "tg"
    ],
    "cnames": [],
    "fingerprinting": 1,
    "resources": [
        {
            "rule": "rktch\\.com\\/matchspm",
            "cookies": 0.000145,
            "fingerprinting": 0,
            "subdomains": [
                "ut"
            ],
            "apis": {},
            "sites": 24,
            "prevalence": 0.000166,
            "cnames": [],
            "responseHashes": [
                "e3b0c44298fc1c149afbf4c8996fb92427ae41e4649b934ca495991b7852b855"
            ],
            "type": "Image",
            "firstPartyCookies": {},
            "firstPartyCookiesSent": {},
            "exampleSites": [
                "www.liveinternet.ru",
                "www.9111.ru",
                "www.mmnt.net",
                "www.gastronom.ru",
                "az.lib.ru",
                "amedia.online",
                "hotplayer.ru",
                "7days.ru",
                "www.world-art.ru",
                "nulled.org",
                "football.kulichki.net",
                "ctc.ru",
                "studwood.ru",
                "tor.lafa.site",
                "www.chitalnya.ru",
                "massolit.site",
                "ichip.ru",
                "www.tutu.ru",
                "pornotales.ru",
                "www.ivd.ru"
            ]
        },
        {
            "rule": "rktch\\.com\\/v0",
            "cookies": 0.0000761,
            "fingerprinting": 0,
            "subdomains": [
                "vtg1"
            ],
            "apis": {},
            "sites": 11,
            "prevalence": 0.0000761,
            "cnames": [],
            "responseHashes": [
                "bd13f79f57d2df6f9dab080e0f495b12d9708c95b00ba448c0a4cfeeb987cc8c",
                "1fcec2ecad131fab6d7e7a3bd563b3b139f60e95f6724908d43fa76121a18df3",
                "663a38ef53ddd8b44797ad911feecd41046aceff0c5cd01457efa89c5c19e6c0",
                "652d956e763d8de8e6971a69b873c1f6f1211c6956dbd98ba52f1a43424f7338",
                "f52d038c13fbcc62077d23117e37b3954784ec33bccca5e5b6f2ec2d8c296971",
                "0b1038bf0755d192b1a81eb3a5ba30f821b86e4a52e77732750df3c36282b4bf",
                "868d18e12c932ec95266df5ddc6ef948323b6e0abde71ed99e0fa813aa4cc5a5",
                "40cb9af060938257f9cad6fa09536400e7924ee67a111e7f446b4015cdedf464",
                "b5a5ce9e8b08e05b9d31b09bfe290e8164ef0dfc4591a0eb172686a0a1bcbff8"
            ],
            "type": "XHR",
            "firstPartyCookies": {},
            "firstPartyCookiesSent": {},
            "exampleSites": [
                "echo.msk.ru",
                "obrazovaka.ru",
                "studbooks.net",
                "studme.org",
                "studref.com",
                "studwood.ru",
                "telemetr.me",
                "vuzlit.ru",
                "www.edimdoma.ru",
                "www.telemetr.me",
                "www.zr.ru"
            ]
        },
        {
            "rule": "rktch\\.com\\/rt",
            "cookies": 0.0000208,
            "fingerprinting": 0,
            "subdomains": [
                "ut"
            ],
            "apis": {},
            "sites": 4,
            "prevalence": 0.0000277,
            "cnames": [],
            "responseHashes": [
                "e3b0c44298fc1c149afbf4c8996fb92427ae41e4649b934ca495991b7852b855"
            ],
            "type": "Image",
            "firstPartyCookies": {},
            "firstPartyCookiesSent": {},
            "exampleSites": [
                "hh.ru",
                "stolichki.ru",
                "visa.vfsglobal.com",
                "www.vfsglobal.com"
            ]
        },
        {
            "rule": "rktch\\.com\\/static\\/rb\\.js",
            "cookies": 0,
            "fingerprinting": 1,
            "subdomains": [
                "co9"
            ],
            "apis": {
                "Screen.prototype.width": 1,
                "Screen.prototype.height": 1
            },
            "sites": 2,
            "prevalence": 0.0000138,
            "cnames": [],
            "responseHashes": [],
            "type": "Script",
            "firstPartyCookies": {},
            "firstPartyCookiesSent": {},
            "exampleSites": [
                "s00th.com",
                "ucrazy.ru"
            ]
        },
        {
            "rule": "rktch\\.com\\/v0",
            "cookies": 0.00000692,
            "fingerprinting": 0,
            "subdomains": [
                "tg"
            ],
            "apis": {},
            "sites": 2,
            "prevalence": 0.0000138,
            "cnames": [],
            "responseHashes": [],
            "type": "Document",
            "firstPartyCookies": {},
            "firstPartyCookiesSent": {},
            "exampleSites": [
                "s00th.com",
                "ucrazy.ru"
            ]
        }
    ],
    "categories": [],
    "performance": {},
    "cookies": 0.000353,
    "types": {
        "Image": 28,
        "XHR": 11,
        "Script": 2,
        "Document": 2
    },
    "nameservers": [
        "ns1.reg.ru",
        "ns2.reg.ru"
    ]
}