{
    "domain": "rndnm.name",
    "owner": {},
    "source": [
        "DuckDuckGo-US"
    ],
    "prevalence": 0.000143,
    "sites": 21,
    "subdomains": [
        "445"
    ],
    "cnames": [],
    "fingerprinting": 1,
    "resources": [
        {
            "rule": "rndnm\\.name\\/v2\\/a\\/vsl\\/js\\/25882",
            "cookies": 0,
            "fingerprinting": 1,
            "subdomains": [
                "445"
            ],
            "apis": {
                "window.localStorage": 10
            },
            "sites": 10,
            "prevalence": 0.0000681,
            "cnames": [],
            "responseHashes": [
                "3c9c25566e0c9fa619291c606e2af0be6c0d49c1d5e7df84f72364e2ccbe0db0",
                "ab51c61ebba6ce8cb756e75bde99aaa5ff0a556193cee500762b049c9755bf67",
                "b2dda47fe6adda49f33ddda191238e53b5415981ad8a9aec30e0c7601356115b",
                "47b239ed479b8cdc7ba3098e40e9789301db2e7b6f3117151689740490a7e51c",
                "87f587307c20f90066196cccf489063456cd2af1c07a513d6065c21ee8da32b6",
                "8493f996a8e2999d8a41301975a0e009eec25987e5db332c4f3c5a7c9f5fc173",
                "55a9407ae6473ce2fd01ceadf10407d248dd6e47c22a0b691ee50f1b8996a27d",
                "8a093f3b81802ab36985893b46abedaf48d2d24e39484f78d09700ef21d1b4f2",
                "842c1538eba2f44b12d5ac4fd5e3620137427c5afced1907792a13fdeb7ad8e6"
            ],
            "type": "Script",
            "firstPartyCookies": {},
            "firstPartyCookiesSent": {},
            "exampleSites": [
                "familyorgy.net",
                "familyseductions.org",
                "gaymensexvideos.net",
                "incestfamilysex.com",
                "incesthomevideo.com",
                "pornrape.org",
                "rapesexvideos.net",
                "rapevideo.mobi",
                "roughsextube.net",
                "www.pornrape.org"
            ]
        },
        {
            "rule": "rndnm\\.name\\/v2\\/a\\/push\\/js\\/38074",
            "cookies": 0,
            "fingerprinting": 1,
            "subdomains": [
                "445"
            ],
            "apis": {
                "window.localStorage": 10,
                "window.sessionStorage": 10,
                "Screen.prototype.width": 10
            },
            "sites": 10,
            "prevalence": 0.0000681,
            "cnames": [],
            "responseHashes": [
                "a7dea740407aa5dc9a90375a1ae061dbd181a0a76fd3e7d3999ffe717f44ccfd"
            ],
            "type": "Script",
            "firstPartyCookies": {},
            "firstPartyCookiesSent": {},
            "exampleSites": [
                "familyorgy.net",
                "familyseductions.org",
                "hotindianporn.pro",
                "incestfamilysex.com",
                "incesthomevideo.com",
                "pornrape.org",
                "rapesexvideos.net",
                "rapevideo.mobi",
                "roughsextube.net",
                "www.pornrape.org"
            ]
        },
        {
            "rule": "rndnm\\.name\\/v2\\/a\\/ban\\/iframe\\/25883",
            "cookies": 0,
            "fingerprinting": 0,
            "subdomains": [
                "445"
            ],
            "apis": {},
            "sites": 9,
            "prevalence": 0.0000613,
            "cnames": [],
            "responseHashes": [],
            "type": "Document",
            "firstPartyCookies": {},
            "firstPartyCookiesSent": {},
            "exampleSites": [
                "familyorgy.net",
                "familyseductions.org",
                "incestfamilysex.com",
                "incesthomevideo.com",
                "pornrape.org",
                "rapesexvideos.net",
                "rapevideo.mobi",
                "roughsextube.net",
                "www.pornrape.org"
            ]
        },
        {
            "rule": "rndnm\\.name\\/v1\\/push\\/offer\\/38074",
            "cookies": 0,
            "fingerprinting": 0,
            "subdomains": [
                "445"
            ],
            "apis": {},
            "sites": 10,
            "prevalence": 0.0000681,
            "cnames": [],
            "responseHashes": [
                "e3b0c44298fc1c149afbf4c8996fb92427ae41e4649b934ca495991b7852b855"
            ],
            "type": "Image",
            "firstPartyCookies": {},
            "firstPartyCookiesSent": {},
            "exampleSites": [
                "familyorgy.net",
                "familyseductions.org",
                "hotindianporn.pro",
                "incestfamilysex.com",
                "incesthomevideo.com",
                "pornrape.org",
                "rapesexvideos.net",
                "rapevideo.mobi",
                "roughsextube.net",
                "www.pornrape.org"
            ]
        }
    ],
    "categories": [],
    "performance": {},
    "cookies": 0,
    "types": {
        "Script": 20,
        "Document": 9,
        "Image": 10
    },
    "nameservers": [
        "ns-1149.awsdns-15.org",
        "ns-205.awsdns-25.com",
        "ns-1909.awsdns-46.co.uk",
        "ns-600.awsdns-11.net"
    ]
}