{
    "domain": "rokitokijoki.com",
    "owner": {},
    "source": [
        "DuckDuckGo-US"
    ],
    "prevalence": 0.000572,
    "sites": 84,
    "subdomains": [],
    "cnames": [],
    "fingerprinting": 0,
    "resources": [
        {
            "rule": "rokitokijoki\\.com\\/utx",
            "cookies": 0.000334,
            "fingerprinting": 0,
            "subdomains": [],
            "apis": {},
            "sites": 49,
            "prevalence": 0.000334,
            "cnames": [],
            "responseHashes": [
                "e3b0c44298fc1c149afbf4c8996fb92427ae41e4649b934ca495991b7852b855"
            ],
            "type": "XHR",
            "firstPartyCookies": {},
            "firstPartyCookiesSent": {
                "lotame_domain_check": 0.00002041913681502304
            },
            "exampleSites": [
                "donpornogratis.com",
                "rapenow.com",
                "yify.wiki",
                "www.pornotorrent.eu",
                "www.tubefry.net",
                "x.tubeab.com",
                "urpussy.com",
                "www.thisav.com",
                "hentaipussypics.com",
                "123moviesa.com",
                "www.sexy-parade.com",
                "amateurpornhub.xyz",
                "ww2.mangakakalot.tv",
                "mangadex.tv",
                "hentaitk.net",
                "filmisongs.net",
                "123moviesd.com",
                "o2tvseries.com",
                "pornbitte.com",
                "www.brasilincesto.com"
            ]
        },
        {
            "rule": "rokitokijoki\\.com\\/floater",
            "cookies": 0.000163,
            "fingerprinting": 0,
            "subdomains": [],
            "apis": {},
            "sites": 24,
            "prevalence": 0.000163,
            "cnames": [],
            "responseHashes": [
                "5b20daede635e40402c19a7eeb0232cb812d8fe1498fa48b785e672824a00830",
                "7c61c6462b21720901cd3f2cb75337395374c5070db1cb6cf374e830ed1e5798",
                "5e3bca312840edddbfe15c2f249094e46d24a4dc99e53155cb075ca70b75a8bf",
                "89ac63bddad6cb01371bf5afbd290c87a8c1f3c07c036a6e762bccfe8a178ee7",
                "755ac8da99bb7afa70c406fd794e9c033068ba57c1d1feb8b4381dfb310688d5",
                "f45c8b472c3f7759904d7d6767c0a20b34f90534d2fc176c165cc3c0ac3ecdc9",
                "2cbdfc91a0191dbf2463cf6bac4099372cf1d869b9a918fde120a60df9b1567c",
                "761cca1f0ead22fd90d789937bfe5281b2101eb81140e6c156ebb570c24697e4",
                "b457469518183c3b981eeb979724b01dd43318c56607b82161b7d14b0467d834",
                "3fcd9aab9b1c4ec75b803a6c1c5db28e1fabcd681ad870c947ce0bd3aa842af1",
                "9de02bcb831e3308509a31869096cca2902dbd275ed6ba50aa0be705f5dba491",
                "2bdcdda0390a697d3c5c8465ae3527e12e5f32a9f8513b709ada8f9522c3f2d3",
                "157b3e5bf8ea2a8873036a7e9fe2d5a83c7443c91db550b0718b006959970216",
                "e679f067f8f8109292be13c32a99c85a2727a96ef928a00d850ee730a8f60d43",
                "fec7bcd6bd621fcbd35deecd8e375fb1e2d825dcfe25140d32a8d8087e0b5908",
                "d4bcd45330dc30f41eea2fba51685f593026369db5a368b338f41ff451901dc3",
                "72c303bd6a2c78868c0feebf162b4760b773fb18211c3bd01f9af190623f9636",
                "847a6c4c97340b743130c8e9ff2e98b12ca68c1d9c7d8f6e27501f2447a45528",
                "5196039ed542b14d404a5f614a4bce37d21834fe840603a92b0cc998faa94044",
                "4819c54bc9d9a834aa816e42b74f099cc76b95fb333822bd06972e8a6b740abf",
                "012f1209709e17dfe46874d4eb5cd81aa439d6964950b74888afb381c853f688",
                "99617bf1517454727fd28c035038cb701bd251e08766479c7d509e3715d34648",
                "a4d5afa3c95f7cc01139125e78db0634ca51969efa75e8b81b6ed42da7bb44cd"
            ],
            "type": "XHR",
            "firstPartyCookies": {},
            "firstPartyCookiesSent": {
                "_ym_d": 0.000006806378938341013
            },
            "exampleSites": [
                "www.incestuosas.com",
                "www.corychaseporn.com",
                "amateurpornhub.xyz",
                "overwatch.porn",
                "rapenow.com",
                "ww1.chinababe.net",
                "www16.zippyshare.com",
                "www.todaypk.cfd",
                "hentaipussypics.com",
                "www3.zippyshare.com",
                "free-xxx-free.com",
                "torrentgalaxy.mx",
                "homemade.porn",
                "ytsag.net",
                "www.tubefry.net",
                "yify.wiki",
                "ww2.mangakakalot.tv",
                "www118.zippyshare.com",
                "www.amateuretsexe.com",
                "torrentgalaxy.su"
            ]
        },
        {
            "rule": "rokitokijoki\\.com\\/multi",
            "cookies": 0.0000408,
            "fingerprinting": 0,
            "subdomains": [],
            "apis": {},
            "sites": 6,
            "prevalence": 0.0000408,
            "cnames": [],
            "responseHashes": [
                "d58653cd08977e5eb0415fc68adba9d49adb3662b87b488b07f0db128961db27",
                "3c12fd18b104fc48abf5e37f531b4a89b1d791d2dda7fb10f08b0dc666716643",
                "3ce5ba3b816015b95c8a856f22e6a3c73da194b44b1757b5a4eb250fccf9738e",
                "d4fc34436deb420e18b42c0c5a054b64e7cb6a21e17681b391bf51aa51268bba",
                "825113b4c32d3f9d7f0026841fd6f85a4b5c52522e5c05d6d0eed5446eaf1ae3"
            ],
            "type": "XHR",
            "firstPartyCookies": {},
            "firstPartyCookiesSent": {},
            "exampleSites": [
                "mangakakalot.tv",
                "ww2.mangakakalot.tv",
                "www.incestuosas.com",
                "www118.zippyshare.com",
                "www16.zippyshare.com",
                "www3.zippyshare.com"
            ]
        }
    ],
    "categories": [],
    "performance": {},
    "cookies": 0.000572,
    "types": {
        "XHR": 79
    },
    "nameservers": [
        "demi.ns.cloudflare.com",
        "aiden.ns.cloudflare.com"
    ]
}