{
    "domain": "rss2json.com",
    "owner": {},
    "source": [
        "DuckDuckGo-US"
    ],
    "prevalence": 0.000143,
    "sites": 21,
    "subdomains": [
        "api"
    ],
    "cnames": [],
    "fingerprinting": 0,
    "resources": [
        {
            "rule": "rss2json\\.com\\/v1\\/api\\.json",
            "cookies": 0,
            "fingerprinting": 0,
            "subdomains": [
                "api"
            ],
            "apis": {},
            "sites": 13,
            "prevalence": 0.0000885,
            "cnames": [],
            "responseHashes": [
                "dfc24f4c121aa9918e794cc768d56670d325c54d0dc2a2a2dc117dba4c1e66be",
                "eefe4e5065fe7045e4ab854212d552da8fa36bb6c6a431f1026be4b4b3563844",
                "eff89097712ef9bfcd1c06621e4ed6d7fa6e73c0183a142116f46749bfaec818",
                "3e7604f79f5ddaa6704d5a2af38a586e274a088b3ceb73c03faf84e5fc651b99",
                "d62cc4d92d4ad1065d50991b3d504a253f11e7ba9c00b964667249449f5ff9d2",
                "47164d35f7785230fc1258a3bf294e158d217b3b7830155f610d39018ead01b9",
                "cbc80874f7a7445aed3a602a34b9ee38c08eb6c18542453a76d3011033ba4fce",
                "a24514d435609d68954713657ed26b3bc7470d0e7906d9b0df5c9865670e5449",
                "eefaeca3fc40cd947d34ee0117161869e5abcc10752bba4531d1956a17cc183b",
                "b479a672cae90a2bb20c95fddf93735dbb1d3e039ec0f156d2e69fcca0a73ffa",
                "a591d2775f09c9afa7ef58d3ecd29f4301ce8a7fefce31a9d2ac14697bbcf152",
                "44f498adab54815314a5408ea6d17677d1cfe7da730ae24c2d42e79afd8cbdf8"
            ],
            "type": "XHR",
            "firstPartyCookies": {},
            "firstPartyCookiesSent": {},
            "exampleSites": [
                "bristol.ac.uk",
                "fintel.io",
                "forum.corsair.com",
                "konaworld.com",
                "learn.adafruit.com",
                "remix.ethereum.org",
                "widiland.com",
                "www.almarsguides.com",
                "www.bristol.ac.uk",
                "www.konaworld.com",
                "www.matrixgames.com",
                "www.planetemu.net",
                "www.versluis.com"
            ]
        },
        {
            "rule": "rss2json\\.com\\/v1\\/api\\.json",
            "cookies": 0,
            "fingerprinting": 0,
            "subdomains": [
                "api"
            ],
            "apis": {},
            "sites": 2,
            "prevalence": 0.0000136,
            "cnames": [],
            "responseHashes": [
                "b4d2f288f6cd9f46d5c5adcc3e446ca7c43d20bbf377190735cfc44254b8361a"
            ],
            "type": "Fetch",
            "firstPartyCookies": {},
            "firstPartyCookiesSent": {},
            "exampleSites": [
                "flutter.dev",
                "www.crazydefenseheroes.com"
            ]
        }
    ],
    "categories": [],
    "performance": {},
    "cookies": 0,
    "types": {
        "XHR": 13,
        "Fetch": 2
    },
    "nameservers": [
        "ben.ns.cloudflare.com",
        "dawn.ns.cloudflare.com"
    ]
}