{
    "domain": "run-syndicate.com",
    "owner": {},
    "source": [
        "DuckDuckGo-US"
    ],
    "prevalence": 0.000286,
    "sites": 21,
    "subdomains": [
        "cdn"
    ],
    "cnames": [],
    "fingerprinting": 0,
    "resources": [
        {
            "rule": "run-syndicate\\.com\\/sdk\\/v1\\/n\\.css",
            "cookies": 0,
            "fingerprinting": 0,
            "subdomains": [
                "cdn"
            ],
            "apis": {},
            "sites": 19,
            "prevalence": 0.000259,
            "cnames": [],
            "responseHashes": [
                "24b59f4e4fbf1d4a988ffa478952ceb54e0b2f0774da926bcd2cc0376200dbfe"
            ],
            "type": "Stylesheet",
            "firstPartyCookies": {},
            "firstPartyCookiesSent": {},
            "exampleSites": [
                "bato.to",
                "batotoo.com",
                "batotwo.com",
                "battwo.com",
                "comiko.net",
                "dto.to",
                "hto.to",
                "mangapark.net",
                "mangapark.io",
                "mangapark.org",
                "mangatoto.com",
                "mangatoto.net",
                "mto.to",
                "w13.mangafreak.net",
                "w14.mangafreak.net",
                "wto.to",
                "www.animeworld.tv",
                "www.mavanimes.co",
                "www.mundodonghua.com"
            ]
        },
        {
            "rule": "run-syndicate\\.com\\/do2\\/7bde4a562ff44144aeadb1c4b0b394cb\\/dynamic",
            "cookies": 0.000163,
            "fingerprinting": 0,
            "subdomains": [],
            "apis": {},
            "sites": 12,
            "prevalence": 0.000163,
            "cnames": [],
            "responseHashes": [
                "7eafafe2b22b49df0e82753e985b289a7d0c43955cae8500d727a9d9f8ca0102",
                "01ee5fe74a70fdbcc4facd686eecdff363eadbeae110974cf41516bd7fc3261f",
                "86e39de6583db33acdd5fb99c409f622aeab96dc27480bafc739c2b2591e8617",
                "b6d946235aa43c5b1d98e5cb2b61494f58c93cda4b8f50b003fa81ba70332d0d",
                "52e4a714eccbcda2f850ad799e20d38ce238977c953954c9f43d45fbb201d357",
                "8d912014e55d2406c71ad622d94825589706b826a24913e95ebfa9d4bcbfe5db",
                "3c94adc732e2e4a7612a897195cefce58b612826f535bc8a57631f19a2499e6e",
                "e4bc172d49b03107310dc8c6ed65265efe49100181e7f19d37523eb28243f3e7",
                "9071c8ac84f3262489e3c0433efd757ad1109525832ba0547856bc3e19110d33",
                "039eade845953911012cf043fc542d1214f6b6cb9cca35d42672b72974e663dc",
                "a6950db8b08e61389ecdc833dd68c5c02e2b6e3547b641a0b29dadc67fe6c0c4"
            ],
            "type": "Script",
            "firstPartyCookies": {},
            "firstPartyCookiesSent": {},
            "exampleSites": [
                "bato.to",
                "batotoo.com",
                "batotwo.com",
                "battwo.com",
                "comiko.net",
                "dto.to",
                "hto.to",
                "mangatoto.com",
                "mangatoto.net",
                "mto.to",
                "wto.to",
                "www.mundodonghua.com"
            ]
        },
        {
            "rule": "run-syndicate\\.com\\/do2\\/fb31d65b95db4b1393943e001dc09d95\\/dynamic",
            "cookies": 0.0000408,
            "fingerprinting": 0,
            "subdomains": [],
            "apis": {},
            "sites": 3,
            "prevalence": 0.0000408,
            "cnames": [],
            "responseHashes": [
                "4aff413ed7fb3d35385c900b512241fce2ec7259394047d21e4bdb15dbed9cfb",
                "e2788029b3f37b9ba359a311b227f9ce49aab4e98d7c758eb56713b48935e18f"
            ],
            "type": "Script",
            "firstPartyCookies": {},
            "firstPartyCookiesSent": {},
            "exampleSites": [
                "mangapark.net",
                "mangapark.io",
                "mangapark.org"
            ]
        },
        {
            "rule": "run-syndicate\\.com\\/do2\\/d30b7c8f5d4142f79c359f42703a8471\\/dynamic",
            "cookies": 0.0000272,
            "fingerprinting": 0,
            "subdomains": [],
            "apis": {},
            "sites": 2,
            "prevalence": 0.0000272,
            "cnames": [],
            "responseHashes": [
                "9610640bd77118b0d700ac0587bb8e17cbaf7c76ac2eabd4bfd0cf8a3b518310"
            ],
            "type": "Script",
            "firstPartyCookies": {},
            "firstPartyCookiesSent": {},
            "exampleSites": [
                "mangafreak.net",
                "w14.mangafreak.net"
            ]
        }
    ],
    "categories": [],
    "performance": {},
    "cookies": 0.000286,
    "topInitiators": [
        {
            "domain": "runative-syndicate.com",
            "prevalence": 1
        }
    ],
    "types": {
        "Stylesheet": 19,
        "Script": 17
    },
    "nameservers": [
        "ns-10.awsdns-01.com",
        "ns-916.awsdns-50.net",
        "ns-1055.awsdns-03.org",
        "ns-1936.awsdns-50.co.uk"
    ]
}