{
    "domain": "rvapps.io",
    "owner": {},
    "source": [
        "DuckDuckGo-US"
    ],
    "prevalence": 0.000204,
    "sites": 15,
    "subdomains": [
        "ingest.make"
    ],
    "cnames": [],
    "fingerprinting": 0,
    "resources": [
        {
            "rule": "rvapps\\.io\\/v2\\/t",
            "cookies": 0,
            "fingerprinting": 0,
            "subdomains": [
                "ingest.make"
            ],
            "apis": {},
            "sites": 16,
            "prevalence": 0.000218,
            "cnames": [],
            "responseHashes": [],
            "type": "Preflight",
            "firstPartyCookies": {},
            "firstPartyCookiesSent": {},
            "exampleSites": [
                "santander.com.br",
                "abrasuaconta.santander.com.br",
                "comicvine.gamespot.com",
                "download.cnet.com",
                "frontier.com",
                "gamefaqs.gamespot.com",
                "greatist.com",
                "psychcentral.com",
                "renegocie.gruporecovery.com",
                "www.gamespot.com",
                "www.healthgrades.com",
                "www.healthline.com",
                "www.medicalnewstoday.com",
                "www.metacritic.com",
                "www.tvguide.com",
                "www.zdnet.com"
            ]
        },
        {
            "rule": "rvapps\\.io\\/v2\\/t",
            "cookies": 0,
            "fingerprinting": 0,
            "subdomains": [
                "ingest.make"
            ],
            "apis": {},
            "sites": 16,
            "prevalence": 0.000218,
            "cnames": [],
            "responseHashes": [
                "6bde72b4810692e929606ce3952f740136ea347c84486e6d823a1498321e5fc7",
                "7a95e2da4b438407a2dc753c290786d16136e715f08bf848b7b964e36411f29c",
                "26671956ef384533576e4d1a733f7937c2b3f8f6261eba777fce267094150ed8",
                "39d63fdd96537d7f5d14a163ec04afadbcba0e753787455d6f27dc1d0cf38604",
                "9a208494a83fff800d6154856cee61cb8603f88b8ed367310153ebfa3db79b7e",
                "39e615201a66e6a664238e48b7856820b8e76d6f3e2a278fa89520c43c755a03",
                "3ef2e937f35f177fdf5952c6f7253aa29b82902b0503952b0a518af19d876691",
                "847e1e7d3fa8d5b4b88454f32b3f47f8e5a0c690142da83e2d4fc88cbbef3787",
                "bfa7a6fb44e9c826f26a287d79f8f9fc67b88bd5973402bfcd7e84b9034f09ca",
                "7e35d7b6d1d3d327246acf62adefec1343b74b3b7b910b3ed7536bdbccfef360",
                "e9fabd36170868ab71d138c8048b26fe105d8e1a04bc404f82cd9843077e621c",
                "30876d3a2e11f44977a4bef8c1e4fd60d03ee8a90d4adfd7dca8087777f352e8",
                "3b7a8d04cd9f8023f809d34e92e7831185621eb12cf9de30dddbe47405282a58",
                "06d2be9c3eb209bd1a1719118b152ff491c3ad4b8e48fa7c666e960ea242fd35"
            ],
            "type": "XHR",
            "firstPartyCookies": {},
            "firstPartyCookiesSent": {},
            "exampleSites": [
                "santander.com.br",
                "abrasuaconta.santander.com.br",
                "comicvine.gamespot.com",
                "download.cnet.com",
                "frontier.com",
                "gamefaqs.gamespot.com",
                "greatist.com",
                "psychcentral.com",
                "renegocie.gruporecovery.com",
                "www.gamespot.com",
                "www.healthgrades.com",
                "www.healthline.com",
                "www.medicalnewstoday.com",
                "www.metacritic.com",
                "www.tvguide.com",
                "www.zdnet.com"
            ]
        }
    ],
    "categories": [],
    "performance": {},
    "cookies": 0,
    "topInitiators": [
        {
            "domain": "first party",
            "prevalence": 0.8260869565217391
        },
        {
            "domain": "cohesionapps.com",
            "prevalence": 0.17391304347826086
        }
    ],
    "types": {
        "Preflight": 16,
        "XHR": 16
    },
    "nameservers": [
        "ns-1414.awsdns-48.org",
        "ns-837.awsdns-40.net",
        "ns-237.awsdns-29.com",
        "ns-1603.awsdns-08.co.uk"
    ]
}