{
    "domain": "rvapps.io",
    "owner": {},
    "source": [
        "DuckDuckGo-US"
    ],
    "prevalence": 0.000191,
    "sites": 28,
    "subdomains": [
        "ingest.make"
    ],
    "cnames": [],
    "fingerprinting": 0,
    "resources": [
        {
            "rule": "rvapps\\.io\\/v2\\/t",
            "cookies": 0,
            "fingerprinting": 0,
            "subdomains": [
                "ingest.make"
            ],
            "apis": {},
            "sites": 14,
            "prevalence": 0.0000953,
            "cnames": [],
            "responseHashes": [
                "778c99735a03a076b6567a8cf64eda4bd94bc66f6c3c8df0eba4075c333e142b",
                "01641fb2ef6fe48c55fba8cf8e9bb541f11d36c5807d2437ea3823b524fb2029",
                "bc287a2b765d973cba8d7c841560731e5c55fe10facf880870f88ac1267b9676",
                "73be10b9426b5d4b3b7d55c71c4237e3f680b6e385c717f5965eaa822143d967",
                "fcb6e6fa6e57799c3b6fe8923f713577182507fe83b2f50dbfa8b784003c4ac0",
                "4c90c49b65a01407768608436d2d93f3100a273ae37ebc2edbdc37bcbd6af440",
                "623e82b63b3575a7236276e76363a4c92273b829a2223e406285495d1d537547",
                "3f60e88b779dfa3980f6fbd25485a6768150cb787a1bb838fe73ce3d2c4dadb6",
                "43c841f2aef3dc0a55c38333aa0405ff353eefe2b068a969da04f8553ae3599e",
                "7ed8ff421a79650beb53c274923f0c214eca236003c59d122e0b5e741e6d7e68",
                "916693faba72ed8aee9b11d0f3a7f04d87b4c88c00f219eeccb90237c5d84ece",
                "59c806ecf04e710f44792fe9c2e519342ec9fd44a9b506d15c890c656d97739d",
                "f99548534195744a30543722caee51df7aff08fcb7ee400893932d6c3e10c258"
            ],
            "type": "XHR",
            "firstPartyCookies": {},
            "firstPartyCookiesSent": {},
            "exampleSites": [
                "gamespot.com",
                "comicvine.gamespot.com",
                "greatist.com",
                "psychcentral.com",
                "www.capitalone.com",
                "www.cordcuttersnews.com",
                "www.gamespot.com",
                "www.giantbomb.com",
                "www.healthline.com",
                "www.medicalnewstoday.com",
                "www.metacritic.com",
                "www.mydegreeguide.com",
                "www.tvguide.com",
                "www.zdnet.com"
            ]
        },
        {
            "rule": "rvapps\\.io\\/v2\\/t",
            "cookies": 0,
            "fingerprinting": 0,
            "subdomains": [
                "ingest.make"
            ],
            "apis": {},
            "sites": 14,
            "prevalence": 0.0000953,
            "cnames": [],
            "responseHashes": [],
            "type": "Preflight",
            "firstPartyCookies": {},
            "firstPartyCookiesSent": {},
            "exampleSites": [
                "gamespot.com",
                "comicvine.gamespot.com",
                "greatist.com",
                "psychcentral.com",
                "www.capitalone.com",
                "www.cordcuttersnews.com",
                "www.gamespot.com",
                "www.giantbomb.com",
                "www.healthline.com",
                "www.medicalnewstoday.com",
                "www.metacritic.com",
                "www.mydegreeguide.com",
                "www.tvguide.com",
                "www.zdnet.com"
            ]
        },
        {
            "rule": "rvapps\\.io\\/v2\\/t",
            "cookies": 0,
            "fingerprinting": 0,
            "subdomains": [
                "ingest.make"
            ],
            "apis": {},
            "sites": 2,
            "prevalence": 0.0000136,
            "cnames": [],
            "responseHashes": [
                "e3b0c44298fc1c149afbf4c8996fb92427ae41e4649b934ca495991b7852b855"
            ],
            "type": "Ping",
            "firstPartyCookies": {},
            "firstPartyCookiesSent": {},
            "exampleSites": [
                "creditcards.com",
                "www.creditcards.com"
            ]
        }
    ],
    "categories": [],
    "performance": {},
    "cookies": 0,
    "types": {
        "XHR": 14,
        "Preflight": 14,
        "Ping": 2
    },
    "nameservers": [
        "ns-237.awsdns-29.com",
        "ns-837.awsdns-40.net",
        "ns-1414.awsdns-48.org",
        "ns-1603.awsdns-08.co.uk"
    ]
}