{
    "domain": "rvapps.io",
    "owner": {},
    "source": [
        "DuckDuckGo-US"
    ],
    "prevalence": 0.000429,
    "sites": 62,
    "subdomains": [
        "ingest.make"
    ],
    "cnames": [],
    "fingerprinting": 0,
    "resources": [
        {
            "rule": "rvapps\\.io\\/v2\\/t",
            "cookies": 0,
            "fingerprinting": 0,
            "subdomains": [
                "ingest.make"
            ],
            "apis": {},
            "sites": 33,
            "prevalence": 0.000228,
            "cnames": [],
            "responseHashes": [
                "6d6658d8755061b435e7220ee48860ad6928fb8b8fe8e41926f37397d4090d55",
                "19427424dbb92c5d1d36d85ab71a80dc4ba33fb2ab9d400fff0a3467899a7721",
                "75480b967d27b0e6ad12bb89d2dd982a9c1b98db0af105008d403bed17e5c4f0",
                "c89244cb9c74c9b69e28397fa7674c46d21c40259ade625f8fc7568c009a2c8a",
                "1a308d51abd294b1be2699fb7f9a7dba53d0eaefda2a269fdbcfa470bfaea578",
                "d98fcd769febf7150c20c00eb1479cb6583cd04d850ca97d8aee5c20148bd5bc",
                "aedb61786fda4207ca0a684a81744801039572183573c67895c59d71795f4b19",
                "a5dd0b63411cb42dc9a001ecf62e9991b824f59040fd2ac2d2640cbdf3923361",
                "73ffd51ce544886f7702dfdb82a5d7dd7c32e03bc9c6c959d1c9cba22e7197a2",
                "ade0dae7bb7b953c6cbdbd1fe970d660687a26bb0384bce01f9ee784aead9a3d",
                "7443924f0b9a4bbb4da009f4e54c5dbfc98633e7b5e62c7f01f6dc094dd1612b",
                "2fc1c1bcedbb2e33397c0d4d1aa36dd5fcdb7650fdc7fe15b5b91cdc6cadcc89",
                "8c40c68e675249a8c62d98e2f563ac54a037748909fcd15861e77aa98145d670",
                "21a9ce27bc21e576c4b746cfad5b7d762ff54d22a5db246ee38f895d615cd058",
                "2a2497ce55e903685aa5e9c2c17e81bd52625f36b5d03c3b7234b78f150b5834",
                "c088513583a4dfe7b35ad0138892558ffad8108b2434579b9d96e32706ee0251",
                "a73b35fc92f3a9bebf1adae4520eb67b006ec23e1b2e008176abd0d5c471c77d",
                "ec57a077bf60c4ab49e0c9afd93441d20e54970b734c77a72a9779e2d0743348",
                "bbe5f710334b05e847dde7e16ddb76b258d53d53a10e3437ec9691dd51f3f1ee",
                "ffdf4cfed8bbdeee1759352e5a509b52e20e242a4b79997baa07358902db8d9b",
                "497afc74bebf9bde654654d742ca4760aeb371b9e5b4477323dc90fbaddfc629",
                "c37dd3d0471ad949d0856e007fc99b4771f80a4ea39eb49746ee4dc1a1a01228",
                "1298c5949514c31fe0dd0f1232be8b72c4b2e11c4e4e14899d54047884213ee8",
                "634c3ea0cd1fb6d322ce29238c06603513bb7e7f62398a6975a934c8822228d2",
                "3352ab216ead74af79e99b0488d12130cf86988cc032be0bbf2e6d0bf425bd40",
                "d0e449dbf74e88aee8c69e71303ca8d39bedbf761d94e5f661291fe514113e78",
                "559bf3e102387db2bce40e441bf533f92bd531564926b0fa40bd05f5b0fd4451",
                "20f254bbd4e0e0a5506675d97b43d8415173cdbef006767374c47899695112d4",
                "ad1f896b1a9d0748a4af541a1fea418899eeefbe1434fbe3b9fdd6a700dcb2ff",
                "e0b931453dabe8e67e08f6369cf4fd44c8e9dac05f1e92b7f8410caa9e7233ce",
                "fa495e81805c9277fd0ee5a2a00373b55eba60360b3aaf0e9947a6c26d8c4a3a",
                "2afbb637712f260c2b7fa2559413e3320d8c899c8ec4ba9db89c91ba7b07befb"
            ],
            "type": "XHR",
            "firstPartyCookies": {},
            "firstPartyCookiesSent": {},
            "exampleSites": [
                "psychcentral.com",
                "www.cnet.com",
                "www.gamespot.com",
                "www.healthline.com",
                "www.tvguide.com",
                "www.soda.com",
                "www.giantbomb.com",
                "www.mymove.com",
                "www.mydegreeguide.com",
                "www.coverage.com",
                "comicvine.gamespot.com",
                "www.nocable.org",
                "brinkshome.com",
                "frontier.com",
                "myslumberyard.com",
                "www.collegeconsensus.com",
                "nocable.org",
                "www.hvac.com",
                "www.cordcuttersnews.com",
                "www.zdnet.com"
            ]
        },
        {
            "rule": "rvapps\\.io\\/v2\\/t",
            "cookies": 0,
            "fingerprinting": 0,
            "subdomains": [
                "ingest.make"
            ],
            "apis": {},
            "sites": 33,
            "prevalence": 0.000228,
            "cnames": [],
            "responseHashes": [],
            "type": "Preflight",
            "firstPartyCookies": {},
            "firstPartyCookiesSent": {},
            "exampleSites": [
                "psychcentral.com",
                "www.cnet.com",
                "www.gamespot.com",
                "www.healthline.com",
                "www.tvguide.com",
                "brinkshome.com",
                "greatist.com",
                "www.cordcuttersnews.com",
                "myslumberyard.com",
                "www.metacritic.com",
                "downloads.zdnet.com",
                "www.soda.com",
                "www.medicalnewstoday.com",
                "www.nocable.org",
                "decisiondata.org",
                "www.coverage.com",
                "www.collegeconsensus.com",
                "www.edsmart.org",
                "www.mymove.com",
                "nocable.org"
            ]
        },
        {
            "rule": "rvapps\\.io\\/v2\\/t",
            "cookies": 0,
            "fingerprinting": 0,
            "subdomains": [
                "ingest.make"
            ],
            "apis": {},
            "sites": 2,
            "prevalence": 0.0000138,
            "cnames": [],
            "responseHashes": [
                "e3b0c44298fc1c149afbf4c8996fb92427ae41e4649b934ca495991b7852b855"
            ],
            "type": "Ping",
            "firstPartyCookies": {},
            "firstPartyCookiesSent": {},
            "exampleSites": [
                "creditcards.com",
                "www.creditcards.com"
            ]
        }
    ],
    "categories": [],
    "performance": {},
    "cookies": 0,
    "types": {
        "XHR": 33,
        "Preflight": 33,
        "Ping": 2
    },
    "nameservers": [
        "ns-237.awsdns-29.com",
        "ns-837.awsdns-40.net",
        "ns-1414.awsdns-48.org",
        "ns-1603.awsdns-08.co.uk"
    ]
}