{
    "domain": "rvmessage.site",
    "owner": {},
    "source": [
        "DuckDuckGo-US"
    ],
    "prevalence": 0.00148,
    "sites": 218,
    "subdomains": [],
    "cnames": [],
    "fingerprinting": 0,
    "resources": [
        {
            "rule": "rvmessage\\.site\\/feed\\/",
            "cookies": 0.000858,
            "fingerprinting": 0,
            "subdomains": [],
            "apis": {},
            "sites": 129,
            "prevalence": 0.000878,
            "cnames": [],
            "responseHashes": [
                "f5e7a794d05b1c7a101397635147236aaf31dcd1a79270712ec2926da1abf653",
                "0396f828c7eb86fad4f43e9b3a6cb14bb65077fbeb91b324bf687b52f545f32d",
                "c71617846a5f0e51861cb69cb4f9cc052d5cd049eab50df04b3b57c21b0e0e23",
                "defff3dd216aad88f76e30bc33c529f1e0de187ba76a5ca69afc9623fc619a68",
                "3945c4b9a203474562c1ada96dad72919f2a1ca23451fcf38270ceaf1c396660",
                "323b7057de597cfd6bda16eb97dbb17f7484b90c24c257b89bc324742f730049",
                "64147010072b21e8cd3981394e8f89da611a42a0d013732965457140034db55e",
                "a56c646d4ca8cf8fa21d43d98772678809fff2bc2913aee53e05fea4e742b9b4",
                "0aea8bae7a7f17e5fe0c85efdc0b8705e890b649ce4fb4f3b910ce6c9f839aa9",
                "483bc4445380907aaeeb3a39cf0e843e19bebf7fe9459cb7020366ec30d5fa8c",
                "dda6cf8636010778dcd16bd38aac189abec1818d7dbb904f10116f2a7ffcd5e0",
                "8356386fd80452e7f0f5ffda09a913c006095857fd3e8e35bab3ded6624ef27f",
                "21b7e10c908f15fc5afcce4d6e76961d538c8eb464c125094c189e49fcd08299",
                "762a0ebc2d87f4c23fb05ae831717ce0d7ee33781652d353bff9595d652ade65",
                "873c40061d14a63144af7ddc3dcd02387b7313a407bb1245b08ff9b493cdf7a1",
                "023db097b9cd7fa99c00f0760fbda901d92a6a22a729a1d42dc082868af84ba8",
                "17b20c70d2b13b96c7c482829c43283a1cd639f829a2f7dd7e2790eede452cff",
                "2f8d8e256cee9a9351c20512d865eb9496f836bc6c719b372c1c66a7d80cf158",
                "232d3ec049eddff85d34d434f5d42816ff69039b87a6e8c08cc3ac2d424a52b3",
                "69dc51f473da925e8fc4ab5d50b15c573e839679693d2a064a49a71659995089",
                "82e8cb50d3ec35aba45e7a1b74b674034fc4d1116fd2337870e0c40cad9748f2",
                "e06547372df45c2091563ec0d5ab2766e0ee3299d2179c0c8267466748da9b8b",
                "b20ac3e518d8909974a5edb173009be0952e3299ecfc0efc860586e457b1142c",
                "81483a06e646c8a765ee1ced9d395257e39578a59930f4a0166715e34ff285e5",
                "662e90195029e8723d97f13361f8bd84c7e0cff959a5c80b6444ea244c4cf77a",
                "1a948d0c37351d2630959b8e855bbe2c5b5c18d7c922e84d3bd47a288746ce95",
                "8409f498d47b918bb4d33d11fa15fe73b23d9023d440d69fab794c8c8081fa10",
                "22885b366fc8b7a27f97e3bdf45e4b810e7ab5c7bff6a230dd8447222fb090f0",
                "bea82ca2befb8073280509e6bd5bc7c2d210e7d802999c26852eb41facdba94a",
                "a3f6e77cdece680a3d7516ad986e891e0171d1773555b8c071e9755c22f50393",
                "19bb20524abc394641c757ad6ee95aeb384dad6e975b8c66a33b78e75715ea5b",
                "51f026c36ff1e2b2f941f6f9654715f1a669d34f5816628483641ea472b23c2b",
                "3566e7d7c35791b73b876c9b3fdc9b8ea252573caa8f1476dbf97642acd61c68",
                "cc448eb71731c2bc876bce7cc1e9c497bac12fb0d19ff32eaf6051bd4de2612a",
                "93adbc372382454fbe24b8a698bd7a83969cc919a8e12589c283230bd1539660",
                "f401302883a265c635cc318a0834c9cee817e4f52ded60b9da245800ff296edc",
                "8e9934590dd30bb9f3d3c537d95eba27162bb8f4cf11479c182e63c476c46e0e",
                "a9408d5e1c7dd761801c064bbfdde8dc357b2952162779b7e848f1496cc74e4a",
                "b6a8d339876f10a8e32ba4cf92b3f92456bc28b29a00c66df0cfbdcda4200e80",
                "cc65bb34b9705e453d77ac88e140ff33f731feb7349e0f98881979b5a31e45ce",
                "362ddfea81b05eb1768f5ba1c1a8bba7c072d1a937cbbc341e414b6a531cc392",
                "0e9eb69098a45b134e07d600c20cd3c228f6fd4e999321e5d8f911090a76fc46",
                "80ac1eae36eebdc8673f056ff885c69293cb8155c91a4c13d3e810009c8d49f9",
                "542299198cd0ac5a8fa7b3b64c065036ff5b280353771484719089846684ed46",
                "4d4b05a26f7e009a15f2e6f872f225d39104ab3a462fce64ad96d09c8598602f",
                "4ae26706f3a132713695368cf8f9da5789673d5ee0b31278318a7735edbcbea7",
                "a219ca4c942ea65787756baa2bb84122eda6132cacd6459e6e5c051377378189",
                "6d26d0383946ff86e58bb9adabf11a938145ff01b865be35abe67b430d4adf00",
                "1b8a670f5b77423d41613ce6332753ae0aab6d47439f67bda8a7ce86bcab4f57",
                "b8aafe51d922d9738498555fefeb31ef2049ad6704add09a08f6684fd3340774",
                "4875c8a028a0e2fb22d1b8f363f9ea1c1871253c77bb7c05e1918aaac70fff63",
                "c7bbb290ffecb5174336014331b101c75c1ecd7b6d27c0bab6958f26b80c0b0a",
                "3ed387799663c4d4f87eaa791f093790195ca33d6b229cb5df7cf339b9ceb769",
                "26d6fbc2d92e792f4b45454d57c4e14b32110809a903378328740dd77472613a",
                "ded8cdf0178ecb6677316d85b0ac4c9602945129f8d54ec714109a709b28ebee",
                "86c47bc84ecc355be605d5c3cb5b965faa08b2d42670da7a17bf2059606710ed",
                "8e8312aa05318107821c4528630241d58ec7b2021e31236a819a72530bebdf32",
                "4c5a8c5557dce28aa4828de65e57595af18e3dfc0f90ee25b2012963b9546439",
                "d8670b51326f8133c99f2257707cd569621ab49e41c2fb0485cfadaa84930ac6",
                "cc8779e564ae1a1eab6c9d72517d885032f6d90a82615801ddc2d2fb4c1fa735",
                "718924e11415d51b8b32c4035d45c22b2ae587507c992ad13a2ac4cdb7e56be6",
                "d30dbb2b562a8266ccd1d49190fcb22f86e6f4d4ac5c11bd8bbc45e1789ecd9f",
                "ef3ad28943dbcf9eb78dedbff640efb407f10258a9837d83cf3558b250d1e86f",
                "2c80437bed30428cd648e610022d5a56c58b0826dc2327b7e9bcf9996fb52af7",
                "28efb3de551135ddff189771520c270b98b90ba3c100b5cc73191553a7cb08ba",
                "f08e29ea9588dbe6aa435e5ee27f3515d58601f367eb77d4c62f127cb2314b95",
                "c05b5754a684c44fbdfa90e839eb7649298d8de13e816e90d4f4072bf6d3a620",
                "757b83e31addaeedbdf9a67ea4921b426a891cf6c501e51a95ae56abe4e8b5d6",
                "4f144f544d53e104de1dc4c75e470ca8dcb06b0a89ddb3049f35943bd2690154",
                "d54a445b91ef26797097d9a54565254695496306aa9280bb28f3a2aa8cd8c413",
                "35a5bb72675034931b1c2cd10202a8014e09c4803dd67f3fa2e91b5985e01522",
                "ed505bae51a3c13b180ebb2fd1159886b1686e49dd55f53cfdc38906a0f2dcd1",
                "9a4763898ab69df7f4ba5b4fffb2e8e1bc01876d487e1afe2d73c9d7a73e5cda",
                "9e26942a7736fb61205703be1acd01d8291ea9f9a5b33a07446b01bb8ae2c559",
                "1ae2bcb921855927a6ae2ff0bf3cdcdbd423c82205039a49436b435d0312eb8c",
                "383901b32f491dcf4fc749798d8112934ce547309233cfc323f4cd049b7178af",
                "47a93f116b9ebd32603718a1c314c7d84d4242efc3c3fbd8529392ecfc23d9eb",
                "ebb4e0c31b04ece4e2829c4c9c81c09c30afc19330b72c4b8dfb763439f0bc50",
                "e220f79e7aa551b796231659e686cd2de0496f92af4ed01603c4abd91fa9f400",
                "fd66a68306bd49655307d16e678695c53ee8db3f4af50493d5c2e622f4ef385e",
                "deee4bcfe08ca59d86ef21871a38f6e55d7305d358fba4ce9d2d729cd47d333a",
                "a506acbf7d408ec68b76bd705b2318fae8bbe8f6f8df3febfc9607f2b482d35c",
                "ca85cd692c54df99fdf6e76a8a0955e73a112ebed0f65b00e1dc03c71c9d1ef0",
                "f929cab7e0d3f010874b46d31878a164d09146e9ce581a5ba6f6b8a815676ddf",
                "de7380213afa1f79704d4a9fb6787c6b57988563affd8b65da251d156c7be92c",
                "995976766e2d21680d32a6285755937834fa3744c7194dfe62257f72e6fe7bc3",
                "1031431e2341e580d275a8121757f2eebe0ee4e3f0fdd78d0dc24dcb2fc491ee",
                "11ebba1b581c414761e7dd2f548c159b2cceccd8697fff6a38194aca67b96bf3",
