{
    "domain": "sda.fyi",
    "owner": {},
    "source": [
        "DuckDuckGo-US"
    ],
    "prevalence": 0.000531,
    "sites": 39,
    "subdomains": [],
    "cnames": [],
    "fingerprinting": 0,
    "resources": [
        {
            "rule": "sda\\.fyi\\/update",
            "cookies": 0.00049,
            "fingerprinting": 0,
            "subdomains": [],
            "apis": {},
            "sites": 39,
            "prevalence": 0.000531,
            "cnames": [],
            "responseHashes": [
                "44136fa355b3678a1146ad16f7e8649e94fb4fc21fe77e8310c060f61caaff8a",
                "2c1cc1032926736b4e308dc100bdb54d5c8ec08e971267fc14658a38704c81ec",
                "daff4b1d2943e57927eac2b6c095288ef08ae23f402d5e33b78472ef308830d9",
                "dcc329f626586d947af67119924163817d05694acbb84096e56aae93cb96af3c",
                "469f6629a62301224857b36517f7cc715e89f573c3c2db90fa209bfe239d5549",
                "d3113cb2a8f3473225abe1221728d8828200d6861418b755d2198b2d84811e19",
                "84f0cbb0142f95424d6202f27091f8842f45d70615ee186bc41d2e626ebbe04b",
                "bbdcfff5d1fc4af984aabde6b94f2ccbd08f58ef7e766bb0560b6a8281fab8bc"
            ],
            "type": "XHR",
            "firstPartyCookies": {},
            "firstPartyCookiesSent": {},
            "exampleSites": [
                "twinfinite.net",
                "es.gta5-mods.com",
                "www.momontimeout.com",
                "www.differencebetween.net",
                "bobbyhadz.com",
                "restaurantclicks.com",
                "thedirect.com",
                "earlygame.com",
                "politicalwire.com",
                "de.gta5-mods.com",
                "www.ggrecon.com",
                "www.einfachmalene.de",
                "boundingintocomics.com",
                "comicbookmovie.com",
                "dotesports.com",
                "progameguides.com",
                "www.laurasbakery.nl",
                "www.tvfanatic.com",
                "edhrec.com",
                "www.gamepur.com"
            ]
        }
    ],
    "categories": [],
    "performance": {},
    "cookies": 0.00049,
    "topInitiators": [
        {
            "domain": "mediavine.com",
            "prevalence": 0.6410256410256411
        },
        {
            "domain": "pubnation.com",
            "prevalence": 0.358974358974359
        }
    ],
    "types": {
        "XHR": 39
    },
    "nameservers": [
        "peyton.ns.cloudflare.com",
        "ruth.ns.cloudflare.com"
    ]
}