{
    "domain": "sda.fyi",
    "owner": {},
    "source": [
        "DuckDuckGo-US"
    ],
    "prevalence": 0.00156,
    "sites": 229,
    "subdomains": [],
    "cnames": [],
    "fingerprinting": 0,
    "resources": [
        {
            "rule": "sda\\.fyi\\/update",
            "cookies": 0.000824,
            "fingerprinting": 0,
            "subdomains": [],
            "apis": {},
            "sites": 122,
            "prevalence": 0.00083,
            "cnames": [],
            "responseHashes": [
                "44136fa355b3678a1146ad16f7e8649e94fb4fc21fe77e8310c060f61caaff8a",
                "7808ed245d5931c36326cc5f9ef69c1b80d50174432a576a0d9e1df5086765c3",
                "5a11bb79bb26e9f09e058f159f5b9fb3e50b32503227e25951bc3b94fab4503a",
                "f4959c23f3e019faef99caaee04c38d932295be571c988c7eb56f729fcbd009a",
                "2061f7b57a3c19b64fbabe24cb31112b8c23ee79c1b15b5408b884c33eced14b",
                "eb2bc60a752dc3fc3a4c09710820ad874e1d58b036166f601365a11a2ed0a751",
                "e146e38b9c981fbb37651f05aac247f531d584c9951b25176dcde72307902c24",
                "19fb62901d9fa0ff3b4131fff872e3d7f13891c5a2ea8fba577ea7cdfbafa891",
                "a2a52b709dab873e7f998bab482106dd6f0d5c99baa2485a570076b5d0084841",
                "5fe092c2f589674a926645944a2a406f1dcb06d2b4492b3b430abc1427924092",
                "1c0a561c86f3fdc77eb3d002c3b9a90583bc162d65ddba300f99baa43b714b11",
                "bf663c85e172e89911d4b589be204fecb58aa8ed58eb74fa0112b4f3844d3592",
                "786553fcb9f1071ceee13ce16b8a08cd793dd876f584740ee11e918ae22aff8f",
                "dd5b03558dfe4ee93b9938357bda51856d64f896bbef4ecd346490dece1b1fa4",
                "abc87fe544bbea395143ad1ca128e8cb5d41e4171add6adb244a0aa68a910d13",
                "54e321ca7c2bfa51ea14d024f5997a37bf8007d0b0a1dbafc3dedcbe0d6cb5f6",
                "4963f57d2a4e31050d1d13ab174d7773a986a0014eef7fe18dedbf997f8d6c8e",
                "2b8b7d090a67e88398a64a651755f147517c2f4630d9f860967dd31e33b95ddb",
                "af9f9121de1eb236e41569e42aa283951e6cc91548434a7c0fb7b4d4fa20d362",
                "176b74e0f340a0c4dc5c09397547b1e2320fccc1e5e09aa7ecb12ad54770bf56",
                "4fc9e58444e52e5cfc3c9f80032f962c6e70a8a12a892fbea339582ea41fc9d9",
                "062bb4b8363ec1d9bba3149868b2ab027b56f6d33b83fba0f3ec7341ea22e51b",
                "85593a34f662bfcade7bb979d46ee6acf746a07e5c9845c9e36ca346fa14a53d",
                "ae845770ca0184ba76fd14dacf5b9f229a64a1806ae9bd4eb02e02f5ad02e021",
                "9543b8e57a9d2c384f8bef2e3ed8db899b997ea16e86aaec36b20b133a744ab9",
                "6268f36abd5391fa00a4dba4d37768cdd9f470b6423502f1606d64077f81e089",
                "6cb16080c2b11b428662e56899511c5574ebe2109a4203c235d5e2a56f18b4ea",
                "2a0aaea2e5a175f8aefb60fc35a8f828e68a8c9d356d25849dd071bdc448ab42",
                "01d672bea98aebdc8e6a4a56cc510a97a5c92f56ebbe7bde959a390d1e193bff",
                "2dafca56246886aafd13882e1f54d8f45bf554ca25e48ba5ae22bc5fd625ac90",
                "00738db2555280529f23eba87a2cea348880c90a44e085ebc4fa3f38609e82cf",
                "8b0fad8c83436ff4e7d0287c87d6911cc643b2ea0e2b2483603ab506ca4db2a7",
                "f566dda44187b1db641e7960efc6706ce486adeb43812bb967a7c20e2cd3f1ad"
            ],
            "type": "XHR",
            "firstPartyCookies": {},
            "firstPartyCookiesSent": {},
            "exampleSites": [
                "powerup-gaming.com",
                "fishlab.com",
                "stridewise.com",
                "tangibleday.com",
                "aquariumbreeder.com",
                "www.thewhitbyguide.co.uk",
                "www.rasmussenreports.com",
                "soundproofliving.com",
                "www.700r4transmissionhq.com",
                "www.inkme.tattoo",
                "thecampingadvisor.com",
                "www.slythergames.com",
                "www.cookingwithmykids.co.uk",
                "bobbyhadz.com",
                "essentialoilexperts.com",
                "www.tamingtwins.com",
                "www.easybabylife.com",
                "millenarywatches.com",
                "homebrewacademy.com",
                "www.wildtattooart.com"
            ]
        }
    ],
    "categories": [],
    "performance": {},
    "cookies": 0.00156,
    "types": {
        "XHR": 122
    },
    "nameservers": [
        "peyton.ns.cloudflare.com",
        "ruth.ns.cloudflare.com"
    ]
}