{
    "domain": "sekindo.com",
    "owner": {
        "name": "Oracle + Dyn",
        "displayName": "Oracle + Dyn"
    },
    "source": [
        "DuckDuckGo-US"
    ],
    "prevalence": 0.000304,
    "sites": 44,
    "subdomains": [
        "live"
    ],
    "cnames": [],
    "fingerprinting": 1,
    "resources": [
        {
            "rule": "sekindo\\.com\\/live\\/liveView\\.php",
            "cookies": 0.000256,
            "fingerprinting": 1,
            "subdomains": [
                "live"
            ],
            "apis": {
                "Date.prototype.getTime": 28,
                "Navigator.prototype.platform": 27
            },
            "sites": 37,
            "prevalence": 0.000256,
            "cnames": [],
            "responseHashes": [
                "ad62d0aa8fbd28d047038e0455a447213464da303bc84ada08329e53dc2382f6",
                "e3b0c44298fc1c149afbf4c8996fb92427ae41e4649b934ca495991b7852b855",
                "8c023f65ca17d00d8047caf32c330a641bce90d86ba35c7befedf4f0c52906d9",
                "26e76d96a9b1322392e0ebfc5b890173cc415e8fb992414d4d8fbc469df62973",
                "8cd8f3b969334bc2ff4e0334b9379ac12e9f5fa5199729ab0aba3a83ebe4bca8",
                "6143bb310cc071aea3622cc979b497588fdceddc27a96cfc190b17b57fb2af9d",
                "88381776ce1002c8c4de9d0ed6a3f325ea8f99d17e6bb0b5cbf9e9a0b476d148",
                "b78bd44c5f9db34bab20d147878e5ef5be66b28eaa168cfb104ad91101f37ff7",
                "97a1a92cd7361adca7b4933ea46e5b9f56aa8ddfac45d5f07199ef131a870062",
                "76022b028bcf5709e8c9f74da850ce306fd39fecaaaf5f74a75654feeb8bf610",
                "a3be2d1be906138578e4581e60c733ae1168831dc14c15251dd8ddc54923e8a9",
                "8ddcecb9f5b8978722a23c184f21cbc486489e3433b99aa125e34f60cb135ab0",
                "7c31092800f8b20bdcc9e85613b530983729cc77ef507be5256bd313d8b6fb5c",
                "3ce087aa5c68561481dc3f8fee15fa010c251f21ffa1690be5dcce5bd7c3959f",
                "49b1615ec45f455ab81a27a40e22c32eafccb40e382c42221b3525fce1cf5b28",
                "607ccf2028a84d3bca483b9467e83035d88987a1bcad9c512daa3b3d8de269ed",
                "6823943afe606704667d7603edf5e1087950d86333c3d827595b38d89abbaa09",
                "f8fa536218dffb95b45270ab6121ec29048693bf32c4177f5bc062ecbcb70464",
                "8c1f3b1fc5be1355d1f23bdf2df40052a5290bc6434dfe2ef88b8b88366cef87",
                "d3fda2187a2bb5a433d863451521b35bb1d4c327fe4516906fced12bdf21f7ce",
                "3ca6b1ca0c04099f82ca0681ee1e2b401aca791dc5f4ee387f07a6b7ea72bc65",
                "71f89a2e1ee5e12068a831daf387b53bba9c5754d21972630fc3696d40872c8d",
                "b91ffe7ff5425a4ec2989c121b8e91a3e2f9cb4a322ca9271c8879dfc4bb4c65",
                "110bb07a771ea6e8fa3a0e7496d6a0cad1009ddf3d2d0886ae7dfdad34196175",
                "958cc37d2e29f14a5f84b438590520716ad356418c76fbaf796f592d667279a3",
                "9b2bd8b8ce8a18192de081e9d34a992a6b2268c1077a410efec798435f10140f",
                "df663a40601ce751b374a915b8a05142ea4323114a701d000f7a8ed9c90b99ef",
                "8bd31f0484548fa765704d2d7389d16f170cffc58a79d4d37062b3666c641289",
                "368ae48c7a362570d3cd6966134310d4e7762be015c3bf8862c40cfede536428",
                "771077b97fa9446601f9163337c42616508761baeeda16fb27a313bda9593f1a"
            ],
            "type": "Script",
            "firstPartyCookies": {},
            "firstPartyCookiesSent": {
                "lotame_domain_check": 0.000006917925729149372
            },
            "exampleSites": [
                "webtrickz.com",
                "www.israelhayom.co.il",
                "effectiveremedies.com",
                "m.sport5.co.il",
                "www.foodsdictionary.co.il",
                "www.greecehighdefinition.com",
                "visafreecountries.com",
                "www.statisticshowto.com",
                "www.therepublic.com",
                "trueremedies.com",
                "www.babynamespedia.com",
                "nikib.co.il",
                "www.limaohio.com",
                "tr.investing.com",
                "liveindex.org",
                "es.investing.com",
                "mediabiasfactcheck.com",
                "gaming-fans.com",
                "www.timesleader.com",
                "www.investing.com"
            ]
        }
    ],
    "categories": [],
    "performance": {},
    "cookies": 0.000304,
    "types": {
        "Script": 37
    },
    "nameservers": [
        "dns1.p03.nsone.net",
        "dns2.p03.nsone.net",
        "dns3.p03.nsone.net",
        "dns4.p03.nsone.net"
    ]
}