{
    "domain": "sele.co",
    "owner": {},
    "source": [
        "DuckDuckGo-US"
    ],
    "prevalence": 0.000245,
    "sites": 36,
    "subdomains": [
        "api",
        "api-ntv",
        "trk-sp"
    ],
    "cnames": [],
    "fingerprinting": 0,
    "resources": [
        {
            "rule": "sele\\.co\\/ub\\/v1\\.jsonp",
            "cookies": 0,
            "fingerprinting": 0,
            "subdomains": [
                "api"
            ],
            "apis": {},
            "sites": 18,
            "prevalence": 0.000123,
            "cnames": [],
            "responseHashes": [
                "55aa4b75cbf2d7612cfb926f15fe72da78e606cd8ef1e416839e8977d4602472",
                "9ca516ff673d9713415671498bdef1e7be19cabd6ecf013e4954dcc21aac72f4",
                "1094a9959925dcca92f07708fd8dc8482b2adc871442fd23d2ea79f88ae9e670",
                "649ffc19388c0e86c4c3997e69c554ba5fee8970cd04df6d966ed7fa0ef13966",
                "62f7a3dc2ab2745267f9321b8cafc49591596ffcb83d7e8a5e44b6f963387624",
                "ca61879fe305f66476ad3ad380fa7f225a576347eb960b575ecc52f26a1cd9fc",
                "94e028f50f84262d0e42f751d1e63bcbee21165e4bacda0d827628ab223b592c",
                "18c1def3e6e6bdd1848e1c6e8a7f14d559ae10ce82bc94ec1f6a96e32357d362",
                "639dce35be270471c3269f2f452e59ff52145c7ce426418fde74e21fd7700f9b",
                "2dde141a9ada2eb27697c444431386b6a3c60fc0f46d32e7a0b8864200b78dfd",
                "7eebcd80588c3ffaea386ccdb945523acc8e4b6e91a3509f9631fe08f46c6748",
                "8e3f795971c291f160b092fc712b24ecb7bca77bdbd2e136fb3eddec2ec42f92",
                "c4e7f685d71e688f3c1160f29d78ba96315bf2c312026c29fbf12b3e2f86731f",
                "a5c8c68ee34417e96a60b381bbacf52d058d9a39c39b54ea0e3b261e222c4876",
                "f3026c675840a1cb2de0f16d37bd99de6ddefe7d6612d0852633e0c57e656989",
                "fcaf395896d47ecd000f6991f0b98746761e0db925d944787b79db3cc280b6b6",
                "75c47f41819fd1a80a85647d155cd52c05c1125cff7a22bca6af5065e0cf2c3c"
            ],
            "type": "Script",
            "firstPartyCookies": {},
            "firstPartyCookiesSent": {
                "muuid_origin": 0.00008848292619843317,
                "first_request_id": 0.00008848292619843317,
                "globalTI_SID": 0.00012251482089013823,
                "cookies.js_dtest": 0.000013612757876682026,
                "parsely_uuid": 0.000013612757876682026,
                "muuid_link": 0.00010890206301345621,
                "_pnxd": 0.00006125741044506911,
                "_li_dcdm_c": 0.00006125741044506911
            },
            "exampleSites": [
                "bestlifeonline.com",
                "ew.com",
                "people.com",
                "peopleenespanol.com",
                "www.agriculture.com",
                "www.allrecipes.com",
                "www.cookinglight.com",
                "www.eatingwell.com",
                "www.eatthis.com",
                "www.foodandwine.com",
                "www.instyle.com",
                "www.myrecipes.com",
                "www.parenting.com",
                "www.realsimple.com",
                "www.shape.com",
                "www.southernliving.com",
                "www.travelandleisure.com",
                "www.woodmagazine.com"
            ]
        },
        {
            "rule": "sele\\.co\\/sp\\/v5\\.jsonp",
            "cookies": 0,
            "fingerprinting": 0,
            "subdomains": [
                "api-ntv"
            ],
            "apis": {},
            "sites": 13,
            "prevalence": 0.0000885,
            "cnames": [],
            "responseHashes": [
                "a7574663cfbf8874b8ccfdee8fec06964ab86673955441562bfe39104eb85f19",
                "c1a5672df3f2b197eef86f0960c0917ea2733490d2515a5e5c811f37e7ef4f3f",
                "b7b6568ec6a5531eda545d19433087d38589140dd7b2b9833a4f05691ea8c261",
                "56ba82e40aa17da90fe890fe56306b1c3aa6815c51734a716a40e445fa5e4a05",
                "2e2938f8bb1c23d2cdf22e745b9e22ed8972d262d9794205bd45f29f3e76d453",
                "a94e0135c69f58c668e2c8d4be961a1c67b3b912a52c54e7dc36e871557876d4",
                "da3d62e02384fbe007945fbd28221fa9268afbb015e211f4b78b34512c500fbb"
            ],
            "type": "Script",
            "firstPartyCookies": {},
            "firstPartyCookiesSent": {
                "globalTI_SID": 0.00008848292619843317,
                "muuid_link": 0.00008848292619843317,
                "_pnxd": 0.00006806378938341013,
                "first_request_id": 0.00006125741044506911
            },
            "exampleSites": [
                "ew.com",
                "people.com",
                "peopleenespanol.com",
                "www.agriculture.com",
                "www.allrecipes.com",
                "www.cookinglight.com",
                "www.eatingwell.com",
                "www.foodandwine.com",
                "www.instyle.com",
                "www.realsimple.com",
                "www.shape.com",
                "www.travelandleisure.com",
                "www.woodmagazine.com"
            ]
        },
        {
            "rule": "sele\\.co\\/sp",
            "cookies": 0,
            "fingerprinting": 0,
            "subdomains": [
                "trk-sp"
            ],
            "apis": {},
            "sites": 13,
            "prevalence": 0.0000885,
            "cnames": [],
            "responseHashes": [
                "d346801abbf9bb4e9e9a055239053d4ab5596514304f601a6c70604187acb744"
            ],
            "type": "Image",
            "firstPartyCookies": {},
            "firstPartyCookiesSent": {
                "globalTI_SID": 0.00008848292619843317,
                "_pnxd": 0.00006806378938341013
            },
            "exampleSites": [
                "ew.com",
                "people.com",
                "peopleenespanol.com",
                "www.agriculture.com",
                "www.allrecipes.com",
                "www.cookinglight.com",
                "www.eatingwell.com",
                "www.foodandwine.com",
                "www.instyle.com",
                "www.realsimple.com",
                "www.shape.com",
                "www.travelandleisure.com",
                "www.woodmagazine.com"
            ]
        }
    ],
    "categories": [],
    "performance": {},
    "cookies": 0,
    "types": {
        "Script": 31,
        "Image": 13
    },
    "nameservers": [
        "ns-1416.awsdns-49.org",
        "ns-1580.awsdns-05.co.uk",
        "ns-165.awsdns-20.com",
        "ns-807.awsdns-36.net"
    ]
}