{
    "domain": "sele.co",
    "owner": {},
    "source": [
        "DuckDuckGo-US"
    ],
    "prevalence": 0.000367,
    "sites": 53,
    "subdomains": [
        "api",
        "api-ntv",
        "trk-sp"
    ],
    "cnames": [],
    "fingerprinting": 0,
    "resources": [
        {
            "rule": "sele\\.co\\/ub\\/v1\\.jsonp",
            "cookies": 0,
            "fingerprinting": 0,
            "subdomains": [
                "api"
            ],
            "apis": {},
            "sites": 27,
            "prevalence": 0.000187,
            "cnames": [],
            "responseHashes": [
                "1e980a60a68fa6337f183d1ab57b690a73cbaf04a8935e2e0a627a192d21144e",
                "b4952cd33f0ac8f6d46a217353fac14f69b73a509b56b367dcea5042938879a9",
                "8b4f4a7a3849f2124c1d4dd1ff48f2f613a19607d6bbf23802501402e0431765",
                "0d584100c9af3dadbc01fff9edacf3a8d2b11ee380f3d3c14d9c1e36ce545f0a",
                "dda688edf05ebbf114f0a2a3290e59a03ec50ac5240bf2351bd83a4de7a318fd",
                "2be5fd786a7d1f8520ddb90c9d843aceb78d778d637cb3a28bd835028f0b1452",
                "1f3d682ae0f06cfefe849727281b9d5747dbe88a81816b332b3f77ae1accacb8",
                "3a12c0822aa2ff5c7a79def54def8d80c36ac05f394b2d0c96b47be2a0170ed3",
                "8bee634fe31f0e7ecf825863efe9de4285381caa221f138df18cf2fb168cce5d",
                "caea38e03276502b642787486ea2c9bb5f71355fc2d8393ced9e848b40092682",
                "b5576e4a4a5756526cf9ef331b07d9078e419a52dafb6c484c3917f7a3fb20b6",
                "d3b48bc79d3d9e582975717a4826d2b34ca19de500620a3d089dd9c8dbcf164d",
                "d8075943523cf540f99daf413ab7a8d0be83b64d16cf73f79206534f7f577fcb",
                "a9017a88c6abd4a8a204994582068e3719a67ac62521151a8b42741206a6ae94",
                "48f525bdd5e3adf793faca7e15a88486a8d5959d7fedce1210c7e946619b56da",
                "db3251a3f28b87ab0927d9a2af8d9386695a638773679584d026d2602e673222",
                "1e3635cc7cdcc229fb3b4ac1ccf20a2818b16e971827768ee6696e938607e643",
                "e052f9949e18d2ffd2ccb0e7d2fb27ebdd08d6afca2f956e3b5a250b0956e931",
                "97fb37733104117685c313700ba9d9f3a266d5f9d049773a53074124ba8f6c6d",
                "65e821e13fd6bbba48f7f6b8b718cacca99fbc1f848c850f61ea5a672a6bc71c",
                "d8733b060a4a4ee99f9fd6caa21f4df517ea09acd3b001fff0d754f8b21a5ea3",
                "a2abe6c1d12cfe854c45c184b7aa8400df6f315438f6487c2afab8203ca671cb",
                "d49e8ab75678add6d4b866dc967ca97ff7429eaae23d2461f18b23e4dfb99a83",
                "d7f88c3fbea930b65375a582e287facbd883dcf246a730af471487ca0b4dbb67",
                "c4d871f6476ffed607ab9ec5425700f2363574f3658f5ec6a322f9eca4dd1d95",
                "60e687d14c9f0e2e9467a6c91595d2b6c6d2a9d4dae334ce1d8807d3bc2b076b"
            ],
            "type": "Script",
            "firstPartyCookies": {},
            "firstPartyCookiesSent": {
                "muuid_origin": 0.00015911229177043555,
                "first_request_id": 0.00015911229177043555,
                "globalTI_SID": 0.00018678399468703303,
                "muuid_link": 0.00013835851458298743,
                "_pnxd": 0.00008301510874979246,
                "_li_dcdm_c": 0.0000968509602080912
            },
            "exampleSites": [
                "people.com",
                "www.allrecipes.com",
                "www.eatingwell.com",
                "www.eatthis.com",
                "www.marthastewart.com",
                "hellogiggles.com",
                "www.realsimple.com",
                "www.shape.com",
                "qc.allrecipes.ca",
                "www.agriculture.com",
                "www.parents.com",
                "ew.com",
                "www.parenting.com",
                "bestlifeonline.com",
                "www.foodandwine.com",
                "www.travelandleisure.com",
                "www.dailypaws.com",
                "www.cookinglight.com",
                "www.health.com",
                "www.more.com"
            ]
        },
        {
            "rule": "sele\\.co\\/sp\\/v5\\.jsonp",
            "cookies": 0,
            "fingerprinting": 0,
            "subdomains": [
                "api-ntv"
            ],
            "apis": {},
            "sites": 24,
            "prevalence": 0.000166,
            "cnames": [],
            "responseHashes": [
                "b7b6568ec6a5531eda545d19433087d38589140dd7b2b9833a4f05691ea8c261",
                "cf845954a249fde9fd1516a529f76ffb5ca4f9ce4108f1c33631b28219019513",
                "911f05e9c02f819af0f5a06f18704536b10f840cff9c8f5e368aaa5e2682a526",
                "6e610572e16f6676c296bd89cb578ea77b3227bacf9627f63c6bb7b80892c3d8",
                "1d975447d4cd69568e157586a1a2a249cdb4ce565c2b4466c2e1d8cc00a47f09",
                "a53c9045feb65bf0f6e9a8cb1a95165f7d1a536c337a8a630641801f5582a4a1",
                "7fb08f9c48df42f8b60cc4edf51ed150667ab403d5e299db6a218751df4614f3",
                "a69490f652b95838f7706085a0dbe2f3ff5126b68bd75e951dff90ff42655084",
                "a5842d9f3f21cd842419954500770236cf85895037fd1c01479d44416eeb66d4",
                "edfc5819ad1e028642cf0a2d9d1cddaeb609793ac291d28da086f232d796b894",
                "1c623de9a948056edb548a17e91c57483eb763b44fec912d0596d72f80d0b84a",
                "7e8baedc660d731d8558216285a6de6ba75ad1abbbcec5e8d9e0a85356b63ed3",
                "7087aef9da1d63710f01dc709c12904e32f0f4cec88571773f2d5b9f495da7c1",
                "2017c34d12e739b2a21a78aa9b58d64a3f4db95d0326551c47bc1834cd45d7c8",
                "ab87a631cd3a048a072452b439dc28ff7996896ea0926e04ac42d6557e3edf6f"
            ],
            "type": "Script",
            "firstPartyCookies": {},
            "firstPartyCookiesSent": {
                "muuid_origin": 0.000020753777187448115,
                "first_request_id": 0.00013144058885383806,
                "globalTI_SID": 0.00015911229177043555,
                "muuid_link": 0.0001245226631246887,
                "_pnxd": 0.00008993303447894183,
                "_li_dcdm_c": 0.000006917925729149372
            },
            "exampleSites": [
                "people.com",
                "www.allrecipes.com",
                "www.health.com",
                "bestlifeonline.com",
                "www.allpeoplequilt.com",
                "www.shape.com",
                "www.midwestliving.com",
                "www.cookinglight.com",
                "www.dailypaws.com",
                "peopleenespanol.com",
                "www.eatingwell.com",
                "www.agriculture.com",
                "ew.com",
                "hellogiggles.com",
                "www.realsimple.com",
                "www.bhg.com",
                "www.eatthis.com",
                "www.woodmagazine.com",
                "www.myrecipes.com",
                "www.parents.com"
            ]
        },
        {
            "rule": "sele\\.co\\/sp",
            "cookies": 0,
            "fingerprinting": 0,
            "subdomains": [
                "trk-sp"
            ],
            "apis": {},
            "sites": 24,
            "prevalence": 0.000166,
            "cnames": [],
            "responseHashes": [
                "d346801abbf9bb4e9e9a055239053d4ab5596514304f601a6c70604187acb744"
            ],
            "type": "Image",
            "firstPartyCookies": {},
            "firstPartyCookiesSent": {
                "muuid_origin": 0.000013835851458298743,
                "globalTI_SID": 0.00015911229177043555,
                "_pnxd": 0.00008993303447894183,
                "_li_dcdm_c": 0.000006917925729149372
            },