{
    "domain": "seondfresolver.com",
    "owner": {},
    "source": [
        "DuckDuckGo-US"
    ],
    "prevalence": 0.0000544,
    "sites": 4,
    "subdomains": [
        "1f079d53deccbb0366eaa5a5b4966b1a9cfe28abbd4787f46e3dfdda7d91f79",
        "97403701-3c9b-4ace-a38c-59ba4c1b9037",
        "73d83004-a437-423c-bc3c-61dd190d8cf3",
        "n0pf1js2g495r0u9o1g0d06mlu"
    ],
    "cnames": [],
    "fingerprinting": 0,
    "resources": [
        {
            "rule": "seondfresolver\\.com\\/",
            "cookies": 0,
            "fingerprinting": 0,
            "subdomains": [
                "1f079d53deccbb0366eaa5a5b4966b1a9cfe28abbd4787f46e3dfdda7d91f79",
                "97403701-3c9b-4ace-a38c-59ba4c1b9037",
                "73d83004-a437-423c-bc3c-61dd190d8cf3",
                "n0pf1js2g495r0u9o1g0d06mlu"
            ],
            "apis": {},
            "sites": 4,
            "prevalence": 0.0000544,
            "cnames": [],
            "responseHashes": [
                "fd62421502e915a73cd13c6fa68f3226ca9ac4a7d2959b34347e2f626546842d",
                "19d7281f8657c54f5df9880edf60e62ceced0de1bf1f052430c598d39c691565",
                "c12f102b51a8724bed4891e340b42fec2952317d223e1340eff3cb1d8df58119"
            ],
            "type": "XHR",
            "firstPartyCookies": {},
            "firstPartyCookiesSent": {},
            "exampleSites": [
                "stormgain.com",
                "sport.galera.bet",
                "www.galera.bet",
                "www.yobingo.es"
            ]
        }
    ],
    "categories": [],
    "performance": {},
    "cookies": 0,
    "topInitiators": [
        {
            "domain": "seondf.com",
            "prevalence": 0.5
        },
        {
            "domain": "dynatrace.com",
            "prevalence": 0.25
        },
        {
            "domain": "first party",
            "prevalence": 0.25
        }
    ],
    "types": {
        "XHR": 4
    },
    "nameservers": [
        "ns2.seon.io",
        "ns1.seon.io"
    ]
}