{
    "domain": "setupad.net",
    "owner": {},
    "source": [
        "DuckDuckGo-US"
    ],
    "prevalence": 0.000674,
    "sites": 99,
    "subdomains": [
        "prebid-stag"
    ],
    "cnames": [],
    "fingerprinting": 0,
    "resources": [
        {
            "rule": "setupad\\.net\\/cookie_sync",
            "cookies": 0,
            "fingerprinting": 0,
            "subdomains": [
                "prebid-stag"
            ],
            "apis": {},
            "sites": 59,
            "prevalence": 0.000402,
            "cnames": [],
            "responseHashes": [
                "7b59b58d9ad541976adcf850ca57736942d576f0855c0532c15aeca36bf34233",
                "10bff5ed0adc026acd6c741e4d0e76a758aeca0bb3b3ea78ee856daaee656e5f",
                "5bf0c7d5575c5d6d081844c10fb04ae2c8b7b1e80b41b77290f4dd129311d307",
                "dec95680f73067754eebd0d510ac28c1167102c8131282c47f920d919382767e",
                "e7d604839b41b524f805a4b0588b12f251ba346f00e9826d50a44fec472cdf5e",
                "786609d9ed26521ab843225e9b5dcfa416189ee46cb3918041a239d8e69af2ac",
                "51d30a33bf426912e29d50e1c0611466221c81b7ae0c4bbaa651686f5d34971d",
                "57ce2b08ef8da65d0f5627d6e41c7725efd32d3e377dea3c91025a375ae93fdf",
                "0d11c1fca1c90b4ee212b69c9202ebec842317bc2c9e3703e162dfa70548b6c2",
                "04c29703d32b4ffdb06da207e685f803b74ef6ff51a0649e0a4a093b1f5be303",
                "d53647f039159281615350ac2327ceedd338d3ce02eabb8201959fe577e26037",
                "3b341c71d8f25189a828ad06ffc48dd6fe4c19c05f4879c64aa62af2cdcd7419",
                "70adca7d8fe8ab82ac94ea925502e273c7e39767ec37041ebfe2bd29a2ac7221",
                "881446520bff1adefb33643a2f351a15379da2538445e0f20af8f7b564a6e11d",
                "9a69d948bad61f5172e51e7ae61f46cae6fd15ad37496c6578332daef8abcaf8",
                "c94bfafc859b1e8c4aa7da01d0da77ddf9770aa24f2ef8e1d54ce14628e4f2a3",
                "c885e3af954faac0353aa2bdf232bd1bd2848990d8d027d633d77321d6bbb7a9",
                "e835aff0b539d486f4108780a2757c426ee5e7e9e013c745bfcf28aff36ca6c0",
                "1bbb1c52e813b5cf9f9e23bbc184bdf7350d7c1f0fad05c82aa75c3b520a490c",
                "87a9b0c0dc3a6cf4a5805c8cc2e6cdf383f2fa349d34742a777c3b3763436203",
                "024ba86dc3416367faf11dff0a7a88aa787e931b6e088f4c926747c84d853d17",
                "be038188cb8dce26d14376e53ec0ec8b14e14cc7bc4e6e37e2801df145f81280",
                "b761c45506c06ee8c0da607229f5565d6e2bf4f95b95fba55f0217d3fdfd28c0",
                "9d46e15cd4b11f80a9148ea10414cf13f41841e9865bc83e7c4be5320c121a0f",
                "a5f52244a147c1dfd8af58c5bfdfc951c5abbd61ae14715c22ecd470ff1f4cab",
                "7ed5ed40d7ae8555a3be6417fbee257f8bd0952722d7afb372073aee5fae5a04",
                "5ecd3511f36a1daf6efae24adb9826f848c45607745648ccc842036acc09e23d",
                "347f7c20d642bd2501bb72b9befb6a81a39c1ebeb9ccdcd855c48745f4b00d6e",
                "9a0d11baa242635e9c047a6b14260056fe39138ffea2631afef122b2fbb5848b",
                "cababc5dc4755b6a2b3de47664173b51961ec4100676ca515ee8f48ff05f250c",
                "0f939690384a57add634b95efa085a214dfedb8a5b93794657effa89fa177de9",
                "45264eda9f84930ca57ce162be02f6a52810b57dbb6d6db3c16c1aa949ef7bba",
                "69a62946d5e9e76a92f84066604a9f0f5665a88fecb5dc26ee2d42ae0bbe3ede",
                "1490c1b5890597cbe0508896a8dfcdfad28fc79f241b7a827b47fed60fddf392",
                "ebee654228a5010a4a55c2ecf32d4460336062a88336516e77f8ddba66e49a65",
                "12d0f12dc6f4adf51675f6d29ec56a681aaf525d94ea2cc471de96a64f1908b7",
                "79d1b6984c64fda0b7094fc4d1f31daea8c5e52f1fcc6cee1cdc730bde11ac68",
                "f2674dd9cbc6dd7ddcab91df0424ab33572e35e1c46ac5eb8181a74c8afcb552",
                "44d915e56603a9f2f49fd1dc96f0c21236495cd68942a763353da632ce2d408d",
                "20ded8704cf9843b4024ee9cf2064f6eddefb27a0d339db1b7d47033b59f3f9a"
            ],
            "type": "XHR",
            "firstPartyCookies": {},
            "firstPartyCookiesSent": {},
            "exampleSites": [
                "www.programmersought.com",
                "test-english.com",
                "r-lang.com",
                "theliberal.ie",
                "www.gismeteo.ua",
                "techdirectarchive.com",
                "br.fornoob.com",
                "wiki.tellygupshup.com",
                "www.programmerall.com",
                "www.premiumtimesng.com",
                "rave.dj",
                "o7planning.org",
                "samfw.com",
                "tellygupshup.com",
                "balticlivecam.com",
                "gaming-fans.com",
                "www.whatfontis.com",
                "coderoad.ru",
                "www.greatbritishchefs.com",
                "www.restaurantji.com"
            ]
        },
        {
            "rule": "setupad\\.net\\/openrtb2\\/auction",
            "cookies": 0,
            "fingerprinting": 0,
            "subdomains": [
                "prebid-stag"
            ],
            "apis": {},
            "sites": 59,
            "prevalence": 0.000402,
            "cnames": [],