{
    "domain": "setupad.net",
    "owner": {},
    "source": [
        "DuckDuckGo-US"
    ],
    "prevalence": 0.000994,
    "sites": 73,
    "subdomains": [
        "prebid-stag"
    ],
    "cnames": [],
    "fingerprinting": 0,
    "resources": [
        {
            "rule": "setupad\\.net\\/cookie_sync",
            "cookies": 0,
            "fingerprinting": 0,
            "subdomains": [
                "prebid-stag"
            ],
            "apis": {},
            "sites": 62,
            "prevalence": 0.000844,
            "cnames": [],
            "responseHashes": [
                "e53d5a38890f490ac4a65b5f51ec138a7c737157972cecd84300bfa6547fab42",
                "cabebdbed29fac8fc4f94787d3ec1055459640777276e19c9adb935bfa4e295f",
                "57ce2b08ef8da65d0f5627d6e41c7725efd32d3e377dea3c91025a375ae93fdf",
                "4e67ef50492d87e33eb2e8a0b19d19cb40f7c575d5da8f6a206340046b511c69",
                "798d7690b88ad3bcab75a5837c40925ed6b124c0e1da7d5532c1ba7fbff47c1a",
                "ee22fb562db2964e756a4e6ee55e7258d5a89cf6269bcfc2935954ecf466ab55",
                "0eaee741cff05047dc7513ffacf9c11ab52c277383f407cdc67d8d8f66991247",
                "b921ea8a3cd12b819f69ce1f75c5fbec52fa443ccfb5dd0d83355d40376ffc83",
                "70f9b89e14d0601cf8c94a2485e9f6b946b456b1c9bdb574c57777d0508e598f",
                "8be4b38139b21cfe353c413f5fa68e944a3e363bea9e7cd15f74027ae02a5626",
                "1cf11a98e547337e04ae44022b5b0fafa8fd09053b06a8e460f0173e149d7d85",
                "fc974f864724cf6ca19f0411444de15451639285e3c636e5bd75254a91ec69e1",
                "3e0a7a41ca350b4dd2d4c962b93ad5c5e02a5da13fff81b2e2ee610cb1458dbe",
                "b3b6433fb3f3e84cf3d29943a3bd6b56160c869c779824f038d8de6e4aff91c0",
                "10abbbdc6111cbca5038e8defb91eeebc3a65500d845bf2ede26e83036787e84",
                "e729f498db27b4db1d9beb2a1a189aa51bb08a2bc4c29df474e71d66cf8a9f59",
                "a6c11d7d03b67d92c030c2cbfe3350ac9dd272af7b157d6ff8119ef49d9a258a",
                "333321d9db09432d7e47ae899428770f798ea66cb9c5d2b3ee98e8d525ee2bec",
                "784bfd9e5bcd11e154cb47b23143115adcd901212868f8b3e8bd5a4c3f2bcb0d",
                "8a00273db0cf7e11b353da4d0e184b8e4e882f4a5b889cab1184e5cb43a74385",
                "b78f500f0be7fedfc8c692dcd950ce0ac35c86621dc640d2993ce36638c9160a",
                "ba88cadc97378429ba03ba00c3559a04686a5ee71d8756365d6425d60a1dd4c6",
                "a4bd2932b0269d0004e5d1ab25afc2688fb69052ec6bf8dd45885e1a2bf84ef2",
                "b0217dc1bd49786bdc86d22101365107c89b949914ef5d2236b6644aa0c22cf2"
            ],
            "type": "XHR",
            "firstPartyCookies": {},
            "firstPartyCookiesSent": {},
            "exampleSites": [
                "www.parlons-basket.com",
                "www.investorvillage.com",
                "www.lrytas.lt",
                "ecloniq.com",
                "azra.ba",
                "www.sena.lt",
                "getmodsapk.com",
                "apksaver.com",
                "pharmajobalert.in",
                "ets2.lt",
                "ezgif.com",
                "namesfolder.com",
                "pharmawisdom.co.in",
                "www.gismeteo.lt",
                "www.naijaloaded.com.ng",
                "kaunas.kasvyksta.lt",
                "spogulis.baltic-course.com",
                "www.gismeteo.ua",
                "www.arabic.chat",
                "wordle.danielfrg.com"
            ]
        },
        {
            "rule": "setupad\\.net\\/openrtb2\\/auction",
            "cookies": 0,
            "fingerprinting": 0,
            "subdomains": [
                "prebid-stag"
            ],
            "apis": {},
            "sites": 62,
            "prevalence": 0.000844,
            "cnames": [],
            "responseHashes": [
                "6b559df21c5179bdc4559cd7a3b0a0c623f14319241f2145549b1c80f7eade13",
                "794383545a678bd1702c6480c0ecf07da22bab5e24f03d204cf2a44960e83545",
                "728963a4895d96f68f81b5165c895a952d36de1d8448ee8747e50d73c9c05181",
                "f03912c67e89cffee27ef523e639cc9910048163f611007e0f12bc9088c769dd",
                "8bd33ff1caf58bb93a2483fa49d6eb4622542ec7610071e29965c2e48c1ba351",
                "6719f5f09893796aa9d245f9747a8a1d09e8867d1b44a4cad88820b0e28d705e",
                "e82e34427c8dcd25a79ee243ad9ffbba3aed67da1b5fbbc073719851a6632975",
                "3a1f363674ff47a541ada553efe57f0eab69791cf835df745ac6d562c73305d1",
                "33565e45bcb848cc48f84cbe63b2ad0525bbe159a0fdd265cdaf7def32114ccc",
                "bcad8184bcb8671214d17ebfceba79e29ed1397c409509f77a10edfcaf808334",
                "9cfc686d9f9c71b5961199b64b1d563245c5f8dfaa3f689185adb19946c785a2",
                "8f40838a5c372bc3c75d3682c5cc858ccec13387d426579c0f77c00ef1225984",
                "d7f561fa88bcd54615f52eb24ede2744ad00490dc9d209e1c320b2dae7b68b73",
                "664af02be3fee689658c833f49a0464f9c430ca674d7bf99740c31521db1686b",
                "00b6c880f945c1b7dc625f78f95587cbe65621c5e8c4a7908c5daca60be8db28",
                "beef421cbb890df02cbf3340d4dec02da3b7fda701123d4a75978e879ac6bb3c",
                "aee39a3c3ae3722122d60d6e516a63c3ca37bfc663ca8a4a46744a644ba7824f",
                "dad8b89e0ac87ef4d4224f1576540def9915bc51689ede8cf0e2da7c0e1c1793",
                "45c9a2e0da006a2a4d817a3cbe705339f5ad098f1fddd163d00330894c39a7e1",
                "0f42b4111acbef54d628a0b0cf78f42b690cbf23617ca097f49902a80dc3f49a",
                "35ba55c231d02fd4cad448965927a9485dfadd21ffb115db4948da76b6cad64a",
                "8db8ed81f3c981fa2192865710f5fe862bbe5e2ee2636a3f834a18b59bbee002",
                "35a1f99124adaa36e3a43290e751dc9d2e0a09f7b898ea701457974b93cf5484",
                "6eb903e552a828eade7d4e485b2661a2582dd4f9282f90a442d3cdd8be431274",
                "e8f09ca92b696300be7619c34d293fc0b967738b44aa25df2379324bc6d25429",
                "c77e5e78d54642c6a2197c94fc66c5a2198629fc0b489b58488826cc0a273641",
                "232362a16716dd39b4e8bba7ee16c4a52811466b46121264ded4451d08d69f39",
                "00566e1ef0e086258dd515c3762b672044b358d84082833e9ce8e5bba0f5f18c",
                "9a2d7ac7e9b18930796ca8ec6fcd70d300278714f1548f1b984eb3c3b6de54f9",
                "4827ba667db4fb5850348db5ab60c7b4ba7990f6dd1a85fbdfb81f7cddf2abc4",
                "796e70c03c715174348a8b9e7395425ca144e730858886116005e0536ef563c0",
                "526f1badd5491404ca6c9111c39e090aea2b98404b75072030cfe489e790ac6a",
                "a0e762914a539cce7226693869bd8c6d9e92ecb7814cf9104055475becb98246",
                "9e0b6088a8d2b9510fa456fea90e52f77504e33e708e69bdb7bb702be20da173",
                "7de8d4a95bf0177d264b0d5c9e74ed5d474794ba084df07c79aab02095671f7e",
                "69fc108154f7986e2faa0bc6fcf4c64e5c3b4e4236256afa2840d0286d5aa3df",
                "ff517809827895a143d482899760fd0b3b540f37355906fc5a76342a5ff981ab",
                "7b13e00f57b5dc4051492968a2986ca30c2c9c89b309af120cdcd8f871b3991d",
                "5449e460a129cbc5727b0446102437062f7af309d8a931ca28393a9e0116c4dd",
                "4aab1c85dd76a15de25c6c689941fcd1a4d9571090052f5099e0d2beb86148b1",
                "bb8f337ffa7aed6b73188a908570becd60d691a3fec3d90906a21ab0624d04f8",
                "d929289ba1df6b14d136a967afa921519265b864842b4ad0df74dfc4b975c8a1",
                "75b6ae23f231fc0d0a2e465c414a9af3f3ce3e083186799ee8cdd2608ecbe9f8",
                "4fdfafc78db324ae27e9035eed76df682771b06b5c80a999c65fbb6ea4939a1c",
                "0f4ab44341d5e664979c3ec9e2fd29f23c004bf06c8dac7a650192a09e5a85b9",
                "17bf7252b7d0c60b80c925c746fd805a61f43eb91bbb4b6994d4ec9735d59218",
                "89cfe8612965d2cd4911c0e8f31f1660945dd58370c8798b592d99f4d5db97a6",
                "5dd8da68133767816944b64c4e49c44ea6271c0aa1e1eb7c9a822f97729a8448",
                "cbaa48d6bc505b9441ce2deb5a91dfc81fd1516f493cf4ce2074e16334425a5b",
