{
    "domain": "sezzle.com",
    "owner": {},
    "source": [
        "DuckDuckGo-US"
    ],
    "prevalence": 0.00015,
    "sites": 22,
    "subdomains": [
        "widget",
        "tracking",
        "geoip",
        "media",
        "checkout-sdk"
    ],
    "cnames": [],
    "fingerprinting": 1,
    "resources": [
        {
            "rule": "sezzle\\.com\\/v1\\/javascript\\/price-widget",
            "cookies": 0,
            "fingerprinting": 0,
            "subdomains": [
                "widget"
            ],
            "apis": {},
            "sites": 12,
            "prevalence": 0.0000817,
            "cnames": [],
            "responseHashes": [
                "a602b8d1003e79fbfcab75d8c3a20f611c9fdb4e29e674e9fe9caf47b10cf6d5",
                "184dee07c9ab4f34e7e4874b1516f95ccd7611e7fb5f3ef4a585d3571e2a343f",
                "af3a6ef3174c2c2a7e9a442c9289009bf77d229392ef0b4d77855224f5f1f6a4",
                "ea4f34e1edc29343df12d64d0e7a1c0d10221510aeb1df163e0262cfb65030fb",
                "ab89baee50b880692be9e65609f22016e326e572a9353b5c64c9434212e7c93a",
                "c0869267b79411b1ddb7a429838370f146ad6fba6e9009cb2acc60e60d79d3ca",
                "bd0481107db6a976fcde1276f8648f9c5b00a2df5759cdd7939d4a2231cc34e4",
                "501aed6fab77effaa7c55aa2ae384f711eb9fba0e64dfa0ffdc400c039fdab69",
                "5aae1dea7b516f1d633fbc210a36ea812c94f7e94d632a547478258baee38d2b",
                "ef68ecb17d0fc117de4864b1188cef37d76091697c548cb74d343402d49a30de",
                "4c2b049f64bf1b7eb151adc9302ce4c0224d5d07f61329cc1bbad7d9499212d0"
            ],
            "type": "Script",
            "firstPartyCookies": {},
            "firstPartyCookiesSent": {},
            "exampleSites": [
                "echt.com.au",
                "hauteflair.com",
                "stepone.life",
                "www.beaybl.com",
                "www.fleshlight.com",
                "www.ima-usa.com",
                "www.lehmans.com",
                "www.oldschoollabs.com",
                "www.peakdesign.com",
                "www.spartan.com",
                "www.touchofmodern.com",
                "www.wolf4x4.com.au"
            ]
        },
        {
            "rule": "sezzle\\.com\\/",
            "cookies": 0,
            "fingerprinting": 0,
            "subdomains": [
                "tracking"
            ],
            "apis": {},
            "sites": 12,
            "prevalence": 0.0000817,
            "cnames": [],
            "responseHashes": [
                "2459ae05713a8311fcf9d8dcbe6edf9cff1b73bbfde49e5948413f8e06ed0362"
            ],
            "type": "Document",
            "firstPartyCookies": {},
            "firstPartyCookiesSent": {},
            "exampleSites": [
                "echt.com.au",
                "hauteflair.com",
                "stepone.life",
                "www.beaybl.com",
                "www.fleshlight.com",
                "www.ima-usa.com",
                "www.lehmans.com",
                "www.oldschoollabs.com",
                "www.peakdesign.com",
                "www.spartan.com",
                "www.touchofmodern.com",
                "www.wolf4x4.com.au"
            ]
        },
        {
            "rule": "sezzle\\.com\\/main-1610465065938\\.js",
            "cookies": 0.0000817,
            "fingerprinting": 1,
            "subdomains": [
                "tracking"
            ],
            "apis": {
                "Navigator.prototype.userAgent": 12,
                "window.localStorage": 12,
                "Document.cookie setter": 12,
                "Date.prototype.getTime": 12
            },
            "sites": 12,
            "prevalence": 0.0000817,
            "cnames": [],
            "responseHashes": [
                "db667b41e50c0e0da64755781aa04a29008c8b59bcb2f24084967da8be8d7951"
            ],
            "type": "Script",
            "firstPartyCookies": {},
            "firstPartyCookiesSent": {},
            "exampleSites": [
                "echt.com.au",
                "hauteflair.com",
                "stepone.life",
                "www.beaybl.com",
                "www.fleshlight.com",
                "www.ima-usa.com",
                "www.lehmans.com",
                "www.oldschoollabs.com",
                "www.peakdesign.com",
                "www.spartan.com",
                "www.touchofmodern.com",
                "www.wolf4x4.com.au"
            ]
        },
        {
            "rule": "sezzle\\.com\\/v1\\/geoip\\/ipdetails",
            "cookies": 0,
            "fingerprinting": 0,
            "subdomains": [
                "geoip"
            ],
            "apis": {},
            "sites": 13,
            "prevalence": 0.0000885,
            "cnames": [],
            "responseHashes": [
                "366373cd87db6143e48899ca83c62a30a663f975f0235ee2e9672bbd0f229c85"
            ],
            "type": "XHR",
            "firstPartyCookies": {},
            "firstPartyCookiesSent": {},
            "exampleSites": [
                "echt.com.au",
                "hauteflair.com",
                "stepone.life",
                "www.beaybl.com",
                "www.fleshlight.com",
                "www.ima-usa.com",
                "www.lehmans.com",
                "www.oldschoollabs.com",
                "www.peakdesign.com",
                "www.spartan.com",
                "www.touchofmodern.com",
                "www.wickedweasel.com",
                "www.wolf4x4.com.au"
            ]
        },
        {
            "rule": "sezzle\\.com\\/v1\\/event\\/log",
            "cookies": 0,
            "fingerprinting": 0,
            "subdomains": [
                "widget"
            ],
            "apis": {},
            "sites": 13,
            "prevalence": 0.0000885,
            "cnames": [],
            "responseHashes": [
                "5042c15d11141a168aac36b91fefb9e8a5400de64b810b0d0bd53b10dcee07ab"
            ],
            "type": "XHR",
            "firstPartyCookies": {},
            "firstPartyCookiesSent": {},
            "exampleSites": [
                "echt.com.au",
                "hauteflair.com",
                "stepone.life",
                "www.beaybl.com",
                "www.fleshlight.com",
                "www.ima-usa.com",
                "www.lehmans.com",
                "www.oldschoollabs.com",
                "www.peakdesign.com",
                "www.spartan.com",
                "www.touchofmodern.com",
                "www.wickedweasel.com",
                "www.wolf4x4.com.au"
            ]
        },
        {
            "rule": "sezzle\\.com\\/v1\\/event\\/log",
            "cookies": 0,
            "fingerprinting": 0,
            "subdomains": [
                "widget"
            ],
            "apis": {},
            "sites": 13,
            "prevalence": 0.0000885,
            "cnames": [],
            "responseHashes": [],
            "type": "Preflight",
            "firstPartyCookies": {},
            "firstPartyCookiesSent": {},
            "exampleSites": [
                "echt.com.au",
                "hauteflair.com",
                "stepone.life",
                "www.beaybl.com",
                "www.fleshlight.com",
                "www.ima-usa.com",
                "www.lehmans.com",
                "www.oldschoollabs.com",
                "www.peakdesign.com",
                "www.spartan.com",
                "www.touchofmodern.com",
                "www.wickedweasel.com",
                "www.wolf4x4.com.au"
            ]
        },
        {
            "rule": "sezzle\\.com\\/shopify-app\\/assets\\/sezzle-styles-global2\\.0\\.14\\.css",
            "cookies": 0,
            "fingerprinting": 0,
            "subdomains": [
                "media"
            ],
            "apis": {},
            "sites": 10,
            "prevalence": 0.0000681,
            "cnames": [],