{
    "domain": "simplewebanalysis.com",
    "owner": {},
    "source": [
        "DuckDuckGo-US"
    ],
    "prevalence": 0.000762,
    "sites": 56,
    "subdomains": [],
    "cnames": [],
    "fingerprinting": 0,
    "resources": [
        {
            "rule": "simplewebanalysis\\.com\\/px\\.gif",
            "cookies": 0.000395,
            "fingerprinting": 0,
            "subdomains": [],
            "apis": {},
            "sites": 29,
            "prevalence": 0.000395,
            "cnames": [],
            "responseHashes": [
                "e3b0c44298fc1c149afbf4c8996fb92427ae41e4649b934ca495991b7852b855"
            ],
            "type": "Image",
            "firstPartyCookies": {},
            "firstPartyCookiesSent": {},
            "exampleSites": [
                "telugusexstories.org",
                "www.hentairules.net",
                "jmcomic1.win",
                "sxyprn.net",
                "hotdesipics.co",
                "freeadultcomix.com",
                "manytoon.com",
                "thatpervert.com",
                "thaihotmodels.com",
                "18comic.cc",
                "www.matureuniversity.com",
                "mangaraw.ru",
                "www.sxyprn.net",
                "www.kink.com",
                "javhd.com",
                "lover900.net",
                "ww9.readonepiece.com",
                "orzqwq.com",
                "eggporncomics.com",
                "www.ekasiwap.com"
            ]
        },
        {
            "rule": "simplewebanalysis\\.com\\/stats",
            "cookies": 0.000381,
            "fingerprinting": 0,
            "subdomains": [],
            "apis": {},
            "sites": 28,
            "prevalence": 0.000381,
            "cnames": [],
            "responseHashes": [
                "59dc4022f1c5d06190f41702085bd77552db686135349aefc711f0f56cf7f483",
                "99c8dd8fd470efaa04e4922e0348fb5168f4f985f5d8eb49d8631bfc59b858d4",
                "cc4f976e1d3054351e1155d14353711db389a71070bf0c84b6148634c85ad8bf",
                "dc5ffd57be96c660c9a641ad3fe4149ee9cd5cc970a36ff219963c0614f59c53",
                "3109ca4bca47a3bf0826ce22b0a6e30b714cf650501b6927930386e63cb39858",
                "543fe44e55d904c742984b0da71796aea9deaa6bc9a7d3795bcf67ebf0520592",
                "d3a90591d3abe8ef7357fc186211288a619bc1a7c3077472800e48fb51c2426f",
                "4cecef46dd85dbe3416e3c713e50f7360f4d51a7247b206b7dd667a9e4a8e31f",
                "b5e16e8c6d3297a957b36313c81dee3ec6392c072dffde07a6596a794a812512",
                "ace3f5a7b3c91e9be375c9485b0ba1ef30906bab99324c6c455126c87e5ba6ab",
                "896e741c5f5ad570a290c75f4122fa89bed2e607f4731ce522af5cbb573ecdf9",
                "ce564647c22b714f79e4f9ad20b3d343c54f4b4d79d27b2150d85bb7ec2fbd87",
                "06ae9c157668eb791ae2164a18179144ed61a146b63721f62855f2386979bac8",
                "8c76fbd8f96494aa48812cf3e31226eef2005c35b270baa225999facd6680b18",
                "0a9d7557d4b27d0e99d98eef400feeac7c71ca28c4f90266551bc628c74f64ef",
                "1d1705038a8098cfb527d78565d75d388e2cc5e887e309dad26e003e12768782",
                "a898081a6af7f4930fa95ca76564a44719098c4fb0af298268d2f939dd5fc7fb",
                "43c26826dc3161f59dd7b7641a0d9ed53859805e1a834e89712ac161b00a144f",
                "a5678e5a639a9d8ac7cca732eb03d5f611cd2d88cbdc4fd11b6389108ae9cc40",
                "2b14140833ad32a9c476fdb54e579533af64823f2df6166ac487e018df625c59",
                "90fc4ec7d91118234c68aa59b69b2e0c3638230a1f75738eb0039cb78a790db9",
                "3ad7e754ab157a7a2a0b8c05b63deb397f947e1121b3f7f09815cc11e6936976",
                "f12a7657dd739db819d24f21a66386a7c1b8351a94cbbe668fc67662b6f000ce",
                "110ae5b2703e1aff13e9cd8d6727f4bbce43c73ebdb05bf4a428eaec16d0315e",
                "dc1b2d2b00512f382f1bf4d1d291229b5c3e25756bdbd22c7a798fbcde0fe725",
                "e078c73bbe3321087bc9e25c6c8370cebed30b12def1ff9dbb2a2bfbf4114dfe",
                "b175e81ef253f750e77e25f1e27aa7e39d35016aed46328a65783e53c65bc819"
            ],
            "type": "XHR",
            "firstPartyCookies": {},
            "firstPartyCookiesSent": {},
            "exampleSites": [
                "ww2.ibomma.cc",
                "newchoti.com",
                "m.tarjetarojatvonline.sx",
                "thaihotmodels.com",
                "w3.123animes.mobi",
                "www.aflamk1.net",
                "looti.org",
                "ww3.ibomma.one",
                "arabsex1.com",
                "www4.javxxx.me",
                "www1.divxfilmeonline.net",
                "ww3.ibomma.cc",
                "shahvani.com",
                "ww4.ibomma.cc",
                "avizoone.com",
                "www3.bestjavporn.com",
                "ww2.ibomma.one",
                "kinox.top",
                "tenies-online.best",
                "clicksud.biz"
            ]
        }
    ],
    "categories": [],
    "performance": {},
    "cookies": 0.000762,
    "topInitiators": [
        {
            "domain": "twistconcept.com",
            "prevalence": 0.4696969696969697
        },
        {
            "domain": "first party",
            "prevalence": 0.18181818181818182
        },
        {
            "domain": "ibomma.cx",
            "prevalence": 0.09090909090909091
        },
        {
            "domain": "whisperfog.com",
            "prevalence": 0.06060606060606061
        },
        {
            "domain": "liaisondegreedaughters.com",
            "prevalence": 0.06060606060606061
        },
        {
            "domain": "acediscover.com",
            "prevalence": 0.030303030303030304
        },
        {
            "domain": "snorefamiliarsiege.com",
            "prevalence": 0.030303030303030304
        },
        {
            "domain": "washsilly.com",
            "prevalence": 0.015151515151515152
        },
        {
            "domain": "tarjetarojatvlive.com",
            "prevalence": 0.015151515151515152
        },
        {
            "domain": "eldestequivalentdrain.com",
            "prevalence": 0.015151515151515152
        }
    ],
    "types": {
        "Image": 29,
        "XHR": 28
    },
    "nameservers": [
        "ns-1808.awsdns-34.co.uk",
        "ns-796.awsdns-35.net",
        "ns-1167.awsdns-17.org",
        "ns-398.awsdns-49.com"
    ]
}