{
    "domain": "sirdata.io",
    "owner": {},
    "source": [
        "DuckDuckGo-US"
    ],
    "prevalence": 0.000129,
    "sites": 18,
    "subdomains": [
        "contextual"
    ],
    "cnames": [],
    "fingerprinting": 1,
    "resources": [
        {
            "rule": "sirdata\\.io\\/api\\/v1\\/public\\/script",
            "cookies": 0,
            "fingerprinting": 1,
            "subdomains": [
                "contextual"
            ],
            "apis": {
                "Navigator.prototype.product": 11,
                "Navigator.prototype.userAgent": 11
            },
            "sites": 11,
            "prevalence": 0.0000786,
            "cnames": [],
            "responseHashes": [
                "bdcfe544db5b45dce68947ee47c5307f1cae8ed703e3d414c64f7e3d67f03311",
                "6dc09669a353cc322bfbda7b789294938c417e7246867e6fe2beeda392cfd272",
                "8f604ce6febf1c933eaf06646249f80b34bf3eb8cbb8973198848403cf53c78d",
                "db353350d5abb0d4214ce851a59f44867bafa9d6d5ef4a25f66c512dc000065c",
                "9f6b197f6e9a9edda369297df1b8fe00ca6c071cb392f708ea8fea1adcb125dd",
                "a3d6c7b0b035e035f5ed191557f787472679c5704e9b7384263e6c342cc8f3ca",
                "4e9b8d38dcd55f25d6172263fcbedbcaf65ed9601ddac629ec9d7f88cea0b123",
                "6115d5416d4e5d4592ed82273931d5bad5af48292795910b79b70be3365ccd6a"
            ],
            "type": "Script",
            "firstPartyCookies": {},
            "firstPartyCookiesSent": {},
            "exampleSites": [
                "societe.com",
                "dirigeant.societe.com",
                "www.laposte.fr",
                "www.laposte.net",
                "www.latribune.fr",
                "www.lepoint.fr",
                "www.lesfoodies.com",
                "www.maxifoot.fr",
                "www.petitfute.com",
                "www.pourquoidocteur.fr",
                "www.societe.com"
            ]
        },
        {
            "rule": "sirdata\\.io\\/api\\/v1\\/public\\/contextual",
            "cookies": 0,
            "fingerprinting": 0,
            "subdomains": [
                "contextual"
            ],
            "apis": {},
            "sites": 4,
            "prevalence": 0.0000286,
            "cnames": [],
            "responseHashes": [
                "d5c825981d308f1840dee4772f0b78fb41f3e7e8e38e08b6e5820e01768b6885",
                "7ed2299f267348c5f44e4bb5ec4d3aca5d0aae58c386bac921c64a93048b380c"
            ],
            "type": "XHR",
            "firstPartyCookies": {},
            "firstPartyCookiesSent": {},
            "exampleSites": [
                "societe.com",
                "www.lesfoodies.com",
                "www.petitfute.com",
                "www.societe.com"
            ]
        },
        {
            "rule": "sirdata\\.io\\/api\\/v1\\/public\\/contextual",
            "cookies": 0,
            "fingerprinting": 0,
            "subdomains": [
                "contextual"
            ],
            "apis": {},
            "sites": 4,
            "prevalence": 0.0000286,
            "cnames": [],
            "responseHashes": [],
            "type": "Preflight",
            "firstPartyCookies": {},
            "firstPartyCookiesSent": {},
            "exampleSites": [
                "societe.com",
                "www.lesfoodies.com",
                "www.petitfute.com",
                "www.societe.com"
            ]
        }
    ],
    "categories": [],
    "performance": {},
    "cookies": 0,
    "types": {
        "Script": 11,
        "XHR": 4,
        "Preflight": 4
    },
    "nameservers": [
        "hal.ns.cloudflare.com",
        "kiki.ns.cloudflare.com"
    ]
}