{
    "domain": "sitest.jp",
    "owner": {},
    "source": [
        "DuckDuckGo-US"
    ],
    "prevalence": 0.000272,
    "sites": 20,
    "subdomains": [],
    "cnames": [],
    "fingerprinting": 1,
    "resources": [
        {
            "rule": "sitest\\.jp\\/tracking\\/sitest_js",
            "cookies": 0.0000817,
            "fingerprinting": 2,
            "subdomains": [],
            "apis": {
                "Navigator.prototype.cookieEnabled": 7,
                "window.localStorage": 7,
                "Navigator.prototype.userAgent": 7,
                "Document.cookie getter": 7,
                "Navigator.prototype.appVersion": 7,
                "Screen.prototype.width": 7,
                "Screen.prototype.height": 7,
                "Date.prototype.getTime": 7,
                "window.innerWidth": 6,
                "window.innerHeight": 6,
                "Document.cookie setter": 6,
                "Navigator.prototype.language": 6,
                "Event.prototype.timeStamp": 2
            },
            "sites": 20,
            "prevalence": 0.000272,
            "cnames": [],
            "responseHashes": [
                "e3b0c44298fc1c149afbf4c8996fb92427ae41e4649b934ca495991b7852b855",
                "a08edd868beb46fa18c7f8929aff790a4f99debb441ea8b10f1b152127d88e03",
                "15411ed1a6d64ced8594fdb24ed2981f75605d9e3b7c7eb33af2e1e31878a458",
                "6a0509a1321222522df1500da62b3667f16aebfec5a8cc9fa18208e8c85a2092",
                "0dd66778be163fdeedfee319783fd40ec7f6d97f99d92f51dd6348180cc42781",
                "dcb5b965979f001de7ae704a5512dccb79dd3acdca8e4302c9d74f550b852af7",
                "616da770106e6128e2a712ffd3d26d0223cefedaacb5a51a5f438b385e4fccca",
                "6206cdca619ca2c285dec1819ad2716486aab3651acff32011100523e398f2ce"
            ],
            "type": "Script",
            "firstPartyCookies": {
                "sta": {
                    "ttl": 31536007,
                    "length": 10,
                    "prevalence": 0.00008167265599477295,
                    "uniqueness": 1
                },
                "stb": {
                    "ttl": 1807,
                    "length": 10,
                    "prevalence": 0.00008167265599477295,
                    "uniqueness": 1
                },
                "stc_Experiment_60808": {
                    "ttl": 31536017,
                    "length": 1,
                    "prevalence": 0.000013612109332462159,
                    "uniqueness": 1
                },
                "stc_Experiment_61719": {
                    "ttl": 31536017,
                    "length": 5,
                    "prevalence": 0.000013612109332462159,
                    "uniqueness": 1
                },
                "ste": {
                    "ttl": -1673098426,
                    "length": 4,
                    "prevalence": 0.000013612109332462159,
                    "uniqueness": 1
                },
                "stc_Experiment_60829": {
                    "ttl": 31536004,
                    "length": 1,
                    "prevalence": 0.000013612109332462159,
                    "uniqueness": 1
                }
            },
            "firstPartyCookiesSent": {
                "_schn": 0.000013612109332462159
            },
            "exampleSites": [
                "bandai-hobby.net",
                "bape.com",
                "biz.moneyforward.com",
                "comic.iowl.jp",
                "expense.moneyforward.com",
                "mama.chintaistyle.jp",
                "netanswerplus.saisoncard.co.jp",
                "service.shop-list.com",
                "shop-list.com",
                "spaia-keiba.com",
                "teller.jp",
                "tsuiran.jp",
                "web.ultra-soccer.jp",
                "www.abc-clinic.com",
                "www.bizmates.jp",
                "www.cr.mufg.jp",
                "www.lecreuset.co.jp",
                "www.saisoncard.co.jp",
                "www.yamada-denkiweb.com",
                "www.y-aoyama.jp"
            ]
        },
        {
            "rule": "sitest\\.jp\\/tracking\\/api\\/url_resources",
            "cookies": 0,
            "fingerprinting": 0,
            "subdomains": [],
            "apis": {},
            "sites": 7,
            "prevalence": 0.0000953,
            "cnames": [],
            "responseHashes": [
                "f2304c6c5363a27d0fdcc797cf2934b37c7b6463ed57dcab060c5c3f1c2eecb7",
                "80e84f2e8d340ab68b8f3033cb7dfda683db4121bd7b52b8993889b76c443433",
                "e6e1b05ff0b0bcf6c757f2b86055a4041131bd58638f4194533a90c5ec20e696",
                "602ab9252478544ebedd64851b57a2cd4829a6918e0d52eb7c11700774bbeac3",
                "9c26407ed7ccc18d9a1badf655a34cab6070d8d9bf66899dd0ae3baeaceac21c"
            ],
            "type": "XHR",
            "firstPartyCookies": {},
            "firstPartyCookiesSent": {},
            "exampleSites": [
                "moneyforward.com",
                "expense.moneyforward.com",
                "netanswerplus.saisoncard.co.jp",
                "spaia-keiba.com",
                "teller.jp",
                "www.bizmates.jp",
                "www.saisoncard.co.jp"
            ]
        },
        {
            "rule": "sitest\\.jp\\/tracking\\/api\\/visitors\\/",
            "cookies": 0,
            "fingerprinting": 0,
            "subdomains": [],
            "apis": {},
            "sites": 6,
            "prevalence": 0.0000817,
            "cnames": [],
            "responseHashes": [
                "fd70bebae1179cf46ff1991acf4414f86c284edcf4bca8f38f7f0d4d685a1800",
                "5daa957e17cdbee2172cd485bbf7eca5bd4540d273de20c70bb44b69534526ca",
                "d8373b4fb4f87fb6c99ad94ce4c17512b1aea2ee1a3967b9b9d7bd44f55ff69f",
                "d9146b9ff1802c32a665c8e3b2fb4d2f481d813eea8357d62040d354c20c1026",
                "22377f628d7b503ff1415c93865b9ed57c2306f4a9b0b5d4a78d5a18cb3eb282"
            ],
            "type": "XHR",
            "firstPartyCookies": {},
            "firstPartyCookiesSent": {},
            "exampleSites": [
                "moneyforward.com",
                "expense.moneyforward.com",
                "netanswerplus.saisoncard.co.jp",
                "spaia-keiba.com",
                "www.bizmates.jp",
                "www.saisoncard.co.jp"
            ]
        },
        {
            "rule": "sitest\\.jp\\/tracking\\/api\\/visits\\/",
            "cookies": 0,
            "fingerprinting": 0,
            "subdomains": [],
            "apis": {},
            "sites": 6,
            "prevalence": 0.0000817,
            "cnames": [],
            "responseHashes": [
                "97f0cfe1964454969d67a38b4f8c5f89e60c992f43e29adf07148455f315de03",
                "7633ff9fa4defdedfe38521f42071411167f28d753fb267eb8e9ef3a02fbeeb9",
                "b2fda2cf37ed90f9853b162e745ff24a1521a6e8f56cafe6471879a3574686e0",
                "21a19e87031d58bf221d182075ed0a2b939ca48eb60b4fa089e9e70e920648bf",
                "0d21775c383a8712bf0ab616239122b00bc060c4bf9af4b24fb589644bfc8701"
            ],
            "type": "XHR",
            "firstPartyCookies": {},
            "firstPartyCookiesSent": {},
            "exampleSites": [
                "moneyforward.com",
                "expense.moneyforward.com",
                "netanswerplus.saisoncard.co.jp",
                "spaia-keiba.com",
                "www.bizmates.jp",
                "www.saisoncard.co.jp"
            ]
        },
        {
            "rule": "sitest\\.jp\\/tracking\\/api\\/pvs",
            "cookies": 0,
            "fingerprinting": 0,
            "subdomains": [],
            "apis": {},
            "sites": 6,
            "prevalence": 0.0000817,
            "cnames": [],