{
    "domain": "site24x7rum.com",
    "owner": {
        "name": "ZOHO Corporation",
        "displayName": "ZOHO"
    },
    "source": [
        "DuckDuckGo-US"
    ],
    "prevalence": 0.000408,
    "sites": 59,
    "subdomains": [
        "static",
        "col"
    ],
    "cnames": [],
    "fingerprinting": 2,
    "resources": [
        {
            "rule": "site24x7rum\\.com\\/beacon\\/site24x7rum-min\\.js",
            "cookies": 0.000138,
            "fingerprinting": 2,
            "subdomains": [
                "static"
            ],
            "apis": {
                "Navigator.prototype.userAgent": 21,
                "PerformanceTiming.prototype.navigationStart": 21,
                "Date.prototype.getTime": 21,
                "Document.cookie getter": 20,
                "Document.cookie setter": 20,
                "Screen.prototype.height": 21,
                "Screen.prototype.width": 21,
                "Navigator.prototype.connection": 21,
                "Navigator.prototype.deviceMemory": 20
            },
            "sites": 37,
            "prevalence": 0.000256,
            "cnames": [],
            "responseHashes": [
                "125f8116aa11c34738a29db6f83cadf2439ca8fbd96369214a59bc15a0658daa",
                "c4efa3c92382c4fe5adacb6db0c47920e6955aa9941534fc9b1e6116e618c6a5",
                "4f62cdfa258897e2b9e87d97d289173b0c57585c9fa2c3b0bfd8fc26dee866d2",
                "01ba4719c80b6fe911b091a7c05124b64eeece964e09c058ef8f9805daca546b",
                "84ca1dd5175243d2b6bc266f632e1e35d47ba3a9690002781753acba437e8f9b",
                "d5903544a2bb0acd9decc57aac5aeadba88e05af340034136f2dec57c61b8a42",
                "e8f6f35590fd8e67c2dd9bc9485b9a8077352c2d9811f549645bf62d0f2f17d1",
                "5b5292b469caebba9de42cfa0823f9a207bbd782a2dd8ec5a8ab8c4ae84c7071",
                "173fa64ad06986b8ac996a74a0d9e9ca78b4a3d0a2d2f206f577d778553f373e",
                "fafb343fa6eeb9328ba5a15e8ae1de6ab42403c0df9835084794448d7e78b792",
                "a9a27208b25066714f3c6ba5bcd40b39717a2fab953f4bef7fd143fa716ff8e8",
                "834310ea61f64940cea6b793cc5cbecf0b035433973f6b5219af2f4fc3fc128d",
                "6727b4a07d7224bc9e6068f9ccb57083db291467d3986459a3d4bbb447f1893d",
                "81222e7e4c100f1b72a3225bfb2c83e72700354ad70ef7ac41499f91b335ac6f",
                "49133f74f81208819f26941f62d8545c034a5e57e4ea9cf53f9eb34016b55939",
                "0e167b90a73b7d8d56805a727f6cc48323fdacad448035c803d84ee3fb21bc51",
                "fd208b0dc3e5e94d9194f6117bb087194d3c177b419dd78132b313ed1d456a59",
                "778cb80dd2c21331b46cc80ff2bb5f6cb5b85d4781298d6e07597aca045beccf",
                "7f783957654037308a91eb4932d4fa248a601a24762acc34d44b240f3e53f981",
                "26588e84fbc207cb7ce93354b138acbfdc7eef476183f1a76201a4d31be4fb2b"
            ],
            "type": "Script",
            "firstPartyCookies": {
                "site24x7rumID": {
                    "ttl": 63072002,
                    "length": 43,
                    "prevalence": 0.00013835851458298743,
                    "uniqueness": 1
                }
            },
            "firstPartyCookiesSent": {},
            "exampleSites": [
                "www.oneforisrael.org",
                "fizz.ca",
                "www.greensboro-nc.gov",
                "www.merckvetmanual.com",
                "al-ain.com",
                "www.signaturehardware.com",
                "ksiegarnia.pwn.pl",
                "www.ajio.com",
                "www.myfonts.com",
                "www.ocr.org.uk",
                "www.cambridgeinternational.org",
                "www.fonts.com",
                "www.telesurtv.net",
                "www.indochino.com",
                "www.loewshotels.com",
                "www.vive.com",
                "www.linotype.com",
                "thycotic.com",
                "www.savagex.com",
                "www.professionalplastics.com"
            ]
        },
        {
            "rule": "site24x7rum\\.com\\/rum\\/data",
            "cookies": 0.000145,
            "fingerprinting": 0,
            "subdomains": [
                "col"
            ],
            "apis": {},
            "sites": 21,
            "prevalence": 0.000145,
            "cnames": [],
            "responseHashes": [
                "d371490817f54924439cd86d57c2a049bd3382bf43a1a73346f454a7cacd6b73",
                "5d8f7215350d69fe9e096b4157c425df23643e2c74a8b8b47b9febf4a0512887"
            ],
            "type": "XHR",
            "firstPartyCookies": {},
            "firstPartyCookiesSent": {},
            "exampleSites": [
                "www.fabletics.com",
                "www.justfab.com",
                "morelectricheating.com",
                "www.vive.com",
                "andersonmanufacturing.com",
                "www.myfonts.com",
                "www.signaturehardware.com",
                "www.fonts.com",
                "thycotic.com",
                "fizz.ca",
                "www.cambridgeinternational.org",
                "legislature.maine.gov",
                "www.cambridgeenglish.org",
                "www.indochino.com",
                "fabletics.com",
                "www.linotype.com",
                "www.ocr.org.uk",
                "www.savagex.com",
                "www.loewshotels.com",
                "www.reliasmedia.com"
            ]
        }
    ],
    "categories": [],
    "performance": {},
    "cookies": 0.000249,
    "types": {
        "Script": 37,
        "XHR": 21
    },
    "nameservers": [
        "ns-118.awsdns-14.com",
        "ns-1420.awsdns-49.org",
        "ns-1705.awsdns-21.co.uk",
        "ns-796.awsdns-35.net"
    ]
}