{
    "domain": "skwstat.ru",
    "owner": {},
    "source": [
        "DuckDuckGo-US"
    ],
    "prevalence": 0.0000545,
    "sites": 8,
    "subdomains": [
        "e6",
        "e9",
        "e2",
        "e11",
        "e4",
        "e12",
        "static",
        "data",
        "pl",
        "g5",
        "rtb"
    ],
    "cnames": [],
    "fingerprinting": 0,
    "resources": [
        {
            "rule": "skwstat\\.ru\\/nexus\\/vast",
            "cookies": 0,
            "fingerprinting": 0,
            "subdomains": [
                "e6",
                "e9",
                "e2",
                "e11",
                "e4",
                "e12"
            ],
            "apis": {},
            "sites": 8,
            "prevalence": 0.0000545,
            "cnames": [],
            "responseHashes": [
                "3398a0b2117ceec7c6c28beebc76806e345602e2e127b382d1749184359a3350",
                "a79c12aa03cd7cf16a045f9c34f7ea5264c3b26135f7cce842580ca5fecce118",
                "6dec670763e1ee049e30040bde103e6ceed475c9ff81d721bf7fe1a7a83ee6b8",
                "69ab12375a6f1326d609a6ee7c387268d73155d75c4419ae459fdbe7b3f1a183",
                "89bd8eac0f0343f5af58a2d3cb01952fd8548b0d3fbd153076c6459ba79b8c00",
                "a0f5ac8dbf2ad2c8ac2810ba5ab2cf5a84683e48910fe87e0337fc8e0e934839",
                "be4a79f5a829cf8a03066f75acad20f06e7d0001ede9d160fbc3479ac278772b"
            ],
            "type": "XHR",
            "firstPartyCookies": {},
            "firstPartyCookiesSent": {},
            "exampleSites": [
                "72.ru",
                "ngs.ru",
                "spb.mk.ru",
                "www.elle.ru",
                "www.maximonline.ru",
                "www.mk.ru",
                "www.wday.ru",
                "www.woman.ru"
            ]
        },
        {
            "rule": "skwstat\\.ru\\/data\\/tmp\\.mp4",
            "cookies": 0,
            "fingerprinting": 0,
            "subdomains": [
                "static"
            ],
            "apis": {},
            "sites": 8,
            "prevalence": 0.0000545,
            "cnames": [],
            "responseHashes": [
                "7b982e75606e2eb05703c628fd6d3125f7b846ce9b92bf57a607d55ee959caf6"
            ],
            "type": "Media",
            "firstPartyCookies": {},
            "firstPartyCookiesSent": {},
            "exampleSites": [
                "72.ru",
                "ngs.ru",
                "spb.mk.ru",
                "www.elle.ru",
                "www.maximonline.ru",
                "www.mk.ru",
                "www.wday.ru",
                "www.woman.ru"
            ]
        },
        {
            "rule": "skwstat\\.ru\\/nexus\\/wrapper",
            "cookies": 0,
            "fingerprinting": 0,
            "subdomains": [
                "data"
            ],
            "apis": {},
            "sites": 6,
            "prevalence": 0.0000408,
            "cnames": [],
            "responseHashes": [
                "e3b0c44298fc1c149afbf4c8996fb92427ae41e4649b934ca495991b7852b855",
                "e0bdcfa2861d27e47d040e7efba84f2aba39cf0db719e5092181e9ef4a928225",
                "9a6251341d6f094e8c4d6e3253f2fa545484c64192e33dcdab0ac98a1281e5ac",
                "85f7b337780f133f839d102fcd54ca3d82c12613f20db71dbe0048c0ccfa88e9",
                "678eb7c4412020a6ffe0174f849d0fdc3fb1e50fee6488d0e010cda6beb333c9"
            ],
            "type": "XHR",
            "firstPartyCookies": {},
            "firstPartyCookiesSent": {},
            "exampleSites": [
                "72.ru",
                "spb.mk.ru",
                "www.maximonline.ru",
                "www.mk.ru",
                "www.wday.ru",
                "www.woman.ru"
            ]
        },
        {
            "rule": "skwstat\\.ru\\/pmp\\/pmp\\.js",
            "cookies": 0,
            "fingerprinting": 0,
            "subdomains": [
                "pl"
            ],
            "apis": {},
            "sites": 2,
            "prevalence": 0.0000136,
            "cnames": [],
            "responseHashes": [
                "bfb1334f37bb3b59610b34a64ec80c148976c047f1d8a4b043403c1ddcd3cbbf"
            ],
            "type": "Script",
            "firstPartyCookies": {},
            "firstPartyCookiesSent": {},
            "exampleSites": [
                "mk.ru",
                "www.mk.ru"
            ]
        },
        {
            "rule": "skwstat\\.ru\\/np\\/pmpconfig\\.php",
            "cookies": 0,
            "fingerprinting": 0,
            "subdomains": [
                "pl"
            ],
            "apis": {},
            "sites": 2,
            "prevalence": 0.0000136,
            "cnames": [],
            "responseHashes": [
                "55b6ceecf656a79250b772ccf8c174e268076819d0aab4ee424ead814b93f6b6"
            ],
            "type": "XHR",
            "firstPartyCookies": {},
            "firstPartyCookiesSent": {},
            "exampleSites": [
                "mk.ru",
                "www.mk.ru"
            ]
        },
        {
            "rule": "skwstat\\.ru\\/nexus\\/vastcfg",
            "cookies": 0,
            "fingerprinting": 0,
            "subdomains": [
                "g5"
            ],
            "apis": {},
            "sites": 2,
            "prevalence": 0.0000136,
            "cnames": [],
            "responseHashes": [
                "2291df74f9a905acf84a7270c9fe447212bf5778ac315dee2e70c8ae9855b36c"
            ],
            "type": "XHR",
            "firstPartyCookies": {},
            "firstPartyCookiesSent": {},
            "exampleSites": [
                "mk.ru",
                "www.mk.ru"
            ]
        },
        {
            "rule": "skwstat\\.ru\\/v\\/v\\.js",
            "cookies": 0,
            "fingerprinting": 0,
            "subdomains": [
                "static"
            ],
            "apis": {},
            "sites": 2,
            "prevalence": 0.0000136,
            "cnames": [],
            "responseHashes": [
                "5cd373ffdbc7ce204cddef4a2cad45845780d774b893c987f621dda8bf0869ac"
            ],
            "type": "Script",
            "firstPartyCookies": {},
            "firstPartyCookiesSent": {},
            "exampleSites": [
                "mk.ru",
                "www.mk.ru"
            ]
        },
        {
            "rule": "skwstat\\.ru\\/adspector\\/",
            "cookies": 0,
            "fingerprinting": 0,
            "subdomains": [
                "rtb"
            ],
            "apis": {},
            "sites": 2,
            "prevalence": 0.0000136,
            "cnames": [],
            "responseHashes": [
                "e3b0c44298fc1c149afbf4c8996fb92427ae41e4649b934ca495991b7852b855"
            ],
            "type": "XHR",
            "firstPartyCookies": {},
            "firstPartyCookiesSent": {},
            "exampleSites": [
                "mk.ru",
                "spb.mk.ru"
            ]
        },
        {
            "rule": "skwstat\\.ru\\/v\\/v-nc\\.css",
            "cookies": 0,
            "fingerprinting": 0,
            "subdomains": [
                "static"
            ],
            "apis": {},
            "sites": 2,
            "prevalence": 0.0000136,
            "cnames": [],
            "responseHashes": [
                "6ec9f23d4c38d35f88acf2183f7266954174c105061d17bbf44d7e7233c324bb"
            ],
            "type": "Stylesheet",
            "firstPartyCookies": {},
            "firstPartyCookiesSent": {},
            "exampleSites": [
                "mk.ru",
                "www.mk.ru"
            ]
        }
    ],
    "categories": [],
    "performance": {},
    "cookies": 0,
    "types": {
        "XHR": 20,
        "Media": 8,
        "Script": 4,
        "Stylesheet": 2
    },
    "nameservers": [
        "ns2.beget.pro",
        "ns1.beget.pro",
        "ns1.beget.com",
        "ns2.beget.com"
    ]
}