{
    "domain": "smartredirect.de",
    "owner": {},
    "source": [
        "DuckDuckGo-US"
    ],
    "prevalence": 0.000166,
    "sites": 24,
    "subdomains": [
        "js"
    ],
    "cnames": [],
    "fingerprinting": 1,
    "resources": [
        {
            "rule": "smartredirect\\.de\\/js\\/",
            "cookies": 0,
            "fingerprinting": 1,
            "subdomains": [
                "js"
            ],
            "apis": {
                "Navigator.prototype.appName": 13
            },
            "sites": 15,
            "prevalence": 0.000104,
            "cnames": [],
            "responseHashes": [
                "7f7aa069584c379dae413da4372fb450afd2c77e491fc3a1d842a000c5e92939",
                "28bf359fba1f3007c3c1e7337bca74c77875c0e8415a50f00bd4c8b7c76685cf",
                "f8ee5a556e5200a4f7ca41ed3b09893888fa7e1c1d2637f1673281699b5eaa0b",
                "d376e5c5ba21ffd1b16f3180226706327344e19918bae4facf39abea139bc923",
                "e1bf2d0f086c5aeb92b3ec970fb6f9bbcfe065938183243a80beb2fdb1efb52e",
                "9126d7c315dc5175aea3b347957635509f3f4d60156625d5b451a15cbd36111c",
                "c1996d8e3cd719d71929044101a5b22b757231c7654d112b7a1ce8646680d66a",
                "86408dc17830fd2ff7cc9fcedd576d36f2f67be8fc95a599c72dd172f43b099c",
                "eb33cb5d73f94e0f481a89943016bfed7f5af30ea1d37467d08f37dc5724239f",
                "a89f7a048671f898b52f52f503ca101e0f8c2377e3a44f75b56720a446034ead",
                "eb32f058d037b83e47476c59fedd7af7a78f60d162080c21e6b80ea07765e2ee",
                "4924ba9468bfc11e8be65cba2b3180f8218979619fb1669566bd60d89ef46199",
                "7c67b76a73c4a5d72e089398ddc079a025c7a494467f1e33102b5cbd8c65d467"
            ],
            "type": "Script",
            "firstPartyCookies": {},
            "firstPartyCookiesSent": {},
            "exampleSites": [
                "chip.de",
                "forum.chip.de",
                "forum.digitalfernsehen.de",
                "forum.wildundhund.de",
                "praxistipps.chip.de",
                "praxistipps.focus.de",
                "ratgeber.bunte.de",
                "vergleich.focus.de",
                "www.chip.de",
                "www.fancygifts.de",
                "www.fraenkische-rezepte.de",
                "www.inside-digital.de",
                "www.lowbeats.de",
                "www.mamacommunity.de",
                "www.mobiflip.de"
            ]
        },
        {
            "rule": "smartredirect\\.de\\/affiliatemarker\\/",
            "cookies": 0,
            "fingerprinting": 0,
            "subdomains": [
                "js"
            ],
            "apis": {},
            "sites": 5,
            "prevalence": 0.0000346,
            "cnames": [],
            "responseHashes": [
                "9f235bd8884086a524264e354b1869e80446e43f43801298f59c8b4cf033488f"
            ],
            "type": "Script",
            "firstPartyCookies": {},
            "firstPartyCookiesSent": {},
            "exampleSites": [
                "chip.de",
                "forum.chip.de",
                "praxistipps.focus.de",
                "ratgeber.bunte.de",
                "vergleich.focus.de"
            ]
        },
        {
            "rule": "smartredirect\\.de\\/st\\/",
            "cookies": 0,
            "fingerprinting": 0,
            "subdomains": [
                "js"
            ],
            "apis": {},
            "sites": 3,
            "prevalence": 0.0000208,
            "cnames": [],
            "responseHashes": [
                "928278837b65680304d2ca69d787ba84cc196f94df5b02196608e1b0c6493d20",
                "a5fc6fb670a145b8e96d021014db7d10ab825f5a948ca917218be3f60a1c994a"
            ],
            "type": "Script",
            "firstPartyCookies": {},
            "firstPartyCookiesSent": {},
            "exampleSites": [
                "cxem.net",
                "forum.cxem.net",
                "www.mobiflip.de"
            ]
        }
    ],
    "categories": [],
    "performance": {},
    "cookies": 0,
    "types": {
        "Script": 23
    },
    "nameservers": [
        "pam.ns.cloudflare.com",
        "gerald.ns.cloudflare.com"
    ]
}