{
    "domain": "smartclip.net",
    "owner": {},
    "source": [
        "DuckDuckGo-US"
    ],
    "prevalence": 0.000484,
    "sites": 70,
    "subdomains": [
        "des",
        "ad.sxp",
        "sync.sxp",
        "dco",
        "stats.sxp"
    ],
    "cnames": [],
    "fingerprinting": 1,
    "resources": [
        {
            "rule": "smartclip\\.net\\/ads",
            "cookies": 0.00000692,
            "fingerprinting": 1,
            "subdomains": [
                "des",
                "ad.sxp"
            ],
            "apis": {
                "Navigator.prototype.userAgent": 1
            },
            "sites": 29,
            "prevalence": 0.000201,
            "cnames": [],
            "responseHashes": [
                "84693140840b1be87c74d3f79db8cc216c14bc4df4db74fd6bb7bb6714fbe753",
                "dca9410f4f95f4a4c88e3ba35963d3894b1babc9555ad3f6a927da117aed8b0c",
                "11c5788b44728d2860235d4fb719e2f6e69801457164404a62eb68021abf650c",
                "1a2c1a9f38b61f1192e25863c2dfd9025a760117c58c1dab81b267bc4651f6d5",
                "e9b20e048abe549e7ff57d6dab3d637e8393ef416a06b9c9cf6c97138795a5df",
                "b843e923cb56b072f61cba05faaca55cfc8d94f4f689a74a8b1bef1957db69be",
                "f92e003a68227c393b8e9bb3f59d30e438f7f319f91e39e03acc4fa4eae07328",
                "ae92ef699ab7678ff6def167e684c23fb59c93393df331e326718591cc2fb816",
                "c409eb31441509e18d6e1be089c5d74c52886b9eb3b649ca66ac4dc2635db20c",
                "8a37997791aec286509b3b9c30743a7377a7a83775a5150bf24c1b097d9219e1",
                "398f3d511bf465727c3b78e35eb1fadf03663956d010d2cd815b67e60a214a80",
                "79ee7ee456fb2413244665019be89ae630ad3a2edf8a17ba08b0613a30dbbc7d",
                "538469a423ed815ad17feabaaed2640c5ee8b8f9b2413963afdec3dcd7968e9a",
                "832cd118cb47f08003f7ea510854118e22b188879e0fea32f0615637f3d0d492",
                "56934146c53d2880a2b4ddc25292d00cc39b1fc0f7770684122669303197c03f",
                "0f14b38a4620019cae0f9b26063dfaae7247f77a06f923c4264da0d30683c6e4",
                "af4a26c5a800a9e0b8c1bbfb5767e7e186d4cc66fa321a7c5faf90538fe89b9b",
                "083899ca724a9452457373416089d6af631af32a4bb037e3fc15f718fc948ea8",
                "06710e485d082555648f41a8bc8b41c41d87a8e5cd2c83fbd04ac5dedb1d8a91",
                "a6953702e53c662d1010147ed60e86cfb67e8dc4dbced0efdf05972e2b34a164",
                "f7e050cd0210d17f6ec4412b588d62cf5a7e80aafa71e62fd7d5b9e0bb908a0a",
                "11f791e0cba298ee8350badd8ff3341ab8a1fd79dd328937456f1e7074b222db",
                "656c52ebe2bed9b62a2a7a4fe306a6a13ad2df1d5b4f30cbebcb96a75de2079c",
                "665e14fd475f4b7d2321072c8ce9173fb21f4c3342243b0f9b705130db4e8e67",
                "f3cdc776298ced6057367a84a957ef0bf19e6dbf333ab701269be8f2e193025c",
                "93a9cdcf3bbbc09371769d3dba026b9c0f71f2a5a7b0eda6285b47ac216d0ed4",
                "fbe85a4611c0a2d6de67d3fdba33e50ebe3447fb8b93655c9484a094cb76dd27"
            ],
            "type": "Script",
            "firstPartyCookies": {},
            "firstPartyCookiesSent": {
                "get_top_level_domain_cookie": 0.00006226133156234434
            },
            "exampleSites": [
                "metromode.se",
                "diariodonordeste.verdesmares.com.br",
                "www.cronica.com.ar",
                "www.noticiasdegipuzkoa.eus",
                "www.informacion.es",
                "www.grazia-magazin.de",
                "www.farodevigo.es",
                "www.superdeporte.es",
                "www.laopiniondemalaga.es",
                "www.ecartelera.com",
                "www.libertaddigital.com",
                "www.baenegocios.com",
                "www.deia.eus",
                "filmow.com",
                "www.mallorcazeitung.es",
                "saude.abril.com.br",
                "www.diariodeibiza.es",
                "www.infosalus.com",
                "forum.viva.nl",
                "canalcocina.es"
            ]
        },
        {
            "rule": "smartclip\\.net\\/sync",
            "cookies": 0.0000969,
            "fingerprinting": 0,
            "subdomains": [
                "ad.sxp",
                "sync.sxp"
            ],
            "apis": {},
            "sites": 14,
            "prevalence": 0.0000969,
            "cnames": [],
            "responseHashes": [
                "1866961a029c65376fefb7f2ba1e6187e09ff50ea58d97dedfd72c197947d002"
            ],
            "type": "Image",
            "firstPartyCookies": {},
            "firstPartyCookiesSent": {},
            "exampleSites": [
                "chewy.com",
                "commands.gg",
                "forum.viva.nl",
                "wago.io",
                "www.amazon.ae",
                "www.amazon.eg",
                "www.amazon.in",
                "www.amazon.sa",
                "www.blabbermouth.net",
                "www.bukowskis.com",
                "www.chewy.com",
                "www.ilparagone.it",
                "www.las2orillas.co",
                "www.prensaescrita.com"
            ]
        },
        {
            "rule": "smartclip\\.net\\/",
            "cookies": 0,
            "fingerprinting": 1,
            "subdomains": [
                "dco"
            ],
            "apis": {
                "Navigator.prototype.userAgent": 6,
                "HTMLMediaElement.prototype.canPlayType": 3,
                "window.localStorage": 2
            },
            "sites": 6,
            "prevalence": 0.0000415,
            "cnames": [],
            "responseHashes": [
                "ab36a92db4ef4bf968cf5739f8cada5dd0d91cae31788c8f76b5dc9bae8c4524",
                "6d24e671e159300fcf2dd3fc36ade4f15a553a2964d484ddb0ef7c98f8871823",
                "40195f17c2d91667db16d8bb438ef0732d4f872f36068bacd0b2c269a6d4a199"
            ],
            "type": "Script",
            "firstPartyCookies": {},
            "firstPartyCookiesSent": {},
            "exampleSites": [
                "verdesmares.com.br",
                "metromode.se",
                "www.cronica.com.ar",
                "www.grazia-magazin.de",
                "www.ratkojat.fi",
                "www.t13.cl"
            ]
        },
        {
            "rule": "smartclip\\.net\\/select",
            "cookies": 0.0000138,
            "fingerprinting": 0,
            "subdomains": [
                "ad.sxp"
            ],
            "apis": {},
            "sites": 2,
            "prevalence": 0.0000138,
            "cnames": [],
            "responseHashes": [
                "3d40838bc5302d0d176b21418101192e33c55b1f77761286739db8dd0d66631a"
            ],
            "type": "Script",
            "firstPartyCookies": {},
            "firstPartyCookiesSent": {},
            "exampleSites": [
                "viva.nl",
                "forum.viva.nl"
            ]
        },
        {
            "rule": "smartclip\\.net\\/ads",
            "cookies": 0,
            "fingerprinting": 0,
            "subdomains": [
                "des"
            ],
            "apis": {},
            "sites": 5,
            "prevalence": 0.0000346,
            "cnames": [],
            "responseHashes": [
                "f97371f09e1f07b22d32c941de1f35a7857f0504fcaabdcccb5cc1a67a5cb0d9",
                "f55c8275e7cc0f19c67b2944839bf4cf57a519a7aa5e29fc5d485f51e5b4d85c",
                "92053e410acf2650333cecbe58bbcb0cbb6285b133236874085228ffa39dec74"
            ],
            "type": "XHR",
            "firstPartyCookies": {},
            "firstPartyCookiesSent": {},
            "exampleSites": [
                "spiegel.de",
                "spiele.spiegel.de",
                "urbanpost.it",
                "www.ilparagone.it",
                "www.tvazteca.com"
            ]
        },
        {
            "rule": "smartclip\\.net\\/select",
            "cookies": 0.0000208,
            "fingerprinting": 0,