{
    "domain": "smind.hr",
    "owner": {},
    "source": [
        "DuckDuckGo-US"
    ],
    "prevalence": 0.000109,
    "sites": 8,
    "subdomains": [
        "cpx"
    ],
    "cnames": [],
    "fingerprinting": 0,
    "resources": [
        {
            "rule": "smind\\.hr\\/Log\\/LogData",
            "cookies": 0.000109,
            "fingerprinting": 0,
            "subdomains": [
                "cpx"
            ],
            "apis": {},
            "sites": 8,
            "prevalence": 0.000109,
            "cnames": [],
            "responseHashes": [
                "b83c801f4c847ab119e7ad83856eedc19b76fdda523a80ea2650a86eb13bb801",
                "07175a99eeaf4265c74452e537c75300fc37f2c12d4bf7f36086f558fc89f7bc",
                "16cd198eec21248050c3b9112bdd483eeae4ab0d37b46ae895de36672d80f4a2",
                "0572682585ef443dc9331ec175e81fbf058760496a85de57790212de6d6dee89",
                "635844ed029650eb0a534bd22326854c42e0e050a4a9dfdb6abfe82a999c4716",
                "505cac86b1a45bd561432ae6e3e85d153cb99a567ff71b996fe2b4f084f1cd5b"
            ],
            "type": "Script",
            "firstPartyCookies": {},
            "firstPartyCookiesSent": {},
            "exampleSites": [
                "edigital.hr",
                "www.babycenter.hr",
                "www.bubamara.eu",
                "www.emmezeta.hr",
                "www.intersport.hr",
                "www.lijepa.hr",
                "www.namjestaj.hr",
                "www.silux.hr"
            ]
        }
    ],
    "categories": [],
    "performance": {},
    "cookies": 0.000109,
    "topInitiators": [
        {
            "domain": "first party",
            "prevalence": 0.8888888888888888
        },
        {
            "domain": "babycenter.hr",
            "prevalence": 0.1111111111111111
        }
    ],
    "types": {
        "Script": 8
    },
    "nameservers": [
        "marjory.ns.cloudflare.com",
        "rajeev.ns.cloudflare.com"
    ]
}