{
    "domain": "smopy.com",
    "owner": {},
    "source": [
        "DuckDuckGo-US"
    ],
    "prevalence": 0.000322,
    "sites": 45,
    "subdomains": [
        "d"
    ],
    "cnames": [],
    "fingerprinting": 1,
    "resources": [
        {
            "rule": "smopy\\.com\\/d\\/",
            "cookies": 0,
            "fingerprinting": 1,
            "subdomains": [
                "d"
            ],
            "apis": {
                "Document.cookie getter": 15,
                "Navigator.prototype.userAgent": 11,
                "Navigator.prototype.mimeTypes": 11,
                "Screen.prototype.height": 3,
                "Screen.prototype.width": 3
            },
            "sites": 26,
            "prevalence": 0.000186,
            "cnames": [],
            "responseHashes": [
                "4f3d93b5689c17037a168c2677be15b1d3f19e0c666d27a610dcdaacddeb6176",
                "e3b0c44298fc1c149afbf4c8996fb92427ae41e4649b934ca495991b7852b855",
                "18017974941e2e7c94fad4c2c74cde95149a12562f96e34001534ec587c9becf",
                "6d8324d8b5b10be2dce91fc2edb9ef0705b238b9135c1e72c8be2c87745d11ba",
                "5b635e93948d9a9660b1add32faf88a3c8c5e2e783750aeb10f5c27e45a72fe6",
                "987bd0918e3e29173adfad71cabbc7a67db67710ad64cc2f75f89f37a43aa57a",
                "34764462a8fd956d65e14d8733103351a9e6f8ed4dd0aebe83630729ccd44264",
                "0e6e04e6945616bd73e6b7cfe9d567ff4116b134bdab48e914d5c82eac747abf",
                "9631f9f2a775756297a5f251e5193b37725e6eb93017cc31cc689dd5ed8a4c43",
                "aa898296024893f2a153c9f34df82c77added4cc088009fb6c1f27650871763a",
                "ce37a059ff852fc81a0406ce59ce2f9dac9918a308b8c846906b1cd84d0b9128",
                "38c3b30e0941397e2281e4cc2395fcd9166a7701b0b4f92097a8828b4aff9153",
                "cd42f55a49a3e4e8b5a11554e46b4638b8f0dadc31358d28dc2652f019442988",
                "141146af372bef75b1cc74d6d4fc802d80b9dc15d7245d7ac4341c9185f4d8e3",
                "63b9045ea97af8c5ac1fbeef888bcf2a93543b1eca5110b071fd0e2fd6c3feb0",
                "7a377053a2907b48fdff6dd2a9be138c8759a2ba24648725ef1f6898a0980eb0",
                "b46960f456f23fc102b04330228576ad0baf5926173749e3c4860d0500a031c4",
                "7222d0340d1901b328654708a09c9923f0842a47dd2fdeaf02ba1526cb4ba4c7",
                "ecc0cd35fe28b623d43f180e7c30d4e503dff365f09e42ef624cef9922a2d896",
                "42f3eac406924cb81f447569b68b9aa265f8de552409df7382398c21a627dfa2",
                "b30e6ac1dbf656b135929483c366dbefd7c496039affa404e9e008c7355b6290",
                "ab6a6fb6e1070744da7f502da56c446a790b791362b80aba592f7fdb28a567b2",
                "ab83e4a0daaeb510c26fa1b62a34d72681b2a7db1552065ec3683ad8c89798f8",
                "91a9da5451da7a62bbb75da01a47afa65c8b9285e162be6914f2463fa2065a00"
            ],
            "type": "Script",
            "firstPartyCookies": {},
            "firstPartyCookiesSent": {},
            "exampleSites": [
                "sexcomix.net",
                "milftoon.site",
                "thesextube.net",
                "ben10-xxx.com",
                "gonewildday.com",
                "eroticmovies.online",
                "wetholefans.com",
                "cimaeasy.com",
                "naruto-porn.com",
                "xxx-comics.com",
                "pornocomics.net",
                "xiaogirls.com",
                "gruposputaria.blog.br",
                "www.tamilporn.video",
                "dragonballhentai.net",
                "pornimgur.com",
                "spankbang1.com",
                "hentaikin.com",
                "youngtube.tw",
                "javtape.net"
            ]
        }
    ],
    "categories": [],
    "performance": {},
    "cookies": 0,
    "types": {
        "Script": 26
    },
    "nameservers": [
        "brad.ns.cloudflare.com",
        "erin.ns.cloudflare.com"
    ]
}