{
    "domain": "soundestlink.com",
    "owner": {},
    "source": [
        "DuckDuckGo-US"
    ],
    "prevalence": 0.00102,
    "sites": 147,
    "subdomains": [
        "forms",
        "wt"
    ],
    "cnames": [],
    "fingerprinting": 0,
    "resources": [
        {
            "rule": "soundestlink\\.com\\/REST\\/inShop\\/v1\\/getSettings",
            "cookies": 0,
            "fingerprinting": 0,
            "subdomains": [
                "forms"
            ],
            "apis": {},
            "sites": 79,
            "prevalence": 0.000547,
            "cnames": [],
            "responseHashes": [
                "7e8f9a6c7615e83146d5ad1e307924cf80767233fa355ca2a59a5c5df9f262cb",
                "4b6b84fe6de3c08a888e0c6c5060ec007900c97dd35faa8a7f6320b027d9aa32",
                "92be454f8f021d08ef00adaf2e17bf30b214702d0b43c89916acb144d8a2127e",
                "4c3817217f0c20203f6c2058da96713bfeead61328e2783cdc25d5aaea2e0761",
                "99ca978bc88f0d178c54f879c764c72fdd3caf3383042e640cf66f8a699f02e2",
                "199c84a28fade3417415ae4d33d60ab252e1679daf09382aa614c036d0ab3dca",
                "91eae237e4906665f358deafe3667e1eb897e4e74b989087c00ad41ec47af9b0",
                "a0470b05a8dc68c1ba003d2e096c69e95855054b1721067794fc997d286375a7",
                "7d1781f8774f6399acfdb0121f8d3a9fb91ea9455675d9e7316112991f9bf431",
                "d7502272a5c7149561a667c847f7f2cb7a2578341e5a0bc40a9dbf9745a74122",
                "8c10cad1338ecc295521c3beddd9c759e0409f3de698dd9c15736d4e08c09cc5",
                "bb8298cf32c31f0c677d9cf06b7b1b6ede3fda333d6ab08d191b6d5762fa7b8f",
                "6ef6f46190763a236bc8b2efd41574afbc011dca8ab40220ce34649f6956aea0",
                "b42d1bed323774429084f156728a0aa8fbe07e917e9b397d74eb17dc45d56962",
                "1f9b7ec4f82abb95633d44a8983105d6e58a4b1c7932f1336f3e01df55909a70",
                "88270b3cc08167ceeebebbd00da7a2d0d6c0f116cebdb538044b9043f16b470d",
                "dc42f629e8156d3c9dea2adaa361d56d4ff27fee32865ed3726f23d106285a4a",
                "802113ec3bdabc1f1db3507082e590e80bbcb0fcec7e4d6df275a01b66412eac",
                "828699977712c8d85f9fd0e286bf7f7634ba682ec174e7d4b6c85cbed1dcd54d",
                "333f4697f84f6ac86fb5ec90acf2c98149f760c636c9728a3c66ec2d02f17eab",
                "b25f8848122de4f885bc6d88007a922446fd3a7f9302ec515697939b9600f3bf",
                "4258fa3aa2f76bb3f39f5309df53e4aa2656a29b525fbf46f742ebff2b1385ea",
                "acb6b165af8704e7df7feb9a850caceb99518100e1d7e6d18d9d0f6ca7b20415",
                "8fb7da1026fc60f2e806e5adb1b1ec79e50007e5cd7679244fb9a2744d4f428c",
                "b4430e2a8e069bbddb8a48433433724da96e6c53e2d5468b1e864b3a6ccf26ac",
                "fcc0d1dc9b965ec818379445dd23c0f280b657d74ddac98d1aff5f6b992aaa50",
                "2c7cb6f592ffa61b0d0fb57e8a561866f3ca063d92f3f737074c72bf95c39143",
                "4610ee96951cf11fc06431efecab11604541a3e1ab13181139de268e640f39de",
                "9124c1c09070c3e510c7aaabd14872d42dfff9c0b2f2e35aa79c7426c9ccabe7",
                "606255616a305b7d8580e01f9aa588b048cdd8f302458f8f72c07ea24e56ff03",
                "e4ccf126928bc18d6f3f599cbb779764278b54bf9f10550f9f8acc2ec61c3f38",
                "0392c8b438ff0225f3fb28a2723128b318b3d8383d81485e7348cbc9906913ab",
                "8cc1059e2c7ac3a797d67d74f19aca91d8634578154a4b0772710a905409b9b5",
                "b13f8327ae474b2313832c73de0eaf257cf16ed8217695048fb198a6753a377f",
                "de932864ffc0735a1add86afbb93f2691e1e8175fbd38e577862f58cdbace142",
                "61589cf5ae4c344b6af90e70ea9003b874bc92577b0fdcd859a460a783afaf83",
                "19e6fecb749e93e410664486ac4e99a4f4f628946cc959f2bf9ecb957f4a89c5",
                "f4fc010c4ae857261f70ab49b399c1f9436727e698eb7a12d3d2310c2d66a05f",
                "36301f77012673dbf0a2a4b3eb6a710fd01177f4b9e4d389b36a899566b33aae",
                "152c965bed17b7d69cd87e36836ef48d7dd5fd4a11a11ef140bbe008e85226a8",
                "b25b8ce9f4d8f545e13dc738bcec215f7610472e5ec3b6de886651158e28d0dd",
                "1ec388f0a6fd23c09ed9709507da53eeadebfa9e35dac70a82cf02094a22ee15",
                "04ab0d59ac13a51cbc71cd039b07444e779c3457a523948a272131f6750a171e",
                "57be37d6a4219ac1a363b910153264f4fc92ddbb0ca6eac14b5821d3c6986d56",
                "2e6a39afa2322ef6f3ae08fad3d3105db4192a59b9c0c01ad2cd3dede42d36db",
                "cce6fbe4790c950f19baf3a0aa7d344541ae20e21ff5eae4586636733af7ef2d",
                "b9f77162c57e756a7c890b4c9ebde2a77c0067441fbf0198ad9ce339ec76b003",
                "a4f19a402f53c5076ef3ef690e693fcd50e4b2db33d14ba3ed5c67cd2b90deb3",
                "58ed6c131734feca24cc2ca791234485a6cbb463b4b91d04d69e11d0f9f0d709",
                "53bf5deaec05d2fd94d5b945cd290d00b8653bc87762bde9e6cb365ed48ceb5d",
                "b80c704dd4588cd7caec83590ed136b79b41ddbad435dce7802964b002c29fe9",
                "8fa0499b78d4c51ecdcc808bf0075ac1fdc57b2db4ca0354922610967b0a34c3",
                "869321a410d613a8e0acd11f9b64755b41c8377db371647ecc7490a7ca7cd9c4",
                "eb7907595874c58b4eac1ef3504639beb7ac2234d6191a65581d57dd98d4d2d7",
                "6624c03b8188ac40a136c88f631af5bd6d76c0dda4f3b90caa4accffcb89dc75",
                "3eff292fff746dbab601a145eec48ecc633b5e491a2ced60b904526358571c7e",
                "c2e98e3c229d711e5faef84a722fac218ba310709607580099ea6cf421a04d4b",
                "48d27c18f32d17b1ec9001f487ee0ae778f3620c054849d73711a9ae6839db70",
                "e51d59c2d921f16143638439d92d2b34bdef882d0a550c2813094474eec6c385",
                "843b65411441aaffa41d5ce9278d04a799644f8be2413b9f99d7b188486ef04a",
                "3d932da439fa0abbe02aecdb304908e2af0ba9ae0cef1e93071c7135703a13c4",
                "ae25b985bf1a4e6a9e39ac6350ae4283e079d9d0ddad556496614f56f5b6254b",
                "c1cb540245a48ea7bdfd3a1b7e144def94b0cd4dddf07b8f950422270dc33bcc",
                "998c8e58cf33d299bedd9d16535f4d2485236802e2bceefe8b7790f0053dd915",
                "0dd5fe18c97a41ac3f0a1ef982245de0bcea5b47a8242a8f525982c50f784fd1",
                "b9049072f1b4b48e1fde547307fd3c2c33dc698738bf05f99d6057ddc1195345",
                "1a9037b36f1e2708604b9a2e21e165c65155d07a7ab5bffe0727a0a38b5d5dc6"
            ],
            "type": "Script",
            "firstPartyCookies": {},
            "firstPartyCookiesSent": {
                "_szl_instant_merchant_domain": 0.000020753777187448115,
                "IR_gbd": 0.000006917925729149372
            },
            "exampleSites": [
                "www.militarymart.co.uk",
                "www.nbcstore.com",
                "www.lelo.com",
                "bladeops.com",
                "www.venturamunitions.com",
                "terrysflorist.com",
                "www.thephotostick.com",
                "www.foundryoutdoors.com",
                "bargainfox.com",
                "www.upends.com",
                "boompositive.com",
                "minacolor.com",
                "kifaru.net",
                "www.allparts.com",
                "eberlestock.com",
                "thesatanictemple.com",
                "dmaxstore.com",
                "hollandscountryclothing.co.uk",
                "polarbearcoolers.com",
                "www.frenchpresscoffee.com"
            ]
        },
        {
            "rule": "soundestlink\\.com\\/REST\\/webTracking\\/v1\\/event",
            "cookies": 0,
            "fingerprinting": 0,
            "subdomains": [
                "wt"
            ],
            "apis": {},
            "sites": 78,
            "prevalence": 0.00054,
            "cnames": [],
            "responseHashes": [
                "1866961a029c65376fefb7f2ba1e6187e09ff50ea58d97dedfd72c197947d002"
            ],
            "type": "Image",
            "firstPartyCookies": {},
            "firstPartyCookiesSent": {
                "omnisendAnonymousID": 0.0005257623554153522,
                "omnisendSessionID": 0.0005257623554153522,