{
    "domain": "soundestlink.com",
    "owner": {},
    "source": [
        "DuckDuckGo-US"
    ],
    "prevalence": 0.000844,
    "sites": 124,
    "subdomains": [
        "forms",
        "wt"
    ],
    "cnames": [],
    "fingerprinting": 0,
    "resources": [
        {
            "rule": "soundestlink\\.com\\/REST\\/inShop\\/v1\\/getSettings",
            "cookies": 0,
            "fingerprinting": 0,
            "subdomains": [
                "forms"
            ],
            "apis": {},
            "sites": 64,
            "prevalence": 0.000436,
            "cnames": [],
            "responseHashes": [
                "a0470b05a8dc68c1ba003d2e096c69e95855054b1721067794fc997d286375a7",
                "de1ac11e3a29725aefacd09c619b0d9ae4bd825678bb0d15aab3ba79d4ed2516",
                "17390e138a07ed64423ba412f5401325b60873082974fd10ac47a15a69d77cc1",
                "7ad7a87b1c77ca4a948e57fd21e962deff94c59da74a77433c1b9555f7bc2a69",
                "732de3adec76295aa11e563b9bf1d3045b7e839903150d4ec97a492289f650e8",
                "29dfd343bd14addc54d8c223dda91fd802e9088fea96ab3aa104e9718405761b",
                "de8b2eae9ebcc6d0a36a9562117794dd78dce967fe0280d95c0ca54c1594b577",
                "b3ad2948f9e51829c5d625e1c5cbe01d7ec00f946489909552ab334e861d85c5",
                "9edf8bb6fc71ca1d4acc6b1d88f151cd6af841708b605f765f72e83f829380f4",
                "b9e889e998964784ea957429acf14dbe563410901c0561c5b65fb14483bbbb91",
                "e6f761e2116dde5b3765635beb0091c65f282d30d03cc9714eea8d60e8a9fc7e",
                "e74b611204f7bfbbb27328a6c7a25a5eaae313f8c3877958f8b6ac86ebae1a61",
                "c23461347abd223fb80b9bec44d61b2a13b2bf865145b2272025a48db467d301",
                "9a78c7157352e8bc611c6aa7ffb3f8644ff1e08b98a9a236c9812549a605f5ed",
                "ba4e32b8c38855deff4aff1ffac2dafb4de161fdc2a386ce12f4eee68dd60010",
                "0e0b88015d12b60da933577e6055dae10cc585560200f37e132fea4ec0f334ac",
                "957b68e9b787afe82c6f99f5809eaee778ef394ef10bcc1eb617395d63ba53ac",
                "ad4d89b2e69a2dcc9dba20ea08af7d99340cbe8eea71a77ff9889860955eaea9",
                "772d891eb1bb100b8faf7bf4bb560ccc501ddef6c2d4b0f1a00f46ff9f5d3a80",
                "2b988cdefacb1c6cf6957ef03e068037b4930440b33d977b1f24676e269f75d8",
                "e814803c8a8f4b402fab9cfb487f7f06505b5105e07ae352d3b0b51d0df03bf7",
                "626e352a7517c83a8bd0a954d76018634294fd31053c5cf541ad741db7f1aac9",
                "f3fba146c43e1d67fc6a49002bc2b76024f4ae47659c417743ef0415bdf552d5",
                "8d35b35d360a858474832dcba6c1039509adffc39ee1c5ecfbe8560742c6654d",
                "222dc38bc9e40341ff81b8c9dc1f1d0de657d8191a17b16b32669d61634c8ff4",
                "048ed069e5f8f5abaa231807eebad43bc1b4805444aedc9914da8be798d5d3d1",
                "7958eb517b72261811fe4fbad2fe0bf58c3bbbbd815410e30db63bfc61c2b5f6",
                "f0f61f8c682919864a1309d33660b6703ea707213c94879c407dfdba290dcd93",
                "ab30ddbe44a6000639776ae0ccb6499a2155968cc2efdf7e4635cba5a779722d",
                "b8ec2f479309666b15215417a8ebe409118eba18a1672782490119d03007b184",
                "8262beb5c9ebf33dd1683795d6fc12355486b5a6fbc9ca7bba7f8143d54008f3",
                "fa6e7fd63808cc1e04ad27100b27e612fe45d947df03f380b578b6aedd5d5065",
                "0816b766f51583446c7851b702836d1497c0685b676ddf084898f9659dd07b68",
                "af870bebd3a2ee8a7f86ebe6c60f265c43b0715d3a2b3b4429a5e40e5e87ae95",
                "8ddf73d4b9e9163f123c57636520472387eaaa2dacf269408e5bd4f1b000902a",
                "d11f12924d220d898268eb55d5c175dcda6978a7216ae478f0aca7cc83db5236",
                "f73362b647dff516890739176dee6166d8425bd986f22183a8d5f4b9f78f474a",
                "0bef10ddf7ce285ad298071f67d6587fa0bc201754821f92a87c74fe64996eea",
                "1a2b4c56fd6f1dfc802732208e68eda3c0408c26929fdcf4be83f4d4053c5f21",
                "4cdf13db1d6585d4b3058fd3bfca1162c1b3444b04235b03827d857c6f7f3867",
                "d7d7e665abc53e7454bed1d2354910584a82934ceb986131b51cf7e2133c5038",
                "1407874277e780fb4c63829004916b197793ecea7a3a8e6c4713e80423d88c4f",
                "74f31f457f40d24a8608de16538facd7a219cb921a792275d06d4794469c9a97",
                "dba366bacb3ee85a9b838554b409184836d6be549c5ff23150653877fcc859f1",
                "51b0c1510403e55eb1969ecd7365247810abf7e28f3b7111ccb279b435fc26a2",
                "90f7fefeede4de6948ddf7f95f3f100af0a7193197a2ecb2e8f1d788bb639ee0",
                "e02caed3f030190e4bfb9d5224ad1d6e5286d8c3991ba4fba2317116012dd039",
                "615253087f15794cf4ac319005aaaff5a9175d0ea6ec6ccd7f872ec02f15187f",
                "c66bd53f0a50c3de6ce89797e138c241e887e303de26db589a19b0a677dc7bc3",
                "0398c0157e81db9b2fb6639531f433718496e093bf26f68f9d7b0caf86debe40",
                "489b5da9f3e6476d2b59310e462eb89ead9179f53e40341ae31409306e921dab",
                "ebd9d4280623d2f66480d5e6aecebea877f3cf2ec8610980f03622f6c9a6e755",
                "c3ae34145722f6cbcb2957102b68d9b2fecbb3dc7cd37d28cb650f22469036a2",
                "ec7b64b9b1d1a8c17afe9b8914eaa232f774055259278e9381edc136c19d43d9",
                "b0513ec0404eb9105a909e2a3cd8f801be31ec6f51eb110255aac2ea07a69b8c"
            ],
            "type": "Script",
            "firstPartyCookies": {},
            "firstPartyCookiesSent": {
                "_hjTLDTest": 0.00002041913681502304,
                "_szl_instant_merchant_domain": 0.000006806378938341013,
                "tricon-badge-cookie": 0.000006806378938341013
            },
            "exampleSites": [
                "www.lectura-specs.com",
                "www.thepsychictree.co.uk",
                "www.yourdoll.com",
                "www.factorytohome.com.au",
                "zstacklife.com",
                "vapefiend.co.uk",
                "www.envirofone.com",
                "www.rugsdirect.co.uk",
                "downtoearth.ie",
                "www.kinkyangel.co.uk",
                "senvie.com",
                "lingerieseduction.com.au",
                "thecakestore.co.uk",
                "plumbingsuppliesdirect.co.uk",
                "www.british-supplements.net",
                "www.lelo.com",
                "www.orgasmsoundlibrary.com",
                "aussiegardener.com.au",
                "www.puppies.co.uk",
                "www.panelcompany.co.uk"
            ]
        },
        {
            "rule": "soundestlink\\.com\\/REST\\/webTracking\\/v1\\/event",
            "cookies": 0,
            "fingerprinting": 0,
            "subdomains": [
                "wt"
            ],
            "apis": {},
            "sites": 64,
            "prevalence": 0.000436,
            "cnames": [],
            "responseHashes": [
                "1866961a029c65376fefb7f2ba1e6187e09ff50ea58d97dedfd72c197947d002"
            ],
            "type": "Image",
            "firstPartyCookies": {},
            "firstPartyCookiesSent": {
                "omnisendAnonymousID": 0.00043560825205382484,
                "omnisendSessionID": 0.00043560825205382484,
                "_hjTLDTest": 0.00002041913681502304,
                "recentlyViewed": 0.000013612757876682026,
                "_szl_instant_merchant_domain": 0.000006806378938341013,
                "tricon-badge-cookie": 0.000006806378938341013,
                "shopify_recently_viewed": 0.000006806378938341013
            },