{
    "domain": "sparkflow.net",
    "owner": {},
    "source": [
        "DuckDuckGo-US"
    ],
    "prevalence": 0.000187,
    "sites": 27,
    "subdomains": [
        "ads"
    ],
    "cnames": [],
    "fingerprinting": 2,
    "resources": [
        {
            "rule": "sparkflow\\.net\\/",
            "cookies": 0,
            "fingerprinting": 2,
            "subdomains": [
                "ads"
            ],
            "apis": {
                "Navigator.prototype.userAgent": 24,
                "Date.prototype.getTime": 24,
                "Navigator.prototype.mediaDevices": 20,
                "Screen.prototype.height": 12,
                "Screen.prototype.width": 11
            },
            "sites": 24,
            "prevalence": 0.000166,
            "cnames": [],
            "responseHashes": [
                "d626a3c3f623d87ae2a83c5651752e37e890a4fdf518e5d32c8b40fe9ebc23ac",
                "4d19e77ad9937e58b3bda9faf504c2d53e79cb3e6ed4cfa0b895a8106a0fc1a2",
                "bb5e35a09de6bd4402327201fd7784f600aa1f9861780e915561985738805751",
                "ed83a2ae537d476b385f0c64443514aa215af2f34c278382b4530240c31810e8",
                "f881cf0cc80a4494767aa8c9520580a6f26e16214f107c19c194d7b39ee0dfb9",
                "fb3f2342a1f89be86e8b33e0ae0404992d485d255206ea74dfe2852a9f876236",
                "3393664cbe9bab214b8bc9e28040ed961d0ca7b180859c9d019b2478e541de33",
                "f3e21bfde0ff7bd3c426611f19948bcb68122a6cfd22a0e2037840bfcc780904",
                "efebb409c4c47da5bbf315437e46391a3ed6b2586d9c6a6148525fe742c2d08d",
                "48bdb7d34b47f8f7dc3cfb07fdf73682f1cfecd206a8647a0e791fe1163a898a",
                "21a730b1b6b923ccaf6196304b7a421d9ff9cda1abc1713d0175cb4069a15b5a",
                "2d905ae4b2906614bccfc9ebfce0851b50e9ec829c6661842629d3ec374d18aa",
                "303870dc08c1d798169c074851f7dcb54dec0105bc34d72068ae54eca25e5699",
                "b0000483af0e105d3bbbdb57756c82dcffaadb09b0b18066bdd55d93ee9ced1f",
                "e794ea2d356d8b580e5d89642e80401b9db391f24b9c048fc41257ec8d33186f",
                "36de0bc7c8b435ca450636945d233068af433ffd39fd33bbab9f7592572d82ac",
                "05b537e8c6619d58f749329c2318c3cff89202f7a0b5e573ddb81e5117bfcc1d",
                "de619830d24ef5ee8efd19f61b7d7bbec3d888f70bfe0b1c0d7108b74c680826",
                "5ff52818bbcb0240b974d84da2cbc8f5c065973c035e18e30ff6e9a686a77f81",
                "45ca8293212b514cdd33d2fc37f43ed9329e2265686e1b312f121390cd289d4f",
                "14e8f652bf35d906787a57e662ce0b77d805fde1094245bcf5b8d72d3b38ea19",
                "ded1ec22d65f2eb043912ed844f65a7a127952336823360579d50610a5d5a382",
                "120688100c683c505c8f7791dcf5bfad42288fe607fa32f58e43769530de2836"
            ],
            "type": "Script",
            "firstPartyCookies": {},
            "firstPartyCookiesSent": {},
            "exampleSites": [
                "www.chunkbase.com",
                "www.thereviewgeek.com",
                "memesbams.com",
                "www.backyardherds.com",
                "www.sciencetimes.com",
                "navbharattimes.indiatimes.com",
                "www.alphafoodie.com",
                "www.pride.com",
                "www.coldsorescured.com",
                "whdh.com",
                "www.guitarcommand.com",
                "www.smokingmeatforums.com",
                "www.petcarrierverdict.com",
                "www.weareiowa.com",
                "www.allaboutjazz.com",
                "www.out.com",
                "thecatsite.com",
                "www.wcnc.com",
                "www.basenotes.net",
                "metalinjection.net"
            ]
        },
        {
            "rule": "sparkflow\\.net\\/e\\/",
            "cookies": 0,
            "fingerprinting": 0,
            "subdomains": [
                "ads"
            ],
            "apis": {},
            "sites": 24,
            "prevalence": 0.000166,
            "cnames": [],
            "responseHashes": [
                "25b4ecfd3a740f29d76fe930a4cec9d41afa0cfd2bafa70ca4051bd3d5395d74"
            ],
            "type": "Image",
            "firstPartyCookies": {},
            "firstPartyCookiesSent": {},
            "exampleSites": [
                "www.pride.com",
                "www.coldsorescured.com",
                "wsvn.com",
                "memesbams.com",
                "whdh.com",
                "www.basenotes.net",
                "www.allaboutjazz.com",
                "www.sciencetimes.com",
                "navbharattimes.indiatimes.com",
                "www.chunkbase.com",
                "www.weareiowa.com",
                "metalinjection.net",
                "www.wcnc.com",
                "www.petcarrierverdict.com",
                "quiltdom.com",
                "www.alphafoodie.com",
                "www.guitarcommand.com",
                "thecatsite.com",
                "www.smokingmeatforums.com",
                "www.thereviewgeek.com"
            ]
        }
    ],
    "categories": [],
    "performance": {},
    "cookies": 0,
    "types": {
        "Script": 24,
        "Image": 24
    },
    "nameservers": [
        "dns1.p09.nsone.net",
        "dns2.p09.nsone.net",
        "dns3.p09.nsone.net",
        "dns4.p09.nsone.net"
    ]
}