{
    "domain": "sphlabs.com",
    "owner": {},
    "source": [
        "DuckDuckGo-US"
    ],
    "prevalence": 0.0000953,
    "sites": 7,
    "subdomains": [
        "suid"
    ],
    "cnames": [],
    "fingerprinting": 0,
    "resources": [
        {
            "rule": "sphlabs\\.com\\/suid\\/suid\\.php",
            "cookies": 0.0000817,
            "fingerprinting": 0,
            "subdomains": [
                "suid"
            ],
            "apis": {},
            "sites": 6,
            "prevalence": 0.0000817,
            "cnames": [],
            "responseHashes": [
                "63e052f0c75c446185b6c27b72c7503c7a6d18fd6de611e7f1ed783e7dfb6b32",
                "3e9867e2f5a9663f1e06f6fb4c59ccd920404f60c99a1d11fb2093850485ef97",
                "0be4077e75a1365d71c464e816aa91285a30b564bb423bef4195eee110d4ef52",
                "1a4b79b019067d68b374a240be3cf6814e26e42ccd53e4252fa7bcfdb9f3fa2c",
                "668e82bac57488eb62680b8eccddd515fddfddbcaf21381c2387e39083dba96e"
            ],
            "type": "XHR",
            "firstPartyCookies": {},
            "firstPartyCookiesSent": {
                "suid": 0.00006806054666231079
            },
            "exampleSites": [
                "hardwarezone.com.sg",
                "tnp.straitstimes.com",
                "www.businesstimes.com.sg",
                "www.straitstimes.com",
                "www.zaobao.com",
                "www.zaobao.com.sg"
            ]
        }
    ],
    "categories": [],
    "performance": {},
    "cookies": 0.0000817,
    "topInitiators": [
        {
            "domain": "dsuwzj1tch87b.cloudfront.net",
            "prevalence": 0.7142857142857143
        },
        {
            "domain": "googletagmanager.com",
            "prevalence": 0.14285714285714285
        },
        {
            "domain": "first party",
            "prevalence": 0.14285714285714285
        }
    ],
    "types": {
        "XHR": 6
    },
    "nameservers": [
        "ns-412.awsdns-51.com",
        "ns-850.awsdns-42.net",
        "ns-1068.awsdns-05.org",
        "ns-1775.awsdns-29.co.uk"
    ]
}