{
    "domain": "spoutable.com",
    "owner": {},
    "source": [
        "DuckDuckGo-US"
    ],
    "prevalence": 0.000408,
    "sites": 59,
    "subdomains": [
        "s",
        "cdn2"
    ],
    "cnames": [],
    "fingerprinting": 1,
    "resources": [
        {
            "rule": "spoutable\\.com\\/s",
            "cookies": 0.00000692,
            "fingerprinting": 1,
            "subdomains": [
                "s"
            ],
            "apis": {
                "window.sessionStorage": 9
            },
            "sites": 40,
            "prevalence": 0.000277,
            "cnames": [],
            "responseHashes": [
                "e3b0c44298fc1c149afbf4c8996fb92427ae41e4649b934ca495991b7852b855",
                "4b9902d74253dc0bb405c24e57a466b626273304fd2eb4824f21cc1f09865062",
                "46bc74055ac4c74d1f1e5ae1cb21cf9b1eed8fa7cc1538fee24fb79bc5b4a0af",
                "aa93f21c67a9d51f17c1fd535e58a0d24a5a022904947c5e9cca7a4150dd84f6",
                "f612b22e92e28e94ae62273cfb0c20665c696041df38b861e652326b972b7814",
                "8316a3b8969fb02802e6e82e16ae7f570c198e2eef4da15bf1456e0ccdab4318",
                "ed0c7a2b32a1bb44935ee78e862d496e01e7da5216af173574e3064cb0c9ba4b",
                "855368ee55104b2a0d29107c24e911ebfbe687e47163d31559c4a59c79ac5e62"
            ],
            "type": "Script",
            "firstPartyCookies": {},
            "firstPartyCookiesSent": {},
            "exampleSites": [
                "www.cbs19.tv",
                "www.wfmynews2.com",
                "www.krem.com",
                "www.kvue.com",
                "www.king5.com",
                "www.12news.com",
                "www.kgw.com",
                "www.kare11.com",
                "www.whas11.com",
                "www.13wmaz.com",
                "www.newscentermaine.com",
                "www.11alive.com",
                "www.thv11.com",
                "www.wkyc.com",
                "www.kcentv.com",
                "concealednation.org",
                "www.wusa9.com",
                "www.firstcoastnews.com",
                "www.wtsp.com",
                "www.wzzm13.com"
            ]
        },
        {
            "rule": "spoutable\\.com\\/static\\/scripts\\/08df4cb3-660e-4f5c-8528-18702d7b9e74\\/desktop\\.js",
            "cookies": 0,
            "fingerprinting": 0,
            "subdomains": [
                "cdn2"
            ],
            "apis": {},
            "sites": 2,
            "prevalence": 0.0000138,
            "cnames": [],
            "responseHashes": [
                "395d974190cae4b35497f7fad20655b88211903d7b23c9344fb4dace727373ad"
            ],
            "type": "Script",
            "firstPartyCookies": {},
            "firstPartyCookiesSent": {},
            "exampleSites": [
                "12newsnow.com",
                "www.12newsnow.com"
            ]
        },
        {
            "rule": "spoutable\\.com\\/units\\/master\\/two-by-four\\.js",
            "cookies": 0,
            "fingerprinting": 1,
            "subdomains": [
                "s"
            ],
            "apis": {
                "window.localStorage": 6,
                "Navigator.prototype.userAgent": 6,
                "Date.prototype.getTime": 6
            },
            "sites": 21,
            "prevalence": 0.000145,
            "cnames": [],
            "responseHashes": [
                "ab6b8a93bf2111c44788a18150e8de90c9ecfe1cebafef91d4e4d3da7128c5d7"
            ],
            "type": "Script",
            "firstPartyCookies": {},
            "firstPartyCookiesSent": {},
            "exampleSites": [
                "www.13wmaz.com",
                "www.wzzm13.com",
                "www.khou.com",
                "www.9news.com",
                "12newsnow.com",
                "www.wtsp.com",
                "www.kcentv.com",
                "www.wgrz.com",
                "www.ktvb.com",
                "www.wusa9.com",
                "www.whas11.com",
                "www.newscentermaine.com",
                "www.krem.com",
                "www.ksdk.com",
                "www.wfaa.com",
                "www.newswest9.com",
                "www.wcnc.com",
                "www.wtol.com",
                "www.wfmynews2.com",
                "www.wltx.com"
            ]
        },
        {
            "rule": "spoutable\\.com\\/static\\/scripts\\/a84bbc1b-60cf-419a-9c17-280f6a925b65\\/desktop\\.js",
            "cookies": 0,
            "fingerprinting": 0,
            "subdomains": [
                "cdn2"
            ],
            "apis": {},
            "sites": 2,
            "prevalence": 0.0000138,
            "cnames": [],
            "responseHashes": [],
            "type": "Script",
            "firstPartyCookies": {},
            "firstPartyCookiesSent": {},
            "exampleSites": [
                "13newsnow.com",
                "www.13newsnow.com"
            ]
        },
        {
            "rule": "spoutable\\.com\\/static\\/scripts\\/cc7d991d-8495-4c1a-861c-e71cb974659e\\/desktop\\.js",
            "cookies": 0,
            "fingerprinting": 0,
            "subdomains": [
                "cdn2"
            ],
            "apis": {},
            "sites": 2,
            "prevalence": 0.0000138,
            "cnames": [],
            "responseHashes": [
                "8316a3b8969fb02802e6e82e16ae7f570c198e2eef4da15bf1456e0ccdab4318"
            ],
            "type": "Script",
            "firstPartyCookies": {},
            "firstPartyCookiesSent": {},
            "exampleSites": [
                "9news.com",
                "www.9news.com"
            ]
        },
        {
            "rule": "spoutable\\.com\\/static\\/scripts\\/eda483aa-2f14-4370-a94e-ef20c3faf3da\\/desktop\\.js",
            "cookies": 0,
            "fingerprinting": 0,
            "subdomains": [
                "cdn2"
            ],
            "apis": {},
            "sites": 2,
            "prevalence": 0.0000138,
            "cnames": [],
            "responseHashes": [],
            "type": "Script",
            "firstPartyCookies": {},
            "firstPartyCookiesSent": {},
            "exampleSites": [
                "abc10.com",
                "www.abc10.com"
            ]
        },
        {
            "rule": "spoutable\\.com\\/static\\/scripts\\/3fe29d32-e855-42c5-898c-2e79eacb20ac\\/desktop\\.js",
            "cookies": 0,
            "fingerprinting": 0,
            "subdomains": [
                "cdn2"
            ],
            "apis": {},
            "sites": 2,
            "prevalence": 0.0000138,
            "cnames": [],
            "responseHashes": [],
            "type": "Script",
            "firstPartyCookies": {},
            "firstPartyCookiesSent": {},
            "exampleSites": [
                "cbs8.com",
                "www.cbs8.com"
            ]
        },
        {
            "rule": "spoutable\\.com\\/static\\/scripts\\/6fe72506-78f2-41d1-868e-7a1760d35dbf\\/desktop\\.js",
            "cookies": 0,
            "fingerprinting": 0,
            "subdomains": [
                "cdn2"
            ],
            "apis": {},
            "sites": 2,
            "prevalence": 0.0000138,
            "cnames": [],
            "responseHashes": [
                "ed0c7a2b32a1bb44935ee78e862d496e01e7da5216af173574e3064cb0c9ba4b"
            ],
            "type": "Script",
            "firstPartyCookies": {},
            "firstPartyCookiesSent": {},
            "exampleSites": [
                "kcentv.com",
                "www.kcentv.com"
            ]
        },
        {
            "rule": "spoutable\\.com\\/static\\/scripts\\/8ffa2205-f0bd-4d3b-863a-858d9f7e7333\\/desktop\\.js",
            "cookies": 0,
            "fingerprinting": 0,
            "subdomains": [
                "cdn2"
            ],
            "apis": {},
            "sites": 2,
            "prevalence": 0.0000138,
            "cnames": [],