{
    "domain": "spreaker.com",
    "owner": {},
    "source": [
        "DuckDuckGo-US"
    ],
    "prevalence": 0.000243,
    "sites": 34,
    "subdomains": [
        "widget",
        "api"
    ],
    "cnames": [],
    "fingerprinting": 2,
    "resources": [
        {
            "rule": "spreaker\\.com\\/widgets\\.js",
            "cookies": 0,
            "fingerprinting": 1,
            "subdomains": [
                "widget"
            ],
            "apis": {
                "Navigator.prototype.userAgent": 10
            },
            "sites": 12,
            "prevalence": 0.0000858,
            "cnames": [],
            "responseHashes": [
                "4f35be57a0a2807c9e3728dd631fd6f2a11d05e50fb9ad4544910082498bfdfc"
            ],
            "type": "Script",
            "firstPartyCookies": {},
            "firstPartyCookiesSent": {},
            "exampleSites": [
                "21stcenturywire.com",
                "djmarkdevlin.com",
                "freedomfirstnetwork.com",
                "gratis-sexnoveller.dk",
                "m.my-personaltrainer.it",
                "noqreport.com",
                "www.agrolink.com.br",
                "www.assh.org",
                "www.elpais.com.co",
                "www.lawsociety.org.uk",
                "www.medicalprotection.org",
                "www.my-personaltrainer.it"
            ]
        },
        {
            "rule": "spreaker\\.com\\/player",
            "cookies": 0,
            "fingerprinting": 0,
            "subdomains": [
                "widget"
            ],
            "apis": {},
            "sites": 16,
            "prevalence": 0.000114,
            "cnames": [],
            "responseHashes": [
                "a0c89030e51954aaaedd9148423cae6ce710f52e4a8d1f04481b35573808ab89",
                "57498e38e73b2f803df53e59796684df23709ab6166663888dd1dd510fb3727f",
                "b867e7144acb44aede4bbd3642a8272acceef7fc98be1c09e448ca49b543d7f0",
                "117e4fb3365823712bf3497e5a32a22fd53323704b64cc73def75da8d65b4551",
                "f3733cd46d3afef3de3987065878af6edf41e89ec132b620b074aaa5c4e7e2fd",
                "e37fc049994c4d2f084f4abac472d86a7a356f5e596e24042919391618815b92",
                "ca19634eca9546318e3e79a6f962ef8b76373725bea09ab391de1d81010500b3",
                "e919ef848dad38104e121d418ed719e79ad8e6b51497f133c3a2bd71de29ca18",
                "dd8e007a7d1dafc124463a168def234a26c6be1b5a64d1af194f90f0a799672c",
                "5525b3c28bd5ec376c50e4d3fda3249307bfcc9c80e15b21255ea928684cfb64",
                "770ce011e8b44f31429b6cc2f8679117aac6cc1ccbd9d585a6d5ac22442c8a9e",
                "c910be0a2bce051a26d238101838b39ce6f9909ea7341d943df58a68924740da",
                "7a8f357f49f11426eca626169dc35912c9f3575a4268c725845eb916f2a5cef1",
                "4b0d4c0c3221ac7588831c8995e7d86b2c076c939db738dde1fa4c13c4ae4925"
            ],
            "type": "Document",
            "firstPartyCookies": {},
            "firstPartyCookiesSent": {},
            "exampleSites": [
                "21stcenturywire.com",
                "djmarkdevlin.com",
                "m.my-personaltrainer.it",
                "therealnews.com",
                "tomluongo.me",
                "www.agrolink.com.br",
                "www.ambitojuridico.com",
                "www.ansa.it",
                "www.ellitoral.com",
                "www.elpais.com.co",
                "www.eluniversal.com.co",
                "www.equip.org",
                "www.hagmannreport.com",
                "www.jdsupra.com",
                "www.my-personaltrainer.it",
                "www.rushbet.co"
            ]
        },
        {
            "rule": "spreaker\\.com\\/player-base-1c390ccaad542eca995c\\.js",
            "cookies": 0,
            "fingerprinting": 2,
            "subdomains": [
                "widget"
            ],
            "apis": {
                "Navigator.prototype.userAgent": 12,
                "Navigator.prototype.mimeTypes": 10,
                "Navigator.prototype.product": 12,
                "window.sessionStorage": 10,
                "window.localStorage": 10,
                "Document.cookie getter": 10,
                "BroadcastChannel.prototype.constructor": 10,
                "Date.prototype.getTime": 16,
                "window.devicePixelRatio": 10,
                "PerformanceTiming.prototype.navigationStart": 12,
                "Event.prototype.timeStamp": 10,
                "HTMLMediaElement.prototype.canPlayType": 1
            },
            "sites": 16,
            "prevalence": 0.000114,
            "cnames": [],
            "responseHashes": [
                "29aa217c872689a4e9a3014889350f75ca050030849295e67e262a472c5e150c"
            ],
            "type": "Script",
            "firstPartyCookies": {},
            "firstPartyCookiesSent": {},
            "exampleSites": [
                "21stcenturywire.com",
                "djmarkdevlin.com",
                "m.my-personaltrainer.it",
                "therealnews.com",
                "tomluongo.me",
                "www.agrolink.com.br",
                "www.ambitojuridico.com",
                "www.ansa.it",
                "www.ellitoral.com",
                "www.elpais.com.co",
                "www.eluniversal.com.co",
                "www.equip.org",
                "www.hagmannreport.com",
                "www.jdsupra.com",
                "www.my-personaltrainer.it",
                "www.rushbet.co"
            ]
        },
        {
            "rule": "spreaker\\.com\\/e7bcc4a31b989f5042ec9e0e7cd8b6b7\\.svg",
            "cookies": 0,
            "fingerprinting": 0,
            "subdomains": [
                "widget"
            ],
            "apis": {},
            "sites": 16,
            "prevalence": 0.000114,
            "cnames": [],
            "responseHashes": [
                "a68652e1e5e6b633e5a9dd219e828c01ab4f3dfc639d8a23d9c5952428ae825e"
            ],
            "type": "XHR",
            "firstPartyCookies": {},
            "firstPartyCookiesSent": {},
            "exampleSites": [
                "21stcenturywire.com",
                "djmarkdevlin.com",
                "m.my-personaltrainer.it",
                "therealnews.com",
                "tomluongo.me",
                "www.agrolink.com.br",
                "www.ambitojuridico.com",
                "www.ansa.it",
                "www.ellitoral.com",
                "www.elpais.com.co",
                "www.eluniversal.com.co",
                "www.equip.org",
                "www.hagmannreport.com",
                "www.jdsupra.com",
                "www.my-personaltrainer.it",
                "www.rushbet.co"
            ]
        },
        {
            "rule": "spreaker\\.com\\/3fc945b8060c503f649871b37b67cfc2\\.svg",
            "cookies": 0,
            "fingerprinting": 0,
            "subdomains": [
                "widget"
            ],
            "apis": {},
            "sites": 4,
            "prevalence": 0.0000286,
            "cnames": [],
            "responseHashes": [
                "36804d03bb688b57467677d890460d493cabd70bde8bd22d0708b47f4dc421e0"
            ],
            "type": "Image",
            "firstPartyCookies": {},
            "firstPartyCookiesSent": {},
            "exampleSites": [
                "djmarkdevlin.com",
                "www.ansa.it",
                "www.eluniversal.com.co",
                "www.equip.org"
            ]
        },
        {
            "rule": "spreaker\\.com\\/v2\\/episodes\\/40782737\\/download\\.mp3",
            "cookies": 0.00000715,
            "fingerprinting": 0,
            "subdomains": [
                "api"
            ],
            "apis": {},
            "sites": 2,
            "prevalence": 0.0000143,
            "cnames": [],
            "responseHashes": [],
            "type": "Media",
            "firstPartyCookies": {},
            "firstPartyCookiesSent": {},