{
    "domain": "spreaker.com",
    "owner": {},
    "source": [
        "DuckDuckGo-US"
    ],
    "prevalence": 0.000272,
    "sites": 20,
    "subdomains": [
        "widget",
        "api"
    ],
    "cnames": [],
    "fingerprinting": 2,
    "resources": [
        {
            "rule": "spreaker\\.com\\/widgets\\.js",
            "cookies": 0,
            "fingerprinting": 1,
            "subdomains": [
                "widget"
            ],
            "apis": {
                "Navigator.prototype.userAgent": 9
            },
            "sites": 10,
            "prevalence": 0.000136,
            "cnames": [],
            "responseHashes": [
                "69b0dfd769ea4b6ea7558925e0c6023bcaf9eb4652f496ac37145300319da824"
            ],
            "type": "Script",
            "firstPartyCookies": {},
            "firstPartyCookiesSent": {},
            "exampleSites": [
                "gratis-sexnoveller.dk",
                "m.my-personaltrainer.it",
                "quotidianomolise.com",
                "www.agrolink.com.br",
                "www.cubadebate.cu",
                "www.ilgiunco.net",
                "www.laprovinciadicomo.it",
                "www.my-personaltrainer.it",
                "www.religionenlibertad.com",
                "www.trenord.it"
            ]
        },
        {
            "rule": "spreaker\\.com\\/player",
            "cookies": 0,
            "fingerprinting": 0,
            "subdomains": [
                "widget"
            ],
            "apis": {},
            "sites": 17,
            "prevalence": 0.000231,
            "cnames": [],
            "responseHashes": [
                "08c43d8a1820be09496e1866e207bb3126470481233e903ad1d3fcde19f582a2",
                "038fbcfe76b5ab74a9536a5d352aa7a770f40d9cb9486bae3784641ed1fc66d1",
                "9ae0c73fd65e04e966f56fba0cd37572fb2bb3313f0df2489335feaeaed3b6ff",
                "7f5f637e16ac234290acd59b014facee6787b1233de3366b3bdd9b5c1dbba53e",
                "c59819808b5ae62fd28144b3c371496731b2a9a4d1705e95d89d6426e61d52f5",
                "f2f2a8e56bf9f44c200dbde21b52342e7766e28a6cdc9e278e7b2927bfe2ac45",
                "327b687735c1190069e31760e7a0fca7823543fee90af8d038aac9ab0b5ce683",
                "0416d4ac16a8fd133b2499e3191884efcd1f0cebf992044a9e76489c2f85b8bb",
                "7ca3fef03555afa8f0210ebe74be30f8bbc4d98a2f4be9117f4cea49c1e93ce1",
                "233d98a9300bd14b12d7dfc72d870b83d86f60ebbe95df0b18d4bc8282b0dc9c",
                "f2d84b20d39a7984edf2cbde3c05b3754f1b501ad41a2ef05b25b0b13c19fdb9",
                "f3c970d7a467b91a74b982223a9c203d72eaea340fbddcbb0bceee4d886bbac7",
                "c961b97875610a21fa3ffc19257cc90e8de024744062c65e264cdaa74fa7cfea",
                "837b5c997cf70c86147a04746edd3040efebff78c4b7d8e5a1610be8af8768da",
                "ee5b323db95dc61662fa75ab08ced27ba07138d56328c5f20ff5cb66235d696e",
                "36f84b5788fa6dc31bd7de94f689c725e74cfaebbda358348b0cdc02020ffd56"
            ],
            "type": "Document",
            "firstPartyCookies": {},
            "firstPartyCookiesSent": {},
            "exampleSites": [
                "eluniversal.com.co",
                "m.my-personaltrainer.it",
                "quotidianomolise.com",
                "www.agrolink.com.br",
                "www.ansa.it",
                "www.artribune.com",
                "www.blogsicilia.it",
                "www.cubadebate.cu",
                "www.ellitoral.com",
                "www.ilgiunco.net",
                "www.laprovinciadicomo.it",
                "www.liberoquotidiano.it",
                "www.marcheingol.it",
                "www.my-personaltrainer.it",
                "www.radiosupernova.pl",
                "www.religionenlibertad.com",
                "www.rushbet.co"
            ]
        },
        {
            "rule": "spreaker\\.com\\/player-base-1b4154edb29ffe347b62\\.js",
            "cookies": 0,
            "fingerprinting": 2,
            "subdomains": [
                "widget"
            ],
            "apis": {
                "Navigator.prototype.userAgent": 13,
                "Navigator.prototype.mimeTypes": 13,
                "Navigator.prototype.product": 13,
                "window.sessionStorage": 9,
                "Navigator.prototype.languages": 13,
                "Document.cookie getter": 9,
                "window.innerWidth": 9,
                "window.innerHeight": 9,
                "BroadcastChannel.prototype.constructor": 9,
                "Date.prototype.getTime": 17,
                "window.devicePixelRatio": 9,
                "HTMLMediaElement.prototype.canPlayType": 13,
                "Event.prototype.timeStamp": 10,
                "Navigator.prototype.plugins": 3
            },
            "sites": 17,
            "prevalence": 0.000231,
            "cnames": [],
            "responseHashes": [
                "bac5a59fa85ee38e71e049eceefe8dabe5ffba42ecc87bbecb46aa8711a28bd2",
                "e3b0c44298fc1c149afbf4c8996fb92427ae41e4649b934ca495991b7852b855"
            ],
            "type": "Script",
            "firstPartyCookies": {},
            "firstPartyCookiesSent": {},
            "exampleSites": [
                "eluniversal.com.co",
                "m.my-personaltrainer.it",
                "quotidianomolise.com",
                "www.agrolink.com.br",
                "www.ansa.it",
                "www.artribune.com",
                "www.blogsicilia.it",
                "www.cubadebate.cu",
                "www.ellitoral.com",
                "www.ilgiunco.net",
                "www.laprovinciadicomo.it",
                "www.liberoquotidiano.it",
                "www.marcheingol.it",
                "www.my-personaltrainer.it",
                "www.radiosupernova.pl",
                "www.religionenlibertad.com",
                "www.rushbet.co"
            ]
        },
        {
            "rule": "spreaker\\.com\\/3fc945b8060c503f649871b37b67cfc2\\.svg",
            "cookies": 0,
            "fingerprinting": 0,
            "subdomains": [
                "widget"
            ],
            "apis": {},
            "sites": 5,
            "prevalence": 0.0000681,
            "cnames": [],
            "responseHashes": [
                "36804d03bb688b57467677d890460d493cabd70bde8bd22d0708b47f4dc421e0"
            ],
            "type": "Image",
            "firstPartyCookies": {},
            "firstPartyCookiesSent": {},
            "exampleSites": [
                "eluniversal.com.co",
                "www.ansa.it",
                "www.cubadebate.cu",
                "www.liberoquotidiano.it",
                "www.marcheingol.it"
            ]
        },
        {
            "rule": "spreaker\\.com\\/0b751f788e75f5dd1eb1a5c8f7710d6b\\.svg",
            "cookies": 0,
            "fingerprinting": 0,
            "subdomains": [
                "widget"
            ],
            "apis": {},
            "sites": 17,
            "prevalence": 0.000231,
            "cnames": [],
            "responseHashes": [
                "9c8187191d80bdb5515ab06afee9dd072cdb379ba6b85f011b95ea1fefbdd5a0"
            ],
            "type": "XHR",
            "firstPartyCookies": {},
            "firstPartyCookiesSent": {},