{
    "domain": "squarelovin.com",
    "owner": {},
    "source": [
        "DuckDuckGo-US"
    ],
    "prevalence": 0.0000476,
    "sites": 7,
    "subdomains": [
        "med-euw3c"
    ],
    "cnames": [],
    "fingerprinting": 1,
    "resources": [
        {
            "rule": "squarelovin\\.com\\/squarelovin\\.js",
            "cookies": 0,
            "fingerprinting": 1,
            "subdomains": [],
            "apis": {
                "window.innerWidth": 5,
                "Document.cookie getter": 5,
                "window.innerHeight": 1
            },
            "sites": 6,
            "prevalence": 0.0000408,
            "cnames": [],
            "responseHashes": [
                "76fb88e5524ae993d6d83d79ecc1f1ad0d28cfd994e3889add494a0ece24cf2c",
                "b96df8fbe7b044f20c895062f2e699d907e6113e54cba516d030e513243b1752",
                "110055c1a1aa60fa5af5102baacba6d512cf6653003a5b4b4e13b9734d7bf89d",
                "b83bd8d4830c3d43c3b0af06a3bea469e22c837d7353aa5dfbc9939e7423b6aa",
                "9300c35bbc4d629c69b2a431bf2ea90999e58ecc9b8f8cdbdeaa5dbe9218c698"
            ],
            "type": "Script",
            "firstPartyCookies": {},
            "firstPartyCookiesSent": {},
            "exampleSites": [
                "adinahotels.com",
                "www.edel-optics.nl",
                "www.jack-wolfskin.co.uk",
                "www.ortlieb.com",
                "www.rossmann.de",
                "www.wall-art.nl"
            ]
        },
        {
            "rule": "squarelovin\\.com\\/squarelovin\\.css",
            "cookies": 0,
            "fingerprinting": 0,
            "subdomains": [],
            "apis": {},
            "sites": 5,
            "prevalence": 0.000034,
            "cnames": [],
            "responseHashes": [
                "e736df9d4419c32ce7a2c44e776e538a53c0840cefe7e31aa993620a1fb0c9b7",
                "53f14bdd5728b4a264a58fefe28493fe323b534a98c955622e284882cd153b7f",
                "8c2cb3458c44af09430b26450690858d8b14a918b4a37c804d85862e4434a810",
                "2bbf8ae9471f8f8a5fec480848fc12bb4f9e2755f67191d9699ebb0683d00d38"
            ],
            "type": "Stylesheet",
            "firstPartyCookies": {},
            "firstPartyCookiesSent": {},
            "exampleSites": [
                "adinahotels.com",
                "www.edel-optics.nl",
                "www.ortlieb.com",
                "www.rossmann.de",
                "www.wall-art.nl"
            ]
        },
        {
            "rule": "squarelovin\\.com\\/themes\\/api\\/assets\\/img\\/bl\\.png",
            "cookies": 0,
            "fingerprinting": 0,
            "subdomains": [],
            "apis": {},
            "sites": 3,
            "prevalence": 0.0000204,
            "cnames": [],
            "responseHashes": [
                "1af14f73c78064721d14c92a9fb2b49959a53ba6c5e055a97c01c93c608d8db5"
            ],
            "type": "Image",
            "firstPartyCookies": {},
            "firstPartyCookiesSent": {},
            "exampleSites": [
                "adinahotels.com",
                "www.edel-optics.nl",
                "www.rossmann.de"
            ]
        },
        {
            "rule": "squarelovin\\.com\\/themes\\/api\\/assets\\/img\\/br\\.png",
            "cookies": 0,
            "fingerprinting": 0,
            "subdomains": [],
            "apis": {},
            "sites": 3,
            "prevalence": 0.0000204,
            "cnames": [],
            "responseHashes": [
                "5013898951308d6c811b59b65ecb8ea632187b30cedbd9ba99183c42a195ed1e"
            ],
            "type": "Image",
            "firstPartyCookies": {},
            "firstPartyCookiesSent": {},
            "exampleSites": [
                "adinahotels.com",
                "www.edel-optics.nl",
                "www.rossmann.de"
            ]
        },
        {
            "rule": "squarelovin\\.com\\/api\\/index\\/get-stream-media\\/",
            "cookies": 0,
            "fingerprinting": 0,
            "subdomains": [],
            "apis": {},
            "sites": 4,
            "prevalence": 0.0000272,
            "cnames": [],
            "responseHashes": [
                "38efb591cb75197cd0f479b331fd1f117712d5cef3b41aca736bbcca549d1682",
                "63642d0a74ec7dd38f1cfb51a205925c1203924c4bdb84e9ce1c722405aba111",
                "528481c6e983accbc67f9c59263bd9018a760b294f6e7e2221fa56f76b84b59b"
            ],
            "type": "Script",
            "firstPartyCookies": {},
            "firstPartyCookiesSent": {},
            "exampleSites": [
                "adinahotels.com",
                "www.edel-optics.nl",
                "www.ortlieb.com",
                "www.wall-art.nl"
            ]
        },
        {
            "rule": "squarelovin\\.com\\/",
            "cookies": 0,
            "fingerprinting": 0,
            "subdomains": [
                "med-euw3c"
            ],
            "apis": {},
            "sites": 6,
            "prevalence": 0.0000408,
            "cnames": [],
            "responseHashes": [
                "236656b22d9690f201b5d1c4c23e5d7c7cfef002b6cda6bfc7c1d53476de76c6",
                "f35d03c8d266e3246bf6e89e49024b98db68dee8d8a5cfd996c0acb6f4f29881",
                "d0ea742ad3ec1cf12e96264ed3e5f751f3beb6589675d545029eb5fd1803b3f5",
                "93d5b4f1b0daa6a41c0ca2bf0f39af91974ee693c70c0a2ddd02ce950f7bbba2",
                "6447882cf0c5327160ab24784239932aa9a57c24880576d96f1efcd845f5b968"
            ],
            "type": "Image",
            "firstPartyCookies": {},
            "firstPartyCookiesSent": {},
            "exampleSites": [
                "adinahotels.com",
                "www.adinahotels.com",
                "www.deuter.com",
                "www.edel-optics.nl",
                "www.ortlieb.com",
                "www.wall-art.nl"
            ]
        }
    ],
    "categories": [],
    "performance": {},
    "cookies": 0,
    "types": {
        "Script": 10,
        "Stylesheet": 5,
        "Image": 12
    },
    "nameservers": [
        "alice.ns.cloudflare.com",
        "austin.ns.cloudflare.com"
    ]
}