{
    "domain": "squarelovin.com",
    "owner": {},
    "source": [
        "DuckDuckGo-US"
    ],
    "prevalence": 0.000125,
    "sites": 18,
    "subdomains": [
        "med-euw3c"
    ],
    "cnames": [],
    "fingerprinting": 1,
    "resources": [
        {
            "rule": "squarelovin\\.com\\/squarelovin\\.js",
            "cookies": 0,
            "fingerprinting": 1,
            "subdomains": [],
            "apis": {
                "Document.cookie getter": 4
            },
            "sites": 14,
            "prevalence": 0.0000969,
            "cnames": [],
            "responseHashes": [
                "e3b0c44298fc1c149afbf4c8996fb92427ae41e4649b934ca495991b7852b855",
                "bf57ca8d18761b30f284b2b0881d9edcc1374fe337a4e5e3cc95193c54db191b",
                "95ac15515f32ff6809b68104f24917b849a9fb3f75f08b5f4bc6038ae920da07",
                "da7809a1851e226bba144972373464dfefe0de8c148615776d236b32aafe850c",
                "eb6cf3817c86cc2f201594ea3a3c5bf88667d4bc19231af6118daaa4392c7f6c",
                "346efb1dbd5187ace435a0719b90c35994cfda528d2fe7fbd3a8633d4963344b",
                "9e04e9eb608eddf4887235716a282e11e962735a1d90d1c1da779578e6907d0a",
                "406db4792bd9e40a3c713ee8e15ad82ffca5820fef1dcc83ca0d57a29475588e",
                "5b223f4c9fcb0f7959d63d557ab2c685060b5da618f75e0aa29454049bd88d88",
                "7650f7a36310647669567b977368c027e6edf8832e1ce8e079d2688fbbcdef1f",
                "75ad175c5c05bee655790443fa58eb8f9af0b8919bb1f78e3e29ba25e1e4961e",
                "df13f20b660773c494bd85c81f618f1100594bbd6c1f61e0f2fac21c9c637d8d"
            ],
            "type": "Script",
            "firstPartyCookies": {},
            "firstPartyCookiesSent": {
                "s_v31": 0.000006917925729149372
            },
            "exampleSites": [
                "porta.de",
                "shop.atomic.com",
                "teufel.de",
                "www.ankerkraut.de",
                "www.fleurop.de",
                "www.kibek.de",
                "www.mueller.at",
                "www.nivea.de",
                "www.ortlieb.com",
                "www.primaveralife.com",
                "www.rossmann.de",
                "www.sportscheck.com",
                "www.stabilo.com",
                "www.wall-art.de"
            ]
        },
        {
            "rule": "squarelovin\\.com\\/squarelovin\\.css",
            "cookies": 0,
            "fingerprinting": 0,
            "subdomains": [],
            "apis": {},
            "sites": 12,
            "prevalence": 0.000083,
            "cnames": [],
            "responseHashes": [
                "cd9591a0d99f753d25bcd8f469b6b9dfb9f09a7de2218a771d7ab47c23a086ef",
                "e93d68f759fe78600e38965f7625268955cedd83cad5db9a3c41cb5fdc2f4cf4",
                "5e573ec459357068230f4953a75791c739b0be1264178d9e9b141722034e36f5",
                "ff7df9604a7d96ddfedc192c8fbe9fdf893bc380b62ffced1c4f96fcd22c3193",
                "83d03ecd78cda112335768ca25ddb8ee3bc9f4b50b9aa4b1ef742fc4ee7e9021",
                "93f81e0d4922afa321190cee9a99d09ff6f10460462e6ddb98883d0c8a3b1e85",
                "cf21b1abf0629cf0e1e4ff52fa4f55fa95a7c7e298ea839e9c70cdd95eadb6b6",
                "6b5408c552ece653470f3ae338b9160e06feb7df65f64fc2441a411b2ec67f40",
                "34de52e424faa41ece11d1bb2f6e3e77a31ada139a55582952451abfad043f8e",
                "112b1c3d849c32a62e2d6f5a51c7e954cfe459943f73b21f658c1787de994c5e",
                "c245a49f1c69d98be1f7f399867ed418b431113bca6a4ba1c36487109b7e0668"
            ],
            "type": "Stylesheet",
            "firstPartyCookies": {},
            "firstPartyCookiesSent": {},
            "exampleSites": [
                "porta.de",
                "teufel.de",
                "www.ankerkraut.de",
                "www.fleurop.de",
                "www.kibek.de",
                "www.mueller.at",
                "www.nivea.de",
                "www.ortlieb.com",
                "www.primaveralife.com",
                "www.rossmann.de",
                "www.stabilo.com",
                "www.wall-art.de"
            ]
        },
        {
            "rule": "squarelovin\\.com\\/themes\\/api\\/assets\\/img\\/bl\\.png",
            "cookies": 0,
            "fingerprinting": 0,
            "subdomains": [],
            "apis": {},
            "sites": 9,
            "prevalence": 0.0000623,
            "cnames": [],
            "responseHashes": [
                "1af14f73c78064721d14c92a9fb2b49959a53ba6c5e055a97c01c93c608d8db5"
            ],
            "type": "Image",
            "firstPartyCookies": {},
            "firstPartyCookiesSent": {},
            "exampleSites": [
                "porta.de",
                "teufel.de",
                "www.fleurop.de",
                "www.kibek.de",
                "www.mueller.at",
                "www.nivea.de",
                "www.ortlieb.com",
                "www.primaveralife.com",
                "www.rossmann.de"
            ]
        },
        {
            "rule": "squarelovin\\.com\\/themes\\/api\\/assets\\/img\\/br\\.png",
            "cookies": 0,
            "fingerprinting": 0,
            "subdomains": [],
            "apis": {},
            "sites": 9,
            "prevalence": 0.0000623,
            "cnames": [],
            "responseHashes": [
                "5013898951308d6c811b59b65ecb8ea632187b30cedbd9ba99183c42a195ed1e"
            ],
            "type": "Image",
            "firstPartyCookies": {},
            "firstPartyCookiesSent": {},
            "exampleSites": [
                "porta.de",
                "teufel.de",
                "www.fleurop.de",
                "www.kibek.de",
                "www.mueller.at",
                "www.nivea.de",
                "www.ortlieb.com",
                "www.primaveralife.com",
                "www.rossmann.de"
            ]
        },
        {
            "rule": "squarelovin\\.com\\/api\\/index\\/get-stream-media\\/",
            "cookies": 0.0000553,
            "fingerprinting": 0,
            "subdomains": [],
            "apis": {},
            "sites": 11,
            "prevalence": 0.0000761,
            "cnames": [],
            "responseHashes": [
                "346e76f95860b6286431ee21bafff2aca527a59cb476e6b3a825455cc36694a4",
                "dd8af1b1e64e2a00eb323ff4903286b3d76623f6f9db9411328f2773ab4425f5",
                "bfae59357b84edf6fb5080f76ba2d526f8ac127f899fa7ba969cbbc124c6093f",
                "baa3eccbe9cb0e21a14a8c246b5c6ca30d7682290bdbae68af5ea8411f7fc22d",
                "43bda8a8dd9665e96d2e7e28853c7354121590e9be283633040667bd890564f7",
                "11c4041a00af3cd58ac672edc8366c08a0ed32cd86d9bddab76a2ce80b6eb958",
                "c5c20c535b31e77eb788b29e5611e4bca38ceb531a2f55a45fec5fa38dd99a91",
                "25b6393d84589f8ba469f046ccd85f0d109c929379f63455394f49291a493a1d",
                "5fb9670c5f30210ee3b75d48288f1405901ea939483eab91b47a5692602c9885",
                "29d6d942fcef9cbd24d1d26ddd4190923362732df46a3c802d594d6e32c2579d"
            ],
            "type": "Script",
            "firstPartyCookies": {},
            "firstPartyCookiesSent": {},
            "exampleSites": [
                "porta.de",
                "teufel.de",
                "www.ankerkraut.de",
                "www.fleurop.de",
                "www.kibek.de",
                "www.mueller.at",
                "www.nivea.de",
                "www.ortlieb.com",
                "www.primaveralife.com",
                "www.stabilo.com",
                "www.wall-art.de"
            ]
        },
        {
            "rule": "squarelovin\\.com\\/",
            "cookies": 0,
            "fingerprinting": 0,
            "subdomains": [
                "med-euw3c"
            ],
            "apis": {},
            "sites": 12,
            "prevalence": 0.000083,
            "cnames": [],