{
    "domain": "stay22.com",
    "owner": {},
    "source": [
        "DuckDuckGo-US"
    ],
    "prevalence": 0.0000749,
    "sites": 11,
    "subdomains": [
        "www"
    ],
    "cnames": [],
    "fingerprinting": 2,
    "resources": [
        {
            "rule": "stay22\\.com\\/embed\\/gm",
            "cookies": 0.0000749,
            "fingerprinting": 0,
            "subdomains": [
                "www"
            ],
            "apis": {},
            "sites": 11,
            "prevalence": 0.0000749,
            "cnames": [],
            "responseHashes": [
                "6b52aa80e1f527d00fa8d38d04a58af6635889e7d73fe945355959b698abfff8",
                "9b1a8848795359b5997f6153aaae1b00f863874d9c2e688b972228eab0aa0888",
                "834a5944ad5f3b64f4c772519f56d0bdb7c974c4cc03e0e6551905116272f526",
                "3057f4e3e752fe02bc8361e985e27eba8ce566108042d36718cd5d774b3d9d16",
                "a76952cc0294302c1d85bc196964fa36daa32c4d9ecca70b06f56ca4a6ef1ab7",
                "6479257e1a57569c6600f0ac690b146b984370e9725f6a2c4a4f624b25939e8e",
                "b5f3e1f43597340f0290da919072177dc9eb5372218ba234c49ebfd88ee9e9df",
                "c769b522f7268de93e7b952a146e040fba0152ee4289f750235c5c44df70f3da",
                "38d1a95f9a76e8e8749c3ccb889427aae9ec50ad526c189db7ee41d79270d501",
                "eb196f987864fed58a5102712acd94a800031913091cfcffac311394f2008f7f"
            ],
            "type": "Document",
            "firstPartyCookies": {},
            "firstPartyCookiesSent": {},
            "exampleSites": [
                "aviewfrommyseat.com",
                "aviewfrommyseat.co.uk",
                "europebookings.com",
                "rove.me",
                "tothotornot.com",
                "www.eventim.com.br",
                "www.everfest.com",
                "www.liverpooltheatres.com",
                "www.racingcircuits.info",
                "www.stereoboard.com",
                "www.worldtravelguide.net"
            ]
        },
        {
            "rule": "stay22\\.com\\/liveassets\\/default-8\\.css",
            "cookies": 0,
            "fingerprinting": 0,
            "subdomains": [
                "www"
            ],
            "apis": {},
            "sites": 11,
            "prevalence": 0.0000749,
            "cnames": [],
            "responseHashes": [
                "b9c0a07c5873e8259703b2785ee00cc1c2818ad0839b787b5fa88b86ab82e402"
            ],
            "type": "Stylesheet",
            "firstPartyCookies": {},
            "firstPartyCookiesSent": {},
            "exampleSites": [
                "aviewfrommyseat.com",
                "aviewfrommyseat.co.uk",
                "europebookings.com",
                "rove.me",
                "tothotornot.com",
                "www.eventim.com.br",
                "www.everfest.com",
                "www.liverpooltheatres.com",
                "www.racingcircuits.info",
                "www.stereoboard.com",
                "www.worldtravelguide.net"
            ]
        },
        {
            "rule": "stay22\\.com\\/liveassets\\/head-7\\.js",
            "cookies": 0,
            "fingerprinting": 2,
            "subdomains": [
                "www"
            ],
            "apis": {
                "Navigator.prototype.userAgent": 11,
                "Navigator.prototype.platform": 11,
                "window.devicePixelRatio": 11,
                "Event.prototype.timeStamp": 11
            },
            "sites": 11,
            "prevalence": 0.0000749,
            "cnames": [],
            "responseHashes": [
                "633a21aa53c2316d1eba81c850bfe0d5512448253dd38f722a518738ad69a062"
            ],
            "type": "Script",
            "firstPartyCookies": {},
            "firstPartyCookiesSent": {},
            "exampleSites": [
                "aviewfrommyseat.com",
                "aviewfrommyseat.co.uk",
                "europebookings.com",
                "rove.me",
                "tothotornot.com",
                "www.eventim.com.br",
                "www.everfest.com",
                "www.liverpooltheatres.com",
                "www.racingcircuits.info",
                "www.stereoboard.com",
                "www.worldtravelguide.net"
            ]
        },
        {
            "rule": "stay22\\.com\\/static\\/app\\.8569add95ab36f8a9cb5\\.css",
            "cookies": 0,
            "fingerprinting": 0,
            "subdomains": [
                "www"
            ],
            "apis": {},
            "sites": 11,
            "prevalence": 0.0000749,
            "cnames": [],
            "responseHashes": [
                "71dfe4da828af07aa28104378c993be154916af0b6f15cad81d051a0118c9830"
            ],
            "type": "Stylesheet",
            "firstPartyCookies": {},
            "firstPartyCookiesSent": {},
            "exampleSites": [
                "aviewfrommyseat.com",
                "aviewfrommyseat.co.uk",
                "europebookings.com",
                "rove.me",
                "tothotornot.com",
                "www.eventim.com.br",
                "www.everfest.com",
                "www.liverpooltheatres.com",
                "www.racingcircuits.info",
                "www.stereoboard.com",
                "www.worldtravelguide.net"
            ]
        },
        {
            "rule": "stay22\\.com\\/liveassets\\/search-28\\.js",
            "cookies": 0.00000681,
            "fingerprinting": 1,
            "subdomains": [
                "www"
            ],
            "apis": {
                "window.localStorage": 11,
                "Navigator.prototype.userAgent": 11,
                "Date.prototype.getTime": 2,
                "Document.cookie getter": 6,
                "Document.cookie setter": 1,
                "Date.prototype.getTimezoneOffset": 1
            },
            "sites": 11,
            "prevalence": 0.0000749,
            "cnames": [],
            "responseHashes": [
                "f5c833e08ac5561f82f334c4f12f94f2224c6d0bde3942952a9af4f51d648543"
            ],
            "type": "Script",
            "firstPartyCookies": {
                "hsvb": {
                    "ttl": 864004,
                    "length": 4,
                    "prevalence": 0.000006806378938341013,
                    "uniqueness": 1
                }
            },
            "firstPartyCookiesSent": {},
            "exampleSites": [
                "aviewfrommyseat.com",
                "aviewfrommyseat.co.uk",
                "europebookings.com",
                "rove.me",
                "tothotornot.com",
                "www.eventim.com.br",
                "www.everfest.com",
                "www.liverpooltheatres.com",
                "www.racingcircuits.info",
                "www.stereoboard.com",
                "www.worldtravelguide.net"
            ]
        },
        {
            "rule": "stay22\\.com\\/javascripts\\/vendor\\/adsbygoogle\\.js",
            "cookies": 0,
            "fingerprinting": 0,
            "subdomains": [
                "www"
            ],
            "apis": {},
            "sites": 11,
            "prevalence": 0.0000749,
            "cnames": [],
            "responseHashes": [
                "3d0b8b6a86844cda2526a8e8a30983cb83f90fd1482d5081979ab351e8cdc81a"
            ],
            "type": "Script",
            "firstPartyCookies": {},
            "firstPartyCookiesSent": {},