{
    "domain": "stootsou.net",
    "owner": {},
    "source": [
        "DuckDuckGo-US"
    ],
    "prevalence": 0.000136,
    "sites": 19,
    "subdomains": [],
    "cnames": [],
    "fingerprinting": 1,
    "resources": [
        {
            "rule": "stootsou\\.net\\/pfe\\/current\\/tag\\.min\\.js",
            "cookies": 0,
            "fingerprinting": 1,
            "subdomains": [],
            "apis": {
                "Navigator.prototype.userAgent": 8,
                "Document.cookie getter": 7
            },
            "sites": 8,
            "prevalence": 0.0000572,
            "cnames": [],
            "responseHashes": [
                "5be6dc70f8b09c54bb3df8c2be793debab194926187fc91f5b7bf371a95c1b58"
            ],
            "type": "Script",
            "firstPartyCookies": {},
            "firstPartyCookiesSent": {},
            "exampleSites": [
                "rigala.net",
                "aflam18kbar.rigala.net",
                "my.gtzwap.com",
                "peliculaspremium.com",
                "pt.moyens.net",
                "rom3ds.download",
                "switch-emulator.com",
                "wikibit.me"
            ]
        },
        {
            "rule": "stootsou\\.net\\/zone",
            "cookies": 0,
            "fingerprinting": 0,
            "subdomains": [],
            "apis": {},
            "sites": 9,
            "prevalence": 0.0000643,
            "cnames": [],
            "responseHashes": [
                "213d01a998f40234526ee28042372de7d07bd85a99efc553f39199fc7cb8dcee",
                "b10ada2bfda78ebc34abc6a9ffcad76ea80712c311154147d6175345876ea63e",
                "623bf3bb79eb3b16d03bdfb2d673adc1a5f581f1ee6af9a9451461002385ca66",
                "312169057e945aa541b1a2b5b0229ed26425c4b95649151a2130ef1c9bb1a778",
                "66d92d79e42f1687bfb4350c7a7ad27b5cd8921754a0fa6d65164c62caebebea",
                "b8bed1d52d415005f2ffa4f347237956dfb305e91d56e2e17fe7d2bb878e96ce",
                "fc1c1c0ccc4f8d1ea7438dc390da087c67f3fde193e33ad3ad01ffb77cf628ea",
                "06648170ceeef44e1fea38fb0b41e197e5b30091b55e76480f934538d6122bc9"
            ],
            "type": "Fetch",
            "firstPartyCookies": {},
            "firstPartyCookiesSent": {
                "lotame_domain_check": 0.000007149904906264747
            },
            "exampleSites": [
                "rigala.net",
                "aflam18kbar.rigala.net",
                "msecure.crictime.com",
                "my.gtzwap.com",
                "peliculaspremium.com",
                "pt.moyens.net",
                "rom3ds.download",
                "switch-emulator.com",
                "wikibit.me"
            ]
        },
        {
            "rule": "stootsou\\.net\\/pfe\\/current\\/universal\\.min\\.js",
            "cookies": 0,
            "fingerprinting": 0,
            "subdomains": [],
            "apis": {},
            "sites": 9,
            "prevalence": 0.0000643,
            "cnames": [],
            "responseHashes": [
                "983ef4230d1522ac18b090e25d3af7258ccb44b103bf1223a0ac4eb026999fb1"
            ],
            "type": "Fetch",
            "firstPartyCookies": {},
            "firstPartyCookiesSent": {},
            "exampleSites": [
                "rigala.net",
                "aflam18kbar.rigala.net",
                "msecure.crictime.com",
                "my.gtzwap.com",
                "peliculaspremium.com",
                "pt.moyens.net",
                "rom3ds.download",
                "switch-emulator.com",
                "wikibit.me"
            ]
        },
        {
            "rule": "stootsou\\.net\\/custom",
            "cookies": 0,
            "fingerprinting": 0,
            "subdomains": [],
            "apis": {},
            "sites": 9,
            "prevalence": 0.0000643,
            "cnames": [],
            "responseHashes": [],
            "type": "Preflight",
            "firstPartyCookies": {},
            "firstPartyCookiesSent": {},
            "exampleSites": [
                "rigala.net",
                "aflam18kbar.rigala.net",
                "msecure.crictime.com",
                "my.gtzwap.com",
                "peliculaspremium.com",
                "pt.moyens.net",
                "rom3ds.download",
                "switch-emulator.com",
                "wikibit.me"
            ]
        },
        {
            "rule": "stootsou\\.net\\/custom",
            "cookies": 0,
            "fingerprinting": 0,
            "subdomains": [],
            "apis": {},
            "sites": 9,
            "prevalence": 0.0000643,
            "cnames": [],
            "responseHashes": [
                "ff752c1c79bb2c0347c5a8b7f069fa2772047324dbbadf77d21cec4b26ee3881"
            ],
            "type": "Fetch",
            "firstPartyCookies": {},
            "firstPartyCookiesSent": {},
            "exampleSites": [
                "rigala.net",
                "aflam18kbar.rigala.net",
                "msecure.crictime.com",
                "my.gtzwap.com",
                "peliculaspremium.com",
                "pt.moyens.net",
                "rom3ds.download",
                "switch-emulator.com",
                "wikibit.me"
            ]
        },
        {
            "rule": "stootsou\\.net\\/event",
            "cookies": 0,
            "fingerprinting": 0,
            "subdomains": [],
            "apis": {},
            "sites": 7,
            "prevalence": 0.00005,
            "cnames": [],
            "responseHashes": [
                "637a248b1fafeeff75500bee6199e8f2b73239de74557b376c2df5841bf0e0e9",
                "938030533ed01d562314700bb09e161672aef5b42098cd65d44c47102e4cc70f",
                "12d14f5eb57fc9a7a4cc852a437871c34060ce869883ed8cb7b8141aa620d7f5",
                "cdfb6122f1c76ecf6a53aed93c3457ac89be671c02e0530cc55f128f1bfb3b6c",
                "30bc939e74ab35deb485f83b7b3521c96fd992bd7256511087b4eb3a7e63be62",
                "c046a2d53137070a3b8890e21841bdcbf531743dc5fffd0a370a0b7fa471184f"
            ],
            "type": "Fetch",
            "firstPartyCookies": {},
            "firstPartyCookiesSent": {},
            "exampleSites": [
                "rigala.net",
                "aflam18kbar.rigala.net",
                "msecure.crictime.com",
                "peliculaspremium.com",
                "pt.moyens.net",
                "switch-emulator.com",
                "wikibit.me"
            ]
        },
        {
            "rule": "stootsou\\.net\\/event",
            "cookies": 0,
            "fingerprinting": 0,
            "subdomains": [],
            "apis": {},
            "sites": 7,
            "prevalence": 0.00005,
            "cnames": [],
            "responseHashes": [],
            "type": "Preflight",
            "firstPartyCookies": {},
            "firstPartyCookiesSent": {},
            "exampleSites": [
                "rigala.net",
                "aflam18kbar.rigala.net",
                "msecure.crictime.com",
                "peliculaspremium.com",
                "pt.moyens.net",
                "switch-emulator.com",
                "wikibit.me"
            ]
        },
        {
            "rule": "stootsou\\.net\\/pfe\\/current\\/service-worker\\.min\\.js",
            "cookies": 0,
            "fingerprinting": 0,
            "subdomains": [],
            "apis": {},
            "sites": 4,
            "prevalence": 0.0000286,
            "cnames": [],
            "responseHashes": [
                "2ba76db317f2db422f5e5f7eead768ce7d89320edf36c9104b95e700c5f41ff1"
            ],
            "type": "Other",
            "firstPartyCookies": {},
            "firstPartyCookiesSent": {},
            "exampleSites": [
                "amongus-online.net",
                "conteudogp.com",
                "text-pesni.com",
                "y2mate.pw"
            ]
        },
        {
            "rule": "stootsou\\.net\\/ntfc\\.php",
            "cookies": 0,