{
    "domain": "streamtheworld.com",
    "owner": {
        "name": "Triton Digital, Inc.",
        "displayName": "Triton Digital"
    },
    "source": [
        "DuckDuckGo-US"
    ],
    "prevalence": 0.000164,
    "sites": 23,
    "subdomains": [
        "playerservices.live",
        "yield-op-idsync.live",
        "cmod.live"
    ],
    "cnames": [],
    "fingerprinting": 1,
    "resources": [
        {
            "rule": "streamtheworld\\.com\\/api\\/idsync\\.js",
            "cookies": 0.0000715,
            "fingerprinting": 0,
            "subdomains": [
                "playerservices.live"
            ],
            "apis": {},
            "sites": 10,
            "prevalence": 0.0000715,
            "cnames": [],
            "responseHashes": [
                "c650379d07533edda15d79b7906a54f7cde5d69b024a981318e1efd7e2cc622b",
                "5195d9685f3999f1e039f4ea2a4a73f7bcc4f806c60afca8f443d85897e8c4fb",
                "dd3ed2dcb59bbf31c799c581e6eb48456c8adc407783f995c09af71c2c5073af",
                "7bc0c55b1b1187f8973c4877d47b2fffceb9373f0eee3babf3b2fdf756d175e3",
                "20730618dcb0677b0742dc89626e404089a88015e4a95cdf9fb53ee13a050174"
            ],
            "type": "Script",
            "firstPartyCookies": {},
            "firstPartyCookiesSent": {},
            "exampleSites": [
                "caracol.com.co",
                "los40.com",
                "www.2gb.com",
                "www.3aw.com.au",
                "www.4bc.com.au",
                "www.6pr.com.au",
                "www.iheart.com",
                "www.nederland.fm",
                "www.novafm.com.au",
                "www.rawstory.com"
            ]
        },
        {
            "rule": "streamtheworld\\.com\\/idsync\\.js",
            "cookies": 0,
            "fingerprinting": 1,
            "subdomains": [
                "yield-op-idsync.live"
            ],
            "apis": {
                "Navigator.prototype.userAgent": 8
            },
            "sites": 10,
            "prevalence": 0.0000715,
            "cnames": [],
            "responseHashes": [
                "747ab2d422c0d739481974982430237676ba7b0bebc737a9391d378bfbbc63f7",
                "ea4d041b4ae502db6f4ceadcfcaeb93f3f0d9bbb0b1f9391800c911d473a95e5",
                "373df88c55abe427dea729e1ddd886ebca844776b77a53442666250f8912d4b7",
                "b8ce053c6c1c390bd2ec5775d1aba0614f00693f55b87d212c8a3617a58af8e1",
                "c80b7cf3f748d8b712ff1fdb10c9fd36600f3c0d60e173f062858534c555d173",
                "a4cf5b0cbb1a37e020baeae59c8607732bce5a0a067c4663d06949748e9fb98c",
                "3a4804f89a0b977aa3fdd5cfd3c167c425d7d472f4670517535de6e21b051a32"
            ],
            "type": "Script",
            "firstPartyCookies": {},
            "firstPartyCookiesSent": {},
            "exampleSites": [
                "caracol.com.co",
                "los40.com",
                "www.2gb.com",
                "www.3aw.com.au",
                "www.4bc.com.au",
                "www.6pr.com.au",
                "www.iheart.com",
                "www.nederland.fm",
                "www.novafm.com.au",
                "www.rawstory.com"
            ]
        },
        {
            "rule": "streamtheworld\\.com\\/cookiesync\\/pixel\\.gif",
            "cookies": 0.0000572,
            "fingerprinting": 0,
            "subdomains": [
                "cmod.live"
            ],
            "apis": {},
            "sites": 8,
            "prevalence": 0.0000572,
            "cnames": [],
            "responseHashes": [
                "d346801abbf9bb4e9e9a055239053d4ab5596514304f601a6c70604187acb744"
            ],
            "type": "Image",
            "firstPartyCookies": {},
            "firstPartyCookiesSent": {},
            "exampleSites": [
                "caracol.com.co",
                "los40.com",
                "www.3aw.com.au",
                "www.4bc.com.au",
                "www.6pr.com.au",
                "www.nederland.fm",
                "www.novafm.com.au",
                "www.rawstory.com"
            ]
        },
        {
            "rule": "streamtheworld\\.com\\/pixel\\.gif",
            "cookies": 0.0000643,
            "fingerprinting": 0,
            "subdomains": [
                "yield-op-idsync.live"
            ],
            "apis": {},
            "sites": 9,
            "prevalence": 0.0000643,
            "cnames": [],
            "responseHashes": [
                "d346801abbf9bb4e9e9a055239053d4ab5596514304f601a6c70604187acb744"
            ],
            "type": "Image",
            "firstPartyCookies": {},
            "firstPartyCookiesSent": {},
            "exampleSites": [
                "caracol.com.co",
                "los40.com",
                "www.3aw.com.au",
                "www.4bc.com.au",
                "www.6pr.com.au",
                "www.iheart.com",
                "www.nederland.fm",
                "www.novafm.com.au",
                "www.rawstory.com"
            ]
        },
        {
            "rule": "streamtheworld\\.com\\/api\\/getuuid",
            "cookies": 0.0000357,
            "fingerprinting": 0,
            "subdomains": [
                "playerservices.live"
            ],
            "apis": {},
            "sites": 5,
            "prevalence": 0.0000357,
            "cnames": [],
            "responseHashes": [
                "1866961a029c65376fefb7f2ba1e6187e09ff50ea58d97dedfd72c197947d002",
                "e3b0c44298fc1c149afbf4c8996fb92427ae41e4649b934ca495991b7852b855"
            ],
            "type": "Image",
            "firstPartyCookies": {},
            "firstPartyCookiesSent": {},
            "exampleSites": [
                "coasttocoastam.com",
                "www.coasttocoastam.com",
                "www.iheart.com",
                "www.journaldemontreal.com",
                "www.novafm.com.au"
            ]
        },
        {
            "rule": "streamtheworld\\.com\\/partnerIds",
            "cookies": 0,
            "fingerprinting": 0,
            "subdomains": [
                "yield-op-idsync.live"
            ],
            "apis": {},
            "sites": 2,
            "prevalence": 0.0000143,
            "cnames": [],
            "responseHashes": [
                "2df8c7dbdf1814d8dc07f38924e411cec51faa05527c2507b3038f69cf2f2a03"
            ],
            "type": "XHR",
            "firstPartyCookies": {},
            "firstPartyCookiesSent": {},
            "exampleSites": [
                "iheart.com",
                "www.iheart.com"
            ]
        }
    ],
    "categories": [],
    "performance": {},
    "cookies": 0.000157,
    "types": {
        "Script": 20,
        "Image": 22,
        "XHR": 2
    },
    "nameservers": [
        "ns01.streamtheworld.net",
        "ns02.streamtheworld.net",
        "ns03.streamtheworld.net",
        "ns04.streamtheworld.net"
    ]
}