{
    "domain": "superlemon.xyz",
    "owner": {},
    "source": [
        "DuckDuckGo-US"
    ],
    "prevalence": 0.000218,
    "sites": 16,
    "subdomains": [
        "settings-api"
    ],
    "cnames": [],
    "fingerprinting": 0,
    "resources": [
        {
            "rule": "superlemon\\.xyz\\/account\\/v1\\/shop\\/widget\\/settings",
            "cookies": 0,
            "fingerprinting": 0,
            "subdomains": [
                "settings-api"
            ],
            "apis": {},
            "sites": 16,
            "prevalence": 0.000218,
            "cnames": [],
            "responseHashes": [
                "5e782d21a128f9716874cfa6315280117657cd16f6de101a8bdef5fd111762cf",
                "1f47db18db3b6b257875ac99074eb8529f57efab43143c1607c1400b76f013a2",
                "fa9e91823908f41ffbcc2db91d39a36b1cacd533c4cbae18c3c46cce25ef4812",
                "f91adbc06ec23f340a1de32ebda148508e689c93f22576a12b2ddb1990372784",
                "73c60d64563703d61b0fd169105a7d1aeadcf4bdc5d7797c8c759ac0e06b7f67",
                "2e3a9f41d5c18bbad3e80ebc9991c153110c9db65f13070c39f9ce677c596378",
                "dd897c7b6e1b2d6b8044b75865c7254602d52425f808beae4dd25c56136c29d4",
                "04aef5019808f6d14c6b5d7e9283ab2923d46f6ad6b56a4cbc114dcbde1891f4",
                "4ff553c20ff3c3eec398ea6ec309e42e78fb3249d4c6307c9c1f55491a597030",
                "009598cc4eb462361f768322d8d9cddde6baba850b07e96e245628315ef78adb",
                "ae2748f8871cab6973c0771df7233506e1cbd830facc3b68f04c4b403385dadd",
                "a065cd20a2f7176c02878cb5516c12ac60d9f1aecd1cd8c0c13fa3be0fbf323b",
                "63c8047a252d68a61173777dac90977e0223866e901157a9e68e5a8c7deeaece",
                "9e3c3cf7c8eba4c868b39763d6c3b3ee254172dbb924987a10cfd7650a3def20",
                "7c1fade343685d89871da33c1a87e405744ae00abf3d5c9c766bd030316275d0"
            ],
            "type": "XHR",
            "firstPartyCookies": {},
            "firstPartyCookiesSent": {},
            "exampleSites": [
                "astore.pk",
                "bachaaparty.com",
                "calzadoandymexmayoreo.com",
                "chichomz.com",
                "diners.com.pk",
                "eauto.co.in",
                "ghc.health",
                "gulattire.com",
                "gynoveda.com",
                "neemans.com",
                "voila.id",
                "www.adorebypriyanka.com",
                "www.borjan.com.pk",
                "www.kushals.com",
                "www.libas.in",
                "www.villain.in"
            ]
        }
    ],
    "categories": [],
    "performance": {},
    "cookies": 0,
    "topInitiators": [
        {
            "domain": "shopify.com",
            "prevalence": 0.875
        },
        {
            "domain": "first party",
            "prevalence": 0.0625
        },
        {
            "domain": "shopifyorderlimits.s3.amazonaws.com",
            "prevalence": 0.0625
        }
    ],
    "types": {
        "XHR": 16
    },
    "nameservers": [
        "ns-201.awsdns-25.com",
        "ns-858.awsdns-43.net",
        "ns-1347.awsdns-40.org",
        "ns-1853.awsdns-39.co.uk"
    ]
}