{
    "domain": "superxxxfree.com",
    "owner": {},
    "source": [
        "DuckDuckGo-US"
    ],
    "prevalence": 0.000129,
    "sites": 18,
    "subdomains": [
        "sub"
    ],
    "cnames": [],
    "fingerprinting": 1,
    "resources": [
        {
            "rule": "superxxxfree\\.com\\/api\\/spots\\/323879",
            "cookies": 0.0000715,
            "fingerprinting": 0,
            "subdomains": [
                "sub"
            ],
            "apis": {},
            "sites": 10,
            "prevalence": 0.0000715,
            "cnames": [],
            "responseHashes": [
                "5dee3ff0bbe3b6a237a538a47c571f55fca82b793bf7ed98da97da3d614e0557",
                "33b5c3992c82a2b8bdc5f29ebf34de8cd797a297c8ac3f2f7a50f788b3ac6e81",
                "0145d21c303cfe34739dcf0364b72ea5ff9122fd98d2633879ea248bcb48ba09",
                "9b0239d55b7acd9c1154f9436bb4a8aabb62a1cca553662b29ed1ab0622cf64f",
                "18d8ddf3847d68dd46c20491721c6b3a1058ebb3a627a220fe464ffcaf522da8",
                "9da1c8e2b864b808055665603fd43210059c8660dbe86eca103060e7941774bb",
                "25c0746857e13db045cd4e8c3d2dd37ae98e6b47835f0c429e431012cee75260",
                "2e495a6fb3c2f2848da3b39d7bfe7619620586010dec647ccdec5619a1c04c9f",
                "795c6053e610f74195264884ebb8d12e345e8141a9413d435e29f0062d0b52bd"
            ],
            "type": "Document",
            "firstPartyCookies": {},
            "firstPartyCookiesSent": {},
            "exampleSites": [
                "pornmovs4k.com",
                "realpleasureporn.com",
                "sextube8k.com",
                "tubeadult4k.com",
                "tubemovies4k.com",
                "tubemovs8k.com",
                "tubexxx4k.com",
                "www.4ksexmovie.com",
                "www.8kporntube.com",
                "xsuperporn.com"
            ]
        },
        {
            "rule": "superxxxfree\\.com\\/api\\/spots\\/67291",
            "cookies": 0.0000214,
            "fingerprinting": 0,
            "subdomains": [
                "sub"
            ],
            "apis": {},
            "sites": 3,
            "prevalence": 0.0000214,
            "cnames": [],
            "responseHashes": [
                "531d14497bf5279530e95aa3d0fe2c13198dbbb6726892b8eef60b031e8fe1ba",
                "0c0430fbb93cf40f99c77bf00bec6772d94f0bfeab1be41fe870cb8095c9b71d"
            ],
            "type": "Script",
            "firstPartyCookies": {},
            "firstPartyCookiesSent": {},
            "exampleSites": [
                "tubemovies4k.com",
                "tubemovs8k.com",
                "xsuperporn.com"
            ]
        }
    ],
    "categories": [],
    "performance": {},
    "cookies": 0.000129,
    "types": {
        "Document": 10,
        "Script": 3
    },
    "nameservers": [
        "ns2.superxxxfree.com",
        "ns1.superxxxfree.com"
    ]
}