{
    "domain": "supercounters.com",
    "owner": {},
    "source": [
        "DuckDuckGo-US"
    ],
    "prevalence": 0.000197,
    "sites": 29,
    "subdomains": [
        "widget",
        "service",
        "www"
    ],
    "cnames": [],
    "fingerprinting": 1,
    "resources": [
        {
            "rule": "supercounters\\.com\\/ssl\\/online_i\\.js",
            "cookies": 0,
            "fingerprinting": 1,
            "subdomains": [
                "widget"
            ],
            "apis": {
                "Navigator.prototype.userAgent": 7,
                "Screen.prototype.width": 7,
                "Screen.prototype.height": 7
            },
            "sites": 7,
            "prevalence": 0.0000476,
            "cnames": [],
            "responseHashes": [
                "ee80e1799cfa522898910f9b955030eb967d87ff400bf423561b6fa8b05d666a"
            ],
            "type": "Script",
            "firstPartyCookies": {},
            "firstPartyCookiesSent": {},
            "exampleSites": [
                "auntymaza.net",
                "auntymaza.com",
                "pdiskvideo.com",
                "uncutflix.shop",
                "uncutwebseries.com",
                "www.kinrooiwebradio.be",
                "www.matkaindia.net"
            ]
        },
        {
            "rule": "supercounters\\.com\\/fc\\.php",
            "cookies": 0,
            "fingerprinting": 0,
            "subdomains": [
                "service"
            ],
            "apis": {},
            "sites": 16,
            "prevalence": 0.000109,
            "cnames": [],
            "responseHashes": [
                "ddad62fc2a6838281e4e33c8b0e28cfe6f75522eaea1c488f51cdd996eb81fcd",
                "e53898cac1feef720f59df64ad04daad5cfc356f2d9dfa127ad9b799b7fe0401",
                "0f7c87fe9d58047b94a511b8bbfc858c473a51b28102c2c4f7389cea7630c5a9",
                "fa813516b875a61bd2a270edd005b97d86dce6c443854d2f439b2fdc07062385",
                "3843cbd401697a54aad6275864ef1bca95cf342e40fcf143aa6ebea58e68d50c",
                "460df06356427b884f5d1be6433403673bdae6cba1fbf0c412c6cafc5b0a2c25",
                "c00d220b4757a0b19ecd57980d07470ed52c813bc40683adf5d2b2e260b5fde6",
                "b40a84864bee0254238cb185fe034a4058b7789beda757c1228e664fab071fad",
                "76480eab70ee4dfb0a5ce94fe25f1363a7c68a6089cb0c1e0b052ad72bf63e1b",
                "74f279871a34a4bf46ba8ddd05e71421adeb21409ed61c7f2e3980c7ce6e9e3a",
                "7b60858e4c10b3fc9c7938b9884514606277e9ee0a628e925a8d7a6e7f6f0ad6",
                "f6aa225a2589df0d07564ebcb010c22f21676d9c961a159ad45632e5c8e311a9",
                "8b1d8177811c3ea2c3beb7b2616a17c87985519ce9a1e494f730960f0c72f38d",
                "fc0d73000cb249af7b1001b06292a50b7fbf002f9e17c104c5635a106e1021fb",
                "06de55e7bd57769092e777f8667a8d6893bb8a02e60d1af7eb2f274d2280e2f6"
            ],
            "type": "Script",
            "firstPartyCookies": {},
            "firstPartyCookiesSent": {
                "__PPU___PPU_SESSION_URL": 0.000006806378938341013
            },
            "exampleSites": [
                "auntymaza.net",
                "auntymaza.com",
                "badwap.desi",
                "khatrimaza.miami",
                "pdiskvideo.com",
                "redditsave.com",
                "satta-satta.in",
                "skymovieshd.name",
                "uncutflix.shop",
                "uncutwebseries.com",
                "www.empressleak.biz",
                "www.joysporns.com",
                "www.kinrooiwebradio.be",
                "www.matkaindia.net",
                "www.satta-company.com",
                "xvidshub.com"
            ]
        },
        {
            "rule": "supercounters\\.com\\/images\\/online\\/e61c1c\\.png",
            "cookies": 0,
            "fingerprinting": 0,
            "subdomains": [
                "widget"
            ],
            "apis": {},
            "sites": 4,
            "prevalence": 0.0000272,
            "cnames": [],
            "responseHashes": [
                "c768fd27662c266b6907f204b3acd42ff01996ad0fc550f939d5baf0331c3d66"
            ],
            "type": "Image",
            "firstPartyCookies": {},
            "firstPartyCookiesSent": {},
            "exampleSites": [
                "badwap.desi",
                "uncutflix.shop",
                "www.kinrooiwebradio.be",
                "www.matkaindia.net"
            ]
        },
        {
            "rule": "supercounters\\.com\\/ssl\\/online_t\\.js",
            "cookies": 0,
            "fingerprinting": 1,
            "subdomains": [
                "widget"
            ],
            "apis": {
                "Navigator.prototype.userAgent": 5,
                "Screen.prototype.width": 5,
                "Screen.prototype.height": 5
            },
            "sites": 5,
            "prevalence": 0.000034,
            "cnames": [],
            "responseHashes": [
                "f56b0bd9e5cd22334b47cc1d10e2cf1ae6a2fd95c16ed5534e925f6dfae331ed"
            ],
            "type": "Script",
            "firstPartyCookies": {},
            "firstPartyCookiesSent": {},
            "exampleSites": [
                "redditsave.com",
                "satta-satta.in",
                "skymovieshd.name",
                "www.joysporns.com",
                "www.satta-company.com"
            ]
        },
        {
            "rule": "supercounters\\.com\\/ssl\\/tab\\.js",
            "cookies": 0,
            "fingerprinting": 1,
            "subdomains": [
                "widget"
            ],
            "apis": {
                "Navigator.prototype.userAgent": 2,
                "Screen.prototype.width": 2,
                "Screen.prototype.height": 2
            },
            "sites": 2,
            "prevalence": 0.0000136,
            "cnames": [],
            "responseHashes": [
                "c41e01fe3a0214dee147e3053c88bc40bec6caaeff53b2b02bb82f97b23cc519"
            ],
            "type": "Script",
            "firstPartyCookies": {},
            "firstPartyCookiesSent": {},
            "exampleSites": [
                "empressleak.biz",
                "www.empressleak.biz"
            ]
        },
        {
            "rule": "supercounters\\.com\\/images\\/tab_r\\.png",
            "cookies": 0,
            "fingerprinting": 0,
            "subdomains": [
                "www"
            ],
            "apis": {},
            "sites": 2,
            "prevalence": 0.0000136,
            "cnames": [],
            "responseHashes": [
                "0658463ed21631e6148fa5acb516e07ec05fba58a34e8f0335f8e821dd43689b"
            ],
            "type": "Image",
            "firstPartyCookies": {},
            "firstPartyCookiesSent": {},
            "exampleSites": [
                "empressleak.biz",
                "www.empressleak.biz"
            ]
        },
        {
            "rule": "supercounters\\.com\\/images\\/digit-r\\.png",
            "cookies": 0,
            "fingerprinting": 0,
            "subdomains": [
                "www"
            ],
            "apis": {},
            "sites": 2,
            "prevalence": 0.0000136,
            "cnames": [],
            "responseHashes": [
                "9b0901c2780423db610269415ee75384a8b6d5feb5575b745a12786fc501a961"
            ],
            "type": "Image",
            "firstPartyCookies": {},
            "firstPartyCookiesSent": {},
            "exampleSites": [
                "empressleak.biz",
                "www.empressleak.biz"
            ]
        },
        {
            "rule": "supercounters\\.com\\/ssl\\/vt\\.js",
            "cookies": 0,
            "fingerprinting": 1,
            "subdomains": [
                "widget"
            ],
            "apis": {
                "Navigator.prototype.userAgent": 2,
                "Screen.prototype.width": 2,
                "Screen.prototype.height": 2
            },