{
    "domain": "suppleapps.com",
    "owner": {},
    "source": [
        "DuckDuckGo-US"
    ],
    "prevalence": 0.000191,
    "sites": 14,
    "subdomains": [
        "specialoffers"
    ],
    "cnames": [],
    "fingerprinting": 0,
    "resources": [
        {
            "rule": "suppleapps\\.com\\/api\\/v2\\/page-actions",
            "cookies": 0,
            "fingerprinting": 0,
            "subdomains": [
                "specialoffers"
            ],
            "apis": {},
            "sites": 14,
            "prevalence": 0.000191,
            "cnames": [],
            "responseHashes": [],
            "type": "Preflight",
            "firstPartyCookies": {},
            "firstPartyCookiesSent": {},
            "exampleSites": [
                "bubbabags.cl",
                "castore.com",
                "crocs.com.mx",
                "dashingdiva.com",
                "forever21.com.mx",
                "jateksziget.hu",
                "mobexpert.ro",
                "nuestrosecreto.com.mx",
                "pureromance.com",
                "tekkietown.co.za",
                "www.divatress.com",
                "www.eightvape.com",
                "www.psychobunny.com",
                "www.sexyjeans.com.mx"
            ]
        },
        {
            "rule": "suppleapps\\.com\\/api\\/v2\\/page-actions",
            "cookies": 0,
            "fingerprinting": 0,
            "subdomains": [
                "specialoffers"
            ],
            "apis": {},
            "sites": 14,
            "prevalence": 0.000191,
            "cnames": [],
            "responseHashes": [
                "153bdfd978b52d4add72d3b3ead6af2c49f9b792c577dfc1d4eba2765b98ef3a",
                "ed6f10fda39daf824282b767735e7872ba0a94c37ea818cdf8305e651361875d",
                "9e6dd71c320d83fa6fcf3f241be11259f185ce199916cab13f084e6b38098d48",
                "5f9c63a053b6bd1b087c9c471f53890d00d81930dac9e8a1c702b16535c98705",
                "a18fc913547b8aaf8ba80e9a7bca876354775e577ff9d1110f990af4e9aa38ba",
                "4094992d0aa7b2b6a1707fd8a87c0766a7d4f22866d5771a10c090de800ceb47",
                "4eb486c49a51e1ab7e379000f453ecb5e3ab2a4681ea98748a63ae595c26c331",
                "12ef3635638e873606bed49639ada296ac1ec697772b8bbd5a06877d95484310",
                "c9e9feba9c964a475fc893a10e77906582af66af0f7c52c795f360886895f605",
                "4ca69ee5b1aa6c9bdca7f0dad0e73ef316567b86c7c8924270c41789dd1a39e3"
            ],
            "type": "XHR",
            "firstPartyCookies": {},
            "firstPartyCookiesSent": {},
            "exampleSites": [
                "bubbabags.cl",
                "castore.com",
                "crocs.com.mx",
                "dashingdiva.com",
                "forever21.com.mx",
                "jateksziget.hu",
                "mobexpert.ro",
                "nuestrosecreto.com.mx",
                "pureromance.com",
                "tekkietown.co.za",
                "www.divatress.com",
                "www.eightvape.com",
                "www.psychobunny.com",
                "www.sexyjeans.com.mx"
            ]
        }
    ],
    "categories": [],
    "performance": {},
    "cookies": 0,
    "topInitiators": [
        {
            "domain": "shopify.com",
            "prevalence": 0.8
        },
        {
            "domain": "shopifyorderlimits.s3.amazonaws.com",
            "prevalence": 0.2
        }
    ],
    "types": {
        "Preflight": 14,
        "XHR": 14
    },
    "nameservers": [
        "ns-226.awsdns-28.com",
        "ns-666.awsdns-19.net",
        "ns-1692.awsdns-19.co.uk",
        "ns-1355.awsdns-41.org"
    ]
}