{
    "domain": "tctm.co",
    "owner": {
        "name": "Call Tracking Metrics LLC",
        "displayName": "Call Tracking Metrics"
    },
    "source": [
        "DuckDuckGo-US"
    ],
    "prevalence": 0.000458,
    "sites": 64,
    "subdomains": [
        "329405",
        "87629",
        "359924",
        "211698",
        "348045",
        "143136",
        "169665",
        "75487",
        "167549",
        "250415",
        "53665",
        "175895",
        "21292",
        "80749",
        "49035",
        "74056",
        "199766",
        "25739",
        "38169",
        "112522",
        "222228",
        "311298",
        "70244",
        "74005",
        "272834",
        "180937",
        "309741",
        "196775",
        "249090",
        "163505"
    ],
    "cnames": [],
    "fingerprinting": 1,
    "resources": [
        {
            "rule": "tctm\\.co\\/t\\.js",
            "cookies": 0.000236,
            "fingerprinting": 1,
            "subdomains": [
                "329405",
                "87629",
                "359924",
                "211698",
                "348045",
                "143136",
                "169665",
                "75487",
                "167549",
                "250415",
                "53665",
                "175895",
                "21292",
                "80749",
                "49035",
                "74056",
                "199766",
                "25739",
                "38169",
                "112522",
                "222228",
                "311298",
                "70244",
                "74005",
                "272834",
                "180937",
                "309741",
                "196775",
                "249090",
                "163505"
            ],
            "apis": {
                "Document.cookie getter": 24,
                "Navigator.prototype.userAgent": 24,
                "window.localStorage": 24,
                "Date.prototype.getTime": 22,
                "Document.cookie setter": 24
            },
            "sites": 33,
            "prevalence": 0.000236,
            "cnames": [],
            "responseHashes": [
                "a0186deaf94e7fe17512412ac06f934027eacbe42634a3295fcf3bd61c678a12",
                "f68caa45dc9f40f3e7aac4e5e6e551f8f8947e8cb5ab2ac3af9cc3f3fad9913d",
                "49e603d3f648b4c3e23b8841208b6eacac307ead41332fd382254f9c6629ba35",
                "01ba4719c80b6fe911b091a7c05124b64eeece964e09c058ef8f9805daca546b",
                "0ce7c172661f6d50a6c62a9bc7660a27457f60c31fecc6bfd2f42ada78e32e70",
                "020c7f2f30c95cc2a2ec8dedcb585c2f7d805eeda70239f801779b341c8cc852",
                "ff15ae6e51cb28d88355aeb958a344ebe30a5b963788ccb081034beaff1d02d4",
                "50c20e64a06b961341d8e76274270ba84c601fa430b5cd2b927eac2f89f30e7e",
                "440f822711bf1e1df929eb7a48a63924ea3da6a16e19ddf1a379429e91a6f93a",
                "066e8a0165d4c051d8ac9df1f22c1fb4b2055e1be1962b57c48ea836eab36de2",
                "5005657f67d93784cd92257dbd37ec1150d414d860622b883d62c16075b8e470",
                "5898e931fbece5e06430ef95bf4c5e5ca1548333d6df70fab75c188e03e98b16",
                "f2ccdcd75edbc3cb8f0155e802251b31e76e23f727cb4615f3e7142513437a40",
                "67470f4554fdc608fb90f1b08fcf53b5f0327a501b6606eb36042cadc378f02e",
                "17e3dc637a663d322427ee6c2814bbd7865664a18864f02d672d23917e5377c8",
                "de10f4443dda25bd4f33346b92c719f62f06172513931bde89d9249f376cac57",
                "fd68baf26c96c9076e7f9ea4385c3c42fe604b7953e466c7b7463ca044797ab4",
                "012c49b23512077b5fefcab695c7e723094d22bb63352d3051404b54dcb4f29c",
                "888656b16e3d1551c154f422d3bf294971c7a10be419982761d9b6cfd134b42b",
                "fe70b4961430485cbfefb053cca17c04d9f59db6070b7ad74875f5d4e26d374c",
                "2c7cd487675a5677883a4b72a8559501f15d84fac863c2bebfa708f90b678a43",
                "af95f0ddaa2fb2b9bedd2912ea1086693719c942b26c23543de125ed27724aa6",
                "441d0d25d28016e53420b95605c6947e7f48f2708baa880098b8ebafab84466d",
                "b783cd17a5099f52e62c753f536fa593caad44e20f0f3587151d098592a2a9cb"
            ],
            "type": "Script",
            "firstPartyCookies": {
                "__ctmid": {
                    "ttl": 2592001,
                    "length": 24,
                    "prevalence": 0.00017159771775035392,
                    "uniqueness": 1
                }
            },
            "firstPartyCookiesSent": {},
            "exampleSites": [
                "www.candefashions.com",
                "www.nm.org",
                "delphihealthgroup.com",
                "lavendla.se",
                "www.bridgestorecovery.com",
                "www.rehabcenter.net",
                "www.healthwarehouse.com",
                "www.windowfilm.co.uk",
                "www.narconon.org",
                "share.upmc.com",
                "www.dijkmanmuziek.nl",
                "www.chop.edu",
                "www.coolstays.com",
                "www.pandadoc.com",
                "homehealth-uk.com",
                "www.pbinstitute.com",
                "www.banyantreatmentcenter.com",
                "www.generatorwarehouse.co.uk",
                "www.podium.com",
                "www.californiapsychics.com"
            ]
        },
        {
            "rule": "tctm\\.co\\/p\\.js",
            "cookies": 0.0001,
            "fingerprinting": 0,
            "subdomains": [
                "87629",
                "359924",
                "348045",
                "75487",
                "167549",
                "53665",
                "175895",
                "80749",
                "311298",
                "74005",
                "309741"
            ],
            "apis": {},
            "sites": 14,
            "prevalence": 0.0001,
            "cnames": [],
            "responseHashes": [
                "ae945dfe5493a261fa622368084995e98fc81319e2524f8c27f1b572cf12aff7",
                "d0fde5e165d021530350820456de955037fff64a7171c3443c9450bee4a708ef",
                "fbc506adfc89ee1b06d91a0f1062dbbf90a07a6745b8bf1cad4dd518f3729cbb",
                "053d4e86d835fda06de3ed31beb0d4d7ed85adc0e1e96185ac195c230a31fa47",
                "a68728d32a622091083fa832fe7bc282ebbea823979305cf75db5029e11bd486",
                "76a3b1284ead1efb430b37e2a26c8e1da2924238e6fe80b53fafce269f4d8b22",
                "382f9ea9f9a1ec016610d56ea96de02c118d0eb6c7008d960f4fb19ca9f562c4",
                "7df31227a4ed7d39d932de5e4c35b8cecbd6e8556f142f43ca125791d99465a7",
                "338e95bc1b04d26d305dba4dd2044bb1455de3308e80134b4c70f47e7f1a5f2d",
                "20e7240647393bd0039d202ca1d4911308af8cafa79096c0a3765b5b4af33825",
                "0f8c433f8a6d788c4ff2cdc2b85734b52a30acd4c532484261bd8937c5b4cf3b",
                "72cea8334ac579e96c65867ffb741dc00721d03becb0102077499b3812f08898"
            ],
            "type": "Script",
            "firstPartyCookies": {},
            "firstPartyCookiesSent": {
                "__ctmid": 0.00010009866868770646
            },
            "exampleSites": [
                "areterecovery.com",
                "butcombe.com",
                "delphihealthgroup.com",
                "lavendla.se",
                "vertavahealth.com",
                "www.addictionresource.net",
                "www.banyantreatmentcenter.com",
                "www.bridgestorecovery.com",
                "www.californiapsychics.com",
                "www.lucidchart.com",
                "www.narconon.org",
                "www.pandadoc.com",
                "www.pbinstitute.com",
                "www.rehabcenter.net"
            ]
        },
        {
            "rule": "tctm\\.co\\/x\\.json",
            "cookies": 0,
            "fingerprinting": 0,