{
    "domain": "tgpsew.com",
    "owner": {},
    "source": [
        "DuckDuckGo-US"
    ],
    "prevalence": 0.00144,
    "sites": 202,
    "subdomains": [],
    "cnames": [],
    "fingerprinting": 0,
    "resources": [
        {
            "rule": "tgpsew\\.com\\/ntload",
            "cookies": 0,
            "fingerprinting": 0,
            "subdomains": [],
            "apis": {},
            "sites": 134,
            "prevalence": 0.000958,
            "cnames": [],
            "responseHashes": [
                "4f53cda18c2baa0c0354bb5f9a3ecbe5ed12ab4d8e11ba873c2f11161202b945",
                "a78fe11cdd730c614f90c97de0ba82efae4b688d4ba303bf6cae4482272d23b3",
                "724dcf08a5f793f3a6ca73c854c430835cdb0b214e2e6d1f550c5ed809366c0c",
                "008942085da417394d5863120510974c5bcc882c72ed8ad68828e4b660ebdb63",
                "63e80deb48ba082e45ab3f30bf3a82be29718b114717426d07912368637123b6",
                "8ca20511475d651d680a2374f5ef9b70c5989353b9bc614024fd5f3f367d8f37",
                "7845c724b5975ff2c10fa58a6362a6d1dc2138d2e7a5170e3e6fa569e656f424",
                "09a7f881def2c8c5a78fd57671eb6d7a6082ee1e656854d1daa7349acc9f689b",
                "8ef66855431839d4f3e72fc5c0995c96e23be31a73b6057d7333066694aff1db",
                "69c6b34cfe67e6c743b493017b180027e2e0cc29c9d642600362a54524f3354e",
                "93b1f0ef657306e9cd417a9a3e35314d6340bbf18d1e33724f9d7ed4d45c58d1",
                "3276257753364def129240f96cd41fa5be44c44e06cc19e1ed687c5ac510fc8f",
                "70d72f1b43b3214603d075351dab363078527c2457683c55ff7039a1b55b1ecb",
                "19af049103cddebcea0e7635c6052c72dd878ae8b8bd8017f3bed9401aa82135",
                "b4e8a1687f07f880469a0ae145119ffc8020fcfd7f4716ec8dd6078cccd50de0",
                "fc11ba1bfffaafc2ed8219d2148eaa6cb03df499af0f3d14157cb54001aa48f7",
                "212a53cae76b9ef3141e9709a18731083a7d7e0fc7eaceadd87a1d31cc45e8ae",
                "a432062909e13c6137d0fd0c9a7c686347444f149ee3330a315c56cb7a8235b8",
                "1f97295361449d5237b0a89bb8bf2d7b7e091958d00ffd10e3d1059a7cc8f93e",
                "fe4b7376e9a348460d2ad3b8414b378c51223adfb791c97a28e21a72d48aa2dd",
                "6a8563ba72a5d9d83508a81cced7e44288b94f3d3de10b34696c3eaac51dbd00",
                "f8b589dc91a582460d1b827182d63953132978500b68abb6a14559705b8ccd83",
                "992389417bfa3368c07039dd781143d459eaf10ac7f2fd11b30221db350a3cf1",
                "cd79303cc96fb8dff2841558fd570d9fef9b1efac9b867aff9a51194e85a99dc",
                "79dd4c3002dd66197fdcbbd078e2c0da834788efa63462b7579e747f540ff81c",
                "e1cadde29fa1677e553973643e759c5a76992253721f06276fe29b798873340d",
                "bf86f9b60326bc5199d5ba3c0c1024f1d0d9408da8e753d93d4e31d752448949",
                "dc21803022499b51d0bf3433ca0d249cf6d68fd0025c7b6374592cefa39cc855",
                "4a9ecb3eb0b2df084d686cbc5ef6756107cb788443637a3c55ed1e38d91f9117",
                "77914378e77286b7e5aa79610cbf3b3b771bee5595c7c705fc58586355588160",
                "a5a5469c59a41dc4d2f615cf5412a6be5f8417ea75d67c009b60be7faec4c9ab",
                "f98bf0ee81e0c0c4236770c5569b565a9e72c41e81a11e1d16a738ad56adf284",
                "62dc4c3a0ec7e54521f7a842c1550ace6d92d9ef2eef8225c0526c86a6b7118a",
                "ad1936b188434fac7ab882635f00bb3652317817e088404edc844261b578c4d7",
                "04cced6a2c0d1c6024fc0b02fdae5269e43e21f07f286eb5a6e378a496f77bb0",
                "3a25bda9a2d00432fac36c9d20921420a3048ebde9119926ed0941626f47d513",
                "cb8b3e1e61b6a8b300ea4903d54e12c938fa7e6027eb2ed525e292dd65fb8ae7",
                "b6306e5234b747e0937c1a6b637274db8107e7aa177520206d9b760a2f291ead",
                "f2156f761274ed8c947b802a6fa96513c62cbe708cb4a06361b4677737ff010f",
                "840cd3d80b70487899da664e34f8ea71812c7e66e6d89a867cc8af5409aa9cb5",
                "b9f3080ef30db427f985df6d6022d4aafcf5fe6ee8104ed6f1d235030af97478",
                "c0c3b5dcad5d0ac340ab4d778af200588105581f44b729e679107a4c16defa31",
                "a985f705cf45108c60511a51f79f82360ebd4a7fc2df126d4c8264ca3f34f9b8",
                "4f1e68581c4ebcd5dc08e2ab379c0984b5be591255366f6d60de8debdc92b509",
                "0680184b8ced556994a9f98876530b78459960187577ace36e42dd7df8244198",
                "94416a371d3bb1aec56f119889696f61f3f6a3b409cc9d87d235452458fd06ad",
                "6d1eb2347e7016bf6360726e23ed7a2c9ac7b7560a3f12c7d278be437ed99f07",
                "fb0ae426d556bdf24ed21e81a91c9a54b52a8e9ddd3b57de378a1817feffadce",
                "0aac7744431f11b606599c866e81440b3c381ddf9ce23c4ceaebfb42deebfd5f",
                "936ecae60ac52a0d276bcc592035eee4d63b0a35271478dd487284813aa68afe",
                "9ffc0d1475f7257ac1a79ee6d454abfd52a13676f209cdace5bbf88f358002f0",
                "2f0d416826352deca4bbfafeaff1d738d12176a2b183d01565defc0c9a3d48db",
                "5a9d95955acfd36a33ea3672a77c37af4c31c13212e42316c7bc128d0e1ec0d0",
                "79a5c910dee361a630ef5d762a8aee1f9521e3941759b7411f121b99aa70d4c5"
            ],
            "type": "Fetch",
            "firstPartyCookies": {},
            "firstPartyCookiesSent": {},
            "exampleSites": [
                "freemomsex.cc",
                "freexnxxx.com",
                "pornrapetube.net",
                "www.freeanimalporn.net",
                "sexxx.su",
                "sexmix.net",
                "sexwithhorse.net",
                "xnxx-sex.net",
                "momfreexxx.com",
                "xxxgrannyvideos.com",
                "doggay.net",
                "forcedporn.video",
                "www.sexwithhorse.net",
                "gayhorse.net",
                "freeanimalporn.net",
                "xxx-porn-videos.net",
                "xnxx-videos.cc",
                "dogmovie.net",
                "oldhdporn.com",
                "dirtyfarmer.com"
            ]
        },
        {
            "rule": "tgpsew\\.com\\/ntrw",
            "cookies": 0,
            "fingerprinting": 0,
            "subdomains": [],
            "apis": {},
            "sites": 66,
            "prevalence": 0.000472,
            "cnames": [],
            "responseHashes": [],
            "type": "Fetch",
            "firstPartyCookies": {},
            "firstPartyCookiesSent": {},
            "exampleSites": [
                "lesbitube.net",
                "sexmix.net",
                "animal-hentai.com",
                "www.freeanimalporn.net",
                "youngfuck.pro",
                "asianvideos.pro",
                "xxxgrannyvideos.com",
                "guapazona.com",
                "adultpornvideos.su",
                "forcedcum.net",
                "momxxxclips.net",
                "maleanimalsex.net",
                "teenxvideos.su",
                "www.sexporn.pro",
                "hot-porn.pro",
                "www.rapeme.biz",
                "hdxxx.su",
                "pornxxxpussy.com",
                "momfreexxx.com",
                "zoogay.net"
            ]
        }
    ],
    "categories": [],
    "performance": {},
    "cookies": 0,
    "types": {
        "Fetch": 200
    },
    "nameservers": [
        "ns1.kiphost.ru",
        "ns2.kiphost.ru"
    ]
}