{
    "domain": "tgpsew.com",
    "owner": {},
    "source": [
        "DuckDuckGo-US"
    ],
    "prevalence": 0.00123,
    "sites": 180,
    "subdomains": [],
    "cnames": [],
    "fingerprinting": 0,
    "resources": [
        {
            "rule": "tgpsew\\.com\\/ntload",
            "cookies": 0,
            "fingerprinting": 0,
            "subdomains": [],
            "apis": {},
            "sites": 121,
            "prevalence": 0.000824,
            "cnames": [],
            "responseHashes": [
                "1c39edfea512ea8c502c0528b8f577aaeb083bc0fdba94eb0afe8ecbeb2b78cf",
                "c753293f4632f20bd5d7a07a28c71a9b4f6a779e98c8fa8dcb605d60094579b7",
                "6be0a0220fb1bf7cdf3a64574b80fca995f244ae6400fe7a3fda238ada1d99a4",
                "b06dcd0b7e1e9be316f83bba39fad8730eff25b10462c3783143b23842ee9507",
                "73f0f5d06a7a0a5d2bfc838651f0c77cbe62b27786d5ad7874a7a835533aca7f",
                "4f53cda18c2baa0c0354bb5f9a3ecbe5ed12ab4d8e11ba873c2f11161202b945",
                "ea25c5df11e07e500a5be695815c7c2f2a56fd654e527464404fa1ea9bd59a2f",
                "2b0d2b06e3d19c95a72f659a3ce05cd5dff951e37168c3a7ff9f8e227c1a3d14",
                "769d09dd7b0a5433b15fc4aa1e41d83e2299ed58f879fba92916e011d2cd82eb",
                "9915d6f275b42a7d388a7d437aeed33fbb1a33a8caf9f5f9cb90efccc156c8e4",
                "ab9c635c424b6651e427c32ab67f0170a0a4f17df44914443cd9a1cdba6125b4",
                "15cb88d606791a8f9a89aafa71457f8455c6ab22dde1eda51c8a2afba3a619fe",
                "7b5e787a23a76f7ef0a33aca4fd1055f676edf04727de1d66c87bbe7819e501b",
                "86efc7b01f03667cf5220465f6f79e0e9b0286dcc725bfb286592ab1a31146d2",
                "f48d584e12724c7cdb62d2b60e8a69d23f34301f45ee97887d150a3722af667d",
                "50f64f40d8a2e207d62b0c148e7847df87b6b6ff052e68f63b9bf8bc4248ea30",
                "b7b18104287d62017fe7ba1e4cc6d3769570f05f894990cc957ecdc77d3ce7ff",
                "79a497ae95c00bd1649e177fe2f200b65025cba03bb3c42f0627ab0f2e1c9154",
                "555a564cdaf32da5e35f723c1d69dad40449dbecaf87ddfe78224edcf9347551",
                "7702f0a190ba20f51254f62d393e9c3d7a88e2b3bab357d7635153c5f941d13a",
                "6bf33aeb8161913b5dba63f6efc04499bbbe0fede6fb4fb10a5436d2ee39b27f",
                "f5e766bda43c413eede8dd5e7e2d325a432f0db9a19f7f9b7a2c222cf2dedbe2",
                "ecadfe6692df3fbf90795f7d72368cb2fd876f79f3ded3d2c784e87a8070087e",
                "ea3e042782916fd339669ed3b922d87fa2279d3538cc527b44d8346971da1b18",
                "7d6a8c481ef331f06c2a46a8962b3343b6f8af69c9e128162897767c7b5acab4",
                "58a128ace4822b5fe15b9127bf8f4851414528101bd361a79dca6225350a536b",
                "d229eafc4fd9abc7057fccdfdc81c6d1d3c547e5577ec1179ddfa42d6e6a7df0",
                "c56ce3624e0ca67644b7cfcb1423447af80a3b0f76de3c0c8ada64174cdfa8aa",
                "33f860754f277e84b5844d935b66acc5a5ac7c78139bbc7a2a0db9c4449ebaec",
                "b22fdeefa9deb016a464f2510863e4cd02e8e266a12c1d05183661dcf3409264",
                "4471ccfb0cf2dd81527f74fc32229f427a79cf253b369c27a4fd392788826580",
                "341ae06050dd6f6e1812292fc926200924dacd6e362ebd12fff6cb6512c7e822",
                "fd25cc0b97f599122c163b84067116666cbb269d3c35b815e04ff3dc3f6abd64",
                "dbe171597eb56b1e5827a6200c28fb81e4d5cfbdd1fdedf1f57d2ca06f8f9e67",
                "fce2d36a9d3a8d3fcdc5f1b46848397b18579d97828d9085cca8e6100658ef1f",
                "e3f501a2b8fa1995833dbada65808a6a39b16819d8e20080ce178cd7c97c57dd",
                "3ca80a1cca0c1db6dff914a7c6c7047cf6b7a4fa768d6dabc8d71625fa0d8277",
                "b3e42fb50657eeec88f7d8216165abe6b4df811dfdff3b43c7327b3d71ea7db4",
                "e12d52185b89b437c24297635d13424f09cb513bd5ec6899c35bd291b6891fc9",
                "d15431f3c2e76c0fff69103ff413d40dcf472b411f5c174ee96c8b91161d1c2e",
                "c7255876858a7f12dfeb6bff45ee8d1a95a2d26b3442497af97c326509212cf3",
                "a29d291d374bad2aa18fdd547b28389529752b7d106d0a20c1099e02628c4ef5",
                "86ab787db238ae773f51f1b6e767561ada938c4ac51587d8111e2318c01ea7b6",
                "af69dd1584c450ee8a1ab90632718ceb1af4683577210a7bb12098511827f6d5",
                "e39f6c5301a1debf1fee874baf0c181a4c5eda9f99ce14538713f95277a30ec0",
                "2b5ff3c40605b4e037268602373a05fe2d78749cb252359ab1ee6d416491a353",
                "245b6a44f526b58f5cf119663773e8282a7fb7c9dd8ac340b61ad168742969bd",
                "896b88465c35729438daf7521b95a51b95268d6f57d9e438d84c7c11b05a4e2e",
                "0321bfef331bcb0546292941d681ae41789305f1bc0b42d66e0fe21b923a7393",
                "6447f942453dcbb9f133fecfdcf1a8cde74320e7f693cdee2a0dc35d4754a768",
                "456450d11cae3b3f8f4e280deab035ede1aa7257535d9ae03e01da2d3b694b1d",
                "eb09698d551670c7b6a8862dc339a0c259b7abb54a6c9469d3e831bbdbf70047",
                "58ea7c0024d4a5cb74458025dc0cc8ebfd4e33fc721e698e2a62add074421016",
                "12c2e5825c93e985beeff364f729ea2288d5d66f790147a86ea777f18e7fcc64",
                "d7101e1abfb281bdc0cd71f2edfcbccba3aae6241300b51772021f527e61fc10",
                "baa1f090be62ab28364f917b6b27ee56ad6a783add6e9ab26cb06cdb2d4c010f",
                "d7b880e6f13a12aead35f998832eb8fff827776f2f6db8cf17127894b5166e7d",
                "56818afb29c2df313c76989c6774cbc003ce1a61d09f88f62a0042d0c70842b9",
                "0e702fef455d0e0bdd248d43201ea4e142229e8f435517c9629247579d3a9886",
                "8284d08adaf40f3c8fcfd3ee2bba55d6527c66dfaeed57591e62b3418f831860",
                "142e983fc71f8681ce91b2cea97b0e07ad82387e0118769ebfa802233dbad4e4",
                "51d878f32b95b2af0ad4885fda1de3d094f5a0ed384ed590d5269dcb0125c8f1",
                "6ea538b56e80f82bda6871025085439de69bc95f60c2dc9f1a6072cc5a492b3e",
                "59726e0024b57e5b4da84654295ac101d7e959330c9f60c126edc3aebc358b4e",
                "ea198d439dd42fdd0565b190782c839400fa832d696a0b3d967a3c0c36213db5",
                "2187452661b2c4eb31b004559582da9563f571b9e4dd950ce28f095f7b138a79",
                "8ff817d65b9aebb700e5811dab3a3bce9bd2f991bfccead343d995ac5c33fa50",
                "c5e5d081f0e2c00ad52d164330146377b2b3e3c45a9879642a0c50f6077c0106",
                "6dc2e81be55b9ea4d7951da61a58fc2bf9f079d25ba427977eb18f58e28e8ce3",
                "de5f8dc090e066c4da36b07719b28b1a9cb131a13f4fb06b845dbc6ab8defb94",
                "f7300d97080761b1a83e7daed7ebd5712e34a8318de9607bf5e0eb01321c9252",
                "5806ef3ef2a25e759bf90ccae90468e496c85454613d23ed9ff2528237d11df9",
                "c56e1fa698a7cac8ce3b667612ce42d42d84abb63751f3af6b4c18544a40dfcb",
                "2bfa74a7bd601b8b8674626bf491f3522b4d3cf220d8ee0255652a4fb89d0669",
                "9ca6594297fd08672dbe4a019dc94fea0f1d7270cfe288d89f59b697b10fa6f4",
                "5ec1ce40b7b802cdaaa2cb4879cbebad7ced5b9fe8c3ad0502f0533241b3c4d6",
                "1b0dab4b00dc8b8f43d7fc905492b8b556f6658904ea93e5657fc674f7d481f1",
                "02b16abb09c606f6c9dca25b9dacc5332660f75dfb8a4c0cee801006b9bae63c",
                "9f5dcea930c23a4ca8c4a6090280bed6b83224157a67de0d07601c1e68784b48",
                "d7a69310f52464d3725110b16fd32a938864d1cd0c631b5b26b3e511758f4669",
                "acc529f65c04a9c8dca9e88a3e15463f63198758c3e22bfb520ec2cea079d421",
                "6bccc52094d3ea0185ec114006e1019b5d72f571a7af46c2c545521f75d5228d",
                "2e5bb848c96d5ad28b5a5da7cc4d82bfef28d8c27bb23e34edb051914c50def7",
                "95c00a9e4b2d196a8c5eae954cbd9e5b9b7cec26c05676f832648e071bc17de7",
                "6a66af772298e89fc34f7daa79953b8a2d4ef0f31e514048e6eace9462f63201",
                "800e3459fb5d3105b2c41cac01c3c7582ab89f390de004970eebea806af0f3ff",
                "787afcba6749e8d1fdf3da1c238e675e2c2906cdd72a8be58ca9a992474fdb39",
                "7c7653e9ca63c5621aa9c3043ec4be943c114d2ba435f706b18340fd55c2e551",
                "6fae452fafaa5ed6491b6ecb63a9bc70f426f90ba8389733c95ee53b12ed2ed4",
