{
    "domain": "thump-night-stand.com",
    "owner": {},
    "source": [
        "DuckDuckGo-US"
    ],
    "prevalence": 0.0000817,
    "sites": 12,
    "subdomains": [
        "www"
    ],
    "cnames": [],
    "fingerprinting": 0,
    "resources": [
        {
            "rule": "thump-night-stand\\.com\\/adx-dir-d\\/servlet\\/WebF_AdManager\\.AdDecision",
            "cookies": 0.0000545,
            "fingerprinting": 0,
            "subdomains": [
                "www"
            ],
            "apis": {},
            "sites": 8,
            "prevalence": 0.0000545,
            "cnames": [],
            "responseHashes": [
                "d7fadc37e5bf15a2bff5e5c1bee35119c13c2537c99737a5b11e6b36995e2c61",
                "591799b1a8ec44c9f9260eebfde83aefa2cf39e5bc742220c5700b0b3b1b7548",
                "589392b5fa50f237468f33ea15d5386891f0e82710f127a52ea27f015636bd7f",
                "ebc85926b8a79f6d82839982f0b509ac76d28dd7ff4cee6adb4ed6e867d71971",
                "9d09dc7106e3a75cf5d6aa820e5f41851e121cf1fb67cac69ea3e88d3372c9d6",
                "557eb739036ec88d7bc9d3bf328a5ec6a3d1db85118e81898ee0ecf264ef5086",
                "5b010851ec98606c86ae104c99404885c09e269c858d4176171575ea9d59deb9"
            ],
            "type": "Document",
            "firstPartyCookies": {},
            "firstPartyCookiesSent": {},
            "exampleSites": [
                "amorgazm.icu",
                "ponro.space",
                "pornodom.online",
                "scatxtube.com",
                "sikisiyor.in",
                "sikismefilm.icu",
                "www.freexcafe.com",
                "www.hoeren.club"
            ]
        }
    ],
    "categories": [],
    "performance": {},
    "cookies": 0.0000817,
    "types": {
        "Document": 8
    },
    "nameservers": [
        "ns-690.awsdns-22.net",
        "ns-319.awsdns-39.com",
        "ns-1776.awsdns-30.co.uk",
        "ns-1354.awsdns-41.org"
    ]
}