{
    "domain": "toglooman.com",
    "owner": {},
    "source": [
        "DuckDuckGo-US"
    ],
    "prevalence": 0.000685,
    "sites": 99,
    "subdomains": [],
    "cnames": [],
    "fingerprinting": 2,
    "resources": [
        {
            "rule": "toglooman\\.com\\/1",
            "cookies": 0.00054,
            "fingerprinting": 0,
            "subdomains": [],
            "apis": {},
            "sites": 78,
            "prevalence": 0.00054,
            "cnames": [],
            "responseHashes": [
                "3c386386e1f09626dc325118c3f31062015ba6b67628ea8c6de081c2790bae57",
                "040231751a8204afd09f2bcac473133892b1e908f59742d7586626b83057ba66",
                "c0585353be7e70827800caff0baccb73265b6463fc77a059e27841ed1d1451d0",
                "5976ee4bc956493098d3cd743f0a051ea130c5965bb3f99ed3a0c97b30d2d352",
                "6afdf3fab121f8805c5e75c63b6174f17a57bdaad0d8a08d3c9f3c2d498b8e86",
                "af553b08d8fee7186e40f20fca68138254475d345619528c30d6fdff61f6c7b7",
                "b27b2d50b513ef615066853dc2b5ad44576dae555c3602b261a1359ec3b509e7",
                "3fe070d71162f1ec9a7c17e3fb948df2fa7421ca910202cd082f5e63006a92a7",
                "cd3e011433ff7adbaa24c8edad3bdd8a4a532451f8ef9fac2ac5ede94cb528e6",
                "f2c0c1f9c3dc4bba8ea8807da33441ee297aa941d1486f068772c4db24739fe4",
                "a65822ba2b3edc89b7c6a6b824e9c2370ce8d7e656119dc9cd9bf2d50b5c1916",
                "4cb4d13add4396da74caf50c0131b389a80885d3995381c03c0278b6a1a02879",
                "ad0eab4c2d7e8c308808057e17902209cf43b8f3eb62dfa3190ec98305b07197",
                "6035b744dd4c9f532f013ec3bdeca2b5f61f5075cfede2be3e81696e2072edf7",
                "bd66b24620186410e4de161f81b828c5e377a6b5fd5bd2397eb9eddb8ec7f7f9",
                "8038f07dc99392ad96389b14163438b3b1070fe09e08bdb8341da2112bf1af81",
                "1e4686aede91d295c49a16d80375ba31c73b817a16a0258e7ef9fb6d9f449304",
                "6b4010bd9a3740abe1fa4a741572641501acf47dc83926b362081b985a72d3f2",
                "6959f29df98a237f4d51cf208d4535bb8f8906430d4c4191812d23423b4b5408",
                "ffb0d460d7ae6b21a5a35ca9ac7a8e9fb92f612050d3991b1ff574df33dacb24",
                "c7a8b5c57b8def427b04b978a62378baf04d8155ad78eca088c98457705b0b7b",
                "1c2b7f7bc31f5cd6bc9a0b15569bee22d92d4feccb070839ce44713162811a1b",
                "c95312d85ba21d5286f706fd81b6992c7d3317111ff8f4c6b562d7595920ae0a",
                "23b00968f25adceb4b8eb4ff8b2544705ad865af5d62053f608423422fece00c",
                "95bf9bd9a10071f110b2d31ea9e0d7f6f3fcba4d743dcc531cbfe4435e90a82f",
                "a237c3b542840eeee062dd42927570313d69cda69b5a897b291566538577f7f6",
                "1bfbbf65a4bfb4ce42fc72f3d27b8998fc40f68af24e0a57d87b81cb12e736e4",
                "3dd3e06e3b8502a26bf96dc2d95d02df9791e939e973bf4c8f3dcd3585dfee07",
                "919501fb80550d00c16000435fe3cf5f76d888ad8c975b050892ca2d8f4a0661",
                "7d81b041d30cb61771252bd949d126d22940c8e2797bcce4d7cb391a90a55d9f",
                "774734f3c6fad823c568be4d6cf69588828270656dd9a417a13014c894dc1a0f",
                "e918249c3ba8e5615ce6413d57febb01657a8ffd65b8a621c31c46e3e0516ad3",
                "ee332345f528ca2efb3a88d6a8f48a64ae7b130c91f3df2557b625584b997d8e",
                "e3b0c44298fc1c149afbf4c8996fb92427ae41e4649b934ca495991b7852b855",
                "06516a3355cd4d6c404451f98b71b5887feebbdb3c37f6ae55f8e6107e1ffb48",
                "32118f14847c987559c33d435e5e7518ff162202e428323f6786380280652eed",
                "b3cd4c56b6a5ac9c95998a88ea7555281039e451900b92505f3660b2e287d62b",
                "1c1efa6db00052a80c255cb9b4a271162ac7903e5193c891f720749cfa05afb3",
                "bf6c8ff4cea369d619909c47a6f88727cc4ad4095b182886d177f501665e9a53",
                "291ded9b13af3ede6a39ebbbec5a8a31d22ff4556b4269b68e7bf8db5d4b72e0",
                "f37056baedc09e09ce992ec6c40979edba4dbd4aa73ac7df853493a1802126c9",
                "84084326934b3d5493c08880dbe1207dc33818e51fc093c2caa98e131de0bbe3",
                "c1e23d70a012672dcfca844b79d692d82307e3f9cf1119bbc9fdf66f0ce0096f",
                "2f2e5c3069e4baf4eb02d670d7c50de940f80eaf368d9c6fb16bccbfa81d4397",
                "ff112b8fb3699f672ab5b47cdc510c47a34e02c64ee646ad54a664770e05d0ad",
                "d50de27bc949c3a6967239455361007428424f58ba1c8625ee8f854ca3a9a65a",
                "2bad3656584dca1bc7476b47ecf68dfcc5e356dc6753ca779b517dcaebbe9113",
                "61a57737632dd3a7149376839309d4f26b584770ff3462edc801fe9be327ac3a",
                "f80ed177c6b711c497aeb4b130ff5e384515642d931b58b454b4f44d349a3e6e",
                "7d528dfda8b50f38faa7d438047675b49b65a42641271bc783c75a321aaf5460",
                "2c6fd0d4bcf06cc1f560ffd7b0f5584e77caf2ab41dc32f307c195139f1f3b54",
                "9459ce7b58704be694f4399322ed1213c447e0cd6f783830d2b267fc254f421a",
                "29bb6cd11621920344f3ba18385df02cc875fb563136b466060e05cde27e0c54",
                "a226a01c22115b6ba7ffe7e7ea428f8e88262938f50d4af8ca39691184a4720d",
                "7aff64ad757c05b033cc11dda3e30f345115c14d457e979eba99edcbef78381d",
                "611344733058da1440dd882ce590a7071477fef7d8ae7026e78b7da744a4002e",
                "5015c49bfcea83bcc8aeff202fa3e51891957bb411a213214f90adbc4294b7dd",
                "af7f8da51897ac825e582c13fdd46f593707b4b74d70b0720a5fc3ff0cc5f5ea",
                "1bf938404e43fb990bdf0c17f710f4edb874a265599d68ab3344c23753c9eaee",
                "9c75b4aa389b99d8b08d4abf12fe1c056c410d895473fd25009a7f3efbcdc45f",
                "dd110a6fc1fabafe6925fff7538ae7420341683460b7fc44bcf28333af3e67a3",
                "76a7cd70678233a328d9d0d00d8fad93c861d5ce7105349d69fe098534523bf2",
                "5597924c69875b081bed180d1071f7f9f167dd6005c6fccf591c64d71bcab046",
                "36221340a1b3a43d6b0f1c01c1e7bfd1b2edeb4146b4c435dc7621fa2d072c2d",
                "46018f85c26897012009711b610cb03f4ea471d5c25a517948e803e4e1ce8403",
                "b46e7c73a7ac3d04251ac18ec775f020ba5b7ee48e2cf4e2129b50d390e601d9",
                "c782981dbf840c1d136d2a367865d33427e78831578c9e558c3bdd733e769a30",
                "651e7d6b413c3d92bf4c925f0da86780c1eaddf11040a3ccbd0b5864d8090960",
                "91834ed692f110a7cb3c755807f8232472db959e0f69f0b902b63fd0d02e7cd6",
                "5f455bca1fc33c7a1f868c337dfc8cf183150c06f7d5952561208dfeafdf380d",
                "f88f87d8b3408f777b90186584c86e95f2046a802618904e05e213566dd47d8b",
                "365051c425734f2b4eb3ee0e3b414a0dae79b3e5c31b873b7af6aa2aff72d122",
                "2de9d0213ae8ba52b33d0ba4c5365c45e7ec259cdcbba8600129e842dd23e28c",
                "2742688148469d4024edbd34d1d2c41349c46db0f172a8752fa2122b0365be9e",
                "2076f0950883f467608208ff2fd27e59b51d97a8b064c1b854a7f25c0644d8f5"
            ],
            "type": "Script",
            "firstPartyCookies": {},
            "firstPartyCookiesSent": {},
            "exampleSites": [
                "dramacute.art",
                "2umovies.net",
                "www.isaiminiweb.site",
                "www.ukphotosafari.org",
                "prmovies.ac",
                "moviesverse.cc",
                "yomovies.cx",
                "animemoviespot.com",
                "yomovies.ph",
                "dramaworld.top",
                "www.researchmyname.com",
                "comandostorrents.net",
                "buffstream.io",
                "www1.movies123.ltd",
                "111watcho.site",
                "vumoo.to",
                "www3.zippyshare.com",
                "mangakakalot.fun",
                "animedao.to",
                "turkish123.org"
            ]
        },
        {
            "rule": "toglooman\\.com\\/27\\/bbb07d681d5b5503eca0adbbc4bd0c9f",
            "cookies": 0,
            "fingerprinting": 2,
            "subdomains": [],
            "apis": {
                "Navigator.prototype.userAgent": 66,
                "Screen.prototype.height": 66,