{
    "domain": "tokijokoloki.com",
    "owner": {},
    "source": [
        "DuckDuckGo-US"
    ],
    "prevalence": 0.00111,
    "sites": 163,
    "subdomains": [],
    "cnames": [],
    "fingerprinting": 0,
    "resources": [
        {
            "rule": "tokijokoloki\\.com\\/utx",
            "cookies": 0.000647,
            "fingerprinting": 0,
            "subdomains": [],
            "apis": {},
            "sites": 95,
            "prevalence": 0.000647,
            "cnames": [],
            "responseHashes": [
                "e3b0c44298fc1c149afbf4c8996fb92427ae41e4649b934ca495991b7852b855"
            ],
            "type": "XHR",
            "firstPartyCookies": {},
            "firstPartyCookiesSent": {
                "lotame_domain_check": 0.000027225515753364053
            },
            "exampleSites": [
                "www.heavy-r.com",
                "archivohot.com",
                "ofleakednow.co",
                "porn555.com",
                "getleaksof.com",
                "hisgames.org",
                "femefun.com",
                "hclips.com",
                "www.xrares.com",
                "adian.co",
                "ww5.0123movie.net",
                "ofleaksdaily.com",
                "repelis24.site",
                "javhd.today",
                "xxxtelugu.net",
                "hentaimama.io",
                "m.porn555.com",
                "freeofleaks.com",
                "pogolinks.click",
                "yts.tf"
            ]
        },
        {
            "rule": "tokijokoloki\\.com\\/floater",
            "cookies": 0.000218,
            "fingerprinting": 0,
            "subdomains": [],
            "apis": {},
            "sites": 33,
            "prevalence": 0.000225,
            "cnames": [],
            "responseHashes": [
                "5239bc63d09476636b52e509f1f05df0dd762fff0284ac48fcdea74e126b3a4b",
                "fb68769c3ad43ed33ac96a6c2393b56f2579ef8803492a5ba6be2f0ec190269e",
                "eee411064b284c7705e632e60f46668936c748a4df78fa021d3a346f21b71af3",
                "4558db8faaec9c395277c3ecbeda089adc180acfe01d8adb577b4758c94280be",
                "ecfdfa36668cf208e145f43e45caf9172703ca13a97aece882f40d58fe84e68a",
                "11cd016fa07beaac598f54473130306ecaffc47b040ffdbf878567e875bd65c7",
                "a266f40767d48d3fe7666825c8ec03e8868d4944edca5ad8181b0a05b75032e7",
                "c57d159c41c1b153ccb72e7203f723729c5e401accff9e09d327944150438539",
                "573030bc08fa1c05d438c39128ab7090b83cad51d2175de07ffc14816a0df7db",
                "cfc285926b8ff32a280e3e79faf11d71890aaa3fad6c48fea0ea049d959cb576",
                "6aef7df460ba7acdf352a7d7c6399c0c0e6ac5fa09b7ac4240e7939f69726402",
                "c8e5486eda1bbd113e71553ffc775c5de4500276c1cf533fb156db39b99aa62b",
                "270c29bd33ee9aa15d0c8b505d1b67abcb4c0e42d101f9e2ddfde562e72086aa",
                "8b89e62e7e81948bba148daf79a278880be9a083a644511db16893162eaab052",
                "7f077d02bcc5764f7c8210b422d8c5aa99bd2fe03b8f65a8cd2a2fee909e4343",
                "d593c2dae5bedcc404a8a6c314beb28f07538a38c70f0614e14df5778eb346c8",
                "187672098a242e2505a19f0096988e39fe7f3830351898e2a25d316064b9f892",
                "08f576f3bfc3a97bf2dd8a25637f1b4badd3e68e6172a53f9e636c8cf45fd1f7",
                "2aa95bfa5582d3aebc75b442545ba83de382ee74a06dd41d1c42144edaa20548",
                "c7046e9693380b6cfdfe305dcf90c8354daff56d06fa3265d4823b1f39213013",
                "2edaa4f42c9cf22288734946db04b4178eeca16e09d4f28c121bacbdc3fbdd15",
                "ff8e348e6dd31951793d672d74c76589a9677c7e69c9fad0220e30d788f55df3",
                "c1ed49e04b2197dd40b3e1c72f8cf7535b850e03f78f809ffd6663b1c9f64ceb",
                "74d6179b9a279b270b7e89df2ce373b720a51a22a02dcab6575d84a435251b50",
                "5d9eb82ae03d88852e251d4ce83747c5a2cd915eacf88414e9c6598158875c5a",
                "3bddb9b3d53a8371b496d456cebd510b7e67aaf197051b0b3779dfd2cf2f3778",
                "b01f941ef20cda4ed8038d36a92d723861a68d6decf27af9401ac218dd10cec7",
                "7d3df6305d4fbe4cf7c4830fda329ce8eb5b1bada783ee477772457a2dd430fe",
                "ddc341f2f19e307fbb274fefed0ef5aa5d5642c60a8d3778ca9f5b03c67bb9e4",
                "a97cbb5ceaea2c8de0d987ba8e3aa2032f7a3841d580e8058e827f35bc0d2a04",
                "d00b7485aadfc8e1d6213ac20e2936eff9ba8b0775c2e7609bfc96ed80c88b58"
            ],
            "type": "XHR",
            "firstPartyCookies": {},
            "firstPartyCookiesSent": {
                "__PPU___PPU_SESSION_URL": 0.000006806378938341013,
                "lotame_domain_check": 0.000006806378938341013
            },
            "exampleSites": [
                "www.heavy-r.com",
                "rape-tube.me",
                "www.xrares.com",
                "m.smutty.com",
                "www.twuko.com",
                "forced-porn.net",
                "www.pornacho.com",
                "javhd.today",
                "indiahdporn.pro",
                "pornchimp.com",
                "taboo.desi",
                "www.tiztube.com",
                "femefun.com",
                "www.allnporn.com",
                "m.shemalestube.com",
                "javseen.tv",
                "www.reference-sexe.com",
                "www.shemalestube.com",
                "xxx-porn-hub.com",
                "rapepornvideo.net"
            ]
        },
        {
            "rule": "tokijokoloki\\.com\\/multi",
            "cookies": 0.0000272,
            "fingerprinting": 0,
            "subdomains": [],
            "apis": {},
            "sites": 4,
            "prevalence": 0.0000272,
            "cnames": [],
            "responseHashes": [
                "6c1a29ba14f08cb1f2efc7da29c6def2b9e67ce34f3393cd43f4c3a0b1b992bc",
                "273100b08578cebf7481d2c1940cb348371edd37bb84fbc048a5a05dc33dec6b",
                "86f4c9399f4825baa8a116ab1218911a4ff639be6ea21616f828e0273c234792"
            ],
            "type": "XHR",
            "firstPartyCookies": {},
            "firstPartyCookiesSent": {},
            "exampleSites": [
                "twuko.com",
                "www.twuko.com",
                "www.xxxtamilsexvideos.com",
                "xxx-porn-hub.com"
            ]
        }
    ],
    "categories": [],
    "performance": {},
    "cookies": 0.00111,
    "types": {
        "XHR": 132
    },
    "nameservers": [
        "demi.ns.cloudflare.com",
        "aiden.ns.cloudflare.com"
    ]
}