{
    "domain": "tonemedia.com",
    "owner": {},
    "source": [
        "DuckDuckGo-US"
    ],
    "prevalence": 0.000322,
    "sites": 45,
    "subdomains": [
        "srv"
    ],
    "cnames": [],
    "fingerprinting": 1,
    "resources": [
        {
            "rule": "tonemedia\\.com\\/showads\\/adunit\\.php",
            "cookies": 0.000222,
            "fingerprinting": 0,
            "subdomains": [
                "srv"
            ],
            "apis": {},
            "sites": 31,
            "prevalence": 0.000222,
            "cnames": [],
            "responseHashes": [
                "d4a8a0393ad54ac455f5437fe20cddbb7bcb061b7346d71a0c46f69f1047a9b3",
                "758c6a7c8677258d2ee3d3acd2c0ee4ba66cf2510296c3c0941aabef62349cc8",
                "4c4e202f4c34968dff6f88b56456f4330f7a19ac82619aef0f934e3bc779d878",
                "f072c65aaacd637f6964ed323d430d7b9804aa5815817a0e2feac090b15c5dfa",
                "834b26bb95aea5d0fe9fa6a37793f2d93326749e06ed6a96f80833506c606a54",
                "5f64e83cb0b8fad5d20295a58695911850ca9bd2c55240d21b810e953de1bcad",
                "badf7ad53858244e51e3f9c3de167575c4dbeee42253bb7d89943dce6397940a",
                "12f507f986ccbf70b3ce0c5203e52d262d6cedcd7c9661ae90ff99206ceaf3a6",
                "34cb230ce9128228d223750e5cf8f2022743f0439b91026ac3e83c28e593f40a",
                "3d6261eb6ada5ff40b6302f1f14c303be09f46508fb3527ac0053fdd81da71ff",
                "d69d344c967459d5c7ee0a9b81b5625f3bbc689838de515b7fa3c42e0693fabd",
                "946851454e20c8b00fc69b867d61c26b8eec07b696f858319a61d863f33a8591",
                "d846dfb8c0ddc8b6c4881ed26920c4c720aa552774fb8d20cb22839d8a989db1",
                "3ce3e653dab4109be54f82ccee95cf05c2b80d9ed7a2da2540eccde171d3a26d",
                "12b4886eb98889cac8984cbea1c08ccc92f1f29c616349f10d52647188247a29",
                "e623f1db99e80558c2944682fbfaac2c9e3d7f40697d862a66471a30db92d0f3",
                "0cd8bd8325c7a24a2887b83405b8234a0a38508872ea39f0e1693eff47bae999",
                "3c17942d515bf5c61f2207579a9fe3d5e99e919f5c9ca3f83ce9e03e0507f62c",
                "4723b3a677e3eee78beb5d112074a243a6e6440539962c3b8c2d3dbe7693ca18",
                "9a1c5b81eca0e035d4e4d04637eb0144a066498e8f5c83b218098f58620c0bf3",
                "5ee21759678b851c6424090b594a07f24ad0b1309ec2d237c9e69be68df5faf4",
                "3f31fdbb279c08fe22f70b6211c45738c8aa6d9cb35d35bef996028e50d49c18",
                "d58bb659b2932d5ccff0dbb9ebe10d8571ee352f671a40d0fe3375dc139bd85a",
                "6afe601220f1c38c94e5db6ad6776f23e0e9ae71ee8436947c20083f5b75b318",
                "537d32763232b2f5784a310c16a8688a14134ddf4acca6520ab494d044e5b86a",
                "0bbc98b6bcdb13da6335236f5b39afd8cf0cbbdb1bd72a7904eea8e6007dcbc3",
                "b8b3d879a9ceaf0a84630399d77555a65c2b0b7d6aab3528e22aeb653a5f5b67",
                "71b86d97f242d40c1916a43e13676143a29257fce6b5dfa2c025df1107c1290c",
                "5b40441af42085be0c4bdaab1806fa3cd8503ea49a7d81a9a0045243a88c9d37",
                "c7166fce03f6513a47f5af02caf9bf1343dd652a172a40fcbd872301236a5962"
            ],
            "type": "Script",
            "firstPartyCookies": {},
            "firstPartyCookiesSent": {},
            "exampleSites": [
                "www.musica.com",
                "pianoletternotes.blogspot.com",
                "muzikum.eu",
                "www.tablyrics.com",
                "songteksten.net",
                "tamillyrics143.com",
                "www.lacoccinelle.net",
                "www.yalp.io",
                "www.oldielyrics.com",
                "www.songstraducidas.com",
                "top40weekly.com",
                "www.lyricsmania.com",
                "songmeanings.com",
                "www.lyrics007.com",
                "www.countrythangdaily.com",
                "www.amchords.com",
                "www.paroles-musique.com",
                "tvshowpilot.com",
                "www.musixmatch.com",
                "www.hancinema.net"
            ]
        },
        {
            "rule": "tonemedia\\.com\\/showads\\/track\\/imp\\.php",
            "cookies": 0.000207,
            "fingerprinting": 0,
            "subdomains": [
                "srv"
            ],
            "apis": {},
            "sites": 36,
            "prevalence": 0.000257,
            "cnames": [],
            "responseHashes": [
                "fdac71109000ee5e21163bc6b60221d4077f59d8224d3e7cb16fa994a184440b"
            ],
            "type": "Image",
            "firstPartyCookies": {},
            "firstPartyCookiesSent": {},
            "exampleSites": [
                "www.lyricsmania.com",
                "www.hancinema.net",
                "thegeniuslyrics.com",
                "songteksten.net",
                "tvshowpilot.com",
                "www.ukecifras.com.br",
                "www.musixmatch.com",
                "www.yalp.io",
                "www.paroles-musique.com",
                "acordesweb.com",
                "www.lacoccinelle.net",
                "www.amchords.com",
                "tamillyrics143.com",
                "pianoletternotes.blogspot.com",
                "www.letssingit.com",
                "metalinjection.net",
                "muzikum.eu",
                "www.sputnikmusic.com",
                "www.last.fm",
                "www.e-chords.com"
            ]
        },
        {
            "rule": "tonemedia\\.com\\/showads\\/css\\/flex\\.min\\.css",
            "cookies": 0,
            "fingerprinting": 0,
            "subdomains": [
                "srv"
            ],
            "apis": {},
            "sites": 2,
            "prevalence": 0.0000143,
            "cnames": [],
            "responseHashes": [
                "d0bdffc356ed0615540f4cac598814aeb24dbfe2a3ae87c5292dac0dfd35db20"
            ],
            "type": "Stylesheet",
            "firstPartyCookies": {},
            "firstPartyCookiesSent": {},
            "exampleSites": [
                "getsongbpm.com",
                "www.amchords.com"
            ]
        },
        {
            "rule": "tonemedia\\.com\\/showads\\/track\\/bb\\.php",
            "cookies": 0.00000715,
            "fingerprinting": 0,
            "subdomains": [
                "srv"
            ],
            "apis": {},
            "sites": 2,
            "prevalence": 0.0000143,
            "cnames": [],
            "responseHashes": [
                "fdac71109000ee5e21163bc6b60221d4077f59d8224d3e7cb16fa994a184440b"
            ],
            "type": "Image",
            "firstPartyCookies": {},
            "firstPartyCookiesSent": {},
            "exampleSites": [
                "muzikum.eu",
                "www.lyrics007.com"
            ]
        },
        {
            "rule": "tonemedia\\.com\\/ads\\/adunit\\.php",
            "cookies": 0,
            "fingerprinting": 0,
            "subdomains": [
                "srv"
            ],
            "apis": {},
            "sites": 6,
            "prevalence": 0.0000429,
            "cnames": [],
            "responseHashes": [
                "b4e7d38e21516d8c93568681543a2f4379328303856e3b560841322442c718e7",
                "429df660a648099492a6ea98573e325bfb399568b49a77fa191b1956cb7e42d9",
                "dbd058e0dcc9bac820a11de2a9e28fd7df7ab1f03fe5924f9348ebbe3487a3af",
                "499460e96528cf3e670f0beab295030f60acbfc699fcaadfdbe6c77d3d1b5552"
            ],
            "type": "XHR",
            "firstPartyCookies": {},
            "firstPartyCookiesSent": {},
            "exampleSites": [
                "e-chords.com",
                "www.e-chords.com",
                "www.letssingit.com",
                "www.lyricsbox.com",
                "www.nomorelyrics.net",
                "www.ukecifras.com.br"
            ]
        },
        {
            "rule": "tonemedia\\.com\\/showads\\/showad\\.js",
            "cookies": 0.0000143,
            "fingerprinting": 1,