{
    "domain": "trackerads.com",
    "owner": {},
    "source": [
        "DuckDuckGo-US"
    ],
    "prevalence": 0.000118,
    "sites": 17,
    "subdomains": [],
    "cnames": [],
    "fingerprinting": 0,
    "resources": [
        {
            "rule": "trackerads\\.com\\/cdn-cgi\\/trace",
            "cookies": 0,
            "fingerprinting": 0,
            "subdomains": [],
            "apis": {},
            "sites": 9,
            "prevalence": 0.0000623,
            "cnames": [],
            "responseHashes": [
                "d9a3e0259dcbfed298554476fa3d6b53bf5647cec93392aa3d23aae8cef00ead",
                "8e6b40e78e55bdaaca37476ee810c9d0e42732e41577b027135aba8f04e9f290",
                "45cb0236af2931b0dbfbe28ee0a8a6beead4524ffbd3fe3d1e46d733e68e2d32",
                "a57cf3751b3b2a02622c63ae1ea1fc387084ac87700a3addd66ed14623ed95a5",
                "0bda30a6ee0dbbe15dd538a52d1536cbf3c017c9dc52984fd592e7b5d7badb50",
                "6d58ba64c3f168e2e21e537adcdfe8d7d5b32f9c2d2379b59cad6e0854f9c4e2",
                "5757e35ec04b7f1182614da3b39df80e8fa1639435d13339896d268597e0eabd",
                "f67d7ed2da5d9f868b6ae5f1de2c6353f5dc138049e17a0785d7ed217fafd8e2"
            ],
            "type": "Fetch",
            "firstPartyCookies": {},
            "firstPartyCookiesSent": {},
            "exampleSites": [
                "tracker.gg",
                "apex.tracker.gg",
                "battlefieldtracker.com",
                "cod.tracker.gg",
                "destinytracker.com",
                "fortnitetracker.com",
                "halotracker.com",
                "r6.tracker.network",
                "rocketleague.tracker.network"
            ]
        }
    ],
    "categories": [],
    "performance": {},
    "cookies": 0,
    "types": {
        "Fetch": 9
    },
    "nameservers": [
        "jeff.ns.cloudflare.com",
        "vera.ns.cloudflare.com"
    ]
}