{
    "domain": "tradedoubler.com",
    "owner": {
        "name": "TradeDoubler AB",
        "displayName": "TradeDoubler"
    },
    "source": [
        "DuckDuckGo-US"
    ],
    "prevalence": 0.000871,
    "sites": 64,
    "subdomains": [
        "wrap",
        "swrap",
        "svht",
        "datar",
        "hst",
        "img",
        "impes",
        "impgb",
        "imppl"
    ],
    "cnames": [],
    "fingerprinting": 1,
    "resources": [
        {
            "rule": "tradedoubler\\.com\\/wrap",
            "cookies": 0,
            "fingerprinting": 1,
            "subdomains": [
                "wrap",
                "swrap"
            ],
            "apis": {
                "Document.cookie getter": 1
            },
            "sites": 34,
            "prevalence": 0.000463,
            "cnames": [],
            "responseHashes": [
                "add39517a02dc0f7e66a2219195596fea49d8e0c0ef4ab3ae3257cf45a7d42e4",
                "36a9e7f1c95b82ffb99743e0c5c4ce95d83c9a430aac59f84ef3cbfab6145068",
                "caa22292e4686e39a50fc6e192b505db9bfc96ee296db12b450ad171eb8497db",
                "56f0d26bbd7e2f59fd587832a20f574605c1501b641c007ff97311a5bcf3e388",
                "a771c842b6e082d97292fb8686547edc5b9502d33aee2c50665b457781bfac23",
                "3c3ffa474820b8a6d82d3253ec9418c39908376fb46ae772de5edc5c5ba5a717",
                "cd6628f3a22372290a80e691e1ed434ddc5839b3c287901605c5c15f4dec126b",
                "8a3dc13cb5e5a641f338e25167479f45f96bcb270aaedb87827a43247b4419b7",
                "67fd4ee6ffc734868646a8769bff3e407cffa75e3623448f21afb9535cb1b240",
                "0de7a49f6d21fbef846aba4bd271502d7ec9489bfbb3fd96f5ff7cf19140875e",
                "a2c2339691fc48fbd14fb307292dff3e21222712d9240810742d7df0c6d74dfb",
                "9fa74b9d18fa3fdbc9f2a49288e4300a2a5d7e5ed8aad332a28d0409f9b4914f",
                "7ccc42fefbca9d6c92721f7bb5e46f648a9a77d1a220a3fdd6c82f7a0de4779e",
                "31208b589be34b8d876c774c5ed117d50720e9f4412d97890bd85138553671b2",
                "df5411e631be55b00abca4c4a28a593525eb58d292194ea7c8c00c09fd68a423",
                "7c9d549bf00ecac058e126db40605dca86464572193a65fea2bb841f72f9c23a",
                "bbfb338a45456b145c48305cc65dd5bb5675352e4419bb22882bae837513b055",
                "6ee60f51371d94f88a386b442ba8b7dbce977f999b275bb9e7003e3bb178a232",
                "01a2069545e50b2fd962f175583df7e31fcdfe01eb3ecd4d927242ef874f8ac3",
                "2a5504f6c2ac702e063904107aa9e460d8b14a5b25475c1d5d69b79ce67bc589",
                "1955cb80633abd7ea4e3aa91b2a629dc4875568c592fb12d8528098ab930f646",
                "343c31128352e7fa2091e2391020ffed9fb0dcbfcefe7083c11ad2d5998fe706"
            ],
            "type": "Script",
            "firstPartyCookies": {},
            "firstPartyCookiesSent": {},
            "exampleSites": [
                "www.elmundo.es",
                "www.lafeltrinelli.it",
                "www.fust.ch",
                "www.primadonnacollection.com",
                "pakuten.pl",
                "www.tatuum.com",
                "mi-home.pl",
                "www.legimi.pl",
                "born2be.hu",
                "www.nafnaf.com",
                "blissim.fr",
                "www.yves-rocher.de",
                "www.lesgeorgettes.com",
                "artigianoinfiera.it",
                "sportstylestory.com",
                "www.royal-fashion.cz",
                "www.merkal.com",
                "www.abra-meble.pl",
                "www.andertons.co.uk",
                "www.empik.com"
            ]
        },
        {
            "rule": "tradedoubler\\.com\\/tr_sdk\\.js",
            "cookies": 0.0000136,
            "fingerprinting": 1,
            "subdomains": [
                "svht"
            ],
            "apis": {
                "Document.cookie getter": 18,
                "window.localStorage": 18,
                "Date.prototype.getTime": 3,
                "Document.cookie setter": 1
            },
            "sites": 20,
            "prevalence": 0.000272,
            "cnames": [],
            "responseHashes": [
                "c57adecfa6283162c9cbb34e1da70e45a60dcf44c3a5dfb0797ab645ca4465e6"
            ],
            "type": "Script",
            "firstPartyCookies": {
                "amc_geo_ip": {
                    "ttl": 31536003,
                    "length": 13,
                    "prevalence": 0.000013612109332462159,
                    "uniqueness": 1
                },
                "amc_geo_country": {
                    "ttl": 31536003,
                    "length": 2,
                    "prevalence": 0.000013612109332462159,
                    "uniqueness": 1
                },
                "amc_geo_continent": {
                    "ttl": 31536003,
                    "length": 2,
                    "prevalence": 0.000013612109332462159,
                    "uniqueness": 1
                }
            },
            "firstPartyCookiesSent": {},
            "exampleSites": [
                "artigianoinfiera.it",
                "catchalot.es",
                "markselectrical.co.uk",
                "www.andertons.co.uk",
                "www.booztlet.com",
                "www.cadeaux.com",
                "www.casadellibro.com",
                "www.citadium.com",
                "www.dreivip.com",
                "www.espace-des-marques.com",
                "www.gotrendier.mx",
                "www.heine.de",
                "www.onatera.com",
                "www.pixartprinting.it",
                "www.placedescelibataires.fr",
                "www.pmtonline.co.uk",
                "www.printemps.com",
                "www.volotea.com",
                "www.witt-weiden.de",
                "zagbijoux.fr"
            ]
        },
        {
            "rule": "tradedoubler\\.com\\/js\\/td-rd-o-sdk\\.js",
            "cookies": 0,
            "fingerprinting": 1,
            "subdomains": [
                "datar"
            ],
            "apis": {
                "Document.cookie getter": 2,
                "Navigator.prototype.userAgent": 2
            },
            "sites": 2,
            "prevalence": 0.0000272,
            "cnames": [],
            "responseHashes": [
                "ebcb658221492122ee56d5d1da4c1b690a3572ca680ef73ece192a7fe83d420d"
            ],
            "type": "Script",
            "firstPartyCookies": {},
            "firstPartyCookiesSent": {},
            "exampleSites": [
                "catchalot.es",
                "www.placedescelibataires.fr"
            ]
        },
        {
            "rule": "tradedoubler\\.com\\/d\\.php",
            "cookies": 0,
            "fingerprinting": 0,
            "subdomains": [
                "datar"
            ],
            "apis": {},
            "sites": 2,
            "prevalence": 0.0000272,
            "cnames": [],
            "responseHashes": [
                "1618c0b50f6fc978faa888137c1974c1d8ab7056d2cbf454dabefd43e04fd652"
            ],
            "type": "XHR",
            "firstPartyCookies": {},
            "firstPartyCookiesSent": {},
            "exampleSites": [
                "catchalot.es",
                "www.placedescelibataires.fr"
            ]
        },
        {
            "rule": "tradedoubler\\.com\\/file\\/47446\\/landingPageGTM_min\\.js",
            "cookies": 0,
            "fingerprinting": 0,
            "subdomains": [
                "hst"
            ],
            "apis": {},
            "sites": 4,
            "prevalence": 0.0000544,
            "cnames": [],
            "responseHashes": [
                "32c833a9dcac280174a601aea083e84deba1def1f9dcf69a0ccf43a560a96e5d"
            ],
            "type": "Script",
            "firstPartyCookies": {},
            "firstPartyCookiesSent": {},