{
    "domain": "trafficguard.ai",
    "owner": {},
    "source": [
        "DuckDuckGo-US"
    ],
    "prevalence": 0.000208,
    "sites": 30,
    "subdomains": [
        "api"
    ],
    "cnames": [],
    "fingerprinting": 0,
    "resources": [
        {
            "rule": "trafficguard\\.ai\\/api\\/v3\\/client-side\\/validate\\/event",
            "cookies": 0.000125,
            "fingerprinting": 0,
            "subdomains": [
                "api"
            ],
            "apis": {},
            "sites": 18,
            "prevalence": 0.000125,
            "cnames": [],
            "responseHashes": [
                "18cccf9f3ae615df065ef20111e050bb202254d4cf780c150927f51d00d6bffc",
                "61986006501ad9956b3235f4cfb6d14cba25989c336d1642732e29fbb1a97586",
                "f484ea56948dd928ca0a73a511fdaf730a17ccc4dd1d50aff92d185c74a736cb",
                "57b7830492e5834aad9b070eb08a660b8b9cd6e96986aa938d90c6504fdc6af0",
                "e5b70b0a4b6191860345eef9119a5c4c569dda479c141e66e6d30cf0eb4ad66c",
                "0d05551fdf478908c3d8aaa96d39e2403563f54f722d708af894e408cb34230c",
                "a5dfccd0cc3323c01b7a45de95d2af8f3d0780ecc074d43295ee6b30c6e5b31a",
                "08c2a2a5ce301fd9715890e5ed3c4b1d3b49e8474a972e12d491da4698180204"
            ],
            "type": "XHR",
            "firstPartyCookies": {},
            "firstPartyCookiesSent": {},
            "exampleSites": [
                "alison.com",
                "betway.com",
                "glints.com",
                "hobbyking.com",
                "lifepal.co.id",
                "location.westernunion.com",
                "www.bet9ja.com",
                "www.betfred.com",
                "www.carousell.ph",
                "www.carousell.sg",
                "www.cars24.com",
                "www.kitchenstories.com",
                "www.nourishedlife.com.au",
                "www.onthemarket.com",
                "www.ratedpeople.com",
                "www.shavershop.com.au",
                "www.sofi.com",
                "www.westernunion.com"
            ]
        }
    ],
    "categories": [],
    "performance": {},
    "cookies": 0.000208,
    "types": {
        "XHR": 18
    },
    "nameservers": [
        "ns-78.awsdns-09.com",
        "ns-836.awsdns-40.net",
        "ns-1463.awsdns-54.org",
        "ns-1824.awsdns-36.co.uk"
    ]
}