{
    "domain": "trakking.org",
    "owner": {},
    "source": [
        "DuckDuckGo-US"
    ],
    "prevalence": 0.000109,
    "sites": 8,
    "subdomains": [],
    "cnames": [],
    "fingerprinting": 0,
    "resources": [
        {
            "rule": "trakking\\.org\\/track\\/code\\.js",
            "cookies": 0.0000953,
            "fingerprinting": 0,
            "subdomains": [],
            "apis": {},
            "sites": 8,
            "prevalence": 0.000109,
            "cnames": [],
            "responseHashes": [
                "571caa415b76acc364a07716ad7fd3953ae54ddc7086e9996552a8b6a6aebddf",
                "82aa618bbf0e2f95a1b5e43f3bfcb40c6082efc2071f3082b9341d0aa85a84ba",
                "b320e521aebc5f559cbcdda3b862d72061d3c2e589ef8b1e3e0a6f4501a26e09",
                "c41dd6e87c1ce65c612e1ee927a928c782b9f811987034ba46091360be78ec94",
                "8258557c1b7e3979432eedfe336afa65e3c63024084eb7ca9f1a7655948f256d",
                "fc655d103532c0b7d970bf35e29fa798d9e313ee8bae10a938a8ef41f8366fde",
                "2e6bbc3a643544720aed9026500d5133ffaf034aca3076840cded08ec74115dc"
            ],
            "type": "Script",
            "firstPartyCookies": {},
            "firstPartyCookiesSent": {},
            "exampleSites": [
                "emprestimosim.com.br",
                "www.babadotop.com.br",
                "www.decathlon.com.br",
                "www.kapiva.in",
                "www.kopenhagen.com.br",
                "www.motorola.com.br",
                "www.oziva.in",
                "www.repassa.com.br"
            ]
        }
    ],
    "categories": [],
    "performance": {},
    "cookies": 0.000109,
    "topInitiators": [
        {
            "domain": "afilio.com.br",
            "prevalence": 0.6666666666666666
        },
        {
            "domain": "googletagmanager.com",
            "prevalence": 0.2222222222222222
        },
        {
            "domain": "storage.googleapis.com",
            "prevalence": 0.1111111111111111
        }
    ],
    "types": {
        "Script": 8
    },
    "nameservers": [
        "dns1.registrar-servers.com",
        "dns2.registrar-servers.com"
    ]
}