{
    "domain": "travelaudience.com",
    "owner": {},
    "source": [
        "DuckDuckGo-US"
    ],
    "prevalence": 0.000129,
    "sites": 19,
    "subdomains": [
        "ads"
    ],
    "cnames": [],
    "fingerprinting": 1,
    "resources": [
        {
            "rule": "travelaudience\\.com\\/js\\/ta\\.js",
            "cookies": 0,
            "fingerprinting": 1,
            "subdomains": [
                "ads"
            ],
            "apis": {
                "Navigator.prototype.userAgent": 16
            },
            "sites": 16,
            "prevalence": 0.000109,
            "cnames": [],
            "responseHashes": [
                "fd4c58b05e2828e46e079975c303c6d809e127249f97043757f2cd933923db4f"
            ],
            "type": "Script",
            "firstPartyCookies": {},
            "firstPartyCookiesSent": {},
            "exampleSites": [
                "japantravel.com",
                "en.japantravel.com",
                "global.flixbus.com",
                "ostrovok.ru",
                "www.flixbus.co.uk",
                "www.flixbus.de",
                "www.flixbus.dk",
                "www.flixbus.com",
                "www.flixbus.fr",
                "www.flixbus.nl",
                "www.flixbus.pt",
                "www.flixbus.se",
                "www.icelandair.com",
                "www.omanair.com",
                "www.therooftopguide.com",
                "www.wego.com"
            ]
        },
        {
            "rule": "travelaudience\\.com\\/uuid\\.ashx",
            "cookies": 0.000102,
            "fingerprinting": 0,
            "subdomains": [
                "ads"
            ],
            "apis": {},
            "sites": 16,
            "prevalence": 0.000109,
            "cnames": [],
            "responseHashes": [
                "f816bdd9ef04c62eb1cbd851e5639485a8e99b79d78e24ea462d4e1127090c5a",
                "bc09991ad1481ca6a5eef4aa0b42f6d9fdb3b6231c5a7124c83e1b50fbef4bbe",
                "2e7c3d6d2609fb02b1866263bbe69998e9e064636a6d82fca99da69beb728ea2",
                "dee1ef939d8390f1f87eddacdf29f2fccd60e6c56fa89f2a325dcecfdf6c7c5a",
                "bad7664d8d7ae41076ea233253a6f5277141864ff759e20d2c3bf91bc9cae09b",
                "78aa689c119dca006297d224eaa7dd5102b0f05fc8f3ff16a148ba401a4a4a1f",
                "63513ad6b58570195851f190b2e5f4692e367198ef0e75a4261ed06c7b718f76",
                "4916d1ced2f669b0c73a9c43ca2eba92d4a2b379aa2c1c802896deab6db841c5",
                "3a2e88abd6727c2c3e670df386b3bb9541630e68837cc2a0098b5e8c27ee632a",
                "1f1554e1f6d1c10e72f0010db52203efd23a4a3a0ebdcc6d8193c7e74cb5468e",
                "06399c3fe1a0c83d862ecbc9dacb07819cdd4bfe2421158b3a2e9e4ada0b4a0f",
                "f8c6b4b848f59010b5920203cf1dc42706353c92c639b9911dea665b36fbd769",
                "9e0542718b510ef6a8dd995597b83bd03e93cbb80076fa4e526df767e0f62e1e",
                "1fbf869906ddc052fd5bed54e9d35f3a3776b40dd400d5dc4de6e395963e6462",
                "22ccf35f59feb0ad3c6a06b3cadeb516b682b7ce0082bacb2f421007ef626232"
            ],
            "type": "Script",
            "firstPartyCookies": {},
            "firstPartyCookiesSent": {},
            "exampleSites": [
                "japantravel.com",
                "en.japantravel.com",
                "global.flixbus.com",
                "ostrovok.ru",
                "www.flixbus.co.uk",
                "www.flixbus.de",
                "www.flixbus.dk",
                "www.flixbus.com",
                "www.flixbus.fr",
                "www.flixbus.nl",
                "www.flixbus.pt",
                "www.flixbus.se",
                "www.icelandair.com",
                "www.omanair.com",
                "www.therooftopguide.com",
                "www.wego.com"
            ]
        },
        {
            "rule": "travelaudience\\.com\\/trg\\.gif",
            "cookies": 0,
            "fingerprinting": 0,
            "subdomains": [
                "ads"
            ],
            "apis": {},
            "sites": 16,
            "prevalence": 0.000109,
            "cnames": [],
            "responseHashes": [
                "1ed70d02696722505ec82915a7dd9fbf2c512366d009b74bdbe37c9869c250a4"
            ],
            "type": "Image",
            "firstPartyCookies": {},
            "firstPartyCookiesSent": {},
            "exampleSites": [
                "japantravel.com",
                "en.japantravel.com",
                "global.flixbus.com",
                "ostrovok.ru",
                "www.flixbus.co.uk",
                "www.flixbus.de",
                "www.flixbus.dk",
                "www.flixbus.com",
                "www.flixbus.fr",
                "www.flixbus.nl",
                "www.flixbus.pt",
                "www.flixbus.se",
                "www.icelandair.com",
                "www.omanair.com",
                "www.therooftopguide.com",
                "www.wego.com"
            ]
        },
        {
            "rule": "travelaudience\\.com\\/google_match\\.ashx",
            "cookies": 0,
            "fingerprinting": 0,
            "subdomains": [
                "ads"
            ],
            "apis": {},
            "sites": 16,
            "prevalence": 0.000109,
            "cnames": [],
            "responseHashes": [
                "1ed70d02696722505ec82915a7dd9fbf2c512366d009b74bdbe37c9869c250a4"
            ],
            "type": "Image",
            "firstPartyCookies": {},
            "firstPartyCookiesSent": {},
            "exampleSites": [
                "japantravel.com",
                "en.japantravel.com",
                "global.flixbus.com",
                "ostrovok.ru",
                "www.flixbus.co.uk",
                "www.flixbus.de",
                "www.flixbus.dk",
                "www.flixbus.com",
                "www.flixbus.fr",
                "www.flixbus.nl",
                "www.flixbus.pt",
                "www.flixbus.se",
                "www.linguee.es",
                "www.omanair.com",
                "www.therooftopguide.com",
                "www.wego.com"
            ]
        }
    ],
    "categories": [],
    "performance": {},
    "cookies": 0.000129,
    "types": {
        "Script": 32,
        "Image": 32
    },
    "nameservers": [
        "ns-cloud-b1.googledomains.com",
        "ns-cloud-b2.googledomains.com",
        "ns-cloud-b3.googledomains.com",
        "ns-cloud-b4.googledomains.com"
    ]
}