{
    "domain": "tryggehandel.net",
    "owner": {},
    "source": [
        "DuckDuckGo-US"
    ],
    "prevalence": 0.000313,
    "sites": 46,
    "subdomains": [
        "cert"
    ],
    "cnames": [],
    "fingerprinting": 0,
    "resources": [
        {
            "rule": "tryggehandel\\.net\\/js\\/script\\.js",
            "cookies": 0,
            "fingerprinting": 0,
            "subdomains": [
                "cert"
            ],
            "apis": {},
            "sites": 25,
            "prevalence": 0.00017,
            "cnames": [],
            "responseHashes": [
                "2b45dfd0749a6aa71f4398e58f155602262e91a5afb77455762a882c08e209cb",
                "f59d31504ca77c5f1dd8edcd3c4de010d59a562e6c35d385f93ec15d07630aaf",
                "5c45fc3d9a9945343a2dab0847bb93db0f7c365ab98f75b93c391e1fc52e291b",
                "d72219edebaaf28f5c4919f0d2f546dbf836de0ca47678f8ef6d14f5ac4f9582",
                "b3411ab112b8a2b8b04ee4ac7f18ee54a6a7bad8758cbb8a96e216676ff7ac1d",
                "099d3fcdbdccec7ffe16c8f485a6bf6ff3bdbbab6900985a8b9cc9737ef06a66",
                "cae8d30676a00b27c4d8f87bf4586b36bda33181ca5e90b1b32650b9d9743bae",
                "960d00831843636b31e47d23ccaad452e6ec0931dd1af299b4a6b07fe3f007e8",
                "70efcc9a7200a9216da8e324c1e7595908bb2b9226368196c5f1a986edd09f09",
                "2878c67f0dc505f6b082f53b6b688acc0611fffc94298683d38c814c998dba1f",
                "a4be9a3c50e7a809c378bf7c0ff63c36127a392676c9c4964a23a082e831974d",
                "3e8458bbe685b3b233906b7ea9da53a00c85128eacc5293b9cec6ec65497b279",
                "0fa9a336a7c3eb0e9c111d6c58ff03fae8c7bd80703fad27935b235b089eb4f9",
                "5cc1d25b94f7e7520fc053177a9650f1fd351f7db048f6f5df635f2c11642658",
                "e8a8f775a83bab765e577e2436ebca53ef89d9f577453ce6441c34245463df4d",
                "8e8bb92c051a58cb434a47b691442ef56e45cf46255dd49451081c3caa8f653f",
                "63e7d4ab94c70f850062582bc369e18f2508fa0084b7469d1cbdfdccfdf969f2",
                "0c16e704ec95d8fad904139aeb14237607085db747e6efebf0fd87456dd62ee8",
                "bae7db8de190cec587e2c46d9a15fbda4eaac4c77100127adc9f13e115161548",
                "d0c7602fe82083f7151d215cf1d1f3e7e7708baa3b8d08260731823f4b60eb3b",
                "aee239dbc493c5fb2eabf5628445e7961685daa8af99fe3db08664b671aa2b98",
                "b1905a6d9e280676f9d820a5c725e94079312b92914456e81c9ea403396e981b",
                "bc5a01af027cd513b5a404608262b5e1f8020fbf01773d56cbe39de56d969ae2",
                "194a6b0afe6e8762037f74ece5923375805089324501d9ff545112dc75ca722f"
            ],
            "type": "Script",
            "firstPartyCookies": {},
            "firstPartyCookiesSent": {},
            "exampleSites": [
                "www.byggmax.se",
                "glimja.com",
                "www.campingtillbehor4u.se",
                "www.minfot.se",
                "www.ginza.se",
                "panduro.com",
                "www.joyland.se",
                "www.tcmcykel.se",
                "outl1.se",
                "www.svenskttenn.com",
                "www.rinkabyror.se",
                "verktygsboden.se",
                "www.ajprodukter.se",
                "www.hylte-lantman.com",
                "www.dunken.se",
                "www.elcykelpunkten.se",
                "duab.se",
                "beredd.se",
                "www.cellbes.se",
                "www.sinful.se"
            ]
        },
        {
            "rule": "tryggehandel\\.net\\/js\\/logo\\.svg",
            "cookies": 0,
            "fingerprinting": 0,
            "subdomains": [
                "cert"
            ],
            "apis": {},
            "sites": 23,
            "prevalence": 0.000157,
            "cnames": [],
            "responseHashes": [
                "c79e14158ea24958ab98767774a1b8cb56af0d1ac51f753577b9121cf1869cb1"
            ],
            "type": "Image",
            "firstPartyCookies": {},
            "firstPartyCookiesSent": {},
            "exampleSites": [
                "www.byggmax.se",
                "glimja.com",
                "www.inkclub.com",
                "duab.se",
                "www.elcykelpunkten.se",
                "beredd.se",
                "www.campingtillbehor4u.se",
                "skogma.se",
                "www.dunken.se",
                "www.minfot.se",
                "www.lloydsapotek.se",
                "www.rinkabyror.se",
                "www.ajprodukter.se",
                "www.granngarden.se",
                "verktygsboden.se",
                "www.cykloteket.se",
                "panduro.com",
                "www.sinful.se",
                "www.joyland.se",
                "www.tcmcykel.se"
            ]
        }
    ],
    "categories": [],
    "performance": {},
    "cookies": 0,
    "types": {
        "Script": 25,
        "Image": 23
    },
    "nameservers": [
        "keanu.ns.cloudflare.com",
        "ophelia.ns.cloudflare.com"
    ]
}