{
    "domain": "tube.bz",
    "owner": {},
    "source": [
        "DuckDuckGo-US"
    ],
    "prevalence": 0.000111,
    "sites": 16,
    "subdomains": [],
    "cnames": [],
    "fingerprinting": 1,
    "resources": [
        {
            "rule": "tube\\.bz\\/download\\/ajax\\.php",
            "cookies": 0,
            "fingerprinting": 0,
            "subdomains": [],
            "apis": {},
            "sites": 3,
            "prevalence": 0.0000208,
            "cnames": [],
            "responseHashes": [
                "edc48cd3b0bc4fa7ba23aad40b8508a17d370ca38be174bae2a2f64634e65a2b"
            ],
            "type": "XHR",
            "firstPartyCookies": {},
            "firstPartyCookiesSent": {},
            "exampleSites": [
                "24porn.tv",
                "bravotube.tv",
                "tubepornstars.tv"
            ]
        },
        {
            "rule": "tube\\.bz\\/player\\/",
            "cookies": 0,
            "fingerprinting": 1,
            "subdomains": [],
            "apis": {
                "Navigator.prototype.userAgent": 12
            },
            "sites": 13,
            "prevalence": 0.0000899,
            "cnames": [],
            "responseHashes": [
                "01432c22f474569866c17770d582fc857dc849c12d9333837fa4c037d089de86",
                "0474cb6be9c29c05ba70c218250ea9aac4659c3e64152253b87330666c6b0a43",
                "dc68142caab5f0c99d686afa5bcb5e54654f3388c0c934ee9a172c6eedf279dd",
                "59c72098071f2e796ca288da0d345e16dabcbdc1111aa274efb3bb6712f00e5c",
                "4e0c03b7e23c1da58e64d70bb679e2d9a3b43617f6bd8af75b44fc63828fbf62",
                "85d6c56e7efbcc7638654dca306abb6c4f3feba050795ad9a50cd60437428287",
                "023ec2f8f62a786f8b822e1302a7299f35603dc5eacc75ab124328739ebeb71d",
                "ea7730b300b18b596b26385c798924e6765b03ef5faf47bb6434a13faddefea8",
                "cc0312fa23d5d7965f5153aaabb37ef7f8d732d6f70a87deeb372fb8a42bba10",
                "5de883883c1e57a54b606c0a8bb302dc4a3ef48a9b5b0f15f03d7ddb89e3105f",
                "1f29fe41df2ec63ab5caf90d5f5caedb92fa1dd16c303195c37ffd196b46fa55",
                "047b1398b1291fd2e985085f01c154ecc4a3aad38b79488d6e98e0c6d08ea1c2"
            ],
            "type": "Document",
            "firstPartyCookies": {},
            "firstPartyCookiesSent": {},
            "exampleSites": [
                "24porn.tv",
                "beeg.porn",
                "befuck.net",
                "bokepv.com",
                "bravotube.tv",
                "faketaxi.cc",
                "fap18.net",
                "redporn.one",
                "tubepornstars.tv",
                "vjav.one",
                "vporn.me",
                "xnxx18.xyz",
                "xxxmom.net"
            ]
        },
        {
            "rule": "tube\\.bz\\/player\\/libs\\/player\\.css",
            "cookies": 0,
            "fingerprinting": 0,
            "subdomains": [],
            "apis": {},
            "sites": 13,
            "prevalence": 0.0000899,
            "cnames": [],
            "responseHashes": [
                "564aea9019920d9646e8fd09fdc885112b46a78f43068cedacf39f63c9c92c94"
            ],
            "type": "Stylesheet",
            "firstPartyCookies": {},
            "firstPartyCookiesSent": {},
            "exampleSites": [
                "24porn.tv",
                "beeg.porn",
                "befuck.net",
                "bokepv.com",
                "bravotube.tv",
                "faketaxi.cc",
                "fap18.net",
                "redporn.one",
                "tubepornstars.tv",
                "vjav.one",
                "vporn.me",
                "xnxx18.xyz",
                "xxxmom.net"
            ]
        },
        {
            "rule": "tube\\.bz\\/player\\/libs\\/p6\\.svg",
            "cookies": 0,
            "fingerprinting": 0,
            "subdomains": [],
            "apis": {},
            "sites": 6,
            "prevalence": 0.0000415,
            "cnames": [],
            "responseHashes": [
                "47784969089788d2f7a14dde951bf37a454a61aa838d280f7a0bea9eeb18608e"
            ],
            "type": "Image",
            "firstPartyCookies": {},
            "firstPartyCookiesSent": {},
            "exampleSites": [
                "24porn.tv",
                "beeg.porn",
                "bokepv.com",
                "bravotube.tv",
                "faketaxi.cc",
                "xnxx18.xyz"
            ]
        },
        {
            "rule": "tube\\.bz\\/player\\/",
            "cookies": 0,
            "fingerprinting": 1,
            "subdomains": [],
            "apis": {
                "Navigator.prototype.userAgent": 3
            },
            "sites": 3,
            "prevalence": 0.0000208,
            "cnames": [],
            "responseHashes": [
                "e3b0c44298fc1c149afbf4c8996fb92427ae41e4649b934ca495991b7852b855"
            ],
            "type": "Image",
            "firstPartyCookies": {},
            "firstPartyCookiesSent": {},
            "exampleSites": [
                "bokepv.com",
                "faketaxi.cc",
                "xnxx18.xyz"
            ]
        },
        {
            "rule": "tube\\.bz\\/report\\/check\\.php",
            "cookies": 0,
            "fingerprinting": 0,
            "subdomains": [],
            "apis": {},
            "sites": 3,
            "prevalence": 0.0000208,
            "cnames": [],
            "responseHashes": [],
            "type": "XHR",
            "firstPartyCookies": {},
            "firstPartyCookiesSent": {},
            "exampleSites": [
                "redporn.one",
                "vjav.one",
                "vporn.me"
            ]
        }
    ],
    "categories": [],
    "performance": {},
    "cookies": 0,
    "types": {
        "XHR": 6,
        "Document": 13,
        "Stylesheet": 13,
        "Image": 9
    },
    "nameservers": [
        "diana.ns.cloudflare.com",
        "mcgrory.ns.cloudflare.com"
    ]
}