{
    "domain": "twinrdsrv.com",
    "owner": {},
    "source": [
        "DuckDuckGo-US"
    ],
    "prevalence": 0.00103,
    "sites": 149,
    "subdomains": [
        "cdn"
    ],
    "cnames": [],
    "fingerprinting": 1,
    "resources": [
        {
            "rule": "twinrdsrv\\.com\\/Scripts\\/infinity\\.js\\.aspx",
            "cookies": 0.00000692,
            "fingerprinting": 2,
            "subdomains": [
                "cdn"
            ],
            "apis": {
                "Navigator.prototype.userAgent": 10,
                "Navigator.prototype.platform": 10,
                "window.sessionStorage": 10,
                "window.localStorage": 10,
                "Date.prototype.getTimezoneOffset": 10,
                "Navigator.prototype.mimeTypes": 10,
                "Screen.prototype.width": 10,
                "Screen.prototype.height": 10,
                "Document.cookie getter": 3,
                "Document.cookie setter": 1
            },
            "sites": 10,
            "prevalence": 0.0000692,
            "cnames": [],
            "responseHashes": [
                "dc0ec4511e6936eef00f21425e7432087509b73f08eacad8447687d83bcf99ea",
                "201ef37954a31c897d04055ec455228a43bb24b062fd90ac69e36725a8a5ae96",
                "e1c1374c817cc114c37c0cffab03f5733581683862e7a99a301de5ce822a1ce1",
                "c2ae4200dd487523ecda3e7e0b47161878400aa1fc2fe761cf2359de9ad65b6d",
                "42f8ec9ef93c86647bdc650dc3d15031d772afc08f3d47e32481e80d550138d0",
                "3168255f151457bfed860f0fc9fb1cbd3eb532fa20e4506bf051b82692e61d44",
                "17d1807cf34247ff589ea18eae66922c3b3594179fd1b68712fd59f48c015a99",
                "fd22916662367a630157dc0498891cd8c6a3c7c0d75151057853511a8752d1a0",
                "1b676c949acdddd57be7cb3e929f39fe214532152023283866a4031c5ab453d6"
            ],
            "type": "Script",
            "firstPartyCookies": {
                "g36FastPopSessionRequestNumber": {
                    "ttl": null,
                    "length": 1,
                    "prevalence": 0.000006917925729149372,
                    "uniqueness": 1
                }
            },
            "firstPartyCookiesSent": {},
            "exampleSites": [
                "imagefap.com",
                "beta.imagefap.com",
                "de.porndoe.com",
                "forum.phun.org",
                "m.tnaflix.com",
                "porndoe.com",
                "www.imagefap.com",
                "www.pornmega.com",
                "www.tnaflix.com",
                "www.youramateurporn.com"
            ]
        },
        {
            "rule": "twinrdsrv\\.com\\/Tag\\.engine",
            "cookies": 0.0000623,
            "fingerprinting": 0,
            "subdomains": [],
            "apis": {},
            "sites": 10,
            "prevalence": 0.0000692,
            "cnames": [],
            "responseHashes": [
                "ae119252396addae31d5eec5a33e3d7bf589d73636bdfe99e9cbe2e18e6397f5",
                "868081bb9369bc0ee332a31976a0c234fd939ba91a830a5712ace8d8a976189e",
                "6f332033ddabd648d032ff56757f594df92c54f867edf5923fbb436de7888424",
                "6e818b040d9b869a0d58259c06972a3c8142ed28d6c8c094270f431951ad3b88",
                "312b7bd742cc89eea2e60859129ff4a4d380de4b12fd205facbac0c2c1ae0261",
                "1185b64db8f18308ed2d33d2d640ef7d5891b620898f53f72434c22a974c3167",
                "111e086fb7728ca81c8fc5a6b1d91eb62410763d07833c9a0fc903d8cc91f54f",
                "fdaa2f10f44511459c07ba9c92c1e12b03d2ca630fcaa1611c88c1dd67510008"
            ],
            "type": "Script",
            "firstPartyCookies": {},
            "firstPartyCookiesSent": {},
            "exampleSites": [
                "imagefap.com",
                "beta.imagefap.com",
                "de.porndoe.com",
                "forum.phun.org",
                "m.tnaflix.com",
                "porndoe.com",
                "www.imagefap.com",
                "www.pornmega.com",
                "www.tnaflix.com",
                "www.youramateurporn.com"
            ]
        },
        {
            "rule": "twinrdsrv\\.com\\/track\\.engine",
            "cookies": 0.000187,
            "fingerprinting": 0,
            "subdomains": [],
            "apis": {},
            "sites": 27,
            "prevalence": 0.000187,
            "cnames": [],
            "responseHashes": [],
            "type": "Fetch",
            "firstPartyCookies": {},
            "firstPartyCookiesSent": {},
            "exampleSites": [
                "www.heavy-r.com",
                "mrdeepfakes.com",
                "www.myfreeblack.com",
                "hentaicore.org",
                "xxxpicss.com",
                "fantasti.cc",
                "fortnitesex.com",
                "pornxs.com",
                "prothots.com",
                "boobsradar.com",
                "qpornx.com",
                "porngun.net",
                "pornwild.to",
                "celebsroulette.com",
                "pornvibe.org",
                "xfantazy.com",
                "eveknows.com",
                "www.pornrewind.com",
                "milfzr.com",
                "www.partycelebs.com"
            ]
        },
        {
            "rule": "twinrdsrv\\.com\\/link\\.engine",
            "cookies": 0.0000484,
            "fingerprinting": 0,
            "subdomains": [],
            "apis": {},
            "sites": 7,
            "prevalence": 0.0000484,
            "cnames": [],
            "responseHashes": [],
            "type": "Document",
            "firstPartyCookies": {},
            "firstPartyCookiesSent": {},
            "exampleSites": [
                "collectionofbestporn.com",
                "m.viptube.com",
                "www.porngo.com",
                "www.porntry.com",
                "www.veryfreeporn.com",
                "www.videojav.com",
                "www.xxxfiles.com"
            ]
        },
        {
            "rule": "twinrdsrv\\.com\\/Redirect\\.eng",
            "cookies": 0.000083,
            "fingerprinting": 0,
            "subdomains": [],
            "apis": {},
            "sites": 12,
            "prevalence": 0.000083,
            "cnames": [],
            "responseHashes": [
                "a27202934c9ab3bd46a1c5a893da7407d9bcd2ac83d8544e496c639e835d4a69",
                "f3ed1411bd42928e650d6f2d672f014e8fc4a535e10489df4b658253882b71ba",
                "9d23579ac699d3c582ac5877a1f9bd79efadab5d0fb934c2ec72589b12401825",
                "823f79b3c15475d569e5226a25ff4169a83c9f379425790547b8059f62f7a080"
            ],
            "type": "Document",
            "firstPartyCookies": {},
            "firstPartyCookiesSent": {},
            "exampleSites": [
                "collectionofbestporn.com",
                "de.porndoe.com",
                "hog.tv",
                "jizzbunker.com",
                "m.viptube.com",
                "porndoe.com",
                "www.drtuber.com",
                "www.porngo.com",
                "www.porntry.com",
                "www.veryfreeporn.com",
                "www.videojav.com",
                "www.xxxfiles.com"
            ]
        },
        {
            "rule": "twinrdsrv\\.com\\/preroll\\.engine",
            "cookies": 0.0000899,
            "fingerprinting": 0,
            "subdomains": [],
            "apis": {},
            "sites": 14,
            "prevalence": 0.0000969,
            "cnames": [],