{
    "domain": "u-on.eu",
    "owner": {},
    "source": [
        "DuckDuckGo-US"
    ],
    "prevalence": 0.000235,
    "sites": 34,
    "subdomains": [
        "cs"
    ],
    "cnames": [],
    "fingerprinting": 1,
    "resources": [
        {
            "rule": "u-on\\.eu\\/c\\.php",
            "cookies": 0,
            "fingerprinting": 0,
            "subdomains": [
                "cs"
            ],
            "apis": {},
            "sites": 18,
            "prevalence": 0.000125,
            "cnames": [],
            "responseHashes": [
                "cabdc407c0857418a7d5a52085f9031a0356bf6453ee8c112c146fc21221116d",
                "c01449f2a8547f89dbead1b9ab3d684385228c2dc6c4d86e9a70aa682975cb65",
                "2505715ee297c6da2fe42ba49f5c349af543e7cf7f509475cbbf913be2392e7d",
                "c9cfab5d9e8709def1f2c3dea097cf1d7262fe13397e313829a8f74c6720566f",
                "67479e7024346c510d33ad2821a34d875e20a3c9bd5a7c06c91acca31668a907",
                "d0923cca9b714a22ce8d712b5289e352a2cdd63ef5ed0aba786afb57201d2242"
            ],
            "type": "Image",
            "firstPartyCookies": {},
            "firstPartyCookiesSent": {
                "lotame_domain_check": 0.000027671702916597487
            },
            "exampleSites": [
                "ceritawow.mobie.in",
                "hotubi.com",
                "rajahentai.com",
                "subid.wapkiz.com",
                "tvn.wapkiz.com",
                "www.komikhentai.best",
                "www.komikhentai.space",
                "www.rajahentai.com"
            ]
        },
        {
            "rule": "u-on\\.eu\\/js\\.php",
            "cookies": 0,
            "fingerprinting": 1,
            "subdomains": [
                "cs"
            ],
            "apis": {
                "Screen.prototype.width": 7,
                "Screen.prototype.height": 7
            },
            "sites": 8,
            "prevalence": 0.0000553,
            "cnames": [],
            "responseHashes": [
                "7d3f333dde6f3b22ab1b189d6c9bed24cbbeef92dba2f5d7e22a7db42e569fa7",
                "0e1c2c2db33bd02f2a8d632f114da9d38bdb01fe69f2deaffe2c28abab7df5ae",
                "84b01c8aafa6fd0d425b5c74dd4cee0a61714974d3d2ce50d3d2054b97df79de",
                "8562ef3dd9e9ed6d040dd4c2d55a12c53228b700a4edd2fc76bc2d154773613b",
                "3a5939371e856fdc54df86f6bedf1a99511810e56a8978f5dd921f9b3f632b31",
                "0a61c0f40ff9955b1c59399da8f0e65dea8ef7e375e3ef53658761d459527306",
                "7b74613f1dfacdf64de3a4189d2e4c1a7261a253ad8d1eb1970986d24a9521df"
            ],
            "type": "Script",
            "firstPartyCookies": {},
            "firstPartyCookiesSent": {},
            "exampleSites": [
                "subid.wapkiz.com",
                "tvn.wapkiz.com"
            ]
        }
    ],
    "categories": [],
    "performance": {},
    "cookies": 0,
    "types": {
        "Image": 18,
        "Script": 8
    },
    "nameservers": [
        "ns1.hostex.lt",
        "ns2.hostex.lt",
        "ns3.hostex.lt",
        "ns4.hostex.lt"
    ]
}