{
    "domain": "ui-avatars.com",
    "owner": {},
    "source": [
        "DuckDuckGo-US"
    ],
    "prevalence": 0.000114,
    "sites": 16,
    "subdomains": [],
    "cnames": [],
    "fingerprinting": 0,
    "resources": [
        {
            "rule": "ui-avatars\\.com\\/api\\/",
            "cookies": 0,
            "fingerprinting": 0,
            "subdomains": [],
            "apis": {},
            "sites": 13,
            "prevalence": 0.0000929,
            "cnames": [],
            "responseHashes": [
                "a743f72d730d5ba6119af22194495088893a21d9b3d582831152579bc5a629b5",
                "3143fdd56323b1068d26c971de96a0188ba97a3ca8aee1f9179355ac1d7d484f",
                "5a50377ef47acf3527abd29da5e199c086c83456a75af4f08d56049595ef0309",
                "9968cb4a0e1cf781742c7ec24592086cca23279f3dbf77751f6cb0dde6e84eee",
                "53d8b9686873b26b2a8b0616ccd3590dcab8fc1f0ccf9fb01d7a661e25f0bd67",
                "1e82ee86803ebf0aad583b65511cbfde5ab49725e949b81303395bc54aa27bf8",
                "001099a9d93bfd1f26b0a1430fd5cd49ece969afc72841e033739642ce643922",
                "370ef19aa607bfc092f4c091420ddfd1310cba378530249c7136b6f417004b6f",
                "825c0253aa3a84c9b4a9dc2b8b00c59808d30ec7dfa9fe8a2e578e672339c237",
                "f7da71a437b3e7d3f60b559071b1075f10f10f71db384014d3d3a97370d2ded1",
                "f46653a536d1c3530d5acacb95f7c3c874a36597666200585b6f90ac6c7f56e6",
                "eeda10520a7b9dfc1fbd8e0c7b5216f70e4c87981a08d506e363f25e85387d4d"
            ],
            "type": "Image",
            "firstPartyCookies": {},
            "firstPartyCookiesSent": {},
            "exampleSites": [
                "leaklinks.com",
                "pastehouse.com",
                "pharmaboluk.com",
                "preggophilia.com",
                "sinfulsite.com",
                "summerstar.com.au",
                "tixel.com",
                "unremot.com",
                "www.aimsindustrial.com.au",
                "www.leaklinks.com",
                "www.midlandbrick.com.au",
                "www.readm.org",
                "yocket.com"
            ]
        }
    ],
    "categories": [],
    "performance": {},
    "cookies": 0,
    "types": {
        "Image": 13
    },
    "nameservers": [
        "will.ns.cloudflare.com",
        "leah.ns.cloudflare.com"
    ]
}