{
    "domain": "ui-avatars.com",
    "owner": {},
    "source": [
        "DuckDuckGo-US"
    ],
    "prevalence": 0.000083,
    "sites": 12,
    "subdomains": [],
    "cnames": [],
    "fingerprinting": 0,
    "resources": [
        {
            "rule": "ui-avatars\\.com\\/api\\/",
            "cookies": 0,
            "fingerprinting": 0,
            "subdomains": [],
            "apis": {},
            "sites": 10,
            "prevalence": 0.0000692,
            "cnames": [],
            "responseHashes": [
                "643732b3c912fd545aa58f97209845735e326dd735bc4505086526eb38ed5d95",
                "b98cff6f69f23520b7183709c88ec53ad8f661dcfc621c0c9bf4715ffdeb2616",
                "f27d78efed09113088651d79cc90109039386f48160db006d75248be58e10ca5",
                "f72a016af3508d29d46cf2545301d09af741cb62ac54c99b54fdf3710e29bcfb",
                "f879949a4ed1e673d51f924d467a6ee36031123bf2655e4788bc64244b863cb8",
                "c143fb5a1711479c7d19ec6366d8fef94f4db2bde3582a8718da3fb2a5677c9d",
                "da8eaac297d72963425575cdcbffa49e6f35d5e09542e102f26db586c48713e8",
                "f46653a536d1c3530d5acacb95f7c3c874a36597666200585b6f90ac6c7f56e6",
                "0f282d49145028a94fd091024d07f97f926a279352ed0850dc2c49352b9f8980"
            ],
            "type": "Image",
            "firstPartyCookies": {},
            "firstPartyCookiesSent": {},
            "exampleSites": [
                "leaklinks.com",
                "preggophilia.com",
                "sinfulsite.com",
                "smailpro.com",
                "unremot.com",
                "www.daveandbusters.com",
                "www.gurufocus.com",
                "www.leaklinks.com",
                "www.readm.org",
                "www.unmc.edu"
            ]
        }
    ],
    "categories": [],
    "performance": {},
    "cookies": 0,
    "types": {
        "Image": 10
    },
    "nameservers": [
        "will.ns.cloudflare.com",
        "leah.ns.cloudflare.com"
    ]
}