{
    "domain": "upgulpinon.com",
    "owner": {},
    "source": [
        "DuckDuckGo-US"
    ],
    "prevalence": 0.000222,
    "sites": 31,
    "subdomains": [],
    "cnames": [],
    "fingerprinting": 2,
    "resources": [
        {
            "rule": "upgulpinon\\.com\\/1",
            "cookies": 0.000136,
            "fingerprinting": 0,
            "subdomains": [],
            "apis": {},
            "sites": 19,
            "prevalence": 0.000136,
            "cnames": [],
            "responseHashes": [
                "d97803f4be5d7d6a633660ed9f8c62f8016da0c98b7c0ecf42773faa9693b597",
                "00298bc49dfef25038078030af0dae70b6f70d9069d1280c50dd2df2176470df",
                "e3b0c44298fc1c149afbf4c8996fb92427ae41e4649b934ca495991b7852b855",
                "4de4b2259528488f1b7f4fff613b1d0cd403a7c5802f4abd7707724a2f461a7a",
                "fd2510afcbf7e773012c2aa8cce0ce99bef8eafe90f3ececf30e57edb0ce94e7",
                "6b95d465aebe1ef09af7612a51bb362ac3550e53278f1f24531be2af7f9534d8",
                "73935f8b03e1ab1c9cebe0cd83ab4fe9426e15fa666528868d745cbff183cabb",
                "4937e1309b6cd554b0bbc58c412092330e36bfafb61c60ae683389f332ee8081",
                "0b8064e6cf7251951fdb00eaa620757cd59f600c0decfd76ebbebfa8260b0e3d",
                "ec9d8ae5b366fc2a7f3c625ce5b6942bdb5061ebd206510113360fd7ff7124ca",
                "1de7f8fe479b7f65381018ec75c44ee3f6e584ea549c9759718687de84be5277",
                "f7451ca0ba04011453e4b614b59c87051bf09f39a85a7fd2f2b712efa75d3d3d",
                "c888ba665c8bcca950110db6b23ba8ae3f695a9653266ff9d86123f947a79b41",
                "10240fa3dd5bb715141252e100a6b5bb6a7122835f28586e1b7e79c27629dc81",
                "39ef1924fb6c01089ea46d915776aee60b36552251ddbe42a4c62fca9296ff09",
                "e51573388cfe56ebf65d7ded54f9a9778a527bb6390121e2a5baa67fb19a2878",
                "89207961da549b50adf223ec6b6d0ca4f49e2e7a4bfe4fdf10a564c42d3ae731",
                "74102dce3fb0715399961cac39026e249c43294b1b1167dc33b7a74c32f6bdf3"
            ],
            "type": "Script",
            "firstPartyCookies": {},
            "firstPartyCookiesSent": {},
            "exampleSites": [
                "bedavayoutubemp4indir.com",
                "doramasflixs.com",
                "filmycab.website",
                "futemax.gratis",
                "kwaipc.com",
                "m.egyshare.cc",
                "mahniyukle.az",
                "msecure.crictime.com",
                "thebypasser.com",
                "themoviesflix.us.com",
                "tubidy.mobi",
                "unionmangas.xyz",
                "wikibit.me",
                "www.linksgram.com",
                "www.programmer-books.com",
                "www.series21.com",
                "www.television-libre.com",
                "www.thiramala.icu",
                "www.yuptamilan.com"
            ]
        },
        {
            "rule": "upgulpinon\\.com\\/27\\/da08671c80620cb9ea8240cdc9466d29",
            "cookies": 0,
            "fingerprinting": 2,
            "subdomains": [],
            "apis": {
                "Navigator.prototype.userAgent": 18,
                "Screen.prototype.height": 17,
                "Navigator.prototype.webdriver": 16,
                "Navigator.prototype.mimeTypes": 16,
                "Screen.prototype.width": 18,
                "Screen.prototype.availHeight": 17,
                "window.localStorage": 18
            },
            "sites": 18,
            "prevalence": 0.000129,
            "cnames": [],
            "responseHashes": [
                "49a256979378d1c9105960a6149c8158bf19dfd03eacad7c9857df239babc936"
            ],
            "type": "Script",
            "firstPartyCookies": {},
            "firstPartyCookiesSent": {},
            "exampleSites": [
                "bedavayoutubemp4indir.com",
                "doramasflixs.com",
                "filmycab.website",
                "kwaipc.com",
                "m.egyshare.cc",
                "mahniyukle.az",
                "msecure.crictime.com",
                "thebypasser.com",
                "themoviesflix.us.com",
                "tubidy.mobi",
                "unionmangas.xyz",
                "wikibit.me",
                "www.linksgram.com",
                "www.programmer-books.com",
                "www.series21.com",
                "www.television-libre.com",
                "www.thiramala.icu",
                "www.yuptamilan.com"
            ]
        },
        {
            "rule": "upgulpinon\\.com\\/42\\/38",
            "cookies": 0.000129,
            "fingerprinting": 0,
            "subdomains": [],
            "apis": {},
            "sites": 18,
            "prevalence": 0.000129,
            "cnames": [],
            "responseHashes": [
                "e3b0c44298fc1c149afbf4c8996fb92427ae41e4649b934ca495991b7852b855"
            ],
            "type": "Script",
            "firstPartyCookies": {},
            "firstPartyCookiesSent": {},
            "exampleSites": [
                "bedavayoutubemp4indir.com",
                "doramasflixs.com",
                "filmycab.website",
                "kwaipc.com",
                "m.egyshare.cc",
                "mahniyukle.az",
                "msecure.crictime.com",
                "thebypasser.com",
                "themoviesflix.us.com",
                "tubidy.mobi",
                "unionmangas.xyz",
                "wikibit.me",
                "www.linksgram.com",
                "www.programmer-books.com",
                "www.series21.com",
                "www.television-libre.com",
                "www.thiramala.icu",
                "www.yuptamilan.com"
            ]
        },
        {
            "rule": "upgulpinon\\.com\\/9",
            "cookies": 0,
            "fingerprinting": 0,
            "subdomains": [],
            "apis": {},
            "sites": 18,
            "prevalence": 0.000129,
            "cnames": [],
            "responseHashes": [],
            "type": "Preflight",
            "firstPartyCookies": {},
            "firstPartyCookiesSent": {},
            "exampleSites": [
                "bedavayoutubemp4indir.com",
                "doramasflixs.com",
                "filmycab.website",
                "kwaipc.com",
                "m.egyshare.cc",
                "mahniyukle.az",
                "msecure.crictime.com",
                "thebypasser.com",
                "themoviesflix.us.com",
                "tubidy.mobi",
                "unionmangas.xyz",
                "wikibit.me",
                "www.linksgram.com",
                "www.programmer-books.com",
                "www.series21.com",
                "www.television-libre.com",
                "www.thiramala.icu",
                "www.yuptamilan.com"
            ]
        },
        {
            "rule": "upgulpinon\\.com\\/9",
            "cookies": 0.000129,
            "fingerprinting": 0,
            "subdomains": [],
            "apis": {},
            "sites": 18,
            "prevalence": 0.000129,
            "cnames": [],