{
    "domain": "uptolike.com",
    "owner": {},
    "source": [
        "DuckDuckGo-US"
    ],
    "prevalence": 0.000143,
    "sites": 20,
    "subdomains": [
        "w"
    ],
    "cnames": [],
    "fingerprinting": 2,
    "resources": [
        {
            "rule": "uptolike\\.com\\/widgets\\/v1\\/uptolike\\.js",
            "cookies": 0.0000858,
            "fingerprinting": 1,
            "subdomains": [
                "w"
            ],
            "apis": {
                "Date.prototype.getTime": 12,
                "window.sessionStorage": 12,
                "window.localStorage": 12,
                "Navigator.prototype.userAgent": 12
            },
            "sites": 13,
            "prevalence": 0.0000929,
            "cnames": [],
            "responseHashes": [
                "c23f13dc75521d634c0f19c8566969275e9e56cd3de9bb6652e38923d4ac99d2"
            ],
            "type": "Script",
            "firstPartyCookies": {},
            "firstPartyCookiesSent": {},
            "exampleSites": [
                "garant.ru",
                "citatnica.ru",
                "en.lyrsense.com",
                "ftimes.ru",
                "gruzdevv.ru",
                "newsland.com",
                "ru.solverbook.com",
                "stroychik.ru",
                "telegram-sliv.com",
                "telegramm-channels.com",
                "u-f.ru",
                "www.apriorit.com",
                "www.e-hentai.tube"
            ]
        },
        {
            "rule": "uptolike\\.com\\/widgets\\/v1\\/version\\.js",
            "cookies": 0.0000929,
            "fingerprinting": 0,
            "subdomains": [
                "w"
            ],
            "apis": {},
            "sites": 13,
            "prevalence": 0.0000929,
            "cnames": [],
            "responseHashes": [
                "8f048c8304c10a55f1f9f454dbe87d64f15793f6261d22cd86199c7d309282e4",
                "cf2e338058ea3da3bae3ae4872b353d8a0747e3c9459054c4d05118618d6771c",
                "dc0d3839cfd9f0e6e2bc53a379ae08c31d684a7a620ac59bafc4797a47f95d93",
                "63f8e3e258b0082ae89b0ccc471d0da8c0c004c7d0acb4b7e4928d4b7279033c",
                "7a7ac3f290d6acf534457a33a609e19463b5e866afddfdd9773a41d64f261250",
                "7ce4f8f1d1495d1641411cace03c6b1e8267bb4c14c520eafe8da7c1a368c9c0",
                "48e0787269cdec227770901aa2caad2918cda636582d78854a43fbf551843cf5",
                "e1a20f28d2563e9cc38fd5ece26d2133734d5ac16b6f741eb86aa51fdc05edc4",
                "647e52d20663d2bcb472e709ef60ea32f50130067c23db3f19eedb0bbeaf39bb",
                "541221eacd75db6f8d3bb62203937ca1fac7cccc5f1a03cbd6d1e0c8861766e3",
                "0be3105bf9c94985475b02fc486ab5a1aa3fd8f042d4a0a3ae3b508a5af8b1ab",
                "f8621f05a9d943687fd5c23d4df9b0f152099a8f69ec1f39a707b3b83cac1b96"
            ],
            "type": "Script",
            "firstPartyCookies": {},
            "firstPartyCookiesSent": {
                "_ym_d": 0.000007149904906264747
            },
            "exampleSites": [
                "garant.ru",
                "citatnica.ru",
                "ftimes.ru",
                "gruzdevv.ru",
                "newsland.com",
                "ru.solverbook.com",
                "stroychik.ru",
                "telegram-sliv.com",
                "telegramm-channels.com",
                "u-f.ru",
                "www.apriorit.com",
                "www.e-hentai.tube",
                "www.radiokot.ru"
            ]
        },
        {
            "rule": "uptolike\\.com\\/widgets\\/v1\\/widgetsModule\\.js",
            "cookies": 0,
            "fingerprinting": 1,
            "subdomains": [
                "w"
            ],
            "apis": {
                "Navigator.prototype.userAgent": 12,
                "window.localStorage": 12,
                "Date.prototype.getTime": 12,
                "window.sessionStorage": 12
            },
            "sites": 12,
            "prevalence": 0.0000858,
            "cnames": [],
            "responseHashes": [
                "624108d126aaea46f83bb807588d0fd9a1ad3ce8b237577f70cd5ee6232cbfb4"
            ],
            "type": "Script",
            "firstPartyCookies": {},
            "firstPartyCookiesSent": {},
            "exampleSites": [
                "garant.ru",
                "citatnica.ru",
                "ftimes.ru",
                "gruzdevv.ru",
                "newsland.com",
                "ru.solverbook.com",
                "stroychik.ru",
                "telegram-sliv.com",
                "telegramm-channels.com",
                "u-f.ru",
                "www.apriorit.com",
                "www.e-hentai.tube"
            ]
        },
        {
            "rule": "uptolike\\.com\\/widgets\\/v1\\/share-counter\\.html",
            "cookies": 0,
            "fingerprinting": 1,
            "subdomains": [
                "w"
            ],
            "apis": {
                "Date.prototype.getTime": 12
            },
            "sites": 12,
            "prevalence": 0.0000858,
            "cnames": [],
            "responseHashes": [
                "97ce3fd5f5eee27ebe4513c4731c528cd845b819e865c2c487e23e6926df3ba8"
            ],
            "type": "Document",
            "firstPartyCookies": {},
            "firstPartyCookiesSent": {},
            "exampleSites": [
                "garant.ru",
                "citatnica.ru",
                "ftimes.ru",
                "gruzdevv.ru",
                "newsland.com",
                "ru.solverbook.com",
                "stroychik.ru",
                "telegram-sliv.com",
                "telegramm-channels.com",
                "u-f.ru",
                "www.apriorit.com",
                "www.e-hentai.tube"
            ]
        },
        {
            "rule": "uptolike\\.com\\/widgets\\/v1\\/impression\\.html",
            "cookies": 0,
            "fingerprinting": 0,
            "subdomains": [
                "w"
            ],
            "apis": {},
            "sites": 13,
            "prevalence": 0.0000929,
            "cnames": [],
            "responseHashes": [
                "829aefc2561d1da1496d88af2e9fdcda7d002eb568e8b59a636aaf49de2751de"
            ],
            "type": "Document",
            "firstPartyCookies": {},
            "firstPartyCookiesSent": {},
            "exampleSites": [
                "garant.ru",
                "citatnica.ru",
                "ftimes.ru",
                "gruzdevv.ru",
                "newsland.com",
                "ru.solverbook.com",
                "stroychik.ru",
                "telegram-sliv.com",
                "telegramm-channels.com",
                "u-f.ru",
                "www.apriorit.com",
                "www.e-hentai.tube",
                "www.radiokot.ru"
            ]
        },
        {
            "rule": "uptolike\\.com\\/static\\/buttons\\/fonts\\/icomoon\\.woff",
            "cookies": 0,
            "fingerprinting": 0,
            "subdomains": [
                "w"
            ],
            "apis": {},
            "sites": 12,
            "prevalence": 0.0000858,
            "cnames": [],
            "responseHashes": [
                "b723a086aca2d405e5c17ce2793a33ff76b491873670ff7b4976278116f911cc"
            ],
            "type": "Font",
            "firstPartyCookies": {},
            "firstPartyCookiesSent": {},
            "exampleSites": [
                "garant.ru",
                "citatnica.ru",
                "ftimes.ru",
                "gruzdevv.ru",
                "newsland.com",
                "ru.solverbook.com",
                "stroychik.ru",
                "telegram-sliv.com",
                "telegramm-channels.com",
                "u-f.ru",
                "www.apriorit.com",
                "www.e-hentai.tube"
            ]
        },
        {
            "rule": "uptolike\\.com\\/widgets\\/v1\\/widgets-batch\\.js",
            "cookies": 0,