{
    "domain": "urlhausa.com",
    "owner": {},
    "source": [
        "DuckDuckGo-US"
    ],
    "prevalence": 0.0000692,
    "sites": 10,
    "subdomains": [
        "cdn"
    ],
    "cnames": [],
    "fingerprinting": 2,
    "resources": [
        {
            "rule": "urlhausa\\.com\\/sdk\\/push_web\\/",
            "cookies": 0.0000484,
            "fingerprinting": 2,
            "subdomains": [
                "cdn"
            ],
            "apis": {
                "Navigator.prototype.userAgent": 7,
                "Intl.DateTimeFormat.prototype.resolvedOptions": 7,
                "Date.prototype.getTimezoneOffset": 7,
                "Document.cookie getter": 7,
                "Date.prototype.getTime": 7,
                "Document.cookie setter": 7,
                "window.devicePixelRatio": 7,
                "Navigator.prototype.appName": 7
            },
            "sites": 7,
            "prevalence": 0.0000484,
            "cnames": [],
            "responseHashes": [
                "68efd96da73cab35c9a64cb15848d57981e9b20b56a7b3cd40a6e3f03670b323",
                "2c39d7076bb30409b3e307096a18dc2585ec53d75ddb1d51a272459d7b26aa92",
                "1c148868924d067bccc7040b95c0689327f7d51164e1acb0f6ca0d453dc91dee"
            ],
            "type": "Script",
            "firstPartyCookies": {
                "rvt_inlpush_cnt_6239": {
                    "ttl": 86402,
                    "length": 1,
                    "prevalence": 0.00004150755437489623,
                    "uniqueness": 0.16666666666666666
                },
                "rvt_inlpush_max_6239": {
                    "ttl": 86401,
                    "length": 3,
                    "prevalence": 0.00004150755437489623,
                    "uniqueness": 0.16666666666666666
                },
                "rvt_inlpush_shown_6239": {
                    "ttl": 86403,
                    "length": 1,
                    "prevalence": 0.00004150755437489623,
                    "uniqueness": 0.16666666666666666
                },
                "rvt_inlpush_cnt_6561": {
                    "ttl": 86402,
                    "length": 1,
                    "prevalence": 0.000006917925729149372,
                    "uniqueness": 1
                },
                "rvt_inlpush_max_6561": {
                    "ttl": 86401,
                    "length": 3,
                    "prevalence": 0.000006917925729149372,
                    "uniqueness": 1
                },
                "rvt_inlpush_shown_6561": {
                    "ttl": 86403,
                    "length": 1,
                    "prevalence": 0.000006917925729149372,
                    "uniqueness": 1
                }
            },
            "firstPartyCookiesSent": {},
            "exampleSites": [
                "bestiality.zone",
                "dogporn.net",
                "videosdex.net",
                "www.bestiality.zone",
                "www.hdindian.pro",
                "www.z00.world",
                "zoo.zone"
            ]
        }
    ],
    "categories": [],
    "performance": {},
    "cookies": 0.0000692,
    "types": {
        "Script": 7
    },
    "nameservers": [
        "ray.ns.cloudflare.com",
        "dell.ns.cloudflare.com"
    ]
}