{
    "domain": "urlhausa.com",
    "owner": {},
    "source": [
        "DuckDuckGo-US"
    ],
    "prevalence": 0.000186,
    "sites": 26,
    "subdomains": [
        "cdn"
    ],
    "cnames": [],
    "fingerprinting": 2,
    "resources": [
        {
            "rule": "urlhausa\\.com\\/sdk\\/push_web\\/",
            "cookies": 0.0001,
            "fingerprinting": 2,
            "subdomains": [
                "cdn"
            ],
            "apis": {
                "Navigator.prototype.userAgent": 15,
                "Intl.DateTimeFormat.prototype.resolvedOptions": 15,
                "Date.prototype.getTimezoneOffset": 15,
                "Document.cookie getter": 14,
                "Date.prototype.getTime": 15,
                "Document.cookie setter": 14,
                "window.devicePixelRatio": 14,
                "Navigator.prototype.appName": 15
            },
            "sites": 15,
            "prevalence": 0.000107,
            "cnames": [],
            "responseHashes": [
                "8329e71fcb7ce68a335ef8c27f27f8804250ce7ba2d7c182e1e4e63c5bcc36d2",
                "72809d038a3cd9846184f11dbd3c2c4b16908801bc9715e392a633d7f4320693",
                "444ff3a0eb6782d1e1002e6631df0d47fe826d298f20ed43e29804a4de929f84",
                "4cc99d82a6530dd372360b04be26bb345917e6b9b4b0fcf6b4148b6346a0c099",
                "e5b2fd0571494a21a73f6f9928e08b2ae70a5aa8dad5e41b20571ed37af35d78",
                "5aecb09738f0ed53535f84f8dfde5674a3efd948e530d424fa60b151e34502b8",
                "579a06ce1ba6a42c6ca83472ce9abfc0d7c327547d11d293ace9ca55e234cc62",
                "73b62b06ddc2086d510011636249137b6f1cd4ca68281ed7993dd141f44c3e0b"
            ],
            "type": "Script",
            "firstPartyCookies": {
                "rvt_inlpush_cnt_6239": {
                    "ttl": 86401,
                    "length": 1,
                    "prevalence": 0.00006434914415638272,
                    "uniqueness": 0.2222222222222222
                },
                "rvt_inlpush_max_6239": {
                    "ttl": 86401,
                    "length": 3,
                    "prevalence": 0.00006434914415638272,
                    "uniqueness": 0.1111111111111111
                },
                "rvt_inlpush_shown_6239": {
                    "ttl": 86403,
                    "length": 1,
                    "prevalence": 0.00005719923925011797,
                    "uniqueness": 0.125
                },
                "rvt_inlpush_cnt_6234": {
                    "ttl": 86401,
                    "length": 1,
                    "prevalence": 0.000007149904906264747,
                    "uniqueness": 1
                },
                "rvt_inlpush_max_6234": {
                    "ttl": 86401,
                    "length": 2,
                    "prevalence": 0.000007149904906264747,
                    "uniqueness": 1
                },
                "rvt_inlpush_shown_6234": {
                    "ttl": 86403,
                    "length": 1,
                    "prevalence": 0.000007149904906264747,
                    "uniqueness": 1
                },
                "rvt_inlpush_cnt_6347": {
                    "ttl": 86401,
                    "length": 1,
                    "prevalence": 0.000007149904906264747,
                    "uniqueness": 1
                },
                "rvt_inlpush_max_6347": {
                    "ttl": 86401,
                    "length": 3,
                    "prevalence": 0.000007149904906264747,
                    "uniqueness": 1
                },
                "rvt_inlpush_shown_6347": {
                    "ttl": 86403,
                    "length": 1,
                    "prevalence": 0.000007149904906264747,
                    "uniqueness": 1
                },
                "rvt_inlpush_cnt_6561": {
                    "ttl": 86412,
                    "length": 1,
                    "prevalence": 0.000007149904906264747,
                    "uniqueness": 1
                },
                "rvt_inlpush_max_6561": {
                    "ttl": 86411,
                    "length": 3,
                    "prevalence": 0.000007149904906264747,
                    "uniqueness": 1
                },
                "rvt_inlpush_shown_6561": {
                    "ttl": 86413,
                    "length": 1,
                    "prevalence": 0.000007149904906264747,
                    "uniqueness": 1
                },
                "rvt_inlpush_cnt_5327": {
                    "ttl": 86404,
                    "length": 1,
                    "prevalence": 0.000007149904906264747,
                    "uniqueness": 1
                },
                "rvt_inlpush_max_5327": {
                    "ttl": 86403,
                    "length": 3,
                    "prevalence": 0.000007149904906264747,
                    "uniqueness": 1
                },
                "rvt_inlpush_shown_5327": {
                    "ttl": 86405,
                    "length": 1,
                    "prevalence": 0.000007149904906264747,
                    "uniqueness": 1
                },
                "rvt_inlpush_cnt_6351": {
                    "ttl": 86421,
                    "length": 1,
                    "prevalence": 0.000007149904906264747,
                    "uniqueness": 1
                },
                "rvt_inlpush_max_6351": {
                    "ttl": 86421,
                    "length": 3,
                    "prevalence": 0.000007149904906264747,
                    "uniqueness": 1
                },
                "rvt_inlpush_shown_6351": {
                    "ttl": 86430,
                    "length": 1,
                    "prevalence": 0.000007149904906264747,
                    "uniqueness": 1
                }
            },
            "firstPartyCookiesSent": {},
            "exampleSites": [
                "bestiality.zone",
                "dogporn.net",
                "hib6.com",
                "theanimalporn.com",
                "videosdex.net",
                "www.18tube.xxx",
                "www.bestiality.zone",
                "www.hdindian.pro",
                "www.hdsex.xxx",
                "www.japanporn.tv",
                "www.sexhd.xxx",
                "www.videosdex.net",
                "www.zoophilia.club",
                "zoo.zone",
                "zooporn.stream"
            ]
        }
    ],
    "categories": [],
    "performance": {},
    "cookies": 0.000179,
    "types": {
        "Script": 15
    },
    "nameservers": [
        "ray.ns.cloudflare.com",
        "dell.ns.cloudflare.com"
    ]
}