{
    "domain": "ustratebilat.com",
    "owner": {},
    "source": [
        "DuckDuckGo-US"
    ],
    "prevalence": 0.00163,
    "sites": 228,
    "subdomains": [],
    "cnames": [],
    "fingerprinting": 0,
    "resources": [
        {
            "rule": "ustratebilat\\.com\\/utx",
            "cookies": 0.000901,
            "fingerprinting": 0,
            "subdomains": [],
            "apis": {},
            "sites": 126,
            "prevalence": 0.000901,
            "cnames": [],
            "responseHashes": [
                "e3b0c44298fc1c149afbf4c8996fb92427ae41e4649b934ca495991b7852b855"
            ],
            "type": "XHR",
            "firstPartyCookies": {},
            "firstPartyCookiesSent": {
                "lotame_domain_check": 0.000028599619625058987
            },
            "exampleSites": [
                "www.heavy-r.com",
                "xxxhd93.com",
                "m.see.xxx",
                "yesmovies.ag",
                "www.wabtube.net",
                "somxxx.com",
                "ofleaksdaily.com",
                "www.boafoda.com",
                "cuevana3.fan",
                "www.xozilla.com",
                "www.porndron.net",
                "muchohentai.com",
                "porn555.com",
                "see.xxx",
                "stinkyleaks.co",
                "www.shorturl.at",
                "tiohentai.com",
                "archivohot.com",
                "www.xrares.com",
                "www.porndig.com"
            ]
        },
        {
            "rule": "ustratebilat\\.com\\/floater",
            "cookies": 0.000357,
            "fingerprinting": 0,
            "subdomains": [],
            "apis": {},
            "sites": 50,
            "prevalence": 0.000357,
            "cnames": [],
            "responseHashes": [
                "90c5f3a513cdc8a454124bf4765a8040c43fbd9437d9e1fef8702b98d9b7ff7e",
                "4e6875b88d1444c4149fbd79b9aadb61298ff3027f1c3f604c98fa4a0747a49c",
                "26da880b6773fd8fff89fa6ababb118da1ac8cfcd7da8ba0af038057a873c965",
                "7afaac0cfbb1bf576fcd8a09f3e79e562f78cd0f181443f6ab0f4649e19c919f",
                "7b08c9d2b684df68c9baf2bbca72a0caade5d3ea2952e54723d1fc41881f3f7b",
                "8c91a4dc78b26d30dfb3bcb620c7c0c302edc40efc7539db6aee865498217b81",
                "4bb4d1c8537d05e059e163523cdff37e2d1ee396feea27e54f1174c0535b173b",
                "c4cdaeee264f1cfe7bd551023fcd096892937b137b407fd182c5d3ed954bf3bb",
                "749246a9adcd7b9c85b5dea2976c573ed4742243d9f6500e2b010d894a54defe",
                "dce3f86577083175f02bc6101fd44bf819ea368162904e229c70787935e90dc8",
                "d2845d006e2df02e6cff35e2d79d4217619247f40f9690f9a967855a61795a66",
                "8af542559d0b717f5ab9b61707eebcbe0bed3801fd63e0c7793c967df1c9c647",
                "cf637d698b34a13dc3a3b9fde6feebe495b4b206313e7dbd8a8892934562f5a3",
                "8e8eec63c880ee0b2d4f3e2b8594dffc9eb7aff0b7ba9dde50aeec05e62c7873",
                "c85851c5dd18513d48a5ba9e5bd8ae9c0aaea98f429f0e0d67ffb5367b651cfd",
                "d32fc96bb25df7d7c9df109a14331e7d4d77009d085c87c23bfcd2a1bc2e73f8",
                "993500a650980c5e3d53fa284bd42b8ae73ee0ebeeb4c802641a17802aa2b071",
                "7cadccb7ee7e4b288b2acc3a57175e86a8cf9bc16d3a6e6b64b2483cabaca089",
                "3c8fd2862adf94669df75c6ec4de1092304f4378da2b91eb48a5e803f0771e2c",
                "0ebbae2745f71cc83c3f05fe0c8203dd4b59376d23a53c1e8b22a2e2881e479a",
                "0309b3d4cc478f12cc5b069150796b0b40eafd5a00cf902f0327813bfac49f9c",
                "af658d1b87054223165d6d093ba7c079c69d4bebe9ad9d5eb50915972e899589",
                "aaaad86810921e6a49083bb927464aab37f233995adfa31ee90648468854d0c3",
                "bf0d2d0dce42c0cef6c00a4cf401c92611ed565cb724dd148234b91cfc343ac0",
                "8165f3be3f2ef90deefb7005c5c42df98beb139d690797bb02a87b43ec7cf5a2",
                "76d55f3a9fcbc05a438fea33ac119ec33f69fc9a04cdb96800066aead62359f6",
                "6a7505b3908611bdf49c933b3dfd66cf5f5760e96f52950c8dd49be8615d6450",
                "2d3c0a6be041a46b2fc6f35bf81eb79b3df8caf3e5964855d92a14a69e6818d5",
                "f3d0ab6a0092baf85a841367cec083f52095e32170fcd504643e74b7784c7cfa",
                "dbc8228c5ab5d755c0d2a71fe72472fe55b4d522532c4015f84390a66baaebad",
                "c6e886c93ca39e5a1bf82f2ba7ee83ee2af3ac0aa04a6098046e9adc84d7ef57",
                "a4092ccde7cee94638b7ea4fa5e2d4fea7f96abfb39a731df97e79bd50d2b4ef",
                "d3e416409cafccc699b116f9acb8e5234372159fecb8b246567bc14ffd977682",
                "79e469ce459ea10edb34da13ebf03089f8c8df7fe483c31eb6c93640469b60cf",
                "d6be799c7f83b89e65d5dcd982a0e292a03d946214d295afe8ee1f6724830ae0",
                "d22d82a2576a2c18eb8401cd0d6090fe3ec02bb346fe848ed470e051358b69d7",
                "647917cb0d41fd4e35e9232b2bb38253743449e58c3ea20a1ee183d5480aa740",
                "b0dcd557b259078854a6624aa4a208d1ffc36b3e63898dad2ef8fedc1a5c111c",
                "150f5760331922785dbebce4063ed0bf0014d736f8977bb458bbb6bfde1314a0",
                "e87b176c58f3d78ee247db6b62573291b424ea4e536966c649079e94b48b17d2",
                "1190af0e0e3c22457e8fa699a86fbe78327bc4a8f38fcb890606a512f78177ba",
                "a8e951288e6d8e13b8817684b138a58fdce2c3c363045b380e64c0f8558440fa",
                "e597a88a6b64435767d9b1febff6584ee2f58f6dbbd952318f402e655363d0b4",
                "6b12a76749d9db07af4ee0b94cd9ccac51f248b9e709a4b580d3a459a1dd265d",
                "8902bd6ac1b6094dbb4af00e5b9f55e393cb02f591f84d987415ba0070f5387f",
                "beda755dea5cc81325f2de66705704d5a9c59efdd7ff1a7a8f392da281baa5a6",
                "a7dfa9814d25374ca152cf15b9378f57a1769588a9ad864f79b951decf4e5f00",
                "74b647a97ab15fb6a0478208fb345676df8c34241aa4c01faa9d0ef5aeb38beb",
                "1f8e9478d1b02142f66d4e61bb62cf4c1fb6db07859df8fb80f1ecd53374c9bd"
            ],
            "type": "XHR",
            "firstPartyCookies": {},
            "firstPartyCookiesSent": {
                "__PPU___PPU_SESSION_URL": 0.000007149904906264747,
                "lotame_domain_check": 0.000007149904906264747
            },
            "exampleSites": [
                "www.pornacho.com",
                "animeporno.org",
                "xnxx1.id",
                "www.javhd.today",
                "xnxx.kactube.com",
                "bangyoulater.net",
                "fuckmovs.pro",
                "www.twuko.com",
                "sexalarab.com",
                "m.smutty.com",
                "av.nyuu.info",
                "www.xvideosplus.net",
                "rapepornvideo.net",
                "www.pornachi.com",
                "forced-porn.net",
                "www.allnporn.com",
                "desivdo.com",
                "xnxbang.com",
                "yify.love",
                "bokepxv.com"
            ]
        },
        {
            "rule": "ustratebilat\\.com\\/multi",
            "cookies": 0.0000214,
            "fingerprinting": 0,
            "subdomains": [],
            "apis": {},
            "sites": 3,
            "prevalence": 0.0000214,
            "cnames": [],
            "responseHashes": [
                "96c874f26d9d507b42008917e431e202a7f91cbc2df81a469be31cab0855e50a",
                "bf2df86446f99e32f75ecb75fb54c6cd1922fb9b07d36a7022bba5921583b3e9"
            ],
            "type": "XHR",
            "firstPartyCookies": {},
            "firstPartyCookiesSent": {},
            "exampleSites": [
                "twuko.com",
                "www.twuko.com",
                "www.xxxtamilsexvideos.com"
            ]
        }
    ],
    "categories": [],
    "performance": {},
    "cookies": 0.00162,
    "types": {
        "XHR": 179
    },
    "nameservers": [
        "demi.ns.cloudflare.com",
        "aiden.ns.cloudflare.com"
    ]
}