{
    "domain": "vak345.com",
    "owner": {},
    "source": [
        "DuckDuckGo-US"
    ],
    "prevalence": 0.000179,
    "sites": 25,
    "subdomains": [],
    "cnames": [],
    "fingerprinting": 1,
    "resources": [
        {
            "rule": "vak345\\.com\\/s\\.js",
            "cookies": 0,
            "fingerprinting": 1,
            "subdomains": [],
            "apis": {
                "Navigator.prototype.platform": 18,
                "Date.prototype.getTime": 18
            },
            "sites": 18,
            "prevalence": 0.000129,
            "cnames": [],
            "responseHashes": [
                "ed0af693bbe4eff02d9475e3a1b07305dca54af1fe68714afe35c2806fb396c1",
                "537e14cbcefa7c089d949ba55c9720f992683c901fcbe9e2bc56962ba3c4f62e",
                "cf4fdf23be6bf3faff683f505f5d84e1779f500464e8f36de5845cefaf02b638",
                "964bc7144e37b2faaa6e4a1fd69c73b48ae69dffc8fe76846570d8940c2c32fd",
                "993a0e6665c0a69c07fb7a64768d4f94a7d03b02aec56fc0b07a1a13f637ba08",
                "23de23766c3ceb4c4d86ca1b6729102991a1f067539cd449438e03258a8c22b7",
                "55babc87a02f9c6e89871341d7b18044e36f18a5766c5b068ab03cc1badd185c",
                "fdf0b55148d418907bd8d44f0e5c3bfc9e323ad8b4e6e706feee7015b6bd91b0",
                "1b71ecb6bbcd9be5ba8145c11216c745f6716d2383b4ceceb7fa3c611e0a16db",
                "f3c7a443ef4f14cb206194992c457fef41558b5a90dee3bb1f924076775eccae",
                "76cb8e9be755b42b3a3d01e28aa36e6a495871ac367b5934a9436ca484d4adff",
                "f98a995e30d872edf057b69f6e0a027613dec6b1be89a875a29b20fdf1ffc319",
                "5e87e199c0cd984341cd0343cc718697b2013a37b635852e5474ab9344f41843",
                "31195cd9949ffb33f211de846abe9f365a2c694d2b1dd7d52d125f4368919110",
                "1639400a7971c7ee778fe8d0600cb0198b0ef967dbd7431a72a4b76e5f5fb7e0",
                "88ed3d2b3ab9d7e6df5d68e313c881c564cbfb6460045c569f68427a6c930046",
                "5a71aa31ea0a74512c041a242bf219c9910d7966859907cc1ad735917899765e"
            ],
            "type": "Script",
            "firstPartyCookies": {},
            "firstPartyCookiesSent": {},
            "exampleSites": [
                "cyberpedia.su",
                "fast-torrent.club",
                "gtorrent.xyz",
                "jutsu.club",
                "kadikama.ru",
                "kinochasti.ru",
                "lordserial.ws",
                "m.lords4.seriahd.ru",
                "pozdravok.online",
                "ru4.kinoroom.link",
                "seriahd.tv",
                "testschool.ru",
                "tv.lordfilm.black",
                "vse-chasti-filmov.net",
                "www.allmmorpg.ru",
                "www.euroki.org",
                "www.inpearls.ru",
                "yummyanime.tv"
            ]
        },
        {
            "rule": "vak345\\.com\\/cs\\/202203040433\\.js",
            "cookies": 0.0000143,
            "fingerprinting": 0,
            "subdomains": [],
            "apis": {},
            "sites": 2,
            "prevalence": 0.0000143,
            "cnames": [],
            "responseHashes": [
                "e3b0c44298fc1c149afbf4c8996fb92427ae41e4649b934ca495991b7852b855"
            ],
            "type": "Script",
            "firstPartyCookies": {},
            "firstPartyCookiesSent": {},
            "exampleSites": [
                "inpearls.ru",
                "www.inpearls.ru"
            ]
        }
    ],
    "categories": [],
    "performance": {},
    "cookies": 0.000179,
    "types": {
        "Script": 20
    },
    "nameservers": [
        "cloe.ns.cloudflare.com",
        "george.ns.cloudflare.com"
    ]
}