{
    "domain": "vasstycom.com",
    "owner": {},
    "source": [
        "DuckDuckGo-US"
    ],
    "prevalence": 0.000263,
    "sites": 38,
    "subdomains": [
        "kts"
    ],
    "cnames": [],
    "fingerprinting": 0,
    "resources": [
        {
            "rule": "vasstycom\\.com\\/in\\/in_stream\\/",
            "cookies": 0.000125,
            "fingerprinting": 0,
            "subdomains": [
                "kts"
            ],
            "apis": {},
            "sites": 18,
            "prevalence": 0.000125,
            "cnames": [],
            "responseHashes": [
                "5d040eb011f24cda4ad7bb17bb64fbe25cd88497a7f54da2edefafd51453b182",
                "1da3a5460a64ad6053b22c50a4d028b11fcf31483c1887ef689b62602cdb47cd",
                "9ce55b50f6b8fe53001b69c04394c82f86e2e4fcfc27c7ebd90c10458ed044ba",
                "f7fd0fe19a968661e334ff7de4d996072ef52dc7abbdbee96be1c3ddce12f66b",
                "acd4c82e17730a85bd6b5b2a0945573dd48a81d19988b2bbc4b90c3654c9cfd0",
                "d557f1cee321c3eda86e5f89aab9f62aaa02d1b637fd95055ed98b57d1376cbe",
                "a0656679ce6867f13f59338042ef7e278fcdd879f4e0ae3259189f5c8986f663",
                "fa6e6a728047f55bf07fc33393f0695c486d6ff768fa106dfdae6c0ba77d784e",
                "99b76171ffbee096b37b0a2c9b374b644587fc28ae8830c07080ee127df48e97",
                "6dcf25d511b251187741e78bdb6de217ae42ec85ea8951ee5ab069e3ecb090b8",
                "63a12b1924ed02e0fa83f006fd7c31b1448a9146e2b63690ff0963f88a1de2cb",
                "057d8bcdab401c852de17fc6e48c6452f789647abfbe1fee2ceaceffaffd9856",
                "a881fd4b91f884789372f83b8c3ed9042bd834735d4ac589e49183940ede254e",
                "10ded3a175c8b224613993cf881cddf15bd1a4094fc3ad518573e229d7b0d4b0",
                "4ba69e4436a3159a66a1eb0808b3cf9df730ba84fe0853b16409cc3a8e66d3e6",
                "424971d8e9f254804a5e07f99fa185a2a468e70421752438dd3bd44ef037531e"
            ],
            "type": "Fetch",
            "firstPartyCookies": {},
            "firstPartyCookiesSent": {},
            "exampleSites": [
                "blazblue.top",
                "bokepdino343.blogspot.com",
                "goforporn.com",
                "hubporn.tv",
                "javplayer.org",
                "javrip.net",
                "madou.club",
                "matureclub.com",
                "nakedolderwomen.net",
                "oxlist.fun",
                "pissrip.net",
                "sexvibe.me",
                "streamporn.pw",
                "teens.ooo",
                "www.indianporngirl.com",
                "x-xx.pro",
                "xnxx-xxx.pro",
                "xtapes.me"
            ]
        },
        {
            "rule": "vasstycom\\.com\\/in\\/vtcevents\\/",
            "cookies": 0.0000761,
            "fingerprinting": 0,
            "subdomains": [
                "kts"
            ],
            "apis": {},
            "sites": 11,
            "prevalence": 0.0000761,
            "cnames": [],
            "responseHashes": [
                "e3b0c44298fc1c149afbf4c8996fb92427ae41e4649b934ca495991b7852b855"
            ],
            "type": "Image",
            "firstPartyCookies": {},
            "firstPartyCookiesSent": {},
            "exampleSites": [
                "javrip.net",
                "m.porn555.com",
                "matureclub.com",
                "onlyfansde.blogspot.com",
                "porn555.com",
                "pornktube.video",
                "porno-asia.tv",
                "thicc.com",
                "thotpacks.com",
                "thots.network",
                "www.indianporngirl.com"
            ]
        },
        {
            "rule": "vasstycom\\.com\\/in\\/in_stream\\/",
            "cookies": 0.0000553,
            "fingerprinting": 0,
            "subdomains": [
                "kts"
            ],
            "apis": {},
            "sites": 8,
            "prevalence": 0.0000553,
            "cnames": [],
            "responseHashes": [
                "0f37b8ad9cb123390397a40c66274c3b36c435550126efef83623725a632616c",
                "fd0e2c7029a3b7f62f2a0f7a4722505db9202c9cbc9481b7232d461ca663b6c9",
                "10133ac05e313ffd808a04f480ebe97038c06e271e6be1a0b3f4d335238ebdcf",
                "b5e12e2188975fd0e36abe11ebb83fe900d2eaf0d0f7b388d3432c03d056388e",
                "314c8eb148cd8d53fc85cf0e43ac180316424bd2b67bfc64fe53956863366129",
                "f6b1ef2eeb7fc97d7c679e4744bc90b2395d99134b9039413c2818347d8f19b0",
                "5e90b03bfd4474da764da54b58a7e8b4e8e0344851bc65f87696b6b3af0d3b82"
            ],
            "type": "XHR",
            "firstPartyCookies": {},
            "firstPartyCookiesSent": {},
            "exampleSites": [
                "porn555.com",
                "onlyfansde.blogspot.com",
                "pornktube.video",
                "porno-asia.tv",
                "see.xxx",
                "thicc.com",
                "thotpacks.com",
                "thots.network"
            ]
        },
        {
            "rule": "vasstycom\\.com\\/in\\/kevents\\/",
            "cookies": 0.0000208,
            "fingerprinting": 0,
            "subdomains": [
                "kts"
            ],
            "apis": {},
            "sites": 3,
            "prevalence": 0.0000208,
            "cnames": [],
            "responseHashes": [
                "e3b0c44298fc1c149afbf4c8996fb92427ae41e4649b934ca495991b7852b855"
            ],
            "type": "Image",
            "firstPartyCookies": {},
            "firstPartyCookiesSent": {},
            "exampleSites": [
                "madou.club",
                "oxlist.fun",
                "sexvibe.me"
            ]
        }
    ],
    "categories": [],
    "performance": {},
    "cookies": 0.000263,
    "types": {
        "Fetch": 18,
        "Image": 14,
        "XHR": 8
    },
    "nameservers": [
        "gabe.ns.cloudflare.com",
        "kay.ns.cloudflare.com"
    ]
}