{
    "domain": "viacomcbs.digital",
    "owner": {},
    "source": [
        "DuckDuckGo-US"
    ],
    "prevalence": 0.000166,
    "sites": 24,
    "subdomains": [
        "fms"
    ],
    "cnames": [],
    "fingerprinting": 0,
    "resources": [
        {
            "rule": "viacomcbs\\.digital\\/lookup",
            "cookies": 0,
            "fingerprinting": 0,
            "subdomains": [
                "fms"
            ],
            "apis": {},
            "sites": 21,
            "prevalence": 0.000145,
            "cnames": [],
            "responseHashes": [
                "124806d197a96457b920c971d2a58ed13fc30bf9be118a78876ec0e88a85424e",
                "f0a88b0dda15e191652793bb4404ab9f9d3a18df0ae6d1f4d41a055fec8eccee",
                "ae14cbacf73cdd7eb42edee7d69058e28ed1dcb8ae5c687f592758d483742646",
                "7474316c904ed6109015d27d546d891a1e0ecb71539665af8986770529275065",
                "ad5d835939ace7e35c332b044f20883b158ee1ee36a98ebd14cd87696dc72ab1",
                "2b03322c0bb7ea9f03fbf0990e487c2f730eedbb5a22c4da54acf5a708c5e1a4",
                "30d6b87887b54df0374c4582ada739083c1bc4b4f64c7695351ee8a56aac0672",
                "1951996e7f415c7eaf1513e04db62dba910b4161ddc4e5a53dfc371cae011724",
                "11d6b813e70ff35d3f83e80f31350446828f7c71d46ab797c165931ab8f57e38",
                "ed88d5f5a4c85b37c4dbbe372d14da05a345dc527d9dc55b62e00370f87fccba",
                "777064678d405bd1448cda18dbe7c6e18e5f9a13989a2b658024b3f55434c849",
                "8a05ac8ba03c83e73e6d074be18a066f2e43b0958f1e28cdb78eff04292a58e8",
                "061145f203dcdb75b69cad52fe0482ab65f7311dbfd08bda03036a2a5af53710",
                "808d3f3feed4f5a9d79df9be171aa2002d625788004d18d136418af6b53f8124",
                "3ac70cfe44e3fb1b7f951a00f1f21d4c992a28eb3986d4ca8d9cc53959e1451a"
            ],
            "type": "Fetch",
            "firstPartyCookies": {},
            "firstPartyCookiesSent": {},
            "exampleSites": [
                "www.cbsnews.com",
                "minnesota.cbslocal.com",
                "sacramento.cbslocal.com",
                "pittsburgh.cbslocal.com",
                "www.maxpreps.com",
                "dfw.cbslocal.com",
                "cbslocal.com",
                "www.startrek.com",
                "sanfrancisco.cbslocal.com",
                "www.thedoctorstv.com",
                "boston.cbslocal.com",
                "newyork.cbslocal.com",
                "www.rachaelrayshow.com",
                "denver.cbslocal.com",
                "chicago.cbslocal.com",
                "losangeles.cbslocal.com",
                "www.imperva.com",
                "www.usalovelist.com",
                "gooddaysacramento.cbslocal.com",
                "philadelphia.cbslocal.com"
            ]
        }
    ],
    "categories": [],
    "performance": {},
    "cookies": 0,
    "types": {
        "Fetch": 21
    },
    "nameservers": [
        "dns1.p09.nsone.net",
        "dns2.p09.nsone.net",
        "dns3.p09.nsone.net",
        "dns4.p09.nsone.net",
        "ns0004.secondary.cloudflare.com",
        "ns0243.secondary.cloudflare.com"
    ]
}