{
    "domain": "viacomcbs.digital",
    "owner": {},
    "source": [
        "DuckDuckGo-US"
    ],
    "prevalence": 0.000122,
    "sites": 17,
    "subdomains": [
        "fms"
    ],
    "cnames": [],
    "fingerprinting": 0,
    "resources": [
        {
            "rule": "viacomcbs\\.digital\\/lookup",
            "cookies": 0,
            "fingerprinting": 0,
            "subdomains": [
                "fms"
            ],
            "apis": {},
            "sites": 12,
            "prevalence": 0.0000858,
            "cnames": [],
            "responseHashes": [
                "5f25dc2dbc63e897e0fc2b30d326dff1f6a74680226c4b557fa7dc1bed19efd8",
                "9beb28080d0d0407d40a2b8eb1ff4839c795ceae3344747b27181c62b7fd8cb2",
                "84cafa24fb809f2602846e468a220cadb6250aa42ff9c706b539a5e9d80191cb",
                "58e46427d4719e37069f0797882cec0a31f75ed7edf5252caa3bb2010e965b3a",
                "e791edf5456679c4505a17f0b0c3aa3f6aa760c628848a35807c689f84e4f365",
                "c9c051ad764a3b531edb150f44656c74d71c907936a821c2fbe120a1e5394840",
                "a160b1e5b3ef96ff4024130f596f9b665dd604f5b347ca2f9fa330ffc5b147ce",
                "c2955797bd5ccb3da850e6a2d209de7acfd48249d38f654e10d06777da3c599c",
                "44901518dc8ec7651cc9c73d3992c60f1e9ae067d943495e9a6042f3c3bac492"
            ],
            "type": "Fetch",
            "firstPartyCookies": {},
            "firstPartyCookiesSent": {},
            "exampleSites": [
                "247sports.com",
                "baltimore.cbslocal.com",
                "boston.cbslocal.com",
                "dfw.cbslocal.com",
                "miami.cbslocal.com",
                "newyork.cbslocal.com",
                "www.cbsnews.com",
                "www.drphil.com",
                "www.etonline.com",
                "www.insideedition.com",
                "www.last.fm",
                "www.maxpreps.com"
            ]
        }
    ],
    "categories": [],
    "performance": {},
    "cookies": 0,
    "types": {
        "Fetch": 12
    },
    "nameservers": [
        "dns1.p09.nsone.net",
        "dns2.p09.nsone.net",
        "dns3.p09.nsone.net",
        "dns4.p09.nsone.net",
        "ns0004.secondary.cloudflare.com",
        "ns0243.secondary.cloudflare.com"
    ]
}