{
    "domain": "videonow.ru",
    "owner": {},
    "source": [
        "DuckDuckGo-US"
    ],
    "prevalence": 0.000231,
    "sites": 34,
    "subdomains": [
        "data",
        "init",
        "stats2",
        "cdn",
        "stat",
        "error",
        "static",
        "sync",
        "adx"
    ],
    "cnames": [],
    "fingerprinting": 2,
    "resources": [
        {
            "rule": "videonow\\.ru\\/",
            "cookies": 0.0000749,
            "fingerprinting": 0,
            "subdomains": [
                "data",
                "init"
            ],
            "apis": {},
            "sites": 21,
            "prevalence": 0.000143,
            "cnames": [],
            "responseHashes": [
                "907aa3ade523990b45426c286f82c1ec11180fe90513d2775009df41ee9818ff",
                "5dc0c0574092b33665a3461285cce7a9a8db32ca151589c4155fba235e508656",
                "f6ce903d307780fe915f119b00b379f2270a3ea67327f02b69a69a60dc31d969",
                "e9f1b9ba8c4f502cf5338fe4957d7fa82acdbe6832057b92946f048ebe69de27",
                "661d15eac075b4a58888e5061f347daf7017a46204248c2a705569916cecc4b7",
                "7b782724b72e6e94c88ae2f621bd8d256a4eb3c63892d0bee75f25d6d85b340e",
                "24658035d0f861745aba1aa34a9265d5c66a1e15e34cea8fade8facbbaf4ce57",
                "ad5b80e8e9d93c6303368dbf9600074a1ca84ae2e839e405d38d5aa53a8701ca"
            ],
            "type": "XHR",
            "firstPartyCookies": {},
            "firstPartyCookiesSent": {},
            "exampleSites": [
                "fb.ru",
                "161.ru",
                "www.elle.ru",
                "www.woman.ru",
                "www.iguides.ru",
                "m.iguides.ru",
                "www.nn.ru",
                "www.liveinternet.ru",
                "www.9111.ru",
                "www.wday.ru",
                "ngs.ru",
                "www.maximonline.ru",
                "www.starhit.ru",
                "72.ru",
                "lisa.ru",
                "www.syl.ru",
                "www.eg.ru",
                "vm.ru",
                "www.gastronom.ru",
                "regnum.ru"
            ]
        },
        {
            "rule": "videonow\\.ru\\/stats",
            "cookies": 0,
            "fingerprinting": 0,
            "subdomains": [
                "stats2"
            ],
            "apis": {},
            "sites": 17,
            "prevalence": 0.000116,
            "cnames": [],
            "responseHashes": [
                "cbd100d7cdab80ff21d2b11415e4d289beb2560bf07960915286afbeb5460c12"
            ],
            "type": "Image",
            "firstPartyCookies": {},
            "firstPartyCookiesSent": {},
            "exampleSites": [
                "161.ru",
                "72.ru",
                "fb.ru",
                "lisa.ru",
                "m.iguides.ru",
                "ngs.ru",
                "regnum.ru",
                "vm.ru",
                "www.9111.ru",
                "www.eg.ru",
                "www.elle.ru",
                "www.gastronom.ru",
                "www.liveinternet.ru",
                "www.maximonline.ru",
                "www.syl.ru",
                "www.wday.ru",
                "www.woman.ru"
            ]
        },
        {
            "rule": "videonow\\.ru\\/v2\\/2ba91a74\\/vn_providers_vpaid\\.js",
            "cookies": 0,
            "fingerprinting": 2,
            "subdomains": [
                "cdn"
            ],
            "apis": {
                "window.localStorage": 17,
                "window.sessionStorage": 17,
                "Date.prototype.getTimezoneOffset": 17,
                "Navigator.prototype.userAgent": 17,
                "Navigator.prototype.vendor": 17,
                "Navigator.prototype.plugins": 17,
                "Navigator.prototype.appVersion": 17,
                "window.devicePixelRatio": 17,
                "Navigator.prototype.language": 12
            },
            "sites": 17,
            "prevalence": 0.000116,
            "cnames": [],
            "responseHashes": [
                "ca655df9c201acdc425ca0f14f2338be72db996d330e6c8a03fe560acf7f2dd3"
            ],
            "type": "Script",
            "firstPartyCookies": {},
            "firstPartyCookiesSent": {},
            "exampleSites": [
                "161.ru",
                "72.ru",
                "fb.ru",
                "lisa.ru",
                "m.iguides.ru",
                "ngs.ru",
                "regnum.ru",
                "vm.ru",
                "www.9111.ru",
                "www.eg.ru",
                "www.elle.ru",
                "www.gastronom.ru",
                "www.liveinternet.ru",
                "www.maximonline.ru",
                "www.syl.ru",
                "www.wday.ru",
                "www.woman.ru"
            ]
        },
        {
            "rule": "videonow\\.ru\\/",
            "cookies": 0,
            "fingerprinting": 0,
            "subdomains": [
                "stat",
                "error"
            ],
            "apis": {},
            "sites": 3,
            "prevalence": 0.0000204,
            "cnames": [],
            "responseHashes": [
                "cbd100d7cdab80ff21d2b11415e4d289beb2560bf07960915286afbeb5460c12"
            ],
            "type": "Image",
            "firstPartyCookies": {},
            "firstPartyCookiesSent": {
                "_ym_d": 0.000006806378938341013
            },
            "exampleSites": [
                "161.ru",
                "fb.ru",
                "filmz.ru"
            ]
        },
        {
            "rule": "videonow\\.ru\\/vn_init\\.js",
            "cookies": 0,
            "fingerprinting": 2,
            "subdomains": [
                "static"
            ],
            "apis": {
                "window.localStorage": 11,
                "window.sessionStorage": 11,
                "Date.prototype.getTimezoneOffset": 10,
                "Navigator.prototype.userAgent": 11,
                "Navigator.prototype.vendor": 11,
                "Navigator.prototype.plugins": 11,
                "Navigator.prototype.appVersion": 11,
                "window.devicePixelRatio": 11
            },
            "sites": 12,
            "prevalence": 0.0000817,
            "cnames": [],
            "responseHashes": [
                "6210e570246ae14de42615f11965ce6e73f14d61176d5ce6e44c1a7dc28b7c60"
            ],
            "type": "Script",
            "firstPartyCookies": {},
            "firstPartyCookiesSent": {},
            "exampleSites": [
                "fb.ru",
                "filmz.ru",
                "lisa.ru",
                "m.iguides.ru",
                "regnum.ru",
                "vm.ru",
                "www.9111.ru",
                "www.gastronom.ru",
                "www.iguides.ru",
                "www.igromania.ru",
                "www.liveinternet.ru",
                "www.syl.ru"
            ]
        },
        {
            "rule": "videonow\\.ru\\/v2\\/2ba91a74\\/vn_module\\.js",
            "cookies": 0,
            "fingerprinting": 2,
            "subdomains": [
                "cdn"
            ],
            "apis": {
                "window.localStorage": 11,
                "window.sessionStorage": 11,
                "Navigator.prototype.userAgent": 11,
                "Navigator.prototype.vendor": 11,
                "Navigator.prototype.plugins": 11,
                "Navigator.prototype.appVersion": 11,
                "window.devicePixelRatio": 11,
                "window.innerHeight": 11,
                "window.innerWidth": 8,
                "Navigator.prototype.language": 8
            },
            "sites": 12,
            "prevalence": 0.0000817,
            "cnames": [],
            "responseHashes": [
                "18a169b8304d2cdf29f4f23d6d548513de8e2e25ed54335e187833757eef9cb1"
            ],
            "type": "Script",
            "firstPartyCookies": {},