{
    "domain": "visitstats.com",
    "owner": {},
    "source": [
        "DuckDuckGo-US"
    ],
    "prevalence": 0.00015,
    "sites": 22,
    "subdomains": [
        "kts"
    ],
    "cnames": [],
    "fingerprinting": 0,
    "resources": [
        {
            "rule": "visitstats\\.com\\/in\\/696\\/",
            "cookies": 0,
            "fingerprinting": 0,
            "subdomains": [
                "kts"
            ],
            "apis": {},
            "sites": 3,
            "prevalence": 0.0000204,
            "cnames": [],
            "responseHashes": [
                "bd22e01b366ee83e3842a14f82f66ad8d8a5927668908d52446c66335ac7a54e",
                "19debd68c2e3b16611c4bc8a3f824308a2e253b70396746717683e77dc3795f5"
            ],
            "type": "XHR",
            "firstPartyCookies": {},
            "firstPartyCookiesSent": {
                "source": 0.000013612757876682026,
                "_ym_d": 0.000006806378938341013
            },
            "exampleSites": [
                "fuckindian.asia",
                "indiamobiletube.com",
                "younggirlporn.net"
            ]
        },
        {
            "rule": "visitstats\\.com\\/in\\/694\\/",
            "cookies": 0,
            "fingerprinting": 0,
            "subdomains": [
                "kts"
            ],
            "apis": {},
            "sites": 8,
            "prevalence": 0.0000545,
            "cnames": [],
            "responseHashes": [
                "fb03a47c937b79a7fd9925fe2cb64164fe6a0409242dc80bad94841598f182f4",
                "bad2d787062489cd13b57ba09fe065d0e39c7a02c3ed1195017129f82e3abc1d",
                "bd863d8b137218866a92ef4e104d53f55fc5b76fea15dadd33d22ce300871a86",
                "e022eb1b842827f169c9bf08e827d0e5bda6952a729301819181022e3368dfc3",
                "1b78b366e9c030d0f0b9c90a2cf4c1372cec30b0bff3374616005cc5b6267c44",
                "213e3ab7a59ed7900b39db5dbc768a65725521dd11f4e7ff07a1d66e780702d7",
                "b8d487acf6a5cb9fcb16d4baba48d98eeec27e852127d9afc20774a35c14100f"
            ],
            "type": "XHR",
            "firstPartyCookies": {},
            "firstPartyCookiesSent": {
                "_ym_d": 0.000013612757876682026,
                "source": 0.000013612757876682026
            },
            "exampleSites": [
                "japanesehdporn.com",
                "tporn.xxx",
                "www.dozrel.com",
                "www.indiapornfilm.com",
                "www.milfpornvideo.com",
                "www.tubexmotors.com",
                "www.yoindiansex.com",
                "zxctube.com"
            ]
        },
        {
            "rule": "visitstats\\.com\\/in\\/698\\/",
            "cookies": 0,
            "fingerprinting": 0,
            "subdomains": [
                "kts"
            ],
            "apis": {},
            "sites": 3,
            "prevalence": 0.0000204,
            "cnames": [],
            "responseHashes": [
                "8591412ca9bab8486461978f4bcffd734a0202a8a2e87e2f8d34adff09d617e0",
                "448540a4d4c12c5cedd6ffd79a3b76b0fcec7eecec61c7288aa5bb9b899ff8c6"
            ],
            "type": "XHR",
            "firstPartyCookies": {},
            "firstPartyCookiesSent": {
                "source": 0.000013612757876682026
            },
            "exampleSites": [
                "homemadeporntubes.com",
                "www.vkulak.com",
                "www.zxctube.com"
            ]
        }
    ],
    "categories": [],
    "performance": {},
    "cookies": 0,
    "types": {
        "XHR": 14
    },
    "nameservers": [
        "gabe.ns.cloudflare.com",
        "kay.ns.cloudflare.com"
    ]
}