{
    "domain": "visitnet.ru",
    "owner": {},
    "source": [
        "DuckDuckGo-US"
    ],
    "prevalence": 0.0000749,
    "sites": 11,
    "subdomains": [],
    "cnames": [],
    "fingerprinting": 1,
    "resources": [
        {
            "rule": "visitnet\\.ru\\/ver3\\/",
            "cookies": 0.0000545,
            "fingerprinting": 1,
            "subdomains": [],
            "apis": {
                "window.outerWidth": 8,
                "window.innerWidth": 8,
                "window.outerHeight": 8,
                "window.innerHeight": 8
            },
            "sites": 9,
            "prevalence": 0.0000613,
            "cnames": [],
            "responseHashes": [
                "22cfca53ef11baec905e4c3367a25d73a657130ca1ba0b10406355860faeff19",
                "2d8d512de1e9efebe84388721468c843f90b8306a8a3e2df7568ac2d1a84d4da",
                "f86ef3d770900639e5a0bcc326f98fcb0b47d527d32218aca0715aab504c4c35",
                "15e8b39c7ec6cb2f709cf353a195d1905fb6c90ddefe256aa2cde0facd8029a1",
                "d8a9eb5cf2cbb5f800f81505ea2555c10fa7978f4755ece2588f3e529dd3819f",
                "f3a86790b71691548ae9340a25c624a41ca74866e77b8a870f20c440106f295d",
                "d2ef76773530756d05b0955e2c113b4a0246c4974fcdf5f7dacf6d5ab483aa99"
            ],
            "type": "Script",
            "firstPartyCookies": {},
            "firstPartyCookiesSent": {},
            "exampleSites": [
                "cont.ws",
                "gazeta.ua",
                "m.hotmovies.cc",
                "pornclub.jofo.me",
                "qna.center",
                "sampleshome.com",
                "sextext.jofo.me",
                "uniondht.org",
                "www.gran-canaria-info.com"
            ]
        }
    ],
    "categories": [],
    "performance": {},
    "cookies": 0.0000613,
    "types": {
        "Script": 9
    },
    "nameservers": [
        "ns1.r01.ru",
        "ns2.r01.ru"
    ]
}