{
    "domain": "vk.ru",
    "owner": {},
    "source": [
        "DuckDuckGo-US"
    ],
    "prevalence": 0.000245,
    "sites": 18,
    "subdomains": [],
    "cnames": [],
    "fingerprinting": 0,
    "resources": [
        {
            "rule": "vk\\.ru\\/js\\/lang-pack\\.js",
            "cookies": 0.00015,
            "fingerprinting": 0,
            "subdomains": [],
            "apis": {},
            "sites": 11,
            "prevalence": 0.00015,
            "cnames": [],
            "responseHashes": [
                "d94e939998b3822e292f9fac6edb9afac7b30c14b78e3579457abc3a3ace61b8",
                "47fd4431036d586fcd540acb818b116182f1f07e0cd4ff77c5ae08d4546c9f5d",
                "5b800084172af51f407c06b1945e887710d0601204e7108c1613930de0eb4dfe",
                "6ce1fac64d136eee3766ea0d1816dc493add31bdd9f8fb1aee408779d95401fb",
                "eff3b59c77112a2c1ed4e1c7695614cb8d282289531b2e8f0129b548563fe3de",
                "3642714f8371a1736507b754ce9e91fb22b4d1b679a949c2ca96ef145771e2a1",
                "70daf2857f177bfa4bbcca3a06aadb8f432debf037fe51e94c0cbb73507e54b6",
                "208e282bf6d2f6243f937546c35acfc0f46d875185f5f6b3491ce6c09d8e1b74",
                "4eae1febd33d7ad51a0579964416bfb7096916c8c4268446bf585bf5a74d6943",
                "e7c6cb427290aabfce6fd84cb15e439ce061f9935cd44e7ee5331134d64e1079"
            ],
            "type": "Fetch",
            "firstPartyCookies": {},
            "firstPartyCookiesSent": {},
            "exampleSites": [
                "100ballnik.com",
                "5terka.com",
                "5urokov.ru",
                "akkordam.ru",
                "angl-gdz.ru",
                "ggstandoff.gg",
                "rifme.net",
                "sbp.nspk.ru",
                "sinonim.org",
                "uchebniki-rabochie-tetradi.com",
                "www.sberometer.ru"
            ]
        },
        {
            "rule": "vk\\.ru\\/domain\\.txt",
            "cookies": 0,
            "fingerprinting": 0,
            "subdomains": [],
            "apis": {},
            "sites": 7,
            "prevalence": 0.0000953,
            "cnames": [],
            "responseHashes": [
                "877ca9b8dd0b5eebe0dd82437c136d98ff863d5710a77dbad227895c35e851ce"
            ],
            "type": "Fetch",
            "firstPartyCookies": {},
            "firstPartyCookiesSent": {},
            "exampleSites": [
                "mail.ru",
                "e.mail.ru",
                "id.mail.ru",
                "love.mail.ru",
                "m.love.mail.ru",
                "touch.mail.ru",
                "www.love.mail.ru"
            ]
        }
    ],
    "categories": [],
    "performance": {},
    "cookies": 0.00015,
    "topInitiators": [
        {
            "domain": "vk.com",
            "prevalence": 0.6111111111111112
        },
        {
            "domain": "imgsmail.ru",
            "prevalence": 0.2222222222222222
        },
        {
            "domain": "wmbcdn.com",
            "prevalence": 0.16666666666666666
        }
    ],
    "types": {
        "Fetch": 18
    },
    "nameservers": [
        "ns2.vkontakte.ru",
        "ns3.vkontakte.ru",
        "ns1.vkontakte.ru",
        "ns4.vkontakte.ru"
    ]
}