{
    "domain": "voxus.tv",
    "owner": {},
    "source": [
        "DuckDuckGo-US"
    ],
    "prevalence": 0.000994,
    "sites": 73,
    "subdomains": [
        "targeting",
        "api"
    ],
    "cnames": [],
    "fingerprinting": 3,
    "resources": [
        {
            "rule": "voxus\\.tv\\/a\\/index_nckv4\\.html",
            "cookies": 0,
            "fingerprinting": 0,
            "subdomains": [
                "targeting"
            ],
            "apis": {},
            "sites": 64,
            "prevalence": 0.000871,
            "cnames": [],
            "responseHashes": [
                "5b0dbb0f6197027050cac84de7922fa51590a9b9cddfe73ec0788e40a07d75e5",
                "87a7e73ad51fd5248982465b74af48ac265cbae890b21f2c586fda62d6101f38",
                "8440fe93ce354ef589f8f417920351e638ea6703aa4f4455bd3ba89d91998945",
                "f80d57f0db61c68ce2629333dc7aa0428dfd68fc525e09812e6a41ba62dd5f21",
                "b9a1b01a277d7c28e54921725b8da560179c11a49673e134f87d33a86cfa492c",
                "d667296ca4381620ba9db0cfe1d24628b135fd8d5dad1a1a86c50c739d4e5f2d",
                "8856cf6d2dadee4844a9a64f54c7d3bef7f8529976b695f28613612f8132a500",
                "4141daefd33e7a8a96292fa1df17b6d2bd8230f90929bedd710ca8219b5dfaee",
                "ac70717f5b80eaf0c53c518a9fcfad0e314cc2618daad6168140894644425c3a",
                "56c149b26d5d1c559368bd3755d27a8ff0a6cfefb4c9a17c87c69d719f30d76c",
                "c15d1ae96e8192123ef48707deaac57b2a3a797734093651078f106fa24d44ae",
                "5a6086e29865e52a70a75dd9ec2f89cad4c2c3ba2310c30ac0b6376e4a5c8b2d",
                "251e4be2a295a14d86f6d446538e1ff068e9161dbbcffbf29eb3a54f6132b37b",
                "23d40ea6306ef9a697ba65ada8bd2cdb4e36b8bfd0bf9342259a4ad1f6f50843",
                "c3d4d347336add09e44d06e80ccdf909635d2619a9f8b17c4746a06f4d25837c",
                "1828a0966a5881d84a84ea34498c708dd8b9cbb7f1e99f5367dd898502b8d5df",
                "1688a855233f78fc6481be46a52c777ab3a388aa5961e2939c6b74f6e2a78aed",
                "24652dcaa77cfcce75c36f1eeb1c10a6e83bbfb2d411b1b96bb0f7236ae54048",
                "92c5786747e286f9c335351fb6c1a8c0589c3b5e1143dedc9b1175cb6e920f8a",
                "4697dd0735c84337534c107ee7de66dfa8a521b3e906b6014effa3f29b37ace5",
                "e48e25d5aa715dcbaf9e4c8411a30f18de12d3dad0b42dafbdc6cf5a27408d84",
                "48f6f3b99425ea363b019186865f220d29531cdb5468ca3c47ae4b179a08a952",
                "92ad8038f87c0468eaa48107f1e713bdbd2c445d0f8b329a9670abb6cf7dff21",
                "b3969671ff3f68a4daef96da059c691066dc2f1a9ade0246134a0d16a7efb9db",
                "fb7524c9470d741fbdf47fa97662d0065081cb20168327f1dcdd941872efe04e",
                "c036e919dca8374e31a9f8c81ed23e2493583e5231f4d4f6d0fe04d9c62659e7",
                "dd64fede35757e194f85e27e6420359d0b8de4d5668cb1ac72176039b8bdd989",
                "f7230350d026426f7197b019e65a69cb4fa164e64f655aaa98d89c72ef10c388",
                "174fdf3bea98c4469fa8087c716fba008405b159f695b7217311d2aba232609b",
                "99f4972788421d89e95c5865a05cff9d28a05ab9209b51d6773054f18228b1b9",
                "2c071cae087061bd379244fafcba6bf41139db6735f8b4b6e3a7945d3d207b70",
                "85c86f397fc231068b0639dfb89f45a13830bc798b40ec05ba78d6379001ed1e",
                "e6e228620f7e3fe580bc16a2bd99d0e090a60bdfd822c64fe048f88c79a71a37",
                "294c2f10f263bc05b98eae3db8cf02bc9032f7c8205ddfbf5021cb91fa2a0fe5",
                "6d2190dfb8a6ad83e84d5bba58c20317300fded9952b1cdfa78afb478ae5d551",
                "b11e5fe760fd935a58dfd42853abefdf2f2337520ee264e640fa69278a3f11e1",
                "2c36a02fecf94e422e313a0f6d9aa959fb7a639d99ea1ba067a35e6df2f9e29f",
                "9b0c13247aa14d05fcfe94a58f66e80fb314af68a291d970eb5b5fc3bef0cf2d",
                "94af73699bfa5e4ac0b70a34e1f3faf221165609507ed47bf894a5f012f5eacf",
                "cd42792b4f23bd91238338d64b8d98d10aa3f3a7c90f64108f74814e405dcb95",
                "c5e6c9867763595fd3f59ccd05c4bf8c55972d07295a8611ee1c5d8cee77538d",
                "8aa8e3342d477fcff2accbda6c042e8c7f6601d6fae3cf2a7c5e1add57e28798",
                "dee5539acc811b2e42d1974131c96e3e55b23c999c5bc3e5754cfe30864fb49d",
                "5bd54d6a54fd8ea5ffd92bd6f8d70c4e0ce1cf8bd2ae877fa2296b994a531124",
                "391959db0d85ce701176be82522c15082616f23ddc8852d23e0a8f90b0b30038",
                "45c6dc838123aace80a75fb505736a86d198dbbadf3453ef8f283a67656d7a8b",
                "494920d668308a4db2ea7c968890425c9d2d3f407d54b535bbbf1781e9b57532",
                "ab9ca994a3c388c7c838e745c3acb8058e4aea0984fc3b016cb8d74254e3823d",
                "0e9603ecba4352692885b906c1b470b4c5aef23b9421b13661bb4ab6b85f7e73",
                "92d4d865495f2399ca55416c18d4e0fdfa31a7bf589854077f37532cb42a8d81",
                "b05c6995c03a3a48610060d6fd0aa6c4f9475641a7ff1a731414d724f7a66cbd",
                "8d1fcaf310b6a058e2581fca4b81b25f1bce5d890a2fb0b66d3fbba57bad9924",
                "bf5c8cd962cb744f71c2907f2adf2b4b499364a09bc9a4c0fb4de99574308b6a",
                "dcd0eed9bdab041d9474ea6be4d9e5f7baec223edcb88342741c3bd490c7f4ee",
                "04acfeb01fe76395cbe9c73f7847fda5d66df6abdd12e587af9e397981fa245b",
                "53f2e57cabb9936cb0fa5e2735cd5d0474e8067974b8bb58f33007097e84a645",
                "8f26173f8ec46f7e22090fb62d8f94f37e8708551d70f9697c4751f24c4be52b",
                "91b288b32248691602b9f57866324d91c381141f9af9fbaa2f622e8f689b1201",
                "bc22b1a8cf40b5794757f1af7913f276f394e4599f8277620b83370fb0dc5bc5",
                "1b7cde6b7f9172a02f1f49bfcd837da0640a3b2de278de1ef4df5f9bff76b9c1",
                "7515c4e7d1dff4a3138142bfbfe148ea67ad6a427e0a73498cb0c70b18ec5e68",
                "c4b2ee4d97fb11fb6bd4010c2c1effb4ff89b3c499ffd09d60d7e7345fcaf5de",
                "a4ba7740e5d6cff1ac762610d0500099e182bed717cf95f656469ea2b084ac70"
            ],
            "type": "Document",
            "firstPartyCookies": {},
            "firstPartyCookiesSent": {},
            "exampleSites": [
                "www.olympikus.com.br",
                "www.dutramaquinas.com.br",
                "www.underarmour.com.br",
                "smartfit.com.br",
                "www.aguiabranca.com.br",
                "www.nuuvem.com",
                "www.democrata.com.br",
                "espacodocliente.smartfit.com.br",
                "www.angeloni.com.br",
                "www.lojaadcos.com.br",
                "www.novomundo.com.br",
                "www.universobubble.com.br",
                "dondoca.com.br",
                "www.capodarte.com.br",
                "www.malwee.com.br",
                "aquisicao.carrefoursolucoes.com.br",
                "oglobo.globo.com",
                "www.mizuno.com.br",
                "www.panvel.com",
                "www.iguatemi365.com"
            ]
        },
        {
            "rule": "voxus\\.tv\\/cdn-cgi\\/scripts\\/7d0fa10a\\/cloudflare-static\\/rocket-loader\\.min\\.js",
            "cookies": 0.000286,
            "fingerprinting": 3,
            "subdomains": [
                "targeting"
            ],
            "apis": {
                "Date.prototype.getTime": 73,
                "Navigator.prototype.userAgent": 40,
                "Navigator.prototype.vendor": 37,
                "Screen.prototype.width": 29,
                "Screen.prototype.height": 29,
                "Screen.prototype.availWidth": 29,
                "Screen.prototype.availHeight": 29,
                "Navigator.prototype.platform": 40,
                "Navigator.prototype.doNotTrack": 40,
                "CanvasRenderingContext2D.prototype.isPointInPath": 29,
                "HTMLCanvasElement.prototype.toDataURL": 29,
                "WebGLRenderingContext.prototype.getSupportedExtensions": 28,
                "WebGLRenderingContext.prototype.getParameter": 28,
                "WebGLRenderingContext.prototype.getContextAttributes": 28,