{
    "domain": "vs3.com",
    "owner": {},
    "source": [
        "DuckDuckGo-US"
    ],
    "prevalence": 0.000201,
    "sites": 29,
    "subdomains": [
        "secure"
    ],
    "cnames": [],
    "fingerprinting": 1,
    "resources": [
        {
            "rule": "vs3\\.com\\/_special\\/banners\\/LiveWebCams\\.php",
            "cookies": 0,
            "fingerprinting": 0,
            "subdomains": [
                "secure"
            ],
            "apis": {},
            "sites": 16,
            "prevalence": 0.000111,
            "cnames": [],
            "responseHashes": [
                "1664e0798fddbd6e234dfb98c4f638d0073502568ae11337d40fe4f1ddfc1b8c",
                "c5d18a62d1857631aeca8460020f5ff44640596387867f107ceb74f67ce8f76d",
                "b8234b9812564eef36648dfb3b9cd03fc4702886669cec1cfae557d05d89ed00",
                "5a89aa8142f290472e52c55a14f6642174cba92ded9d35df723c4110b1c28723",
                "967fb276ec2d4360eaedf7324b50c6532c375dd759a9494f105620748ac183cd",
                "bc4bb24f20657f215f7956ffa5aef0520181e2700808d267e2f12ec170d006f0",
                "f19d10dfee5ee7975a1456c74b56ad8d33b011323955f16ce858d08e18701c5e",
                "e2bd086ee415eed9e17aba890959caf297ec39a9dd6606b4591863bf747a0939"
            ],
            "type": "Document",
            "firstPartyCookies": {},
            "firstPartyCookiesSent": {},
            "exampleSites": [
                "spankbang.com",
                "fr.spankbang.com",
                "id.spankbang.com",
                "it.spankbang.com",
                "la.spankbang.com",
                "listings.cruisingforsex.com",
                "mangayuca.com",
                "nl.spankbang.com",
                "onlydudes.com",
                "pl.spankbang.com",
                "ru.spankbang.com",
                "se.spankbang.com",
                "www.gamelink.com",
                "www.justusboys.com",
                "www.lucasentertainment.com",
                "www.rockettube.com"
            ]
        },
        {
            "rule": "vs3\\.com\\/xml\\/live-video-ads\\.php",
            "cookies": 0.0000346,
            "fingerprinting": 0,
            "subdomains": [
                "secure"
            ],
            "apis": {},
            "sites": 5,
            "prevalence": 0.0000346,
            "cnames": [],
            "responseHashes": [
                "13f9d82fec5258c003ae4c02ec52d34b405e3e0705ee4ac260edf58c28f9600c"
            ],
            "type": "XHR",
            "firstPartyCookies": {},
            "firstPartyCookiesSent": {},
            "exampleSites": [
                "spankbang.com",
                "br.spankbang.com",
                "mangayuca.com",
                "nl.spankbang.com",
                "www.justusboys.com"
            ]
        },
        {
            "rule": "vs3\\.com\\/promos\\/images\\.php",
            "cookies": 0.0000138,
            "fingerprinting": 0,
            "subdomains": [],
            "apis": {},
            "sites": 2,
            "prevalence": 0.0000138,
            "cnames": [],
            "responseHashes": [],
            "type": "Image",
            "firstPartyCookies": {},
            "firstPartyCookiesSent": {},
            "exampleSites": [
                "cruisingforsex.com",
                "listings.cruisingforsex.com"
            ]
        },
        {
            "rule": "vs3\\.com\\/_special\\/banners\\/js-popunder\\.php",
            "cookies": 0.0000208,
            "fingerprinting": 1,
            "subdomains": [
                "secure"
            ],
            "apis": {
                "Document.cookie getter": 3
            },
            "sites": 3,
            "prevalence": 0.0000208,
            "cnames": [],
            "responseHashes": [
                "d52500d87595d35367eecdb7f4f01648afcfba983ceef19a4c102a125389d1fa",
                "a9830c45148bf545752901a93fa45e8d154d8e70df5fa8f3f93a7009c1a8905c"
            ],
            "type": "Script",
            "firstPartyCookies": {},
            "firstPartyCookiesSent": {},
            "exampleSites": [
                "justusboys.com",
                "www.justusboys.com",
                "www.rockettube.com"
            ]
        }
    ],
    "categories": [],
    "performance": {},
    "cookies": 0.000083,
    "types": {
        "Document": 16,
        "XHR": 5,
        "Image": 2,
        "Script": 3
    },
    "nameservers": [
        "dns1.p05.nsone.net",
        "dns2.p05.nsone.net",
        "dns3.p05.nsone.net",
        "dns4.p05.nsone.net"
    ]
}