{
    "domain": "webstats1.com",
    "owner": {},
    "source": [
        "DuckDuckGo-US"
    ],
    "prevalence": 0.000272,
    "sites": 40,
    "subdomains": [],
    "cnames": [],
    "fingerprinting": 0,
    "resources": [
        {
            "rule": "webstats1\\.com\\/www\\/delivery\\/afr\\.php",
            "cookies": 0.000136,
            "fingerprinting": 0,
            "subdomains": [],
            "apis": {},
            "sites": 20,
            "prevalence": 0.000136,
            "cnames": [],
            "responseHashes": [
                "e5f0e7d7bbde6e03a2f5c1c04f2f6fa2337ea6f7f111c1c23a3ef6d1dbd835b9",
                "eb3ef04cdc71076b201fbca65d1e96d2ac24ad8b194130007ff328b107b3f772",
                "108ba70fd9adfd8920c94f5e592dd221c90e45548acb6a8482e18b7711c6699b",
                "2dc84db6f7083084a5050ea7e8bca0eeafa780a70b888beb22404a72ecbe894c",
                "257495f1e0e92e49ebbef905306fa518d368572fa008825eeab3221fa81b4334",
                "5d98e7d479719792dd832812b9289bee8f2098adba4d3c9f4d86450db55e06e5",
                "96003f3ac9270496d8e4c7596d49d7f9d9ed5a310192d44eb05c0fd9301e880a",
                "1c26f987f84968d2c89e57f44b6c5d03132247a44f18bce43c4bd0d2a2ddaf4a",
                "ecef582f4c40005ab97270ced411a74ffed74f82e3b471bafd3707aff09a3e9f",
                "590e8090787575ab03f546446c7733ec13b8d0c3a2bdadcfec9ce90add565e3a",
                "ab55f6be7070b275b544cca0877b2fddbd51a7a094a7421bdf4accc4507e3e91",
                "6a0310ac0a4435ed6d81a6d42692fe576dc0c620d7a0a6a4384b3a9113564a5b",
                "d3db20a4d4504ab2698c52be87432d404daf27655e45ba3df6522ae9b5f182d4",
                "794506996f81b244651a778632e0268a14a0d9ba4d7ec2c2f9b849508696ea37",
                "d149e60377397924732a33f3831d5a3552126d1bc699442a85e1dfb423b1e0a6",
                "38dd6faf9e67b588ed6dd80db9ef42a1d737443a3b70220306cf8c851b7732a6",
                "ad8232c369fc306dfdefd176c3361f302bc7cd27c4a839c56d5360f6cbb48edc",
                "a1ec87c858d443ea77c0220faf57ef8c9fbf97c84a9eb7a52e99bc84e9fc8eb1"
            ],
            "type": "Document",
            "firstPartyCookies": {},
            "firstPartyCookiesSent": {},
            "exampleSites": [
                "brasilhentai.com",
                "hentaikai.com",
                "hentaipornobr.com",
                "hqhentai.blog.br",
                "hqhentai.online",
                "meuhentai.com",
                "quadrinhoseroticos.com.br",
                "superhentai.blog",
                "thehentaicomics.com",
                "www.assistirhentai.com",
                "www.casadoscontos.com.br",
                "www.fadadosexo.com",
                "www.hentaihome.net",
                "www.hentaiputa.com",
                "www.hentaistube.com",
                "www.meuscontoseroticos.com",
                "www.muitohentai.com",
                "www.naoconto.com",
                "www.quadrinhoseroticos.blog",
                "www.quadrinhoseroticos.co"
            ]
        },
        {
            "rule": "webstats1\\.com\\/www\\/delivery\\/lg\\.php",
            "cookies": 0.000157,
            "fingerprinting": 0,
            "subdomains": [],
            "apis": {},
            "sites": 23,
            "prevalence": 0.000157,
            "cnames": [],
            "responseHashes": [
                "e963e7196beb9123059ec3534b042ebcd1ef0a470fa568bfbebfeab2f33c4fda"
            ],
            "type": "Image",
            "firstPartyCookies": {},
            "firstPartyCookiesSent": {
                "lotame_domain_check": 0.000027225515753364053
            },
            "exampleSites": [
                "www.fadadosexo.com",
                "www.quadrinhosdesexo.com",
                "hentaipornobr.com",
                "superhentai.blog",
                "www.muitohentai.com",
                "meuhentai.com",
                "www.pornolandia.xxx",
                "www.quadrinhoseroticos.blog",
                "hqhentai.blog.br",
                "www.naoconto.com",
                "www.hentaiputa.com",
                "quadrinhoseroticos.com.br",
                "www.hentaihome.net",
                "www.hentaistube.com",
                "brasilhentai.com",
                "www.meuscontoseroticos.com",
                "hentaikai.com",
                "thehentaicomics.com",
                "terceiroz.com",
                "hqhentai.online"
            ]
        },
        {
            "rule": "webstats1\\.com\\/www\\/images\\/b2dfc08d2150755239b01933ca4f35f7\\.gif",
            "cookies": 0,
            "fingerprinting": 0,
            "subdomains": [],
            "apis": {},
            "sites": 5,
            "prevalence": 0.000034,
            "cnames": [],
            "responseHashes": [
                "8322449b9f84bb47efa242b39c793b31ad042ab3aaf2e04cdf5f1a3ef89626cd"
            ],
            "type": "Image",
            "firstPartyCookies": {},
            "firstPartyCookiesSent": {},
            "exampleSites": [
                "brasilhentai.com",
                "hqhentai.online",
                "meuhentai.com",
                "www.hentaihome.net",
                "www.quadrinhoseroticos.blog"
            ]
        },
        {
            "rule": "webstats1\\.com\\/www\\/images\\/c8e4872cb84b8e5e6fed3fd26e6c4250\\.jpg",
            "cookies": 0,
            "fingerprinting": 0,
            "subdomains": [],
            "apis": {},
            "sites": 5,
            "prevalence": 0.000034,
            "cnames": [],
            "responseHashes": [
                "01bf0f612ab6be09fcdb495725913720eb38229f53919a33c567f112b764ef4b"
            ],
            "type": "Image",
            "firstPartyCookies": {},
            "firstPartyCookiesSent": {},
            "exampleSites": [
                "hentaikai.com",
                "thehentaicomics.com",
                "www.hentaiputa.com",
                "www.meuscontoseroticos.com",
                "www.muitohentai.com"
            ]
        },
        {
            "rule": "webstats1\\.com\\/www\\/images\\/710b14edb6360f4344f8235b42870fe9\\.jpg",
            "cookies": 0,
            "fingerprinting": 0,
            "subdomains": [],
            "apis": {},
            "sites": 3,
            "prevalence": 0.0000204,
            "cnames": [],
            "responseHashes": [
                "0b9c06625439a54fc5ec8f0b6f4d26ce8ec9c2dc401e8156a6efd83c1b52edc0"
            ],
            "type": "Image",
            "firstPartyCookies": {},
            "firstPartyCookiesSent": {},
            "exampleSites": [
                "hentaikai.com",
                "www.fadadosexo.com",
                "www.quadrinhoseroticos.co"
            ]
        },
        {
            "rule": "webstats1\\.com\\/www\\/images\\/bebfe4ae56194b0f99630000c48e71cb\\.gif",
            "cookies": 0,
            "fingerprinting": 0,
            "subdomains": [],
            "apis": {},
            "sites": 4,
            "prevalence": 0.0000272,
            "cnames": [],
            "responseHashes": [
                "a475c96211fa707d4f32a5f396e1fa4b435c89d3bf8dc05f53a14a21aea940f9"
            ],
            "type": "Image",
            "firstPartyCookies": {},
            "firstPartyCookiesSent": {},
            "exampleSites": [
                "hentaikai.com",
                "hqhentai.blog.br",
                "www.hentaistube.com",
                "www.muitohentai.com"
            ]
        },
        {
            "rule": "webstats1\\.com\\/www\\/images\\/dadcc81c2ba52fa2990d5aec3ca16afe\\.gif",
            "cookies": 0,
            "fingerprinting": 0,
            "subdomains": [],
            "apis": {},
            "sites": 9,
            "prevalence": 0.0000613,
            "cnames": [],
            "responseHashes": [
                "50a3318bcaa2a6705fa7858b96c166fd7b491e84d9efa61e5b0bd14fcc6d7a04"
            ],
            "type": "Image",
            "firstPartyCookies": {},