{
    "domain": "webtrafficsource.com",
    "owner": {},
    "source": [
        "DuckDuckGo-US"
    ],
    "prevalence": 0.000458,
    "sites": 64,
    "subdomains": [],
    "cnames": [],
    "fingerprinting": 0,
    "resources": [
        {
            "rule": "webtrafficsource\\.com\\/js\\/v1\\/rtg\\.js",
            "cookies": 0.00015,
            "fingerprinting": 0,
            "subdomains": [],
            "apis": {},
            "sites": 26,
            "prevalence": 0.000186,
            "cnames": [],
            "responseHashes": [
                "d50e7423084c681c06af43ac5df4d05ea88b1ef4251b4ac9562c922e4aa7cb39",
                "c38cc47c018a27c91e7b94aa209bf56a161e543610c1372d8892cde699808497",
                "4ce404c45d0bd9753d4084a49c44836af71c30c2199e370ed4eb37495d0858ba",
                "f5e1ac898e34cce7f1dbe92f3b5213693f71cf9927c8fa8e1dab55b555c06451",
                "a5ad5cf454c73f785f9cc7077231a6445855dc0e909f4e4433d12477150192ad",
                "c162ea389e45a984a55028639d907e9a458ed272cfdd99021626b1e4963d55a7",
                "61a1f4ade4e4a8b8e60bd0cb47a9ed7758869c027a7326b96c78b30ab79da8d8",
                "5c70b0725c75bf955078f1bab01607953aabaada031f2a0e11f8b5bd61a6ddc9",
                "a0c6ab8e06aa94adc1b30f7c0a8f5d3acfffabfa855a96e0117ad0066bb1e198",
                "c7b13211d3fd83146c2553b3864decab7d2e6db3ea8a8ce8b4e567797c2866eb",
                "90a0b6e2f717750adc483567f521dbd58f9cbd078aa8d9b1f4a6f8f8bb2e38d7",
                "53e1ec2fbd112f142964fda12b511170ed40e21c0ec111815d026ab96fc1ec3b",
                "b8ff00ef0e26f22e05e10da92fd751680af374e0d57f8fb1c56bf96a2fd8a639",
                "f8c8f6e615a4c81bcb089632521547db2891d7b8b782bd7ec96d9e44c9215c3c",
                "ba59e2912948c089068ae33f69dd350a993fbf3e1adfbb2e5554ba59aa354f8d",
                "f9c6e6dd216c397eace59b37004f0f55ebeab239b707dadd44e9af6e2b57ac77",
                "572f31018b67a05bcef4e130d73e005a8e8e29d2b9453722a8f324e7563f9b1e",
                "a79d5e98def1faee5db2d1a2453b8a58955605abe2af5ae23be32cd64f7b3484",
                "3ad33c65a88e3c9f29e341020fc39edd87abb0fc1cced0fbc7ac96bd454695c7",
                "38d5d7a8cebaef6617b59c06cbdf424e0e0e10bfd3cdee406857c39d25dca3f2",
                "e1c0552a2e538bbbc452bbc65dfa55fc47cb3c3c1d9621e488a7712bae137d5b",
                "933a34bee41864a8deed61ab345f759788e59cbb99f3d66811147c7eea8a4526",
                "60349438095a84c306bf44f0b0dc9c2ecff3ab3a4f39f38df21f95559b060495",
                "68753a801514d74b4be6beac630f6c288765e05f139168e9429b0e8876c6c2c1",
                "938607ba4c9aefd2f7be8eb0e22751a1443ed8016cb927962d669d8ede9b7d4d"
            ],
            "type": "Script",
            "firstPartyCookies": {},
            "firstPartyCookiesSent": {},
            "exampleSites": [
                "www.moovbydexter.com.ar",
                "au.banggood.com",
                "www.bookvoed.ru",
                "www.angelone.in",
                "www.muscleblaze.com",
                "uk.banggood.com",
                "uk.dhgate.com",
                "www.dexter.com.ar",
                "www.anker.com",
                "www.mahzooz.ae",
                "banggood.com",
                "www.desertcart.co.za",
                "www.dhgate.com",
                "www.zivame.com",
                "br.banggood.com",
                "www.1001hobbies.co.uk",
                "www.healthkart.com",
                "au.dhgate.com",
                "www.desertcart.com.au",
                "nl.banggood.com"
            ]
        },
        {
            "rule": "webtrafficsource\\.com\\/tr",
            "cookies": 0,
            "fingerprinting": 0,
            "subdomains": [],
            "apis": {},
            "sites": 39,
            "prevalence": 0.000279,
            "cnames": [],
            "responseHashes": [
                "e3b0c44298fc1c149afbf4c8996fb92427ae41e4649b934ca495991b7852b855"
            ],
            "type": "XHR",
            "firstPartyCookies": {},
            "firstPartyCookiesSent": {},
            "exampleSites": [
                "www.u-buy.co.uk",
                "www.desertcart.ie",
                "nl.banggood.com",
                "www.zivame.com",
                "www.desertcart.co.za",
                "www.durexindia.com",
                "br.banggood.com",
                "us.anker.com",
                "www.desertcart.com.au",
                "www.eyemyeye.com",
                "uk.dhgate.com",
                "www.banggood.com",
                "www.healthkart.com",
                "www.u-buy.com.au",
                "www.rentcars.com",
                "au.dhgate.com",
                "www.dx.com",
                "uk.banggood.com",
                "www.moovbydexter.com.ar",
                "au.banggood.com"
            ]
        },
        {
            "rule": "webtrafficsource\\.com\\/tr",
            "cookies": 0,
            "fingerprinting": 0,
            "subdomains": [],
            "apis": {},
            "sites": 39,
            "prevalence": 0.000279,
            "cnames": [],
            "responseHashes": [],
            "type": "Preflight",
            "firstPartyCookies": {},
            "firstPartyCookiesSent": {},
            "exampleSites": [
                "uk.banggood.com",
                "www.ubuy.co.nl",
                "www.bookvoed.ru",
                "mamaearth.in",
                "www.u-buy.com.au",
                "www.desertcart.co.za",
                "www.rentcars.com",
                "www.muscleblaze.com",
                "www.zivame.com",
                "www.redwolf.in",
                "nz.dhgate.com",
                "www.dexter.com.ar",
                "www.dhgate.com",
                "br.banggood.com",
                "uk.dhgate.com",
                "us.anker.com",
                "www.moovbydexter.com.ar",
                "www.shopclues.com",
                "www.healthkart.com",
                "www.durexindia.com"
            ]
        },
        {
            "rule": "webtrafficsource\\.com\\/js\\/v1\\/rtg\\.js",
            "cookies": 0.0000429,
            "fingerprinting": 0,
            "subdomains": [],
            "apis": {},
            "sites": 6,
            "prevalence": 0.0000429,
            "cnames": [],
            "responseHashes": [
                "f5e1ac898e34cce7f1dbe92f3b5213693f71cf9927c8fa8e1dab55b555c06451",
                "c162ea389e45a984a55028639d907e9a458ed272cfdd99021626b1e4963d55a7",
                "a0c6ab8e06aa94adc1b30f7c0a8f5d3acfffabfa855a96e0117ad0066bb1e198",
                "b8ff00ef0e26f22e05e10da92fd751680af374e0d57f8fb1c56bf96a2fd8a639",
                "92a665d952e5799f7f9f008fc6169766c1e4f6df0266b3405658fbebd7c77ea1"
            ],
            "type": "Fetch",
            "firstPartyCookies": {},
            "firstPartyCookiesSent": {},
            "exampleSites": [
                "banggood.com",
                "nl.banggood.com",
                "uk.banggood.com",
                "usa.banggood.com",
                "www.banggood.in",
                "www.banggood.com"
            ]
        },
        {
            "rule": "webtrafficsource\\.com\\/track\\/code\\.js",
            "cookies": 0.0001,
            "fingerprinting": 0,
            "subdomains": [],
            "apis": {},
            "sites": 15,
            "prevalence": 0.000107,
            "cnames": [],