{
    "domain": "webtrafficsource.com",
    "owner": {},
    "source": [
        "DuckDuckGo-US"
    ],
    "prevalence": 0.000844,
    "sites": 62,
    "subdomains": [],
    "cnames": [],
    "fingerprinting": 0,
    "resources": [
        {
            "rule": "webtrafficsource\\.com\\/track\\/code\\.js",
            "cookies": 0.00049,
            "fingerprinting": 0,
            "subdomains": [],
            "apis": {},
            "sites": 36,
            "prevalence": 0.00049,
            "cnames": [],
            "responseHashes": [
                "3e2f38b67e7526145f5162dd45b27a37c31d44d0730ad23f3fe032e80f07ed5e",
                "e389595578ca1da5cfef3b393b4439aa3349a44da6d8af399b6fc4da7392dec9",
                "40650b47f6bd8904ab3ae668a8a5e8426b344ce3621f92cdfb267a46e88664d2",
                "e1adad8cfda29aa7c6ffc6c2503d318a4af8e504aac1a6f084d6b20921fc39b4",
                "a75ada80e4cd1da4829d3eab2f2a21f60901b01c65d98a7aa2508b434bcc72e1",
                "010a9bb650c92cd861d301a35877573a3ec3c5e49ed33802917a9d8278b62885",
                "a9e0fd220a5d3f53342637de198e6d7618ff128dc5a6d7401d8206872c3a9e5d",
                "4cbdaac5f4c93d51cb3192610072ee823e08f9b3c949e12c1656fdb1373881be",
                "ca16f325aae4b1faba6723f7a3ec05ca9f5a3f7f3a9a2847cf60583c2645335c",
                "1652d9d41c7c9c4706a36a7c2095168f395e028478c8dfa943e0913c72d3d99d",
                "50f3ef8f594c4c8d8fe9624bd8885106fffa0f49e6ec851055046fd15c47dc04",
                "b8f80fc595602599fec1ede370915f20e343c55ad1dc14c9118aba2dc2d9880a",
                "e69a4972d3d629e89cbdb23888ac9254bacf0d8ae9ae3c96022f8ff80e0f0274",
                "e3d32072dcba87a3fdfbabf8ac54ddc4c2048e6972a7c320298a8bc076257d8c",
                "d249f538b21eebe88560b941d537446a1183cf5fbd926ce1335bed5142c9724b",
                "6012cc66197ffbc80c8050bc4c49f66195590bf3f47ea9aba815ad24656947b5",
                "682be4c2fd75a3f14c200cc2b61e208af3978bbd34810d1fb478894ef8c3c301",
                "c6ade0b2da9228012287a12095ba4578486bf9f0938d7c7572fc85b8bfc86902",
                "7f573500b8f227af548a874a2e7c58a78bbce23dc40b8423d9a58ac8383ada7d",
                "6145a68f14bd2d75eda79545bb9d94dbe33f9111d1ba0893912a2f2e43a079f3",
                "18f2b725ffb4bee85fdecd6fa08591fe56b902afa55af7ee56d8b7b02b3cdafe",
                "5a64ae0792d7dcb9f07d572485a23a8eb1fa079dac98672189d65a282c5952ba",
                "ee64dca014604324ba66d6d768f1225cb97c6fdb6277816498377c8d26157bb5",
                "21d9de6da2cfdacab64806687974280531b26fd383a02bd587289eb28fb05951",
                "e27dc61113c2b1e57abcca892540b2673e8482f2069e8ea1bd2f4008985fdd94",
                "6d0e025424e830092210f0000abd5ed41b1834b1184714810353bc02d97a71e7",
                "0932cef17ff3caa92a9972189384dcdccb961bae2c877d875d3a5816d3120085",
                "0b4a1432d66ae793cc990ff8c28de5b95b31eea2b6f068e027982ed0bf06baaf",
                "b9f56ca211c1e86e36744380f100f7e090db99fc2fbb38191b7f11e0615418dd",
                "f77dc52f484e30d8d21f9eef4ac4b8b8efe315e6407948732d5002b8700b952d",
                "d0aadc10d66b57774d7386e2a27022c9867265301656c7daac48c6b536cee538",
                "87c9d0b3b93dfc73bf9f20b2e3207b5204a943348bad34cbb6dd6a2e7a7c8746",
                "8150cb8c9ecaa97563e89a030c92b7ce373cb221bce265f0cc992ebae083be32"
            ],
            "type": "Script",
            "firstPartyCookies": {},
            "firstPartyCookiesSent": {},
            "exampleSites": [
                "in.jbl.com",
                "bloomchic.com",
                "www.kapiva.in",
                "www.muscleblaze.com",
                "www.bnn.in.th",
                "www.fabindia.com",
                "www.movavi.com",
                "moodo.pl",
                "www.watsons.com.my",
                "www.esprit.nl",
                "www.iparts.pl",
                "www.mahzooz.ae",
                "www.gramedia.com",
                "www.watsons.com.ph",
                "bi.ua",
                "www.titaneyeplus.com",
                "modneduzerozmiary.pl",
                "www.bhinneka.com",
                "www.ubuy.co.in",
                "www.moedelo.org"
            ]
        },
        {
            "rule": "webtrafficsource\\.com\\/tr",
            "cookies": 0,
            "fingerprinting": 0,
            "subdomains": [],
            "apis": {},
            "sites": 62,
            "prevalence": 0.000844,
            "cnames": [],
            "responseHashes": [
                "e3b0c44298fc1c149afbf4c8996fb92427ae41e4649b934ca495991b7852b855"
            ],
            "type": "XHR",
            "firstPartyCookies": {},
            "firstPartyCookiesSent": {},
            "exampleSites": [
                "www.alibaba.com",
                "www.fabindia.com",
                "www.betsul.com",
                "www.bellelily.com",
                "www.forever21.in",
                "www.oziva.in",
                "bxblue.com.br",
                "www.angelone.in",
                "www.eyemyeye.com",
                "fr.dhgate.com",
                "www.dhgate.com",
                "www.movavi.com",
                "moodo.pl",
                "www.healthkart.com",
                "emprestimosim.com.br",
                "mamaearth.in",
                "www.iparts.pl",
                "www.mahzooz.ae",
                "timlive.tim.com.br",
                "in.jbl.com"
            ]
        },
        {
            "rule": "webtrafficsource\\.com\\/tr",
            "cookies": 0,
            "fingerprinting": 0,
            "subdomains": [],
            "apis": {},
            "sites": 62,
            "prevalence": 0.000844,
            "cnames": [],
            "responseHashes": [],
            "type": "Preflight",
            "firstPartyCookies": {},
            "firstPartyCookiesSent": {},
            "exampleSites": [
                "www.alibaba.com",
                "www.zivame.com",
                "vovk.com",
                "www.mahzooz.ae",
                "shop.trell.co",
                "www.iparts.pl",
                "www.watsons.com.ph",
                "mbazaar.shopclues.com",
                "www.titaneyeplus.com",
                "www.forever21.in",
                "www.moedelo.org",
                "thedermaco.com",
                "modneduzerozmiary.pl",
                "zolucky.com",
                "www.muscleblaze.com",
                "moodo.pl",
                "www.repassa.com.br",
                "www.allensolly.com",
                "markformelle.by",
                "in.jbl.com"
            ]
        },
        {
            "rule": "webtrafficsource\\.com\\/js\\/v1\\/rtg\\.js",
            "cookies": 0.000163,
            "fingerprinting": 0,
            "subdomains": [],
            "apis": {},
            "sites": 12,
            "prevalence": 0.000163,
            "cnames": [],
            "responseHashes": [
                "c608c75a87054af56ba15b6264af4360d5dbaea835a2ad556270a317f4f6cbd4",
                "8649dd8e352919c8ff40373306a5ed18b9847c66d7c1e3aa2842631cde7f891b",
                "49cff206b454ee472f1275f76f41715a5b0dfef32c480e74a56d4be175dadc69",
                "f282a4225236ce6873ccbd74f6acaa9a2d1d97a705d4402ad82fef1ee0867f46",
                "36e159102d9ef0f103899175d34582c72a391fd8197553823666abfc25b96568",
                "9c76db4d8c36061b7466e07def9c4d030f6fdc8c1fa00ac576d01b0e383ca868",
                "2b679b3338fe815ef1e39fd30c4535296a7acbc255c5071c820d199cfa06b245",
                "ee64dca014604324ba66d6d768f1225cb97c6fdb6277816498377c8d26157bb5",
                "b97042528e2cc46905e66a95b4be1e603f018f41a7297fdc35b6adf55b7d1897",
                "8150cb8c9ecaa97563e89a030c92b7ce373cb221bce265f0cc992ebae083be32",
                "86fad76e7fcaa4342d44b24bfaa65ffce71bbcbdb4a50f11939bf8b87a84e441"
            ],
            "type": "Script",
            "firstPartyCookies": {},
            "firstPartyCookiesSent": {},