{
    "domain": "weserv.nl",
    "owner": {},
    "source": [
        "DuckDuckGo-US"
    ],
    "prevalence": 0.000222,
    "sites": 31,
    "subdomains": [
        "images"
    ],
    "cnames": [],
    "fingerprinting": 0,
    "resources": [
        {
            "rule": "weserv\\.nl\\/",
            "cookies": 0,
            "fingerprinting": 0,
            "subdomains": [
                "images"
            ],
            "apis": {},
            "sites": 20,
            "prevalence": 0.000143,
            "cnames": [],
            "responseHashes": [
                "dbe75d23d8fbdce8434a200de5e0ebd187e3c9eabb157b747fd183baf682390e",
                "ab485edf71f4dbc657900655c7fffae57c114d49cc754a0ec958f0b59ce2c3f8",
                "6a4b25b2103318a470ab60942780bf521e2b74848f56c30ad7075cf0f7557e50",
                "1f578654b9cc794cde7dc8baf26db458ddeb9d1f1ba480f2f8139589b800c806",
                "6274bb71068593bbe30b85351d839dc3931132c3bb1d6aa00daffb437756764f",
                "66a685c86634569d75652cad5b4eab500dda2ca9c38d678cf29f25c78ff9623f",
                "4ed551910da03f1d0439edbe6bf36542ca52d69409c450117f85540e8c262c4d",
                "449a55318f467a1f302afd14b0f4637fa3ee174b464c91b69db2467503fc8146",
                "bf435ac5f9a55b45594cdcba9a3a9848b4a4a4b952f620d90f928774306774dc",
                "02aca8778d3cf97cb81c58eb2062222cf0aae64a2b04b75818e369196dfacf30",
                "bf6130f6c3f9fc36ff7c09217da5defb837702b86e8cad15dc3ebc725a7ad797",
                "eec7c7ce7f212cadf52223388fd687221a03e2a30adfa2d22be50772c2dfe0ab",
                "19a8a0098e3824725c794ae65a7e87b75025dff17e1522ebd6deedc0a577f83c",
                "300cf664f6b316c6a7045cd9f80259a49f846c444673d164ba2eb3b1c64efa1c",
                "4af32a0e1c3f1e8cd35f632f680536298f81dfc9c4c998c6f8601c9fa4741db7",
                "776e0fcb3d93a2752a2bc51314d7bf4c4f04f317979515123db8ba59d42fa105",
                "3362eec4320c26cd3d6b50e8e38230d4fe83fc02365abbf68c27802e955a74a7",
                "f16a9b6b9b404d4023e4e0f45aa7b97de77f82546a37b7001d3bfc7a0fed71e8"
            ],
            "type": "Image",
            "firstPartyCookies": {},
            "firstPartyCookiesSent": {},
            "exampleSites": [
                "4barsrest.com",
                "bitnova.info",
                "ffmovies.biz",
                "fsharetv.com",
                "nanoleaf.me",
                "news.knowledia.com",
                "nv.ua",
                "tik.fail",
                "tinmp3.com",
                "www.androidplanet.nl",
                "www.bleachbit.org",
                "www.duellinksmeta.com",
                "www.iphoned.nl",
                "www.masterduelmeta.com",
                "www.planetofthevapes.com",
                "www.popular-babynames.com",
                "www.preppers-shelter.nl",
                "www.sportive.com",
                "www.uab.edu",
                "xat.com"
            ]
        }
    ],
    "categories": [],
    "performance": {},
    "cookies": 0,
    "types": {
        "Image": 20
    },
    "nameservers": [
        "jim.ns.cloudflare.com",
        "iris.ns.cloudflare.com"
    ]
}