{
    "domain": "weserv.nl",
    "owner": {},
    "source": [
        "DuckDuckGo-US"
    ],
    "prevalence": 0.000218,
    "sites": 32,
    "subdomains": [
        "images"
    ],
    "cnames": [],
    "fingerprinting": 0,
    "resources": [
        {
            "rule": "weserv\\.nl\\/",
            "cookies": 0,
            "fingerprinting": 0,
            "subdomains": [
                "images"
            ],
            "apis": {},
            "sites": 21,
            "prevalence": 0.000143,
            "cnames": [],
            "responseHashes": [
                "8c82841fad90060acff15dd0cac05fbdb39ddc94ceb88e7ad2894443dd0ac119",
                "6274bb71068593bbe30b85351d839dc3931132c3bb1d6aa00daffb437756764f",
                "3e331916290b17d9eb8ba481d37f69e6839308083625d1f7af0b650b75df37de",
                "d60fc7d8cab820ff5c6ea6f5cbc834256535348b2bbc97decde3b71aeb0fb232",
                "2af7037022d9f28e894b1cc331c4e5e7bc1f60f39d015420b651f68e0c445f20",
                "33d0cae520fb718b1f16a3fc9fb314618b8bd17f1908e4666865c0114952f7ab",
                "f233b5c7a3c954a1f2d2b3da54c73a028a04fca60ea03518bda038b942a0ded6",
                "fefb6f6453900e7eeaea7ee87cf4ffaf0b1b30c4e292fce413e65f52afe1c860",
                "bf435ac5f9a55b45594cdcba9a3a9848b4a4a4b952f620d90f928774306774dc",
                "02aca8778d3cf97cb81c58eb2062222cf0aae64a2b04b75818e369196dfacf30",
                "d5bb014fb228706cf01c4f91c120f29d5583d5644391506a52912366c19811ac",
                "416ec50b7564804eea16fb35610eefbed3c553788d63eef04237fc8a53a0c4fa",
                "5e3d6d66a6ed001dec9475289df1779d2ce718af0bf1ea71a0c65f497a65a152",
                "7532672c154eff76a33e91d34ec8e37bf9dd057b75d6b114dbabe2a2c8aed303",
                "c266ac8617be8351793e951769a0033ab57f8b78f3971f0abfe95e9a0e98b873",
                "7a3b80038afca7673303d083e2bbd71ab24f5152045c40c54536fea70a2d81e3",
                "e87912d14117c5e36369418b0e856e5100478b0bb351c49140e32b95442411f9"
            ],
            "type": "Image",
            "firstPartyCookies": {},
            "firstPartyCookiesSent": {},
            "exampleSites": [
                "www.planetofthevapes.com",
                "www.masterduelmeta.com",
                "www.androidplanet.nl",
                "news.knowledia.com",
                "nanoleaf.me",
                "www.bleachbit.org",
                "tribunanacional.com.br",
                "ffmovies.biz",
                "www.sportive.com",
                "xat.com",
                "www.uab.edu",
                "www.iphoned.nl",
                "veziseriale.net",
                "www.ipixler.com",
                "tinmp3.com",
                "www.popular-babynames.com",
                "nv.ua",
                "tik.fail",
                "www.duellinksmeta.com",
                "zhzh.info"
            ]
        }
    ],
    "categories": [],
    "performance": {},
    "cookies": 0,
    "types": {
        "Image": 21
    },
    "nameservers": [
        "jim.ns.cloudflare.com",
        "iris.ns.cloudflare.com"
    ]
}