{
    "domain": "wheelio-app.com",
    "owner": {},
    "source": [
        "DuckDuckGo-US"
    ],
    "prevalence": 0.000214,
    "sites": 31,
    "subdomains": [
        "dashboard"
    ],
    "cnames": [],
    "fingerprinting": 0,
    "resources": [
        {
            "rule": "wheelio-app\\.com\\/api\\/wheelioapp\\/getsettings",
            "cookies": 0.000111,
            "fingerprinting": 0,
            "subdomains": [
                "dashboard"
            ],
            "apis": {},
            "sites": 16,
            "prevalence": 0.000111,
            "cnames": [],
            "responseHashes": [
                "74dfa7367466eaeaf7ac9c7823244f21e42e1313b6eb1d9d5e47efa26fdb1602",
                "d9cd19fae831d7664350eecdf4181d46ac75204c6622cbf0c1416d221561f502",
                "62ee8cd5cf32e2373bf3f788d2feb2a84a4a2ef2a01569e6ac6a9e074404390e",
                "a498a206d6542b0ec0fda950c9ae64cd5c58436c1d5d61717bd59b98c4e909ca",
                "dd565290a1fedf2b2675ed8199c868489d135b7a41ff5e768fbb119f18c4db07",
                "ef8c528dacf9204b9929814663be0806d3834533d8e14b76a3b50f4a6cca732c",
                "4ba95683beba0c8786b4e00cd6be1472c34538cd3b3f752934a860eee44d3047",
                "7d15f33095190f8421bcfbbfb8f35fbf0789071d447d59a876faf7c2aee942b5",
                "fb7e04fc5a0e487c83b476bf4cb182254038450446d3bc52bef209e80b03a5c2",
                "f93372af1a24b27a917ff3327fd30dc70a176579eaded1ccfc549a31fabc254f",
                "d0afa1ff2dcf97b6cc2c460eafb4dd6aa8a1d7c4729b0f9a4a7c5f9b5048b177",
                "bcda30dcd41e36c3acbb98d0c75c62ce4550b556a03ab3ecb447927408b572ca",
                "a327c2c670f48a40878f3ea40ef787f13cab3d156871cfee6106736562456198",
                "b575ea380ec2614da3b690c2610ad938ad55d7baaf26fcf9160f5dde57099f1b",
                "eb941bdaddac01fc488d0dae8814ece295c6e4b2e35109e58359411707ebb0c0"
            ],
            "type": "Script",
            "firstPartyCookies": {},
            "firstPartyCookiesSent": {
                "_shopify_sa_p": 0.00010376888593724057,
                "LD_U": 0.000006917925729149372,
                "gclid": 0.000006917925729149372,
                "shopify_recently_viewed": 0.000006917925729149372
            },
            "exampleSites": [
                "beddys.com",
                "darkestfox.com",
                "dieselpowergear.com",
                "drianstern.com",
                "lovegasm.co",
                "loveplugs.co",
                "redcon1.com",
                "www.80stees.com",
                "www.alphapaw.com",
                "www.getcasely.com",
                "www.homeoanimal.com",
                "www.lionsnotsheep.com",
                "www.loveinfaith.life",
                "www.pethonesty.com",
                "www.toyuniverse.com.au",
                "www.transparentlabs.com"
            ]
        }
    ],
    "categories": [],
    "performance": {},
    "cookies": 0.000214,
    "types": {
        "Script": 16
    },
    "nameservers": [
        "ns67.domaincontrol.com",
        "ns68.domaincontrol.com"
    ]
}