{
    "domain": "whitesaas.com",
    "owner": {},
    "source": [
        "DuckDuckGo-US"
    ],
    "prevalence": 0.0000272,
    "sites": 2,
    "subdomains": [],
    "cnames": [],
    "fingerprinting": 0,
    "resources": [
        {
            "rule": "whitesaas\\.com\\/api",
            "cookies": 0.0000272,
            "fingerprinting": 0,
            "subdomains": [],
            "apis": {},
            "sites": 2,
            "prevalence": 0.0000272,
            "cnames": [],
            "responseHashes": [
                "4927c9c53e25a0894f03286f4f046243d02297ff7b771ad01075f29aee671193"
            ],
            "type": "Script",
            "firstPartyCookies": {},
            "firstPartyCookiesSent": {
                "_ym_uid": 0.000027224218664924318,
                "_ym_d": 0.000027224218664924318,
                "_ga": 0.000013612109332462159,
                "_gid": 0.000013612109332462159,
                "user_unic_ac_id": 0.000013612109332462159
            },
            "exampleSites": [
                "shopozz.ru",
                "www.nic.ru"
            ]
        }
    ],
    "categories": [],
    "performance": {},
    "cookies": 0.0000272,
    "topInitiators": [
        {
            "domain": "envybox.io",
            "prevalence": 0.6666666666666666
        },
        {
            "domain": "saas-support.com",
            "prevalence": 0.3333333333333333
        }
    ],
    "types": {
        "Script": 2
    },
    "nameservers": [
        "ns1.ihc.ru",
        "ns2.ihc.ru"
    ]
}