{
    "domain": "whizzco.com",
    "owner": {},
    "source": [
        "DuckDuckGo-US"
    ],
    "prevalence": 0.000129,
    "sites": 18,
    "subdomains": [
        "cdn",
        "api"
    ],
    "cnames": [],
    "fingerprinting": 1,
    "resources": [
        {
            "rule": "whizzco\\.com\\/scripts\\/widget\\/widget_v3\\.js",
            "cookies": 0,
            "fingerprinting": 1,
            "subdomains": [
                "cdn"
            ],
            "apis": {
                "Date.prototype.getTime": 1
            },
            "sites": 13,
            "prevalence": 0.0000929,
            "cnames": [],
            "responseHashes": [
                "f31ed4edda66b286ae5e18c8a4e87d66bd6e87869a0ed339788cd5b97ba65c28"
            ],
            "type": "Script",
            "firstPartyCookies": {},
            "firstPartyCookiesSent": {},
            "exampleSites": [
                "canadafreepress.com",
                "cyprus-mail.com",
                "halturnerradioshow.com",
                "omg.blog",
                "sharylattkisson.com",
                "vidmax.com",
                "www.activistpost.com",
                "www.blacklistednews.com",
                "www.filmsite.org",
                "www.israel21c.org",
                "www.moms.com",
                "www.redvoicemedia.com",
                "www.thetruthaboutguns.com"
            ]
        },
        {
            "rule": "whizzco\\.com\\/demand\\/v1\\/rtads",
            "cookies": 0,
            "fingerprinting": 0,
            "subdomains": [
                "api"
            ],
            "apis": {},
            "sites": 14,
            "prevalence": 0.0001,
            "cnames": [],
            "responseHashes": [
                "61eca5c2a322e97f1bedc68c06cef27140086b41754c751ec2c1ebce92cbe2d8",
                "193c820b2cafc8707e607c72283c925fbf2f42171a5782451bdb8e605966646f",
                "d50c82042ce40b739280867f392db27c3c47861a3d488d72f1146a11c75b323f",
                "8f91b6b20aea4aef22016a595b119148963b48d230169e107d35fc2d2b16ac1e",
                "fcb7274820930e0e60089053ab59c5e0bcbc630cf3877b761df14cf4bd7c00c2",
                "059a32a9261c22c0f9459edd37f62064f1cbd9b4294f0f30390eb1dac0d12587",
                "aa9f9d27f7ec5ff8c83cf3094499f4cfe11ccc59225c3f0459be395095dcb975",
                "27e1a55657d2a1629d6046c913df14fb56fde13cade7a7d6b4eceb2bbc4b078d",
                "2f8cc30ea474e511106324a98a190148c73e68ec17820af944572c67b31bbd83",
                "ce77ab48be7b813eac6bd5d95ff8d511ff445af5ae0e1ac6bd0788f135927934",
                "c563a5018ab29598fb602c233cf20e8b4b3ce96d711aa254db08583b01691546",
                "b89dfc8598241fd1d812f129fa3cd17f9a06c17dbbdcbd2de147b529b8aab2a9",
                "72c8e344420f2ee7e181804c85c307a52b4515331b3565a192d4550badb1fc14"
            ],
            "type": "XHR",
            "firstPartyCookies": {},
            "firstPartyCookiesSent": {},
            "exampleSites": [
                "canadafreepress.com",
                "cyprus-mail.com",
                "halturnerradioshow.com",
                "omg.blog",
                "sharylattkisson.com",
                "vidmax.com",
                "www.activistpost.com",
                "www.blacklistednews.com",
                "www.debka.com",
                "www.filmsite.org",
                "www.israel21c.org",
                "www.moms.com",
                "www.redvoicemedia.com",
                "www.thetruthaboutguns.com"
            ]
        },
        {
            "rule": "whizzco\\.com\\/demand\\/v1\\/rtads",
            "cookies": 0,
            "fingerprinting": 0,
            "subdomains": [
                "api"
            ],
            "apis": {},
            "sites": 14,
            "prevalence": 0.0001,
            "cnames": [],
            "responseHashes": [],
            "type": "Preflight",
            "firstPartyCookies": {},
            "firstPartyCookiesSent": {},
            "exampleSites": [
                "canadafreepress.com",
                "cyprus-mail.com",
                "halturnerradioshow.com",
                "omg.blog",
                "sharylattkisson.com",
                "vidmax.com",
                "www.activistpost.com",
                "www.blacklistednews.com",
                "www.debka.com",
                "www.filmsite.org",
                "www.israel21c.org",
                "www.moms.com",
                "www.redvoicemedia.com",
                "www.thetruthaboutguns.com"
            ]
        },
        {
            "rule": "whizzco\\.com\\/dtracking\\/v1\\/tshow",
            "cookies": 0,
            "fingerprinting": 0,
            "subdomains": [
                "api"
            ],
            "apis": {},
            "sites": 14,
            "prevalence": 0.0001,
            "cnames": [],
            "responseHashes": [
                "3d23d39a30bb7323f8ccfd64c52cf286138fba4f83e78f7edcf66703b7c23aaa"
            ],
            "type": "XHR",
            "firstPartyCookies": {},
            "firstPartyCookiesSent": {},
            "exampleSites": [
                "canadafreepress.com",
                "cyprus-mail.com",
                "halturnerradioshow.com",
                "omg.blog",
                "sharylattkisson.com",
                "vidmax.com",
                "www.activistpost.com",
                "www.blacklistednews.com",
                "www.debka.com",
                "www.filmsite.org",
                "www.israel21c.org",
                "www.moms.com",
                "www.redvoicemedia.com",
                "www.thetruthaboutguns.com"
            ]
        },
        {
            "rule": "whizzco\\.com\\/dtracking\\/v1\\/tshow",
            "cookies": 0,
            "fingerprinting": 0,
            "subdomains": [
                "api"
            ],
            "apis": {},
            "sites": 14,
            "prevalence": 0.0001,
            "cnames": [],
            "responseHashes": [],
            "type": "Preflight",
            "firstPartyCookies": {},
            "firstPartyCookiesSent": {},
            "exampleSites": [
                "canadafreepress.com",
                "cyprus-mail.com",
                "halturnerradioshow.com",
                "omg.blog",
                "sharylattkisson.com",
                "vidmax.com",
                "www.activistpost.com",
                "www.blacklistednews.com",
                "www.debka.com",
                "www.filmsite.org",
                "www.israel21c.org",
                "www.moms.com",
                "www.redvoicemedia.com",
                "www.thetruthaboutguns.com"
            ]
        },
        {
            "rule": "whizzco\\.com\\/scripts\\/widget\\/widget_t_v2\\.js",
            "cookies": 0,
            "fingerprinting": 0,
            "subdomains": [
                "cdn"
            ],
            "apis": {},
            "sites": 2,
            "prevalence": 0.0000143,
            "cnames": [],
            "responseHashes": [
                "85c01ed9a17ce71fb4d3fde1d985e4ed80c682c7a2d68f8a7c0640d091577e71"
            ],
            "type": "Script",
            "firstPartyCookies": {},
            "firstPartyCookiesSent": {},
            "exampleSites": [
                "debka.com",
                "www.lucianne.com"
            ]
        }
    ],
    "categories": [],
    "performance": {},
    "cookies": 0,
    "types": {
        "Script": 15,
        "XHR": 28,
        "Preflight": 28
    },
    "nameservers": [
        "chan.ns.cloudflare.com",
        "zeus.ns.cloudflare.com"
    ]
}