{
    "domain": "wisepops.com",
    "owner": {
        "name": "Benjamin Cahen",
        "displayName": "Benjamin Cahen"
    },
    "source": [
        "DuckDuckGo-US"
    ],
    "prevalence": 0.000953,
    "sites": 70,
    "subdomains": [
        "loader",
        "popup",
        "activity",
        "tracking"
    ],
    "cnames": [],
    "fingerprinting": 2,
    "resources": [
        {
            "rule": "wisepops\\.com\\/get-loader\\.js",
            "cookies": 0.000653,
            "fingerprinting": 2,
            "subdomains": [
                "loader"
            ],
            "apis": {
                "window.localStorage": 50,
                "Document.cookie getter": 49,
                "Date.prototype.getTime": 51,
                "Document.cookie setter": 48,
                "Navigator.prototype.cookieEnabled": 51,
                "Intl.DateTimeFormat.prototype.resolvedOptions": 51,
                "window.innerHeight": 50,
                "window.sessionStorage": 1
            },
            "sites": 71,
            "prevalence": 0.000966,
            "cnames": [],
            "responseHashes": [
                "aa152c6c7f27b5f5ce5546cba29f52200f530d1f10be9f4d9d8a1f509e2ddd5e",
                "e3b0c44298fc1c149afbf4c8996fb92427ae41e4649b934ca495991b7852b855",
                "c34e8e33e2923d3903371dac80a1987e4c8bdffd0adc64a9106e9fe37fb041ae",
                "d3d7eef09037c98b811165b1793004a5386815b1b8e5562bafeed2380feffe2e",
                "529e680910279c446c494dd3a8cf76a729da610dc5fd6a6d335a3d478c96a9d9",
                "9e529a00a70631dd917127e116fd5a8a30d1329816bab714ce3eac29c5653b27",
                "585826801cdb5ab901cc49bdd1ce1d816d2c13b6e27260f38f4801e5379c3ec8",
                "32de30f412625f8e73aed317406a3a37e005565444171f81452d56790fb39235",
                "af8e3e1b2ffdd2946ea439bcd38c6f56736dc8a1dc9742b6aa14579b3a50c290",
                "ed7222f9ede7f3f4366e2a85af3efb2fc84baa5823e8bbcf97d2e05a73181958",
                "c0150ebd9dec8cd752cbcc043f2c4d7d2e3116ba7261b2be23e72c484950c1ef",
                "09e7d1902b6e5a19915ab595ed42826e582e8f2b172974e83fe0063876650f6f",
                "e8fd8ad9318431313cdd97f9929fe6d83dcf0bb11d62b5325806529840b09452",
                "deae789a19556c3edb2700af3355e06439cd4644e5972fff0dc7a1ce972d293a",
                "ab6f43e61547425b26110137d305bbcf97c61eeb590e9eb771da3b461959ca30",
                "220c810ee0f7d6d0d8636f76218c678c7129280397938f60f70b7c12daa79aa1",
                "f045defaddda172d5f0d037c267b81fd061d3428dadccfedd53203d1a9bbdaca",
                "cdfebacee4919ee07b528977d85d59b6bd2437a99d6909ab7249bc380ca93523",
                "7145c6dd929d62e48dd957c3880e38a62fc1403625dc63b7194eb38fd47ffc68",
                "7216c94c81674244247a10ec56c6ab8baa5bc7c1e8889669526bf02668c8f2e7",
                "68113b798feaf03d305099312cb25d8b46b15027164fb10b9c1180092ecff1f6",
                "8e5dd0d88b09548eb15c2e2a9413da6575c2a6a9f63d31cfe7dbf95f659c8002",
                "e1f56bb8dc0b8ff25dbfc0d956ec2db7407e5e5849916603570b97fb6e9b658a",
                "f1960600d965f38dd7933517606fb4a72a4e7e61e937524b19c7ac2ecea6ab36",
                "7f376788619a47f4685ad82abfe65032799c51d3f7df9e933be6ad7393f6d523",
                "7f5e9488f22e47806e18ef29ebd31e4846e63e9976a6e0484489a57ce7229580",
                "8183210b6afad7184ea6e612cc8b5eb8ee35f5b1cfbd53944c95595905620030",
                "a70ec8a49ff7fc6628d142f02ab9fd9a332661a1543f93e82df4317e314a0aaa",
                "c8b652679836a0b82fb82268390d2c0d6b1dd788eec9c4a56368719ed4d179fd",
                "05fc04c12445e342e4291fb8764569a50019b1b6d34bfe0b2a82cb03f4cc727d",
                "ade636fa869710906e665ca73936f09911186f9d1e1fea39fe029c85c7f4d750",
                "1e21b40aa83d2001ea1aa3df1c82804c3fb3321d0abc4c2af5d375b7df5333e5",
                "dd21c182c64d1461fa6fbceb9624432b6380f939513127b3f3ed94d7d6922e97",
                "50b95446be2ff6ade24f8bcfc9b7904fcb3f72a8017973498181d3c0d26a96a1",
                "59c20c7680b1d01de6150943eaa727fb4bc284569509f55d440c923ae1859b16",
                "339fe6ae5adde720db4519abcca1faf138b225104b1905d81ed2d45c416cc119",
                "0ff58b48c100a5de706419e1013f7635fa77e8034a48478c4ae67e3435e85f24",
                "fd1938a80d0e491db222314a58f878e203f3383f52d0b6b29d4f0690384bf436",
                "f0e60506099342b0765617a2dea93eaa7558b3ca6500555f688783d5fc78e87b",
                "192c38f69e842f45a9856d0e28c6d2c467e4200e2958fc8c206c57c8301b87d5",
                "b52a484116c6fef65f14a46403c36db376d30582e267b311d029f37920caf271",
                "3e17c14f4f0f9e289a925d5ae7a684c4004f0d54e7e17a7ceefaa7f5eeca0c64",
                "f6bc9c0217787698a1ef390d6baf2083bb494390cd4a149f9c91adcb48812899",
                "15a60ef63c21e185f5a4bcb1052068df9cca9f2ff8dc4c9434f857fed8ba8222",
                "ac5c345b07c0b032653c8c5b40743f1228b570e589e7554678837cc0a1b2c51a",
                "7a34fece8318b1a781a8b40533df25c729d0d400bd2ec486371f6ba02825dc85",
                "fbd028438f42d32d0e5a1dcfe4c2ecb8f16801723c14eb1aec74d7bbf2cb3946",
                "04a5e85dc7c499a15fc42038aaf81975cb7ad532ef3a5868a4f051bbdb266281",
                "e0b1e095d56404c8d55ffe4d5c078970ea1873a91dcccc0ceed9e26b3cbdc1c7",
                "51e0f1126881d0d4da4c2fe6702039445b920cfd93f772df14405e62a75a342d",
                "7a2cb561da00c616cc0e01cf8c8b11b1cbb821252b289d91a777d56b837a112f",
                "43c065dfe5ae728c7128df9874e6626b930b2e673d0ecec912e9085c35018ad0"
            ],
            "type": "Script",
            "firstPartyCookies": {
                "wisepops": {
                    "ttl": 63072003,
                    "length": 170,
                    "prevalence": 0.0006397691386257215,
                    "uniqueness": 1
                },
                "wisepops_session": {
                    "ttl": null,
                    "length": 252,
                    "prevalence": 0.0006397691386257215,
                    "uniqueness": 1
                },
                "wisepops_visits": {
                    "ttl": 63072003,
                    "length": 40,
                    "prevalence": 0.0006397691386257215,
                    "uniqueness": 1
                },
                "wisepops_activity_session": {
                    "ttl": null,
                    "length": 89,
                    "prevalence": 0.0006533812479581836,
                    "uniqueness": 1
                },
                "wisepops_props": {
                    "ttl": 63072008,
                    "length": 182,
                    "prevalence": 0.00017695742132200806,
                    "uniqueness": 0.7692307692307693
                }
            },
            "firstPartyCookiesSent": {},
            "exampleSites": [
                "poets.org",
                "sneakit.com",
                "www.laboiterose.fr",
                "www.lesoleil.com",
                "www.emis.com",
                "www.adesa.eu",
                "kidso.bg",
                "thekrazycouponlady.com",
                "www.cabaia.fr",
                "www.homecredit.co.in",
                "www.brickmania.com",
                "www.lalanguefrancaise.com",
                "www.btc-echo.de",
                "shop.prestigeportraits.com",
                "eu.representclo.com",
                "www.sportsgirl.com.au",
                "www.fatquartershop.com",
                "www.platekompaniet.no",
                "www.farmrio.com",
                "www.manucurist.com"
            ]
        },
        {
            "rule": "wisepops\\.com\\/my-wisepop",
            "cookies": 0,
            "fingerprinting": 0,
            "subdomains": [
                "popup"
            ],
            "apis": {},
            "sites": 51,
            "prevalence": 0.000694,
            "cnames": [],