{
    "domain": "wmptctl.com",
    "owner": {},
    "source": [
        "DuckDuckGo-US"
    ],
    "prevalence": 0.00064,
    "sites": 94,
    "subdomains": [
        "pt"
    ],
    "cnames": [],
    "fingerprinting": 1,
    "resources": [
        {
            "rule": "wmptctl\\.com\\/live-feed\\/",
            "cookies": 0.0000953,
            "fingerprinting": 1,
            "subdomains": [
                "pt"
            ],
            "apis": {
                "Date.prototype.getTime": 14
            },
            "sites": 14,
            "prevalence": 0.0000953,
            "cnames": [],
            "responseHashes": [
                "d6fd5311e23bc6e95c86043f43c6cecdb91691899aa04155b034ebfaeb5d0741",
                "b7744cebbb5e4222cd7472378d0c26acbf17914ef96c550ed8e9ae9e280f36ba",
                "f19d90ab0712ddc9ac071d30e22c851cf8f85f939e7f58ce88b81a32ab85c606",
                "cbebf2c2b46793052404b01d072c6baafaac4e91bf1b1bd45b9cbc3c8af11661",
                "6d40f2f4ced38e8f6c861b22e0927bce5149fa4ef7d1e78023a7422c970daae2",
                "939c9e35f21fe86cb9657b03f9db873dc832fdf00537b3e1cd2e09eaa6a84172",
                "e1a7080d243781686e88680a9134f40f20ccbdde6f4a24dc04cac6457710766e",
                "c1a5ac5eaf4ca1a83cfeeb12f1860f956eef9bf59e53f853cbf5ee9c535244de",
                "a44be07b738373958fe40d1038a9657f1646c510a77d847154d2e6df198b6191",
                "82f73fce0c790f50bef21daf37e8ac4ca9ec4709f02025a787d124cfb76820e1",
                "84f6b2c9ea93f78c8d654640c835d4b321c3ef097f3d9f46637f7962c0e88bc9",
                "02838c6c8c1c1a1cf32c54825922a4bab6f38849fb85ecacfc9992e03e8a9c10",
                "c3fd8481a4e37d19b172c16c1c6e82cd63565648b3275d4051f7f95a5e92ff0c"
            ],
            "type": "Document",
            "firstPartyCookies": {},
            "firstPartyCookiesSent": {},
            "exampleSites": [
                "celeb-stalker.com",
                "fuckhub.tv",
                "jerkoffinstructions.org",
                "odir.org",
                "pornstarbyface.com",
                "sexinnz.co.nz",
                "sissyporn.tube",
                "www.famousboard.com",
                "www.foxhq.com",
                "www.free6.com",
                "www.mansurfer.com",
                "www.sadistic-mistress.com",
                "www.shemalewiki.com",
                "www.specialteensx.com"
            ]
        },
        {
            "rule": "wmptctl\\.com\\/natlf\\/lf\\/ch\\/",
            "cookies": 0.000129,
            "fingerprinting": 1,
            "subdomains": [
                "pt"
            ],
            "apis": {
                "Date.prototype.getTime": 15
            },
            "sites": 20,
            "prevalence": 0.000136,
            "cnames": [],
            "responseHashes": [
                "1dd9942a6cfadfe6704f2ec1fdf44f238008b86f22793f4f2d6d4e7b1ae387f0",
                "660d797a8ea96daf8dafc1ed4612dfcacaf46b826653e0cfba45a1440f232cc7",
                "964895268ff71fd6096738a50e383a153321f0fa4f5c0d273197bddec356e22b",
                "6f0b47ca44b824ba354dd8c4ffe6a3ae9446c10957084041409ac116c204d45a",
                "0e03b8be6c6664519518d6d3314a9cee07091f551a55cfd9fbde1ae4ca6d296f",
                "1f8fa82a78d322b7319230bce497d92b6ec9604016f272ed2111c880e0da63a9",
                "ff650071fe0519071b6b331fb8042d3ce4cd7d31743a626aeff4d0853b5303f4",
                "3124cbfbdde956e293cff76a33760f3c15837a77abaac775fc8812a14be00a65",
                "b0221c8d34ea483cde115bf6b4bbd4503e4f742416bddad5c50167cfcbd913f0",
                "84ab634bdf229c9d39ef962ce0b62e7b019e3742ae502ee3f4e88636f689c0f1",
                "91fbd21dfc4a19b39e8c40447a94bed8806040dc45bb3b4b1ecdbab36e6d8784",
                "69009852ee7395057ab8ea0939735037af1190e4bb617f1cc222e6f902b64390",
                "068e3efe7a1070e90aeeb5409e249a0800c67d5236560ff62df7c38e0421b398",
                "8a79a0a2c072d779a16e48dab9d87cd07069a7da95363bb4969934fdcd9c06ab",
                "b8119e9b196721beda288d39a4ddc612f4e5b4ae93289758029faa2c51abf072",
                "18692caf953212b6e391be72738f0910e5694acf94b2f164dbe68aae4422fcc1",
                "dff6e58c0e4612e8aa844762c27c58f16ed2ad68f4c1a441abc970525100436d",
                "05d7f2e0ffd5a5136ba268532118aeda29c13b529cb7c4010d9524f69ead9431"
            ],
            "type": "Document",
            "firstPartyCookies": {},
            "firstPartyCookiesSent": {},
            "exampleSites": [
                "datingsitespot.com",
                "fivestarpornsites.com",
                "grupodeputaria.net",
                "hdporn.pics",
                "hotporn.today",
                "leakxxx.com",
                "musvozimbabwenews.com",
                "nudegirls.wiki",
                "nudepussy.live",
                "oncamchat.com",
                "pixxxels.cc",
                "pussy.surf",
                "sexynudes.tv",
                "sgnow.to",
                "shemale7.com",
                "trikz.co.uk",
                "www.blacktrannynow.com",
                "www.datingpornstar.com",
                "www.lolteentube.com",
                "www.seemyporn.com"
            ]
        },
        {
            "rule": "wmptctl\\.com\\/live-feed\\/fk\\/",
            "cookies": 0.0000817,
            "fingerprinting": 1,
            "subdomains": [
                "pt"
            ],
            "apis": {
                "Date.prototype.getTime": 12
            },
            "sites": 12,
            "prevalence": 0.0000817,
            "cnames": [],
            "responseHashes": [
                "9d41e3209fa4c77e10876ffa42185ce62fe8c4a5f52c1ae47f142fe8c2e06fc4",
                "803a6ec69e413e76f68bd14bab1ccb43f96ccffc077707af53bf5eabbaa340cf",
                "7635b8716d31f0d9f96a94568eeadbe0080f7ba87ddd58befad9b8e45005f1a1",
                "efccd33acb4a262c66c060e1f987068d99a4f4aa252017522c49f7710b532819",
                "9ac15dfbe789245ecd9500b2b6a679c6629f853395b844370f2c736265638104",
                "517795f38dfc518938b68a0bd47b053f6ffd2fe4b54232f6f43d5a7656a27683",
                "1de25b90719cf66835f8f8d7a85c82224339447e7d6289786429bef7e688e40c",
                "3c9046e18f08766d989fbaf5175a6fc6843959a89677ec99388120f6c57ff165",
                "f81cf9bf9e47740513b81700080a842a641c36adb37ae9cdfdbe9dc52fa4b049",
                "a7eabc97e1854894596b4cd59e9d1e684dc0634837162faf7bc11b062921d86e",
                "4c9e5ef01aa64a2dc5f667b8d2340efaaa9071f485a3a85b41626c12067054ad"
            ],
            "type": "Document",
            "firstPartyCookies": {},
            "firstPartyCookiesSent": {},
            "exampleSites": [
                "donkparty.com",
                "mangayuca.com",
                "shooshtime.com",
                "sissyhypno.org",
                "sissyporn.tube",
                "www.camsexvideo.net",
                "www.cartoonpornvideos.com",
                "www.cuckoldplacetube.com",
                "www.gaasuhp.com",
                "www.lesbianpornvideos.com",
                "www.sexoasis.com",
                "www.youngpornvideos.com"
            ]
        },
        {
            "rule": "wmptctl\\.com\\/image-scroller\\/",
            "cookies": 0.0000408,
            "fingerprinting": 1,
            "subdomains": [
                "pt"
            ],
            "apis": {
                "Date.prototype.getTime": 7
            },
            "sites": 7,
            "prevalence": 0.0000476,
            "cnames": [],
            "responseHashes": [
                "c2f0e428ba85a0b4fcecf45a04331535887542d79e4bba773b4b7a76787d16da",
                "9a9716707c12c12f2066d0d3297f4956396498bddf0eb9b9f95ab35ad28a3687",
                "8c4a337a9f650fc6fa09de7f7359445e7dbffd1cb5f99883490529b7ec315a93",
                "85ee0f555f8451efa70721874edff71cfbd24a0d8d2edd2e45f66c2678a887de",
                "2a9d3fbc629ee2e423d684b4ca8ac62946865c21c7ee42d34cfb5d87b27ddbbb"
            ],