{
    "domain": "worldshopping.jp",
    "owner": {},
    "source": [
        "DuckDuckGo-US"
    ],
    "prevalence": 0.0000969,
    "sites": 14,
    "subdomains": [
        "checkout-api",
        "checkout-js",
        "static-contents",
        "checkout-static"
    ],
    "cnames": [],
    "fingerprinting": 2,
    "resources": [
        {
            "rule": "worldshopping\\.jp\\/v1\\/script",
            "cookies": 0,
            "fingerprinting": 1,
            "subdomains": [
                "checkout-api"
            ],
            "apis": {
                "Date.prototype.getTime": 9
            },
            "sites": 9,
            "prevalence": 0.0000623,
            "cnames": [],
            "responseHashes": [
                "898df1d78a4bc3f237c9ffb09f29cd7008841bf4e27cc78da2c29dbcab1abb77",
                "591782c52563c7fe899182113a175831f71151bd2c2bec6a23d2ce978d356eba",
                "45bc082f1dfd429a602dbca845a6802932eb8f7883d0df3c35a7596dc7343c63",
                "0154559af31674bec3c193beba3458a539a0278498c36104a0279d0ed782a1a2",
                "9725058d84eef6fbccffce73e69758f8692bcbd3571d5d53b1ae235049520978",
                "8282daa2ef7ebd607f753053f84b7b944f0c0b171fb93c7584124535121f3c97",
                "f8d7a798641ef535ad6707058d206aa8a2cac766e3daea69890405ac7bf738d1",
                "0fb9f4edf2b64b7faa37cb31577f0ba8c7c44633e924b21706cca1195001ecb5"
            ],
            "type": "Script",
            "firstPartyCookies": {},
            "firstPartyCookiesSent": {},
            "exampleSites": [
                "diskunion.net",
                "kawashima-ya.jp",
                "tower.jp",
                "www.beams.co.jp",
                "www.digimart.net",
                "www.dinos.co.jp",
                "www.dot-st.com",
                "www.mistore.jp",
                "www.nissen.co.jp"
            ]
        },
        {
            "rule": "worldshopping\\.jp\\/v1\\/geolocation",
            "cookies": 0,
            "fingerprinting": 0,
            "subdomains": [
                "checkout-api"
            ],
            "apis": {},
            "sites": 9,
            "prevalence": 0.0000623,
            "cnames": [],
            "responseHashes": [
                "0d568e680034161576aae321316b3551568f4f44f243666506e2a465f32b5b9a"
            ],
            "type": "XHR",
            "firstPartyCookies": {},
            "firstPartyCookiesSent": {},
            "exampleSites": [
                "diskunion.net",
                "kawashima-ya.jp",
                "tower.jp",
                "www.beams.co.jp",
                "www.digimart.net",
                "www.dinos.co.jp",
                "www.dot-st.com",
                "www.mistore.jp",
                "www.nissen.co.jp"
            ]
        },
        {
            "rule": "worldshopping\\.jp\\/checkout-3_5_0\\.js",
            "cookies": 0,
            "fingerprinting": 2,
            "subdomains": [
                "checkout-js"
            ],
            "apis": {
                "Navigator.prototype.userAgent": 8,
                "window.localStorage": 8,
                "Date.prototype.getTime": 8,
                "Navigator.prototype.language": 8,
                "Document.cookie getter": 8,
                "window.sessionStorage": 8,
                "Navigator.prototype.languages": 8,
                "Event.prototype.timeStamp": 8
            },
            "sites": 9,
            "prevalence": 0.0000623,
            "cnames": [],
            "responseHashes": [
                "f0eb687c631d2fc8cf97e6e4ee34d52c16297576af8a71ac93897d186d7fbb84"
            ],
            "type": "Script",
            "firstPartyCookies": {},
            "firstPartyCookiesSent": {},
            "exampleSites": [
                "diskunion.net",
                "kawashima-ya.jp",
                "tower.jp",
                "www.beams.co.jp",
                "www.digimart.net",
                "www.dinos.co.jp",
                "www.dot-st.com",
                "www.mistore.jp",
                "www.nissen.co.jp"
            ]
        },
        {
            "rule": "worldshopping\\.jp\\/v1\\/fetch-html",
            "cookies": 0,
            "fingerprinting": 0,
            "subdomains": [
                "checkout-api"
            ],
            "apis": {},
            "sites": 9,
            "prevalence": 0.0000623,
            "cnames": [],
            "responseHashes": [
                "41dbfa43b31ebc85fe632a2825343f5e08c0466c68687ff18ecab5a1c9628b77",
                "1d1139a1e46f4d240ce38a08584bfdb5402232652986acfcd9f2d058588b6ac9",
                "281749be33f48583ca75f76499b6905b01bf44cb0030b99c94eb444a8152e55f",
                "75d5747751ed2f3b7e80bf90133171a32318688933c3a5e35f45d139099c17e1",
                "22ec977fd6ae97d7bfa681b37c5c545a961c1ab29d6395e4fb1558d69b16d47d",
                "0d00a29c848a18f5631029e6eed71e232fd244e5cb6e14d2191f16b6dec2f584",
                "bca7e9dec34e39bbe759ee14b60fee178c9d114d9fcd64ab017ea1fce8789086",
                "48cf716327e0d2bb4044c5c4c4b5105ea716b4cb54603be5889d4340a75b3c3f"
            ],
            "type": "XHR",
            "firstPartyCookies": {},
            "firstPartyCookiesSent": {},
            "exampleSites": [
                "diskunion.net",
                "kawashima-ya.jp",
                "tower.jp",
                "www.beams.co.jp",
                "www.digimart.net",
                "www.dinos.co.jp",
                "www.dot-st.com",
                "www.mistore.jp",
                "www.nissen.co.jp"
            ]
        },
        {
            "rule": "worldshopping\\.jp\\/checkoutjs\\/images\\/common\\/icon_arrow\\.svg",
            "cookies": 0,
            "fingerprinting": 0,
            "subdomains": [
                "static-contents"
            ],
            "apis": {},
            "sites": 9,
            "prevalence": 0.0000623,
            "cnames": [],
            "responseHashes": [
                "9d8ead407e87b21c3da1f3a48e8e4b4d96069cfb3d76b5798595fd61272abb13"
            ],
            "type": "Image",
            "firstPartyCookies": {},
            "firstPartyCookiesSent": {},
            "exampleSites": [
                "diskunion.net",
                "kawashima-ya.jp",
                "tower.jp",
                "www.beams.co.jp",
                "www.digimart.net",
                "www.dinos.co.jp",
                "www.dot-st.com",
                "www.mistore.jp",
                "www.nissen.co.jp"
            ]
        },
        {
            "rule": "worldshopping\\.jp\\/checkoutjs\\/images\\/common\\/icon_close\\.svg",
            "cookies": 0,
            "fingerprinting": 0,
            "subdomains": [
                "static-contents"
            ],
            "apis": {},
            "sites": 9,
            "prevalence": 0.0000623,
            "cnames": [],
            "responseHashes": [
                "3cdea23f87026d20d0b28aeb191c7775253051c8343ee5ed1cd42777bc8f15aa"
            ],
            "type": "Image",
            "firstPartyCookies": {},
            "firstPartyCookiesSent": {},
            "exampleSites": [
                "diskunion.net",
                "kawashima-ya.jp",
                "tower.jp",
                "www.beams.co.jp",
                "www.digimart.net",
                "www.dinos.co.jp",
                "www.dot-st.com",
                "www.mistore.jp",
                "www.nissen.co.jp"
            ]
        },
        {
            "rule": "worldshopping\\.jp\\/checkoutjs\\/images\\/common\\/icon_arrow_down_wh\\.svg",
            "cookies": 0,
            "fingerprinting": 0,
            "subdomains": [
                "static-contents"
            ],
            "apis": {},
            "sites": 9,
            "prevalence": 0.0000623,
            "cnames": [],
            "responseHashes": [
                "b62b393adf226dc3f8ed6155f1ab5e67cdc29557d1dc7f841df02d8b7c97cbe2"
            ],