{
    "domain": "wpnjs.com",
    "owner": {},
    "source": [
        "DuckDuckGo-US"
    ],
    "prevalence": 0.000465,
    "sites": 65,
    "subdomains": [
        "js"
    ],
    "cnames": [],
    "fingerprinting": 1,
    "resources": [
        {
            "rule": "wpnjs\\.com\\/pn\\.php",
            "cookies": 0.000157,
            "fingerprinting": 1,
            "subdomains": [
                "js"
            ],
            "apis": {
                "Navigator.prototype.userAgent": 26,
                "Document.cookie getter": 22,
                "Document.cookie setter": 22
            },
            "sites": 32,
            "prevalence": 0.000229,
            "cnames": [],
            "responseHashes": [
                "86f36a03a35453b19239c955a72506aeb9a8df94758a248ad7dbb567184b75bd"
            ],
            "type": "Script",
            "firstPartyCookies": {
                "pn-zone-3440403": {
                    "ttl": 3888001,
                    "length": 13,
                    "prevalence": 0.000007149904906264747,
                    "uniqueness": 1
                },
                "pn-zone-3569339": {
                    "ttl": 3888002,
                    "length": 13,
                    "prevalence": 0.000007149904906264747,
                    "uniqueness": 1
                },
                "pn-zone-3599727": {
                    "ttl": 3888004,
                    "length": 13,
                    "prevalence": 0.000014299809812529493,
                    "uniqueness": 1
                },
                "pn-zone-3303404": {
                    "ttl": 3888002,
                    "length": 13,
                    "prevalence": 0.000007149904906264747,
                    "uniqueness": 1
                },
                "pn-zone-3581703": {
                    "ttl": 3888000,
                    "length": 13,
                    "prevalence": 0.000007149904906264747,
                    "uniqueness": 1
                },
                "pn-zone-3475347": {
                    "ttl": 3888000,
                    "length": 13,
                    "prevalence": 0.000007149904906264747,
                    "uniqueness": 1
                },
                "pn-zone-3585133": {
                    "ttl": 3888000,
                    "length": 13,
                    "prevalence": 0.00002144971471879424,
                    "uniqueness": 1
                },
                "pn-zone-3551063": {
                    "ttl": 3888001,
                    "length": 13,
                    "prevalence": 0.000007149904906264747,
                    "uniqueness": 1
                },
                "pn-zone-3569081": {
                    "ttl": 3888002,
                    "length": 13,
                    "prevalence": 0.000014299809812529493,
                    "uniqueness": 1
                },
                "pn-zone-3475341": {
                    "ttl": 3888000,
                    "length": 13,
                    "prevalence": 0.000007149904906264747,
                    "uniqueness": 1
                },
                "pn-zone-3420767": {
                    "ttl": 3888002,
                    "length": 13,
                    "prevalence": 0.000007149904906264747,
                    "uniqueness": 1
                },
                "pn-zone-3521363": {
                    "ttl": 3888006,
                    "length": 13,
                    "prevalence": 0.000007149904906264747,
                    "uniqueness": 1
                },
                "pn-zone-3618947": {
                    "ttl": 3888001,
                    "length": 13,
                    "prevalence": 0.000007149904906264747,
                    "uniqueness": 1
                },
                "pn-zone-3194053": {
                    "ttl": 3888000,
                    "length": 13,
                    "prevalence": 0.000007149904906264747,
                    "uniqueness": 1
                },
                "pn-zone-3505141": {
                    "ttl": 3888001,
                    "length": 13,
                    "prevalence": 0.000007149904906264747,
                    "uniqueness": 1
                },
                "pn-zone-3551873": {
                    "ttl": 3888003,
                    "length": 13,
                    "prevalence": 0.000007149904906264747,
                    "uniqueness": 1
                },
                "pn-zone-3420771": {
                    "ttl": 3888000,
                    "length": 13,
                    "prevalence": 0.000007149904906264747,
                    "uniqueness": 1
                },
                "pn-zone-3420741": {
                    "ttl": 3888007,
                    "length": 13,
                    "prevalence": 0.000007149904906264747,
                    "uniqueness": 1
                }
            },
            "firstPartyCookiesSent": {},
            "exampleSites": [
                "camchickscaps.com",
                "javforme.ninja",
                "publicflashing.me",
                "indiansexfilms.com",
                "xnxxv.mobi",
                "vqporn.com",
                "nudedesigirls.net",
                "hd-teen-xxx.com",
                "xxxhub.cc",
                "pantiesless.com",
                "gotjav.com",
                "x24.video",
                "englishporn.site",
                "hclips.me",
                "bestjavs.com",
                "xxxsex.rocks",
                "www.crossdresserhub.com",
                "pretty.porn",
                "creampiepornvids.com",
                "hotdesigirlsfuck.com"
            ]
        },
        {
            "rule": "wpnjs\\.com\\/worker\\.php",
            "cookies": 0,
            "fingerprinting": 0,
            "subdomains": [
                "js"
            ],
            "apis": {},
            "sites": 14,
            "prevalence": 0.0001,
            "cnames": [],
            "responseHashes": [
                "d9fbc0dc00356f6c0e837c05d66838f37d421b7cbb53d3cc0b23befc6272b619"
            ],
            "type": "Other",
            "firstPartyCookies": {},
            "firstPartyCookiesSent": {},
            "exampleSites": [
                "bestjavs.com",
                "britishporn.site",
                "camchickscaps.com",
                "englishporn.site",
                "gotjav.com",
                "kiaporn.com",
                "mobileporn.cam",
                "pornsearchengine.com",
                "publicflashing.me",
                "vqporn.com",
                "watchporninpublic.com",
                "www.xmaduras.com",
                "x24.video",
                "xxxhub.cc"
            ]
        }
    ],
    "categories": [],
    "performance": {},
    "cookies": 0.0003,
    "types": {
        "Script": 32,
        "Other": 14
    },
    "nameservers": [
        "sec1.rcode0.net",
        "dns2.cloudns.net",
        "dns1.cloudns.net",
        "sec2.rcode0.net"
    ]
}