{
    "domain": "wpnsrv.com",
    "owner": {},
    "source": [
        "DuckDuckGo-US"
    ],
    "prevalence": 0.00152,
    "sites": 220,
    "subdomains": [
        "js"
    ],
    "cnames": [],
    "fingerprinting": 1,
    "resources": [
        {
            "rule": "wpnsrv\\.com\\/pn\\.php",
            "cookies": 0.000623,
            "fingerprinting": 1,
            "subdomains": [
                "js"
            ],
            "apis": {
                "Navigator.prototype.userAgent": 92,
                "Notification.permission": 82,
                "Document.cookie getter": 92,
                "Document.cookie setter": 90
            },
            "sites": 106,
            "prevalence": 0.000733,
            "cnames": [],
            "responseHashes": [
                "86f36a03a35453b19239c955a72506aeb9a8df94758a248ad7dbb567184b75bd"
            ],
            "type": "Script",
            "firstPartyCookies": {
                "pn-zone-3300998": {
                    "ttl": 3888003,
                    "length": 13,
                    "prevalence": 0.000006917925729149372,
                    "uniqueness": 1
                },
                "pn-zone-4182036": {
                    "ttl": 3888004,
                    "length": 13,
                    "prevalence": 0.00010376888593724057,
                    "uniqueness": 1
                },
                "pn-zone-3389741": {
                    "ttl": 3888001,
                    "length": 13,
                    "prevalence": 0.000006917925729149372,
                    "uniqueness": 1
                },
                "pn-zone-3301002": {
                    "ttl": 3888002,
                    "length": 13,
                    "prevalence": 0.000006917925729149372,
                    "uniqueness": 1
                },
                "pn-zone-3498171": {
                    "ttl": 3888001,
                    "length": 13,
                    "prevalence": 0.00004150755437489623,
                    "uniqueness": 1
                },
                "pn-zone-4028064": {
                    "ttl": 3888001,
                    "length": 13,
                    "prevalence": 0.000006917925729149372,
                    "uniqueness": 1
                },
                "pn-zone-4016278": {
                    "ttl": 3888004,
                    "length": 13,
                    "prevalence": 0.000006917925729149372,
                    "uniqueness": 1
                },
                "pn-zone-3319834": {
                    "ttl": 3888004,
                    "length": 13,
                    "prevalence": 0.000006917925729149372,
                    "uniqueness": 1
                },
                "pn-zone-4241450": {
                    "ttl": 3888004,
                    "length": 13,
                    "prevalence": 0.000006917925729149372,
                    "uniqueness": 1
                },
                "pn-zone-3670315": {
                    "ttl": 3888001,
                    "length": 13,
                    "prevalence": 0.000006917925729149372,
                    "uniqueness": 1
                },
                "pn-zone-3199593": {
                    "ttl": 3888000,
                    "length": 13,
                    "prevalence": 0.000020753777187448115,
                    "uniqueness": 1
                },
                "pn-zone-4253308": {
                    "ttl": 3888001,
                    "length": 13,
                    "prevalence": 0.000006917925729149372,
                    "uniqueness": 1
                },
                "pn-zone-3231172": {
                    "ttl": 3888004,
                    "length": 13,
                    "prevalence": 0.000013835851458298743,
                    "uniqueness": 1
                },
                "pn-zone-4518086": {
                    "ttl": 3888002,
                    "length": 13,
                    "prevalence": 0.000006917925729149372,
                    "uniqueness": 1
                },
                "pn-zone-4231538": {
                    "ttl": 3888000,
                    "length": 13,
                    "prevalence": 0.000006917925729149372,
                    "uniqueness": 1
                },
                "pn-zone-3872168": {
                    "ttl": 3888001,
                    "length": 13,
                    "prevalence": 0.000006917925729149372,
                    "uniqueness": 1
                },
                "pn-zone-4183016": {
                    "ttl": 3888000,
                    "length": 13,
                    "prevalence": 0.000006917925729149372,
                    "uniqueness": 1
                },
                "pn-zone-3773393": {
                    "ttl": 3888001,
                    "length": 13,
                    "prevalence": 0.000006917925729149372,
                    "uniqueness": 1
                },
                "pn-zone-3312088": {
                    "ttl": 3888004,
                    "length": 13,
                    "prevalence": 0.000006917925729149372,
                    "uniqueness": 1
                },
                "pn-zone-4022684": {
                    "ttl": 3888000,
                    "length": 13,
                    "prevalence": 0.000006917925729149372,
                    "uniqueness": 1
                },
                "pn-zone-3950664": {
                    "ttl": 3888001,
                    "length": 13,
                    "prevalence": 0.000006917925729149372,
                    "uniqueness": 1
                },
                "pn-zone-4292866": {
                    "ttl": 3888002,
                    "length": 13,
                    "prevalence": 0.000006917925729149372,
                    "uniqueness": 1
                },
                "pn-zone-4518084": {
                    "ttl": 3888005,
                    "length": 13,
                    "prevalence": 0.000006917925729149372,
                    "uniqueness": 1
                },
                "pn-zone-3169187": {
                    "ttl": 3888003,
                    "length": 13,
                    "prevalence": 0.000013835851458298743,
                    "uniqueness": 1
                },
                "pn-zone-3791967": {
                    "ttl": 3888001,
                    "length": 13,
                    "prevalence": 0.000006917925729149372,
                    "uniqueness": 1
                },
                "pn-zone-3765051": {
                    "ttl": 3888002,
                    "length": 13,
                    "prevalence": 0.000006917925729149372,
                    "uniqueness": 1
                },
                "pn-zone-3884584": {
                    "ttl": 3888003,
                    "length": 13,
                    "prevalence": 0.000006917925729149372,
                    "uniqueness": 1
                },
                "pn-zone-3331660": {
                    "ttl": 3888002,
                    "length": 13,
                    "prevalence": 0.000013835851458298743,
                    "uniqueness": 1
                },
                "pn-zone-4112472": {
                    "ttl": 3888004,
                    "length": 13,
                    "prevalence": 0.000006917925729149372,
                    "uniqueness": 1
                },
                "pn-zone-3854855": {
                    "ttl": 3888001,
                    "length": 13,
                    "prevalence": 0.000006917925729149372,
                    "uniqueness": 1
                },
                "pn-zone-3724333": {
                    "ttl": 3888004,
                    "length": 13,
                    "prevalence": 0.000013835851458298743,
                    "uniqueness": 1
                },
                "pn-zone-3898280": {
                    "ttl": 3888001,
                    "length": 13,
                    "prevalence": 0.000006917925729149372,