{
    "domain": "wsknow.net",
    "owner": {},
    "source": [
        "DuckDuckGo-US"
    ],
    "prevalence": 0.00015,
    "sites": 22,
    "subdomains": [],
    "cnames": [],
    "fingerprinting": 0,
    "resources": [
        {
            "rule": "wsknow\\.net\\/jssdk\\/track\\/",
            "cookies": 0,
            "fingerprinting": 0,
            "subdomains": [],
            "apis": {},
            "sites": 12,
            "prevalence": 0.0000817,
            "cnames": [],
            "responseHashes": [
                "47647cdfb84803f6f99865c6ff60bae3ebdcde772bc370c540013327ec0b97b2",
                "793c54ba3da19cc14d0c944a637ffddc7813a3482f418212d896c824ce20ea5e",
                "11e94f4207c5bfbd444dea04495572b59005582356a1f038e70e6b63b860ad9b",
                "150093060cd230387592345af172157adf1ab76fcdb641ef07dff6d5aee4726c",
                "54b1e661b45d9ecdfd88d3f72010091d265a4c4309738179bf8b6030f2d7098d",
                "38d1652ebcb0b1b18c080b2dac97d75c6f57963bc7f0484765d7221f8a1d32c7",
                "369f750624aaf0a618eac9dd99712adda7bc47a5eaf9c9ea0a52280157fc3574",
                "474a8ec0df60f465f4a975e1d4b48e7045eb9229c0766d53c46cf24cdd61027e",
                "8aca8970e5d5f36402077031a053efb4f09678c20c13478ef87c7a2879f785cd",
                "3530849e5e21a1d3a23c617d8bb69832f332d8a6c523aaca43904cc7027fe5ab",
                "bb618acd8773927f85dffb26f309856cd0a4f2374fe892c2b95d58c542ae9713"
            ],
            "type": "XHR",
            "firstPartyCookies": {},
            "firstPartyCookiesSent": {},
            "exampleSites": [
                "vpnmentor.com",
                "es.vpnmentor.com",
                "nl.vpnmentor.com",
                "pt.safetydetectives.com",
                "pt.vpnmentor.com",
                "ru.safetydetectives.com",
                "ru.vpnmentor.com",
                "ru.wizcase.com",
                "www.safetydetectives.com",
                "www.vpnmentor.com",
                "www.websiteplanet.com",
                "www.wizcase.com"
            ]
        }
    ],
    "categories": [],
    "performance": {},
    "cookies": 0,
    "types": {
        "XHR": 12
    },
    "nameservers": [
        "ns37.domaincontrol.com",
        "ns38.domaincontrol.com"
    ]
}