{
    "domain": "www.uz",
    "owner": {},
    "source": [
        "DuckDuckGo-US"
    ],
    "prevalence": 0.00034,
    "sites": 25,
    "subdomains": [
        "cnt0"
    ],
    "cnames": [],
    "fingerprinting": 0,
    "resources": [
        {
            "rule": "www\\.uz\\/counter\\/collect",
            "cookies": 0,
            "fingerprinting": 0,
            "subdomains": [
                "cnt0"
            ],
            "apis": {},
            "sites": 19,
            "prevalence": 0.000259,
            "cnames": [],
            "responseHashes": [
                "3d8cf44396eb3eee23b58f532e5514e1007975a15ff2d8cb0be42e1b1c7487bd",
                "a1bea59870b3ae0e252123b528550ff161a8fb2b561bc9d977cd716ae3b35d36",
                "7ea5b488bc9becb50d16fc8e9b022d693ca458cae89fe1e4edacbabde421b36e",
                "2bdc5acf6c1efbe88587194a1739724fe6f9166fbd4e3cf71e3e2628695e9362",
                "b3aea0dbc1410355dcaab7cec048be4479056a80f670232971970129b5362904",
                "24729b86f648d9f5c99670ed5a5147ad439a576a91ce42461876c8d546eab76c",
                "63f7c7884e114f1dfeda00451b9746d7940cb6e8fff1c19a1dde4f43e8e6ff66",
                "5f25f49e57f2c1af9b5d9ee8b31f452635a8ea4743fa061d01acea943dd03e89",
                "61aa6448c186515a84c7bb53e9e4ac84d3d6531f28d83a27abf0ad61707879ba",
                "ee829b5a5ac14c112b36e1abd90133377a20307a74c5e36d18fd8c61e9977bc4",
                "a4bc17895b92341a8dcecbecddbb777e6d1d2af6fb849e0a2f82ee49e58f7220",
                "9d7eacc47e70b14026ecde059b9c4b1e4cc43a14d3ddeea858bec87c0767b09c",
                "3d11240dcf3f9d1fa03d466076f5d06a1875c12e5f0be42a27635ed975afb832",
                "3917fc2396d586912eac6ae665ec8910dcc9e56c59c68e125f2f1e1e8c369a0a",
                "8e8f16f0b775249cdaca4d5717cfdbb9b521346542274250f59cb16b001a4591",
                "fba941fde134ecf5c96c8e92ba7bd90937cd52bbce223d61b2697eef0b0bce6f",
                "0e5961d8e9211a3c1f786119439162310bfbb0d13c7b85a8c6e8f934b5f72ad1",
                "90fe4667b7d42027607de14db3618ff95136347971b70eb3254087d145ecb983"
            ],
            "type": "Image",
            "firstPartyCookies": {},
            "firstPartyCookiesSent": {},
            "exampleSites": [
                "arxiv.uz",
                "asilmedia.org",
                "championat.asia",
                "championat.uz",
                "daryo.uz",
                "e-avtomaktab.uz",
                "glotr.uz",
                "m.tribuna.uz",
                "moodle.jdpu.uz",
                "moodle.tma.uz",
                "my.gov.uz",
                "mover.uz",
                "onside.uz",
                "online-mahalla.uz",
                "pedkadr.tdi.uz",
                "qalampir.uz",
                "tashkent.hh.uz",
                "uzmovi.org",
                "xarid.uzex.uz"
            ]
        },
        {
            "rule": "www\\.uz\\/plugins\\/top_rating\\/count\\/cnt\\.png",
            "cookies": 0,
            "fingerprinting": 0,
            "subdomains": [],
            "apis": {},
            "sites": 6,
            "prevalence": 0.0000817,
            "cnames": [],
            "responseHashes": [
                "02f6059ab44312b024c384257226f0a568d53ca761563173371a61188fddd15b",
                "0e950f58f25c470e48778c141b034bce586712391c14b3ea46382be64d2cd933",
                "cebfa5ec83c2169276713ae983be6cff45bdc62d8f8cdb62e4fb0a602984accc",
                "fc98a9ff5e3f8507d4444e709a77c49f4f687e8cc4d2123af1cd37f72e272842",
                "924d1be05b7894ac9379c915c5602e72f0cfef4e3128b5c353541ca244c96beb"
            ],
            "type": "Image",
            "firstPartyCookies": {},
            "firstPartyCookiesSent": {},
            "exampleSites": [
                "lex.uz",
                "m.aniq.uz",
                "m.stadion.uz",
                "savollar.islom.uz",
                "sirtqi.qarshidu.uz",
                "stadion.uz"
            ]
        }
    ],
    "categories": [],
    "performance": {},
    "cookies": 0,
    "topInitiators": [
        {
            "domain": "first party",
            "prevalence": 1
        }
    ],
    "types": {
        "Image": 25
    },
    "nameservers": [
        "rdns1.dc.uz",
        "ns1.dc.uz"
    ]
}