{
    "domain": "xtremepush.com",
    "owner": {},
    "source": [
        "DuckDuckGo-US"
    ],
    "prevalence": 0.000125,
    "sites": 18,
    "subdomains": [
        "api",
        "sdk.us"
    ],
    "cnames": [],
    "fingerprinting": 0,
    "resources": [
        {
            "rule": "xtremepush\\.com\\/push\\/api\\/deviceCreate",
            "cookies": 0.000083,
            "fingerprinting": 0,
            "subdomains": [
                "api",
                "sdk.us"
            ],
            "apis": {},
            "sites": 12,
            "prevalence": 0.000083,
            "cnames": [],
            "responseHashes": [
                "59c35e9918174a2e3ed7c15349aa846f46872423b0a9e2484954c33346b09272",
                "31cd3562c1b8d7383c08924d532e7a9d989920d7bd3251046d924c3da002ea66",
                "5ee8bbc5ee6efee1210eff70da3fa1f6975c1b7b5580a4f7d8ba00a1e99daef5",
                "c97ba3364f3858d82417da7e7f086d49fe20f950913dd828278726dc63e6ef6f",
                "0d0c5db79c4f9c65e59a458f8927923febbf2afe207a70f2bc59b58d10a66531",
                "6e3fc2cdd4565e817d519a381164aff34d4fd6ff179cf0b24564fb76852fca3a",
                "a437f4453aa848945959c8effa70bf46c4dcfa03013da6c3b109f554ac63a60a",
                "0ce6a2bd6b0c238bcad80ef19375df67ee1a5986b30930ee6b8f4fbaa11d2794",
                "f367289004ca59c2532d0498cfa2f3c3ce744223e0af0a150d9c24d03169f1f6",
                "6ccc5f3065aeff8c4032704abfa6be61c6382e80176f3a3714d9d852ee86479b",
                "4862292df7bfead6c932df52bbc99d236c5d2e4896b1da3d53dc30748f64238d"
            ],
            "type": "XHR",
            "firstPartyCookies": {},
            "firstPartyCookiesSent": {},
            "exampleSites": [
                "dhgate.com",
                "ca.dhgate.com",
                "entertainment.ie",
                "uk.dhgate.com",
                "www.betonline.ag",
                "www.betus.com.pa",
                "www.casino.org",
                "www.dhgate.com",
                "www.gametwist.com",
                "www.garageclothing.com",
                "www.irishtimes.com",
                "www.wowcher.co.uk"
            ]
        },
        {
            "rule": "xtremepush\\.com\\/push\\/api\\/deviceUpdate",
            "cookies": 0,
            "fingerprinting": 0,
            "subdomains": [
                "api",
                "sdk.us"
            ],
            "apis": {},
            "sites": 11,
            "prevalence": 0.0000761,
            "cnames": [],
            "responseHashes": [
                "33cf9635b62dfc0a9f749b5e6a97c281d10b4791460559460658dc3220e9311f"
            ],
            "type": "XHR",
            "firstPartyCookies": {},
            "firstPartyCookiesSent": {},
            "exampleSites": [
                "dhgate.com",
                "ca.dhgate.com",
                "entertainment.ie",
                "uk.dhgate.com",
                "www.betonline.ag",
                "www.betus.com.pa",
                "www.casino.org",
                "www.dhgate.com",
                "www.gametwist.com",
                "www.garageclothing.com",
                "www.wowcher.co.uk"
            ]
        },
        {
            "rule": "xtremepush\\.com\\/push\\/api\\/tagsHit",
            "cookies": 0,
            "fingerprinting": 0,
            "subdomains": [
                "api",
                "sdk.us"
            ],
            "apis": {},
            "sites": 3,
            "prevalence": 0.0000208,
            "cnames": [],
            "responseHashes": [
                "33cf9635b62dfc0a9f749b5e6a97c281d10b4791460559460658dc3220e9311f"
            ],
            "type": "XHR",
            "firstPartyCookies": {},
            "firstPartyCookiesSent": {},
            "exampleSites": [
                "entertainment.ie",
                "www.garageclothing.com",
                "www.wowcher.co.uk"
            ]
        },
        {
            "rule": "xtremepush\\.com\\/push\\/api\\/eventHit",
            "cookies": 0.0000138,
            "fingerprinting": 0,
            "subdomains": [
                "api",
                "sdk.us"
            ],
            "apis": {},
            "sites": 2,
            "prevalence": 0.0000138,
            "cnames": [],
            "responseHashes": [
                "ed91436df65a32d3279eeef148d78d04bbb1126339fb56b572113478860c0642"
            ],
            "type": "XHR",
            "firstPartyCookies": {},
            "firstPartyCookiesSent": {},
            "exampleSites": [
                "entertainment.ie",
                "www.garageclothing.com"
            ]
        },
        {
            "rule": "xtremepush\\.com\\/push\\/api\\/swActivate",
            "cookies": 0.0000415,
            "fingerprinting": 0,
            "subdomains": [
                "api",
                "sdk.us"
            ],
            "apis": {},
            "sites": 6,
            "prevalence": 0.0000415,
            "cnames": [],
            "responseHashes": [
                "7bbde71e5f3d9e7fbcaccebabcd5064f0de17fd4cb5a3a79dee5db1278d6ac91"
            ],
            "type": "Fetch",
            "firstPartyCookies": {},
            "firstPartyCookiesSent": {},
            "exampleSites": [
                "entertainment.ie",
                "www.casino.org",
                "www.gametwist.com",
                "www.garageclothing.com",
                "www.irishtimes.com",
                "www.wowcher.co.uk"
            ]
        },
        {
            "rule": "xtremepush\\.com\\/push\\/api\\/swActivate",
            "cookies": 0,
            "fingerprinting": 0,
            "subdomains": [
                "api",
                "sdk.us"
            ],
            "apis": {},
            "sites": 6,
            "prevalence": 0.0000415,
            "cnames": [],
            "responseHashes": [],
            "type": "Preflight",
            "firstPartyCookies": {},
            "firstPartyCookiesSent": {},
            "exampleSites": [
                "entertainment.ie",
                "www.casino.org",
                "www.gametwist.com",
                "www.garageclothing.com",
                "www.irishtimes.com",
                "www.wowcher.co.uk"
            ]
        },
        {
            "rule": "xtremepush\\.com\\/push\\/api\\/impressionsHit",
            "cookies": 0,
            "fingerprinting": 0,
            "subdomains": [
                "api"
            ],
            "apis": {},
            "sites": 2,
            "prevalence": 0.0000138,
            "cnames": [],
            "responseHashes": [
                "33cf9635b62dfc0a9f749b5e6a97c281d10b4791460559460658dc3220e9311f"
            ],
            "type": "XHR",
            "firstPartyCookies": {},
            "firstPartyCookiesSent": {},
            "exampleSites": [
                "wowcher.co.uk",
                "www.wowcher.co.uk"
            ]
        }
    ],
    "categories": [],
    "performance": {},
    "cookies": 0.000125,
    "types": {
        "XHR": 30,
        "Fetch": 6,
        "Preflight": 6
    },
    "nameservers": [
        "ns-112.awsdns-14.com",
        "ns-781.awsdns-33.net",
        "ns-1751.awsdns-26.co.uk",
        "ns-1451.awsdns-53.org"
    ]
}