{
    "domain": "yomdel.com",
    "owner": {},
    "source": [
        "DuckDuckGo-US"
    ],
    "prevalence": 0.000184,
    "sites": 27,
    "subdomains": [
        "clients"
    ],
    "cnames": [],
    "fingerprinting": 0,
    "resources": [
        {
            "rule": "yomdel\\.com\\/tools\\/chat_script\\.js",
            "cookies": 0.0000953,
            "fingerprinting": 0,
            "subdomains": [
                "clients"
            ],
            "apis": {},
            "sites": 14,
            "prevalence": 0.0000953,
            "cnames": [],
            "responseHashes": [
                "d4b668306740f5fe0f8788cdb41e1fb06c62500ed5b8d42599effb6600bcbda9",
                "e3b0c44298fc1c149afbf4c8996fb92427ae41e4649b934ca495991b7852b855",
                "e6fec063e986ba92bb7f3337cd641d5e1b5c7557bcc97eb7edbd9b6b8f82502b",
                "8c69afc6a53aa412ebabb50a79047e0b35ee35968525ec001d784ecc44bd23bd",
                "0a42069c07b29d81794947e29f0dc97f5badfd12727e3e41cc0d5b892be7526a",
                "17d26b3c4b296f2bc9829db0237e99cddfaa736a7cfc3770731da4f0655608ec",
                "1fbe5821c62ff893e34cf3c305219dad98ed031e3d73c279b775001efa6b1481",
                "ac243e077da786c2f559ab3f4b66489bca8a4ef74c50b5be21c50a9c6aa1d40e",
                "d00ee6dc8cb027d0a4d02fbd5d692f0cd90c55be1b662cbdf52f037cde139ee5",
                "4ffbccc10b0c622508dfffd87cdc0b17daa12846a5275f8752dcaad0842309b1",
                "13e30ce40b4e3f427b7108f60984021756c7804f9d8d8ad446bcf12abe46e9c7",
                "a4b0dc8649eb576b03b5535a1a87bcf5ca287bfad4c3d6744470831cae997277",
                "23a3cf09731fa115fe2b64cc7dc5b1bcfd591116b8ef1832f1a62b136f5262a8"
            ],
            "type": "Script",
            "firstPartyCookies": {},
            "firstPartyCookiesSent": {
                "_hjTLDTest": 0.000006806378938341013
            },
            "exampleSites": [
                "manningstainton.co.uk",
                "www.auctionhouse.co.uk",
                "www.belleproperty.com",
                "www.belvoir.co.uk",
                "www.bradleys-estate-agents.co.uk",
                "www.chestertons.co.uk",
                "www.homeinstead.co.uk",
                "www.martinco.com",
                "www.nelsonalexander.com.au",
                "www.northwooduk.com",
                "www.rettie.co.uk",
                "www.safestyle-windows.co.uk",
                "www.sdlauctions.co.uk",
                "www.whitegates.co.uk"
            ]
        }
    ],
    "categories": [],
    "performance": {},
    "cookies": 0.000184,
    "types": {
        "Script": 14
    },
    "nameservers": [
        "chris.ns.cloudflare.com",
        "maria.ns.cloudflare.com"
    ]
}