{
    "domain": "youplay.se",
    "owner": {},
    "source": [
        "DuckDuckGo-US"
    ],
    "prevalence": 0.000129,
    "sites": 18,
    "subdomains": [
        "delivery",
        "player",
        "cdn-c"
    ],
    "cnames": [],
    "fingerprinting": 2,
    "resources": [
        {
            "rule": "youplay\\.se\\/load\\.js",
            "cookies": 0.000107,
            "fingerprinting": 1,
            "subdomains": [
                "delivery"
            ],
            "apis": {
                "Navigator.prototype.userAgent": 15,
                "Navigator.prototype.platform": 14
            },
            "sites": 15,
            "prevalence": 0.000107,
            "cnames": [],
            "responseHashes": [
                "aeca1632e82d96782f01972f32e928e0adc5c69f148ea5050ec25cf25bdf24a8",
                "eae4032d97ae67251de7af783b016bc630d345691d238e29eed26b8d9c5e4878",
                "c9ddd5717e0ff73c10172a7b5fa443b5c2d2886f2c329a401b6a678cf28d230c",
                "fdb51682ac556247f37f2c15d25390fc2d876242c744a62b5cad0534007f00f3",
                "4c57bbb7bc7b181f0573bca86375cb419899283cd28a6e564e3065bdaf6a495c",
                "77241d0b805fc180e98d95e752c401620b22194db8b0f7eb2927d7950def59f9",
                "7123e198800a21b36428dcb0985c1d8e13447b1906a1d8ebb69eae088127ae86",
                "6300553d94835f65ff06046b9b0e4489c06a6b8f66f4076206a3d01056d58b78",
                "edbfd8e68bc8ad04e0e90036f1dfda81affb48a0fd4590f5cc7770216bb434c9",
                "8abdd5989196d846488ebd7bdc8f3cd2d1552275ef51f3d137e60c7f5d1f6a76",
                "3d172c48946a97f5b633becce33735842c483f82b013120e9f0efd40bcc7f9cb",
                "1f7adacce018379fd598dfa1843bfdff36c307b7f4e0cc4a1d38e7d058e1b316",
                "662a9ff47e67a32292874f4a7027f171025507c829de8b2f72baa3307bafa38c",
                "a1e62f846b985fdadb481b1f48d5714592785346259e626cf2425702f4db6d82"
            ],
            "type": "Script",
            "firstPartyCookies": {},
            "firstPartyCookiesSent": {},
            "exampleSites": [
                "ls24.fi",
                "svenskanamn.se",
                "viivilla.se",
                "www.babyhjalp.se",
                "www.bt.se",
                "www.budstikka.no",
                "www.cafe.se",
                "www.como.fi",
                "www.hameensanomat.fi",
                "www.kalender.se",
                "www.lav-det-selv.dk",
                "www.mitti.se",
                "www.stara.fi",
                "www.thelocal.de",
                "www.thelocal.se"
            ]
        },
        {
            "rule": "youplay\\.se\\/assets\\/formats\\/0\\.0\\.399\\/css\\/up\\.min\\.css",
            "cookies": 0,
            "fingerprinting": 0,
            "subdomains": [
                "player"
            ],
            "apis": {},
            "sites": 15,
            "prevalence": 0.000107,
            "cnames": [],
            "responseHashes": [
                "ecc8b036be9a46d60de75e70e852ec26836f02722bca12e034656d9ecf814fde"
            ],
            "type": "Stylesheet",
            "firstPartyCookies": {},
            "firstPartyCookiesSent": {
                "get_top_level_domain_cookie": 0.000014299809812529493
            },
            "exampleSites": [
                "ls24.fi",
                "svenskanamn.se",
                "viivilla.se",
                "www.babyhjalp.se",
                "www.bt.se",
                "www.budstikka.no",
                "www.cafe.se",
                "www.como.fi",
                "www.hameensanomat.fi",
                "www.kalender.se",
                "www.lav-det-selv.dk",
                "www.mitti.se",
                "www.stara.fi",
                "www.thelocal.de",
                "www.thelocal.se"
            ]
        },
        {
            "rule": "youplay\\.se\\/assets\\/formats\\/0\\.0\\.399\\/js\\/up\\.min\\.js",
            "cookies": 0,
            "fingerprinting": 2,
            "subdomains": [
                "player"
            ],
            "apis": {
                "Date.prototype.getTime": 15,
                "Navigator.prototype.userAgent": 15,
                "Navigator.prototype.maxTouchPoints": 15,
                "Navigator.prototype.connection": 11,
                "Event.prototype.timeStamp": 10,
                "Navigator.prototype.platform": 1,
                "Navigator.prototype.appName": 1,
                "Navigator.prototype.appVersion": 1,
                "Navigator.prototype.language": 1,
                "window.devicePixelRatio": 1,
                "Screen.prototype.width": 1,
                "Screen.prototype.height": 1,
                "HTMLMediaElement.prototype.canPlayType": 1
            },
            "sites": 15,
            "prevalence": 0.000107,
            "cnames": [],
            "responseHashes": [
                "9f8bd86c7a9464ebb30e96548bfbd28149c958bfb270a730dad22e9a069f55b2"
            ],
            "type": "Script",
            "firstPartyCookies": {},
            "firstPartyCookiesSent": {
                "get_top_level_domain_cookie": 0.000014299809812529493
            },
            "exampleSites": [
                "ls24.fi",
                "svenskanamn.se",
                "viivilla.se",
                "www.babyhjalp.se",
                "www.bt.se",
                "www.budstikka.no",
                "www.cafe.se",
                "www.como.fi",
                "www.hameensanomat.fi",
                "www.kalender.se",
                "www.lav-det-selv.dk",
                "www.mitti.se",
                "www.stara.fi",
                "www.thelocal.de",
                "www.thelocal.se"
            ]
        },
        {
            "rule": "youplay\\.se\\/api\\/v2\\/templatedata",
            "cookies": 0.0001,
            "fingerprinting": 0,
            "subdomains": [
                "delivery"
            ],
            "apis": {},
            "sites": 14,
            "prevalence": 0.0001,
            "cnames": [],
            "responseHashes": [
                "5ddc03e0301b966413d2b8144b816887f90a7e95aa3d67a3d1fac0d8e42bbade",
                "9acb3b782c3ae655942e9b4e43baed8a83b162a8781a2bfa26c4775523f7dcb9",
                "09224890184bebbb45c021bd086e5ad3f80b523c9b63841847f84a7a40790c22",
                "e24bc4b0c915a66385ce69bcdae467bfa45bf4f19a11108219f39b1db9538f3e",
                "ebe69c2b2b073ebde31a440b497abb841a6ebffacd9e4a0a589a376a2c27316b",
                "95c87027ec4bb30f06ef3883c136535e9adc40692cbf0cb06925fd19ebdf8649",
                "ca15c9a03b1db0e59839c681b4ae243de7d1c26ab03ea3585da3d7383ae7363c",
                "a58c3702ece7f24c8eae260b79704d3b30b0447337d44bb20953142180d4af1a",
                "4b2aee8acf7c4d1f97e04910002aa568d8fe84516283d4c584b775258837d356",
                "e65a75c437339659b6cf81f11fbfca752a7b68032df600bbdc50c71760ec0af0",
                "5f42fea552b1c22b4f898959e4c15c2d7cbd595d16428ee586837d05de400561",
                "34f887b98bc3b0234e7abfc861d1f4746841755c690493833c85a3b628847ed7",
                "5e326ba015a1c30387efda1d11e799836083e01a10fa32d23d45263c439c71ed"
            ],
            "type": "XHR",
            "firstPartyCookies": {},
            "firstPartyCookiesSent": {},
            "exampleSites": [
                "ls24.fi",
                "svenskanamn.se",
                "www.babyhjalp.se",
                "www.bt.se",
                "www.budstikka.no",
                "www.cafe.se",
                "www.como.fi",
                "www.hameensanomat.fi",
                "www.kalender.se",
                "www.lav-det-selv.dk",
                "www.mitti.se",
                "www.stara.fi",
                "www.thelocal.de",
                "www.thelocal.se"
            ]
        },
        {
            "rule": "youplay\\.se\\/api\\/v2\\/videodata",
            "cookies": 0.0000786,
            "fingerprinting": 0,
            "subdomains": [
                "delivery"
            ],