{
    "domain": "youradexchange.com",
    "owner": {},
    "source": [
        "DuckDuckGo-US"
    ],
    "prevalence": 0.000667,
    "sites": 98,
    "subdomains": [],
    "cnames": [],
    "fingerprinting": 0,
    "resources": [
        {
            "rule": "youradexchange\\.com\\/script\\/suurl4\\.php",
            "cookies": 0,
            "fingerprinting": 0,
            "subdomains": [],
            "apis": {},
            "sites": 50,
            "prevalence": 0.00034,
            "cnames": [],
            "responseHashes": [
                "bc7b76c7c145733e80a3cb5f71fdcb6cdd83710e4b266af3035c5b3297e58b18",
                "e291387e80ea5743b9f91dfb6e2149f12b244dbc7c754f31d89eb0f9a50884fb",
                "0fc0d1906287c81b9052440a63da3eb9780a617e06c13dc0070fdf8514b99dd0",
                "6b0b13bb9cb79654fa37cbda6742e95c4ecff44107482e5923f25fc1474e8d80",
                "bd2ceeec57c3a92893deb25eb15ff31377b4f0021039e082ebca5eeaffcd0bd0",
                "38ffb99ff911c43158bf44325b562830a833721f71add33fce788971fed9857c",
                "c3109d3417f09bcba3d5bfb882dcbf3c4ecaeaa5203f30f76f8d5652a14d4c13",
                "ba1317a24ca98970b6ee8c490e45f6ccf7f33449bfc3b47ec412754efb294299",
                "35450e7a0a0bd5a766c1b3f0cd643478384124098ab43b22ebf64d18dda8f3e0",
                "e373e1f16e5a1adb1c49bd845a6f3ef304554d16de4c34c1963525a919e6b8fe",
                "3d15f6ebfc9a9149945371a440555db1d174755657b8f9b629ec7f84f4df3e23",
                "2dfba01cdb5e9bffec2bee3ea382ae8ee48a47c0fc587ae6f214238a6e3ec581",
                "60edac999bbe4020d0990856a9abe45f40dd344a4ba9031a872c5823af25d89a",
                "f558e1cc129bfbc78b57e05033517876ad850f55ae5948b35f87bbc5594ae206",
                "006b472be18df28595f54f091e0375dd3465a77af6547932a4317d2297bd89e7",
                "644b43be04771f6b2dc0a09a97a9a0a66a26e2b3d6b7bbf38fc22b69423630cb",
                "b0828aedd05c3d06ba21891ae7436172d08e17a97abe04efbd1e5e8d659cb970",
                "55a5cb822fbc1945657ea80b393c0795b9e3e5756f1ae2c2117012d172afbb2b",
                "82592e01850a2337affdf527f4b5dd196de67bd5a4436336885386bbd2b8a246",
                "5fe06c37c13ee401bf06167243bd9a691553112e6076ae1287e6d6e1715ddd71",
                "4ecc51363c03b754a5e20b48ad7d3f99536f31083371bf55d04c75260ba77344",
                "f2c198f04b0bec65546aff4fcf78ed51110638f8362c1bfa518009b9e6884456",
                "3113f8b53d0f7ea6112cdc82ec9ab652b6f15aa88d311dd90a45d8830b2f0ade",
                "cd53a810328cb9dcb0b2992565cf912a05a13c69285babe434b0cf2a228f9266",
                "a16e802782900a01ddce7a628b40e26aca25e45840bb0070eaab15bd50958611",
                "52093961a8920b15e3e3860062dc2695fea34bde87b2b53b570260f786347440",
                "58f7e3956727537ad80c9d9601dc56d774224fa15f6b0139c220c3c68e827ff9",
                "5069e8ce83ce83035b07fac724b710ca7da6c953d72624982466eb7bc66cd418",
                "25a82c6483b9d09b8afcb950bfa7cc022bc17c1bb5dc44877947c8f7a0c17822",
                "a1a8a2f7ff56e5c188f6caf5141050545b2451fe64a5fb776185409418d726f2",
                "5c2e4c1e8a61e374c82b117345eb02eca57af0350256a8b051b056c63d5761f1",
                "b08ac5b059abff68a19d3bb885d6a06e55308643055fb78e290f30530b73ec45",
                "83c105e4c70e9282affdfd2941b21dac9317133a32186e5d02e04de353d96b47",
                "9f9e860af7bd284a903901ab278a171ccaad88daea840a4822679772a704d93d",
                "bde432044cdd38b50336898981f634e8e89571f23723216a27a4eae326aa2ed4",
                "b6417bb82c14d66e1c387ce76b44f022879c39a9d1041ee136eec92492929a16",
                "44f19757db382f22f13590e4e5bec6009bd63800fc61109770adb276e11b59ae",
                "2203d4e6eb7f9d32a39c70d87beec1e29abfc1f562513b2d29dacf964c408522",
                "38a9ab49150752d11e737297db7e65c10491730ab26efdd7e26e6500e72628d1",
                "a87ab606b4201db7f75423106a7a972b0b32c5d4eb0851eee238a8df9ce13443",
                "98fae72a1b9f6e688cc7d43c1e77b8db25cee7c6426f47ed69482ba36672ebc4",
                "a189b331e867f7fcc38f9276affce03f07e300ff9fe9a6e4e1db22692d1d531c",
                "56bf3d8f704e38e51a349b09b6c7263d9bf252a29047d3efac61ad2390636c19",
                "71f11d402f4197bb64c6d63e199fc58f5207ab5577a8c66462e7e6cc59ddbadb"
            ],
            "type": "Fetch",
            "firstPartyCookies": {},
            "firstPartyCookiesSent": {
                "lotame_domain_check": 0.000006806378938341013
            },
            "exampleSites": [
                "www.mylivecricket.in",
                "crackwatch.eu",
                "torrent-finder.com",
                "mob.touchcric.com",
                "tokentube.net",
                "oceanoffgames.com",
                "6streams.tv",
                "seriesgato.pw",
                "www.worldofmagazine.com",
                "www.torlock.com",
                "f95zonegames.com",
                "eztv.re",
                "w13.mangafreak.net",
                "www.telegratishd.com",
                "vipleague.im",
                "formula1live.org",
                "watchmdh.to",
                "bajeczki.org",
                "forogore.net",
                "www.torrent9.nl"
            ]
        },
        {
            "rule": "youradexchange\\.com\\/ad\\/czcf\\.php",
            "cookies": 0,
            "fingerprinting": 0,
            "subdomains": [],
            "apis": {},
            "sites": 15,
            "prevalence": 0.000102,
            "cnames": [],
            "responseHashes": [
                "cb7fdfb359eda70aba7d0c7f386e21d200b9f6cc64b32bf05aca6e707bd353dc",
                "66d85e7be243c26833ed8cd6c10944ef66ddb9c08912221c655c0dbfcca86a55",
                "884fa09ea09472d91e8f5d588bd5c6a8f34f3bf95971b89fc2b7e79630b228db",
                "e6dcad003f0f600f3e077ab77af042bd3be5b0487c36c4b1057d3cf13d221eee",
                "7ed3d987912e5d87f4ce21ab0f8a2a0e5f2b14d53013a272d569d23f2d129e1e",
                "f6b0e3349e332619c2b1184e4297ac10eef3517ef1d47640412d7f2fc5e2a7ca",
                "e6b127237f167c6b2b91a182ce14c0e0ac1253f193cbf6c04a4da9d15114d4b0",
                "0239a2a71303a4a980919acad9ed30fe4976d59a4780df93f1c869633e508a61",
                "08547ec4975d139fa6f95b3e67c4d72a7531ca9813f6e7545e08d99a572e95bc",
                "2a8e1e1f511c0c23dc181c213a8fbbb9e3e3cd01afc985fae2bcb02061663f3f",
                "521cd56ce468e36f30bac95cf24f35cb5c568152a83755ce1c63a76a955f7351",
                "380fbb455da2d3695b7a34fcbfa4bf020b9afe9647d254acbfb446ac3b681911",
                "3fec204f07ea1d4a00ef95f2eed99b32a8a64c05ee702263ac6c012e7ce15fb5"
            ],
            "type": "Fetch",
            "firstPartyCookies": {},
            "firstPartyCookiesSent": {},
            "exampleSites": [
                "crackwatch.eu",
                "f95zonegames.com",
                "fansonlyfans.club",
                "formula1live.org",
                "fulldp.co",
                "gmanga.org",
                "hornyfanz.com",
                "oceanoffgames.com",
                "tokentube.net",
                "torrent-finder.com",
                "watchmdh.to",
                "watchsomuch.to",
                "www.antarvasnastory.co.in",
                "www.telegratishd.com",
                "www.zonavideosx.com"
            ]
        },
        {
            "rule": "youradexchange\\.com\\/n\\/display\\.php",
            "cookies": 0,
            "fingerprinting": 0,
            "subdomains": [],
            "apis": {},
            "sites": 9,
            "prevalence": 0.0000613,
            "cnames": [],
            "responseHashes": [
                "e3b0c44298fc1c149afbf4c8996fb92427ae41e4649b934ca495991b7852b855"
            ],
            "type": "Script",
            "firstPartyCookies": {},
            "firstPartyCookiesSent": {},