{
    "domain": "zcode11.me",
    "owner": {},
    "source": [
        "DuckDuckGo-US"
    ],
    "prevalence": 0.000136,
    "sites": 10,
    "subdomains": [],
    "cnames": [],
    "fingerprinting": 1,
    "resources": [
        {
            "rule": "zcode11\\.me\\/",
            "cookies": 0.000136,
            "fingerprinting": 1,
            "subdomains": [],
            "apis": {
                "Notification.permission": 7
            },
            "sites": 10,
            "prevalence": 0.000136,
            "cnames": [],
            "responseHashes": [
                "2c28f95f44770fd43e5501f1ad4a7edcc42ca2aeff5c98daf4a13952e657ed8f",
                "02ff83bed4f56be2eada1ad57f070677cd4473e8fc3bd3930aa77a25d28953c2",
                "0e5759cb8b6e0984cbb1b7fab7d1c89cde04e7263be89fb4182c26fcf184a0b2",
                "c86ab194f66ecc831d4cef6bdad78e644b3d78262b5a65360469ef2d7d8ead5a",
                "55790c77d45994e92841611436eb506e6be8bc9d274750732ec6e2a59388cfb1",
                "835777fa0b2dbf569a22eb34fa57e8f57ca48f7ff7bade4330e208768e45ee46",
                "998aeb7f2778962d6d19ac6c268d1962342185cab235c7faaf7dc082329ef063",
                "f8866aaca7545cd6be7252d6412d7d2bbb72fb33982d73075264380cbb37be99",
                "b8d9d798cfce245f392a7c1ad5c8c165e18f0b5a949794df251e500eca9b8112"
            ],
            "type": "Script",
            "firstPartyCookies": {},
            "firstPartyCookiesSent": {},
            "exampleSites": [
                "5mod.ru",
                "kinoukr.com",
                "lenov.ru",
                "matures.porn",
                "pornobolt.cc",
                "rusvideos.mobi",
                "rusvideos.org",
                "savemusic.me",
                "xn--c1aem.cc",
                "xn--e1afbhndhuj1b.com"
            ]
        },
        {
            "rule": "zcode11\\.me\\/sw\\/w_2\\.js",
            "cookies": 0,
            "fingerprinting": 0,
            "subdomains": [],
            "apis": {},
            "sites": 2,
            "prevalence": 0.0000272,
            "cnames": [],
            "responseHashes": [
                "3af6904d1a00c8021db9d2061f49eb68078119f8bba2cdbd47b9e79d3e4181f0"
            ],
            "type": "Other",
            "firstPartyCookies": {},
            "firstPartyCookiesSent": {},
            "exampleSites": [
                "rusvideos.mobi",
                "rusvideos.org"
            ]
        }
    ],
    "categories": [],
    "performance": {},
    "cookies": 0.000136,
    "topInitiators": [
        {
            "domain": "first party",
            "prevalence": 0.75
        },
        {
            "domain": "rusvideos.org",
            "prevalence": 0.16666666666666666
        },
        {
            "domain": "xn--c1aem.fun",
            "prevalence": 0.08333333333333333
        }
    ],
    "types": {
        "Script": 10,
        "Other": 2
    },
    "nameservers": [
        "tani.ns.cloudflare.com",
        "michael.ns.cloudflare.com"
    ]
}