{
    "domain": "zmctrack.net",
    "owner": {},
    "source": [
        "DuckDuckGo-US"
    ],
    "prevalence": 0.000136,
    "sites": 10,
    "subdomains": [
        "s",
        "m"
    ],
    "cnames": [],
    "fingerprinting": 0,
    "resources": [
        {
            "rule": "zmctrack\\.net\\/z",
            "cookies": 0,
            "fingerprinting": 0,
            "subdomains": [
                "s",
                "m"
            ],
            "apis": {},
            "sites": 10,
            "prevalence": 0.000136,
            "cnames": [],
            "responseHashes": [
                "17c7fed2de5a277cc7d67dd3d6d4f162d6be53579eb2e2c8b3b879e026a0fa34",
                "ae5fe5b6271b9e873dd044dd84ed79235049a93f57365f0e9fc666a17eb8eaba",
                "6c98e9e44629ce300832cebaa0fb6bcbb009fc6197eeaaa7965754ca5da92c7b",
                "5f6e89ca29aaab76fa9aae4ec88a9ee7cf4d92bb8a5dc02125ebeadfca1e4c75",
                "a4969316365c3bdcf05940ea448af2e156d4b9cacf95b4d465bf4a5bd3865658",
                "c51c7a1db29afe51318c3d8ba87722bd3e81401250cef0284bd723460dd91852",
                "f4104debc0b298ae11eaf407576cb4733a22b3fca10539368b56777740e52047",
                "c642437daf552055c9554ee5c01758e4b0fc77fa4d8cf9ff03e38b031a108c2e"
            ],
            "type": "XHR",
            "firstPartyCookies": {},
            "firstPartyCookiesSent": {},
            "exampleSites": [
                "allboxing.ru",
                "football24.ua",
                "news.liga.net",
                "sinoptik.ua",
                "ua.sinoptik.ua",
                "www.epravda.com.ua",
                "www.eurointegration.com.ua",
                "www.liga.net",
                "www.pravda.com.ua",
                "www.vsetv.com"
            ]
        }
    ],
    "categories": [],
    "performance": {},
    "cookies": 0,
    "topInitiators": [
        {
            "domain": "first party",
            "prevalence": 1
        }
    ],
    "types": {
        "XHR": 10
    },
    "nameservers": [
        "ns1.zmctrack.net",
        "ns2.zmctrack.net"
    ]
}