{
    "domain": "znctrack.net",
    "owner": {},
    "source": [
        "DuckDuckGo-US"
    ],
    "prevalence": 0.000109,
    "sites": 8,
    "subdomains": [
        "s"
    ],
    "cnames": [],
    "fingerprinting": 0,
    "resources": [
        {
            "rule": "znctrack\\.net\\/z",
            "cookies": 0,
            "fingerprinting": 0,
            "subdomains": [
                "s"
            ],
            "apis": {},
            "sites": 8,
            "prevalence": 0.000109,
            "cnames": [],
            "responseHashes": [
                "bd139fdffd879d6208db560dfbafa39dfabec20bb90a054277bbeb2a74985b97",
                "e88ba541f0fa0167f8a3d2ae52454ca9772030a395aec6436379dd01fe93786f",
                "28a8e52ff4db9c09b33bdc9a29ff8597c6da498185c7e0c6c15d10933579fcf2",
                "3fe13ceb766101bfe71c18b1ca55ffcf945c43393188047fe9f9171da31fe70c",
                "76442a2a026f287e5b262b4b51a7141c6a493e63d187883bd157dfe8096fb484",
                "c215bcb7cf522c086b3eb757fd02c23a363c10aa9549e74c44249fd9cf06751d",
                "96fa5886fa7ead10fd478258845dfddb4b9d134916cc34109ae613b96972fec8"
            ],
            "type": "XHR",
            "firstPartyCookies": {},
            "firstPartyCookiesSent": {},
            "exampleSites": [
                "forumodua.com",
                "hvylya.net",
                "m.gazeta.ua",
                "sinoptik.ua",
                "tabloid.pravda.com.ua",
                "ua.sinoptik.ua",
                "www.gismeteo.ua",
                "www.ukr.net"
            ]
        }
    ],
    "categories": [],
    "performance": {},
    "cookies": 0,
    "topInitiators": [
        {
            "domain": "first party",
            "prevalence": 1
        }
    ],
    "types": {
        "XHR": 8
    },
    "nameservers": [
        "ns1.znctrack.net",
        "ns2.znctrack.net"
    ]
}