{
    "domain": "zog.link",
    "owner": {},
    "source": [
        "DuckDuckGo-US"
    ],
    "prevalence": 0.00433,
    "sites": 606,
    "subdomains": [
        "tcimp",
        "btds",
        "in16",
        "ssp"
    ],
    "cnames": [],
    "fingerprinting": 0,
    "resources": [
        {
            "rule": "zog\\.link\\/in\\/banners",
            "cookies": 0.00157,
            "fingerprinting": 0,
            "subdomains": [
                "tcimp"
            ],
            "apis": {},
            "sites": 235,
            "prevalence": 0.00168,
            "cnames": [],
            "responseHashes": [
                "622318c2d644354b282d9bd3df42957ced8ae53878c0e44ca9ab7ad16ef6f3d1",
                "a77e5790260679684f9583811b0943939e4f8664ae0b43901a00730302a464fe",
                "d46513621a52a605ac095767ebd715330d7a2cd71f0077453a7fcfac67827f66",
                "8b7574218872dcd58c54b0aeb52a92ecede21dc71ced548934b13fabf058a87d",
                "488dcc703a0975845a34fc5385f7a36c6863a593c72c7995844d12d2e7d6e695",
                "e3b0c44298fc1c149afbf4c8996fb92427ae41e4649b934ca495991b7852b855",
                "e122ee54f0367d609a30d1fd8897a9c85eae1f778185d2ac89a0bdaf2351c0d0",
                "9fe70787051bd6aaf14d3957dcb16d670a8b32deb9b14481b3105889a4e0da09",
                "c4f4d98b76c861f18601fcb2c64f2fc6629caef39a6a65a6317f09bf6ed3b0b4"
            ],
            "type": "Document",
            "firstPartyCookies": {},
            "firstPartyCookiesSent": {},
            "exampleSites": [
                "jpavxxx.com",
                "masahub.net",
                "operationdisclosureofficial.com",
                "leaklinks.com",
                "wwwxxx.uno",
                "see.xxx",
                "matureanal.pro",
                "www.leaklinks.com",
                "thots.network",
                "www.xpaja.net",
                "www.sextubevista.com",
                "comicmoi.com",
                "bokephub.com",
                "javstory.co",
                "lazymike.com",
                "www.cyberleaks.to",
                "www.classicsexfilms.com",
                "www.gradeuptube.com",
                "javhaven.com",
                "www.amaporn.com"
            ]
        },
        {
            "rule": "zog\\.link\\/in\\/912\\/",
            "cookies": 0.00114,
            "fingerprinting": 0,
            "subdomains": [
                "btds"
            ],
            "apis": {},
            "sites": 172,
            "prevalence": 0.00123,
            "cnames": [],
            "responseHashes": [
                "968b17baf99ffc8097fdbe0d8552113c2f6e7da2a63e3967f24811e2e2e0a312",
                "c61e223ac2f5f587c95c533f8dad391a8d56c0e08a4b986492c728a3d6b69ebe",
                "25b55f6885f7da779a8d4bc89c2d79067916ca07ff12878d9a2a417efd90c56c",
                "87ffa5356ffcd7a48b4962c555d9af171ef776d3da8b1b54105cd6953fcfe0ab",
                "adbe97306929b39be8aef8cfd8bfef80b7449e6f6b6a4bbfe6a894e53c49c689",
                "010ea254e676ef1147485e7b90a52dab94194c6422b76107ee9046cbdfeef2f5",
                "f6d27b414cc33aa86a00e12b182f4c848c7bc00ced50cc381dca806f2d2445c2",
                "f0e043d4e70c1508428ef44a4e2ee61a63a637e61af40d86ad072227ad96cb9d"
            ],
            "type": "Document",
            "firstPartyCookies": {},
            "firstPartyCookiesSent": {
                "lotame_domain_check": 0.00005719923925011797,
                "__PPU___PPU_SESSION_URL": 0.00005004933434385323
            },
            "exampleSites": [
                "sexvibe.me",
                "porno.supply",
                "www.fuqer.com",
                "babenki.info",
                "mydesi.net",
                "www.xpee.com",
                "forum.sexy-egirls.com",
                "hotchicks.tv",
                "uncensoredhentai.moe",
                "www.xtremehard.net",
                "txxxporn.tube",
                "worldporncomix.com",
                "www.zenporn.com",
                "www2.javhdporn.net",
                "allindiansex.asia",
                "7porn.ru",
                "manga21plus.com",
                "xmaster.in",
                "xnxxv.mobi",
                "porngo.tube"
            ]
        },
        {
            "rule": "zog\\.link\\/in\\/859\\/",
            "cookies": 0.000272,
            "fingerprinting": 0,
            "subdomains": [
                "btds"
            ],
            "apis": {},
            "sites": 39,
            "prevalence": 0.000279,
            "cnames": [],
            "responseHashes": [
                "0c13bfbbab81c3b1f9cdfaf0aaf46afbb55c6d943dffa4075f60905b6ec5ae69"
            ],
            "type": "Document",
            "firstPartyCookies": {},
            "firstPartyCookiesSent": {},
            "exampleSites": [
                "shemalepower.xyz",
                "tokthots.com",
                "xxxhot.pro",
                "hindixnxx.pro",
                "www.vkulak.com",
                "younggay.pro",
                "american-porno.com",
                "babesflirt.com",
                "x-n-x-x.pro",
                "abiyelikkumasci.com",
                "bhabhixxx.pro",
                "www.eshentai.tv",
                "porngo.me",
                "xnxx-xxx.pro",
                "stepmomilf.com",
                "wargers.org",
                "mail.american-porno.com",
                "7porn.ru",
                "www.yoindiansex.com",
                "seksohub.com"
            ]
        },
        {
            "rule": "zog\\.link\\/in\\/show\\/",
            "cookies": 0.000329,
            "fingerprinting": 0,
            "subdomains": [
                "in16"
            ],
            "apis": {},
            "sites": 46,
            "prevalence": 0.000329,
            "cnames": [],
            "responseHashes": [
                "44136fa355b3678a1146ad16f7e8649e94fb4fc21fe77e8310c060f61caaff8a"
            ],
            "type": "XHR",
            "firstPartyCookies": {},
            "firstPartyCookiesSent": {},
            "exampleSites": [
                "www.455998a.com",
                "the-moms.com",
                "babesource.com",
                "violetmovies.com",
                "hdzog.com",
                "shemalepower.xyz",
                "xxx2020.pro",
                "www.vkulak.com",
                "hotmovs.com",
                "porno.rocks",
                "vxxx.com",
                "vjav.tube",
                "7porn.ru",
                "5kporn.cc",
                "www.yoindiansex.com",
                "porn555.com",
                "bhabhixxx.pro",
                "porngo.me",
                "porngo.xxx",
                "younggay.pro"
            ]
        },
        {
            "rule": "zog\\.link\\/in\\/dl\\/",
            "cookies": 0.000172,
            "fingerprinting": 0,
            "subdomains": [
                "btds"
            ],
            "apis": {},
            "sites": 24,
            "prevalence": 0.000172,
            "cnames": [],