{
    "domain": "zoho.in",
    "owner": {
        "name": "ZOHO Corporation",
        "displayName": "ZOHO"
    },
    "source": [
        "DuckDuckGo-US"
    ],
    "prevalence": 0.000136,
    "sites": 20,
    "subdomains": [
        "pagesense-collect",
        "salesiq",
        "crm"
    ],
    "cnames": [],
    "fingerprinting": 2,
    "resources": [
        {
            "rule": "zoho\\.in\\/psimg\\.gif",
            "cookies": 0.0000204,
            "fingerprinting": 0,
            "subdomains": [
                "pagesense-collect"
            ],
            "apis": {},
            "sites": 3,
            "prevalence": 0.0000204,
            "cnames": [],
            "responseHashes": [
                "1866961a029c65376fefb7f2ba1e6187e09ff50ea58d97dedfd72c197947d002"
            ],
            "type": "Ping",
            "firstPartyCookies": {},
            "firstPartyCookiesSent": {
                "zabUserId": 0.00002041913681502304,
                "zabVisitId": 0.00002041913681502304,
                "zsc9d20f589b9d248bbacc341f26bdedbfa": 0.000006806378938341013,
                "_uc_referrer": 0.000006806378938341013,
                "_uc_last_referrer": 0.000006806378938341013,
                "zsc98e7d3fdf9f74485b22a3354eb16e41f": 0.000006806378938341013,
                "zscec8bed6254ef4c99bb906a4cc6c0ee30": 0.000006806378938341013
            },
            "exampleSites": [
                "sadhguru.org",
                "www.ishaoutreach.org",
                "www.stanventures.com"
            ]
        },
        {
            "rule": "zoho\\.in\\/widget",
            "cookies": 0.0000545,
            "fingerprinting": 2,
            "subdomains": [
                "salesiq"
            ],
            "apis": {
                "window.sessionStorage": 7,
                "window.localStorage": 7,
                "Navigator.prototype.userAgent": 7,
                "Date.prototype.getTime": 7,
                "Document.cookie getter": 7,
                "Navigator.prototype.language": 7,
                "Screen.prototype.width": 5,
                "Screen.prototype.height": 5,
                "Document.cookie setter": 3
            },
            "sites": 9,
            "prevalence": 0.0000613,
            "cnames": [],
            "responseHashes": [
                "6e6a27b9a0b1c2a0b6b8408ab419a0d2aacf4eb57adc0d7e75015a001f42ba05",
                "75a272248f9d340b1f2374e331955dd895527e05397b604fd303ed1c4aac7969"
            ],
            "type": "Script",
            "firstPartyCookies": {
                "magnetbrainsllc-_zldp": {
                    "ttl": 63072001,
                    "length": 80,
                    "prevalence": 0.000006806378938341013,
                    "uniqueness": 1
                },
                "magnetbrainsllc-_zldt": {
                    "ttl": 86401,
                    "length": 38,
                    "prevalence": 0.000006806378938341013,
                    "uniqueness": 1
                },
                "olivaclinic-_zldp": {
                    "ttl": 63072001,
                    "length": 80,
                    "prevalence": 0.000006806378938341013,
                    "uniqueness": 1
                },
                "olivaclinic-_zldt": {
                    "ttl": 86401,
                    "length": 38,
                    "prevalence": 0.000006806378938341013,
                    "uniqueness": 1
                },
                "zld26247000000002050state": {
                    "ttl": 303,
                    "length": 1,
                    "prevalence": 0.000006806378938341013,
                    "uniqueness": 1
                },
                "stanventures298-_zldp": {
                    "ttl": 31536002,
                    "length": 84,
                    "prevalence": 0.000006806378938341013,
                    "uniqueness": 1
                },
                "stanventures298-_zldt": {
                    "ttl": 86402,
                    "length": 38,
                    "prevalence": 0.000006806378938341013,
                    "uniqueness": 1
                }
            },
            "firstPartyCookiesSent": {},
            "exampleSites": [
                "kfintech.com",
                "sdmis.nios.ac.in",
                "www.collegedekho.com",
                "www.formget.com",
                "www.irjet.net",
                "www.medicoverhospitals.in",
                "www.nios.ac.in",
                "www.olivaclinic.com",
                "www.stanventures.com"
            ]
        },
        {
            "rule": "zoho\\.in\\/visitor\\/v2\\/channels\\/website",
            "cookies": 0.0000545,
            "fingerprinting": 0,
            "subdomains": [
                "salesiq"
            ],
            "apis": {},
            "sites": 8,
            "prevalence": 0.0000545,
            "cnames": [],
            "responseHashes": [
                "511a90eae04e415ca719f0cb807c7818a1e5ac3f0c51cabb0043b208f9ae53e7",
                "0edabfdd799d364d84bc9799d917ee2432271ee8a52e6059b9d1678492ac193d",
                "564d8996819bac6bcb6d964c41cccc72b96dec6887f1fbfa4c1a83bd4c43bc55",
                "3c93f3e9702e4e6a1f4fa48f5b59de653d2f17afd4a4e09d06d21c403feae8c7",
                "94cc25c951e612d6c60bf29010b0048c86ed4994663028d8d0fd5d9e348ce41b",
                "7aaff5bd2ec53ec04760ee211f1506539b8e3940298cca6dd1a49e423c167b78",
                "16790d0f30f9bdf4eaa8e1f9dee81a540f94b7ee57475811893b1c75bdafdbf3"
            ],
            "type": "XHR",
            "firstPartyCookies": {},
            "firstPartyCookiesSent": {},
            "exampleSites": [
                "nios.ac.in",
                "www.collegedekho.com",
                "www.formget.com",
                "www.irjet.net",
                "www.medicoverhospitals.in",
                "www.nios.ac.in",
                "www.olivaclinic.com",
                "www.stanventures.com"
            ]
        },
        {
            "rule": "zoho\\.in\\/crm\\/javascript\\/zcga\\.js",
            "cookies": 0.0000136,
            "fingerprinting": 1,
            "subdomains": [
                "crm"
            ],
            "apis": {
                "Document.cookie getter": 2,
                "Document.cookie setter": 2
            },
            "sites": 2,
            "prevalence": 0.0000136,
            "cnames": [],
            "responseHashes": [
                "d96f4e2562d6e813901bdbd6fc16e2c4a133db6d851991909f0db8bdb5afb3a4"
            ],
            "type": "Script",
            "firstPartyCookies": {
                "gclid": {
                    "ttl": 2592001,
                    "length": 9,
                    "prevalence": 0.000013612757876682026,
                    "uniqueness": 0.5
                }
            },
            "firstPartyCookiesSent": {},
            "exampleSites": [
                "5paisa.com",
                "www.5paisa.com"
            ]
        }
    ],
    "categories": [],
    "performance": {},
    "cookies": 0.000129,
    "types": {
        "Ping": 3,
        "Script": 11,
        "XHR": 8
    },
    "nameservers": [
        "dns3.p03.nsone.net",
        "dns1.p03.nsone.net",
        "ns1.zohocorp.com",
        "dns2.p03.nsone.net",
        "pdns90.ultradns.com",
        "pdns90.ultradns.net",
        "pdns90.ultradns.org"
    ]
}