{
    "domain": "zptjv.com",
    "owner": {},
    "source": [
        "DuckDuckGo-US"
    ],
    "prevalence": 0.0000953,
    "sites": 14,
    "subdomains": [],
    "cnames": [],
    "fingerprinting": 1,
    "resources": [
        {
            "rule": "zptjv\\.com\\/ajax\\/",
            "cookies": 0.0000272,
            "fingerprinting": 0,
            "subdomains": [],
            "apis": {},
            "sites": 4,
            "prevalence": 0.0000272,
            "cnames": [],
            "responseHashes": [
                "02f1a41f152edb65c434ba643a7af64d7189ace16be635db86211f3799648c3f",
                "f16fc5e46af414e5832bd5900c164a71170ce7dcf33167f33ae4e455e723bfe8"
            ],
            "type": "Script",
            "firstPartyCookies": {},
            "firstPartyCookiesSent": {},
            "exampleSites": [
                "krasivoeporno.tv",
                "porno-telki.com",
                "pornoimperia.com",
                "pornovsem.tv"
            ]
        },
        {
            "rule": "zptjv\\.com\\/jsonp\\.php",
            "cookies": 0.0000681,
            "fingerprinting": 0,
            "subdomains": [],
            "apis": {},
            "sites": 10,
            "prevalence": 0.0000681,
            "cnames": [],
            "responseHashes": [
                "99288429dcd1c70e7cb9836ed1052053b53787ad529f6eedd7d6ddc418722024",
                "4f678db8d0f5c3542c1411b1ef668c67a4902105232f0a39deb38c6881ad8a83",
                "ba4e153621f754c6fc5afe03ad7be79a92906f3d288f88409834d4dae1be7838",
                "aadff12399fcf54423a566d33f5e816843cd6ec65f0ac9343bd79ad5f5457d46",
                "42c6ecb4f453a62e1cf1b4a89cb09bb11e33b41974a48860d9ada5a3caa08bed",
                "51e4d26efc7793721ab0d4180b005afc85046483544491233a21f74e2deb61e8",
                "8372b5f0400873f9a9a2317bf6ab644e4d0dde8e6301a2776507c0f5e3ebf1a4",
                "377708cbdee6466ff78774c180bec87328b7961e66b45a03e5f8199789c18b75",
                "7010d710f021e86dd08ccf81bc46ae4711bf571b4523c71bed108fd9c7bee7fa"
            ],
            "type": "Document",
            "firstPartyCookies": {},
            "firstPartyCookiesSent": {},
            "exampleSites": [
                "krasivoeporno.tv",
                "m.domporno.tv",
                "n.russkoe-porno.me",
                "porno-telki.com",
                "pornoimperia.com",
                "pornomesto.net",
                "www.pornodoma.me",
                "www.pornogorod.net",
                "www.pornostrana.tv",
                "www.seksvideo.tv"
            ]
        },
        {
            "rule": "zptjv\\.com\\/confirm\\.php",
            "cookies": 0.0000272,
            "fingerprinting": 0,
            "subdomains": [],
            "apis": {},
            "sites": 4,
            "prevalence": 0.0000272,
            "cnames": [],
            "responseHashes": [
                "92220f5309e03d7b66abe4c2ffff273343309b9157a0fe075028d7275cdb665d",
                "a3245349fc6bdeff6d952c93dce29910902d504017399368e8fe75edd9df0dd5",
                "d1b84a0526c36de242d4766dc0809eaa55aff993c7d52f4796214ac6c4581461"
            ],
            "type": "Script",
            "firstPartyCookies": {},
            "firstPartyCookiesSent": {},
            "exampleSites": [
                "domporno.tv",
                "m.domporno.tv",
                "pornomesto.net",
                "www.seksvideo.tv"
            ]
        }
    ],
    "categories": [],
    "performance": {},
    "cookies": 0.0000953,
    "types": {
        "Script": 8,
        "Document": 10
    },
    "nameservers": [
        "dns1.registrar-servers.com",
        "dns2.registrar-servers.com"
    ]
}